gene	s1	s2	s3	s4	s5	s6	s7	s8	s9	s10	s11	s12	s13	s14	s15	s16	s17	s18	s19	s20	s21	s22	s23	s24
gene1	4	8	10	12	6	15	25	8	23	14	20	8	6	28	43	4	39	27	6	13	5	4	10	5
gene2	62	47	36	60	43	44	42	211	178	41	74	20	28	73	35	40	18	33	101	113	143	74	53	13
gene3	136	114	35	87	69	27	130	118	232	87	81	31	39	77	131	104	91	259	53	40	71	31	53	46
gene4	647	644	728	77	121	405	82	104	737	212	758	86	539	144	60	235	554	586	248	979	302	564	219	119
gene5	33	71	79	106	27	41	93	113	91	145	189	105	84	71	29	25	42	124	25	84	111	48	95	17
gene6	2	4	0	1	4	0	3	0	0	4	1	2	0	1	0	0	0	0	0	0	1	0	0	4
gene7	0	1	0	0	0	11	0	0	6	0	2	1	4	3	0	1	1	0	0	3	2	4	0	0
gene8	1075	566	973	1262	788	1047	1133	1783	1439	911	1162	919	1537	1033	1137	1436	1341	1191	747	1839	1328	662	511	495
gene9	67	36	44	75	35	32	72	99	106	52	158	35	246	102	126	101	29	63	53	98	138	51	45	32
gene10	0	1	2	8	2	4	8	15	4	0	7	7	5	1	1	0	12	18	7	7	0	12	3	0
gene11	155	58	71	125	83	43	73	56	64	131	160	51	216	90	160	80	155	62	48	70	252	53	80	91
gene12	1111	1204	475	711	602	859	657	1519	1144	1166	926	606	1106	735	669	568	881	876	495	559	722	538	445	510
gene13	3426	2002	2586	2488	2099	2425	2232	4324	4699	3122	5215	906	3162	1882	2054	1131	1389	2269	1506	2231	2161	1180	832	714
gene14	50	41	50	71	40	96	85	107	115	73	69	52	79	50	51	52	123	52	61	79	63	26	60	61
gene15	68	61	80	147	70	89	54	95	163	107	78	59	150	90	115	75	102	155	45	92	75	17	51	48
gene16	5	7	5	3	1	4	2	19	11	8	7	3	4	11	26	1	32	7	1	12	14	0	7	3
gene17	263	230	128	230	190	211	379	487	476	233	369	275	393	303	213	189	280	374	127	228	337	134	288	190
gene18	52	30	27	31	14	40	78	72	49	26	58	57	51	24	26	21	89	47	41	37	56	8	51	10
gene19	267	351	235	324	193	121	328	800	584	403	67	382	512	183	496	200	288	245	319	701	259	139	102	234
gene20	569	222	549	195	173	304	265	823	721	383	499	194	469	453	257	172	471	492	138	584	355	213	206	117
gene21	646	386	527	429	385	485	564	1092	892	553	1065	415	875	860	744	779	819	634	432	737	843	244	369	393
gene22	89	5	26	15	41	65	29	28	74	15	114	64	77	52	32	46	40	48	15	91	72	41	43	13
gene23	527	287	181	346	218	261	438	402	358	396	401	256	396	197	360	381	362	143	153	530	292	181	245	162
gene24	26	14	5	10	1	12	4	0	12	16	35	5	6	5	18	3	15	4	7	4	14	6	5	16
gene25	29	32	18	22	13	62	17	45	16	59	36	15	79	21	21	23	87	18	9	46	24	41	25	13
gene26	35	16	16	28	22	60	6	43	45	59	30	49	35	56	44	31	64	37	15	35	28	9	7	35
gene27	1	0	3	3	4	1	0	22	6	1	3	1	7	2	6	5	5	10	1	0	0	0	6	1
gene28	118	75	138	159	112	117	84	118	167	126	120	109	304	195	106	102	153	124	54	196	139	58	49	96
gene29	118	67	248	211	205	79	153	360	306	104	155	193	167	268	93	136	130	179	113	110	104	27	85	60
gene30	37	14	33	72	34	117	61	285	175	126	51	60	186	22	225	45	29	61	46	297	35	45	52	45
gene31	398	334	349	319	232	381	483	982	787	359	739	332	386	484	567	368	543	599	205	550	360	211	218	303
gene32	62	18	30	90	42	122	34	29	55	61	55	48	58	60	28	24	54	29	27	53	51	30	33	25
gene33	30	2	14	17	7	5	8	10	0	24	3	11	70	4	2	17	17	57	5	17	19	6	7	18
gene34	241	455	131	102	205	197	156	130	555	96	693	724	256	303	500	58	264	538	106	438	453	70	431	302
gene35	98	36	7	33	30	31	15	26	98	44	77	26	8	27	6	3	75	42	16	43	8	23	31	20
gene36	3315	2085	882	1746	1056	1221	573	1685	856	1729	387	399	1450	615	2043	493	718	1403	437	1173	1585	386	1154	993
gene37	39	30	101	96	62	48	60	62	249	231	303	136	301	250	167	131	68	75	28	70	87	24	26	60
gene38	383	293	245	418	151	103	576	581	622	429	332	245	573	323	394	406	496	498	93	349	777	166	218	305
gene39	264	299	185	237	195	222	350	309	468	223	273	125	292	511	269	225	246	524	104	251	267	219	128	159
gene40	48	60	24	42	16	53	35	56	31	19	57	10	51	26	20	74	56	57	20	164	60	47	25	28
gene41	2092	1068	1486	1242	1071	1281	1652	2710	2724	2031	1859	1768	2001	1619	1458	904	2100	977	626	1477	1527	737	985	793
gene42	806	363	377	590	68	864	341	651	857	769	719	134	222	153	380	261	600	229	119	481	752	104	313	525
gene43	263	148	149	144	146	202	116	173	192	157	157	135	253	159	94	138	187	116	56	112	270	56	138	99
gene44	242	134	190	168	108	216	397	561	210	170	283	173	288	115	601	167	180	50	101	138	152	46	182	61
gene45	390	651	327	356	273	271	217	809	228	248	633	368	538	150	216	474	196	207	301	613	430	145	206	352
gene46	140	280	40	167	19	70	97	224	134	164	230	77	201	185	245	80	109	95	85	142	198	37	120	42
gene47	0	0	0	0	5	0	2	3	0	5	1	0	0	0	0	0	1	0	0	0	17	0	3	0
gene48	275	190	103	162	97	151	208	449	290	232	364	111	252	172	248	278	353	203	147	236	146	100	86	126
gene49	77	50	127	63	54	131	82	199	137	63	56	58	162	39	60	68	69	98	29	67	71	28	25	38
gene50	404	187	89	233	192	124	160	312	255	131	234	181	233	232	173	144	83	158	187	358	146	64	133	112
gene51	372	250	239	367	196	347	489	491	722	276	485	233	407	541	434	466	543	485	154	282	394	175	108	288
gene52	866	938	1218	624	666	1286	355	2337	2175	1401	2838	1044	1575	1408	1363	1067	1284	1100	913	3199	1171	891	1073	848
gene53	73	23	16	31	29	29	69	60	51	25	49	11	79	45	22	31	26	58	15	36	34	23	27	12
gene54	1995	807	769	1071	608	761	1101	1450	1801	1364	993	721	1468	1130	782	745	1137	1217	543	1173	1373	598	709	444
gene55	242	248	147	182	122	248	244	330	538	128	545	137	313	190	351	190	356	294	255	1105	505	313	138	213
gene56	1119	822	716	678	1048	573	733	1917	509	798	164	387	217	1239	1305	1025	1338	158	129	245	904	300	499	612
gene57	574	310	420	161	352	258	424	523	1031	214	1398	234	976	963	507	183	459	551	267	630	308	442	305	286
gene58	508	348	400	319	285	363	471	516	940	564	533	506	517	702	442	292	338	466	213	615	323	224	305	74
gene59	40	39	18	30	19	17	58	132	43	18	20	24	11	9	25	18	41	12	2	16	45	26	25	9
gene60	92	101	52	89	42	62	93	512	219	97	49	28	121	108	35	86	303	285	38	52	67	7	214	24
gene61	607	399	148	659	133	366	306	356	730	550	432	535	725	418	687	264	326	403	195	477	439	112	349	194
gene62	45	16	9	18	3	35	34	34	38	24	89	56	39	21	24	22	24	13	35	21	29	22	7	29
gene63	64	28	31	48	17	81	87	199	81	83	55	45	27	37	47	61	58	74	25	28	48	29	56	28
gene64	451	321	206	334	87	355	169	707	484	357	385	329	536	491	186	197	529	288	179	726	416	143	283	214
gene65	314	435	85	634	116	445	839	502	292	422	701	155	713	874	201	144	277	212	314	741	479	204	428	224
gene66	333	213	173	276	186	292	252	450	629	246	359	207	240	328	213	187	312	271	125	290	255	121	160	202
gene67	45	6	25	39	14	18	42	65	20	32	41	3	26	43	48	33	84	33	23	34	17	44	29	26
gene68	20	11	22	3	12	13	32	32	47	20	5	11	16	13	10	20	44	17	12	13	19	4	9	16
gene69	394	1829	2061	1415	672	2703	1026	2862	1128	3059	2317	233	2624	804	1322	995	1184	2978	1326	1507	1178	1116	1404	985
gene70	205	126	226	311	144	148	15	248	67	108	64	102	156	79	61	110	582	116	78	245	385	84	181	65
gene71	237	127	111	52	55	131	99	177	214	135	198	85	211	131	267	252	156	240	42	213	120	88	122	132
gene72	155	169	45	100	30	93	102	282	100	120	144	110	71	72	52	156	411	123	233	705	690	296	400	93
gene73	23	60	5	10	11	2	3	39	9	7	15	12	10	20	22	16	51	37	4	47	26	12	7	18
gene74	435	284	195	354	164	334	416	549	868	475	255	274	646	287	380	222	479	231	226	299	363	100	188	239
gene75	90	21	32	272	18	343	181	119	176	11	79	96	98	17	142	74	81	45	24	73	214	18	86	10
gene76	67	79	78	65	76	40	76	195	255	64	86	92	55	160	86	60	52	248	35	126	70	14	13	42
gene77	690	684	602	138	327	566	509	488	1221	562	191	461	852	990	308	440	591	754	177	810	157	449	195	485
gene78	716	383	287	470	532	516	285	771	569	712	1144	850	578	472	366	652	664	734	380	879	337	583	227	335
gene79	591	420	821	1222	1281	1543	917	846	1263	1778	1477	1194	1745	1518	1088	803	2590	1848	635	977	1342	287	923	722
gene80	70	31	37	44	25	13	55	83	73	58	94	48	61	50	35	42	63	103	50	13	50	27	70	58
gene81	304	468	364	207	296	331	108	474	326	178	47	243	542	289	442	233	159	361	68	659	933	52	279	27
gene82	953	1086	1171	654	465	1999	1412	1630	2841	1506	1220	623	2175	1463	1517	617	1845	1097	318	1577	2259	1304	678	444
gene83	16	13	1	5	4	25	20	18	28	22	30	13	18	20	21	24	42	5	8	30	6	7	5	6
gene84	89	22	5	59	52	13	17	59	18	32	71	38	66	27	4	16	11	34	14	76	41	9	12	12
gene85	19	2	22	8	18	28	6	13	29	18	71	7	15	10	25	41	15	53	5	38	46	7	10	5
gene86	8	7	17	1	6	6	0	16	15	14	16	9	10	17	3	10	4	20	2	10	10	2	5	5
gene87	190	67	161	221	87	150	71	160	166	172	382	68	194	188	146	115	132	306	114	164	175	182	129	75
gene88	420	283	236	183	237	299	489	552	580	321	658	395	338	358	442	277	89	92	36	74	110	53	46	86
gene89	790	890	750	523	298	709	985	759	2094	550	1199	671	1410	919	2291	959	504	974	451	2012	538	398	689	520
gene90	774	584	455	720	380	589	447	1269	1060	513	721	625	864	942	846	430	2902	2649	1555	3967	2128	994	1779	1314
gene91	25	10	0	22	25	55	0	54	69	51	22	11	46	4	25	23	18	10	21	59	7	6	14	11
gene92	2541	2101	3500	1771	1263	2184	3251	3699	4086	1965	3033	1017	1848	2089	3325	1945	3103	2071	1450	2696	1505	1086	1387	1305
gene93	40	41	59	52	17	63	43	78	97	31	63	26	20	18	84	44	233	121	80	168	26	48	85	204
gene94	239	144	32	95	159	223	160	381	286	153	266	113	157	247	172	87	93	230	46	549	301	82	148	190
gene95	53	74	54	27	13	67	32	122	169	84	153	55	104	95	83	65	52	83	51	70	49	23	23	37
gene96	100	148	58	111	66	134	188	267	183	111	119	42	149	87	100	98	93	132	70	102	96	21	49	68
gene97	157	195	98	92	82	72	70	118	296	323	511	199	189	93	174	83	231	186	81	120	197	42	100	49
gene98	263	178	91	33	147	150	157	37	127	91	316	184	148	104	88	168	133	98	70	310	155	75	38	140
gene99	308	91	119	151	187	60	152	212	130	158	284	38	224	132	101	64	190	178	45	135	253	79	103	107
gene100	415	199	58	163	274	106	212	273	822	199	193	75	152	97	251	54	76	43	71	159	83	146	132	60
gene101	34	37	40	36	50	43	104	86	86	52	78	35	84	76	88	33	38	40	31	86	53	23	41	43
gene102	65	32	56	30	18	37	91	141	55	72	74	61	72	48	37	34	51	91	28	82	82	30	36	27
gene103	20	8	6	19	5	20	7	8	15	8	8	2	10	8	7	2	7	14	0	6	4	9	1	3
gene104	101	73	57	68	49	50	49	34	116	112	145	81	102	62	33	37	153	127	35	79	90	38	30	84
gene105	101	76	51	49	27	33	38	154	151	60	77	50	59	63	71	35	106	58	24	45	32	31	30	24
gene106	20881	7476	10276	14296	986	3824	3252	17730	12848	729	21059	10366	7994	3088	12105	1253	2491	20364	2408	13006	15028	15010	1168	1786
gene107	25	22	11	8	10	15	6	28	31	35	47	7	23	22	18	11	8	12	5	3	12	3	3	3
gene108	249	154	96	99	104	196	93	222	224	167	186	160	275	166	145	126	100	138	73	149	188	64	187	121
gene109	17	2	14	3	17	10	9	65	0	1	5	10	10	1	2	6	5	22	6	11	0	2	8	10
gene110	15	4	3	1	8	11	13	33	3	14	14	12	10	30	4	8	14	6	0	31	30	8	13	7
gene111	160	93	71	176	102	78	208	286	230	83	198	156	356	209	31	132	254	99	74	236	49	45	173	243
gene112	58	28	8	23	37	23	6	35	23	12	24	9	32	14	32	11	22	8	16	26	11	36	14	10
gene113	187	132	118	104	91	93	94	144	399	227	223	169	323	270	163	168	164	115	62	207	126	101	95	65
gene114	63	32	35	78	36	35	57	71	206	81	72	27	52	51	99	74	59	94	51	125	34	30	22	27
gene115	67	25	52	49	28	33	38	86	104	35	122	21	41	48	24	25	31	43	8	54	13	59	85	22
gene116	4	3	6	1	0	21	7	10	6	0	4	13	6	0	6	1	10	14	0	5	1	4	8	0
gene117	9	12	4	28	50	19	16	79	30	8	20	8	4	39	15	11	23	15	7	14	21	8	1	26
gene118	226	130	108	167	88	205	146	195	272	111	254	118	221	191	197	122	119	193	68	265	180	81	95	119
gene119	320	300	507	233	378	457	141	451	675	203	267	175	413	349	356	162	374	412	281	604	408	208	185	488
gene120	120	40	77	44	29	23	50	72	89	99	72	54	68	93	43	56	55	59	32	64	82	18	10	40
gene121	99	112	119	109	114	85	83	227	182	109	67	84	258	202	159	247	105	81	132	80	206	91	68	14
gene122	661	346	653	383	307	660	878	2154	335	1300	1163	513	798	1663	583	1048	1100	934	595	417	1179	164	467	548
gene123	1941	1523	1193	1010	855	1283	698	1552	2705	1187	1230	979	1180	1133	1435	670	1776	904	831	1675	1068	623	806	694
gene124	6	6	18	24	19	7	10	21	30	26	15	4	29	21	30	5	35	18	4	36	17	8	9	6
gene125	198	125	98	84	85	53	207	240	158	77	98	99	171	110	89	105	157	85	92	179	19	13	66	37
gene126	632	388	778	668	420	1009	922	1373	1569	787	1161	393	461	1111	1029	362	885	674	347	1376	1010	509	633	631
gene127	59	53	40	41	40	83	126	184	94	62	65	43	173	35	94	38	75	16	47	75	175	19	51	23
gene128	171	211	96	127	29	41	47	199	92	237	93	96	274	91	249	67	141	37	149	204	119	13	37	27
gene129	93	120	63	116	58	121	33	168	137	83	72	46	92	144	117	45	162	103	120	207	72	52	88	66
gene130	29	22	12	9	9	24	44	51	29	48	89	13	37	78	13	34	17	22	10	23	16	11	35	21
gene131	96	35	27	80	33	69	61	112	67	93	104	43	84	61	45	62	137	43	20	69	71	39	36	17
gene132	177	44	78	92	94	77	239	96	477	119	124	106	28	108	224	57	142	282	50	93	136	82	67	81
gene133	104	91	69	121	38	93	35	43	50	166	58	50	106	126	50	31	55	26	35	200	82	28	57	19
gene134	954	335	652	452	326	809	571	1431	1132	1193	463	592	397	995	395	321	836	942	187	1375	636	244	345	397
gene135	68	89	58	43	44	42	122	97	104	72	87	18	39	21	63	27	63	74	23	30	54	50	68	39
gene136	73	39	56	42	16	59	74	116	85	71	38	42	79	62	105	20	79	42	51	63	50	46	42	29
gene137	507	329	366	252	331	478	280	803	460	517	741	248	323	671	330	241	606	467	175	684	410	136	148	194
gene138	40	12	11	6	19	25	25	14	45	45	57	23	14	11	14	9	32	69	15	63	62	25	21	13
gene139	105	96	99	117	93	174	135	118	216	79	202	92	118	122	142	80	203	172	62	221	168	68	81	48
gene140	20	5	5	28	9	3	8	25	26	2	24	2	6	22	8	4	4	27	1	4	4	16	6	2
gene141	930	851	589	514	404	1166	830	1274	1177	651	930	511	881	947	935	550	1294	1064	423	656	1026	772	668	649
gene142	166	69	30	40	64	66	89	150	145	62	44	26	97	55	70	42	65	63	52	91	84	32	92	105
gene143	53	103	34	30	26	39	38	93	60	22	170	25	80	132	70	31	60	52	56	87	105	52	44	34
gene144	20	19	4	10	7	30	1	17	30	9	33	9	6	47	6	5	24	28	9	3	19	9	21	6
gene145	123	91	90	111	111	132	138	206	77	67	19	40	60	39	41	55	81	127	97	154	58	66	53	106
gene146	15	27	37	19	19	16	42	65	50	35	37	36	38	57	33	17	40	51	23	66	44	43	18	17
gene147	76	43	78	89	46	29	56	70	69	69	41	13	174	35	71	35	62	64	13	71	63	40	33	28
gene148	2640	1277	1134	830	826	2089	517	1134	3112	555	1888	1064	1585	331	443	299	955	1410	578	837	931	565	478	1041
gene149	175	62	126	123	60	91	134	213	303	116	158	94	184	125	90	70	100	117	54	162	109	48	61	48
gene150	58	25	21	20	10	19	11	20	18	40	34	24	29	33	17	9	15	33	16	17	24	7	10	28
gene151	160	132	75	102	99	124	150	171	294	160	197	165	244	162	102	129	160	284	159	215	171	81	75	77
gene152	127	42	43	28	40	47	53	137	61	74	135	81	87	104	79	50	87	72	47	151	64	32	56	40
gene153	322	232	306	232	163	279	275	420	384	499	359	216	318	596	465	259	350	363	181	284	377	120	169	214
gene154	1267	1325	1193	1029	707	1266	1656	1883	2287	1489	1720	915	1543	1515	1209	1013	1509	1063	525	1553	1707	852	1007	1024
gene155	13	11	24	16	13	16	13	46	39	13	21	11	27	38	18	15	6	8	4	10	3	1	3	3
gene156	338	230	261	157	113	210	283	591	405	245	422	188	252	214	330	239	378	269	129	388	411	121	156	272
gene157	107	91	257	103	140	167	109	289	101	118	126	94	281	213	42	36	97	115	80	376	269	191	173	17
gene158	379	506	277	629	650	648	460	306	874	488	648	642	569	1270	608	232	1145	848	302	610	834	412	498	564
gene159	89	38	107	74	45	96	46	251	235	90	103	55	175	195	146	49	111	89	57	173	125	31	27	56
gene160	316	371	289	126	247	647	351	531	1043	756	771	388	317	565	603	59	374	445	246	887	377	252	299	262
gene161	1	1	3	1	1	7	17	0	7	12	2	7	0	4	4	1	4	11	2	2	0	2	0	3
gene162	2511	1675	1350	1504	1668	1503	2045	3589	3623	1391	2645	1354	2202	2575	1709	1536	1773	1944	1058	3169	1640	1017	1093	2105
gene163	230	318	295	463	280	230	604	996	862	419	276	178	936	562	500	325	325	561	281	796	726	148	299	382
gene164	197	90	51	138	64	213	130	191	180	105	232	119	128	156	150	32	212	203	73	170	230	129	26	97
gene165	21	17	3	13	1	6	5	32	17	28	18	2	14	17	42	6	12	4	4	13	6	3	12	9
gene166	518	295	508	80	172	224	821	629	532	224	472	506	301	391	334	232	335	396	116	286	316	89	132	263
gene167	306	177	328	207	223	181	143	189	168	244	614	53	347	140	234	126	168	159	137	309	213	302	140	186
gene168	214	107	94	173	128	129	181	175	174	158	63	97	150	166	177	142	116	56	54	130	98	68	97	114
gene169	196	117	140	157	118	107	102	244	374	246	245	151	191	196	212	118	97	276	50	182	100	61	126	143
gene170	108	65	53	22	32	55	96	52	94	69	44	31	45	66	48	16	41	51	29	23	46	15	22	27
gene171	230	163	167	185	153	251	286	765	334	146	260	172	376	243	541	276	529	323	65	196	446	145	314	137
gene172	248	172	159	195	195	233	127	333	306	310	228	121	457	221	249	227	285	261	149	302	323	173	129	197
gene173	98	85	37	88	54	67	80	87	130	53	95	62	82	92	55	88	160	82	47	114	68	64	47	54
gene174	4	3	25	17	6	13	9	17	29	9	47	4	3	11	15	15	11	8	13	16	35	10	15	10
gene175	510	173	415	391	250	337	351	347	747	232	359	282	222	706	441	287	710	495	471	371	485	151	252	302
gene176	133	339	334	325	302	444	53	266	606	208	117	802	365	782	261	247	78	257	48	48	199	41	87	53
gene177	22	42	42	13	26	50	24	49	43	42	44	26	68	31	37	49	37	47	4	24	43	15	18	16
gene178	8	10	4	0	6	4	10	7	10	33	1	13	53	14	19	20	7	5	1	15	25	3	2	9
gene179	277	106	236	164	122	78	323	214	284	293	166	80	151	222	318	155	171	264	57	63	321	93	147	143
gene180	75	58	68	52	58	90	59	142	147	143	91	116	105	276	192	176	74	62	32	50	57	48	75	50
gene181	236	170	127	218	120	313	273	252	338	188	390	186	409	254	244	166	202	121	104	322	474	129	108	171
gene182	10	3	1	29	15	20	26	42	21	6	28	12	8	8	7	7	31	6	3	21	19	4	17	6
gene183	6	22	23	20	24	84	24	39	44	21	29	30	29	19	43	27	23	22	7	6	13	7	7	7
gene184	672	286	424	239	765	599	571	1431	1211	785	1288	169	1089	842	2862	1534	1852	2651	247	498	937	590	646	215
gene185	448	172	248	229	150	203	163	511	340	321	369	179	295	339	227	213	282	185	112	161	193	102	120	154
gene186	266	320	167	285	231	234	353	709	436	206	425	198	350	340	385	277	432	299	166	314	313	135	223	210
gene187	2457	1384	2155	1685	2112	1946	2393	3259	3371	2418	3941	1717	3568	3079	2425	1267	2590	2534	867	2983	2411	1231	1480	1163
gene188	117	25	90	259	68	46	457	235	289	350	46	123	38	513	21	55	240	211	64	152	98	74	82	11
gene189	35	26	2	3	0	5	0	14	3	9	8	9	2	5	11	1	7	6	4	26	15	1	0	0
gene190	225	179	155	232	200	329	177	513	937	740	596	334	657	912	214	595	81	260	55	245	191	197	184	99
gene191	472	162	324	96	537	2081	1023	483	2218	57	264	717	1286	2002	443	1319	1553	496	191	1519	2161	84	374	691
gene192	8119	2417	3132	3400	2294	3058	1782	8558	5350	3962	4303	2824	3335	4072	2859	2430	4407	2689	1827	3447	2702	772	4400	4506
gene193	30	3	20	16	10	16	20	11	16	5	14	2	19	6	3	12	13	4	7	10	31	10	6	6
gene194	15	14	17	3	11	34	6	45	23	41	24	16	14	52	12	24	14	11	9	13	47	33	25	8
gene195	46	53	10	23	25	50	97	92	77	78	85	43	52	66	68	59	39	44	34	36	45	25	41	41
gene196	6	14	23	11	13	8	31	51	67	32	43	19	9	52	34	19	19	18	6	20	25	17	15	37
gene197	144	81	6	44	26	40	91	40	84	80	63	35	70	42	17	9	112	44	13	80	53	20	89	22
gene198	76	61	60	65	45	78	83	186	124	73	138	114	132	128	66	63	101	104	48	94	111	38	84	51
gene199	53	5	4	12	7	11	3	30	27	27	22	37	40	34	10	19	27	30	13	14	4	1	10	20
gene200	2883	3011	3019	1450	2730	4089	3181	6371	3768	3569	2756	1675	2215	3083	3962	3901	4498	3973	2054	5508	3183	2363	2094	2692
gene201	138	54	70	65	154	52	153	165	257	92	170	73	75	127	254	76	155	172	131	263	158	31	98	109
gene202	142	67	60	48	64	128	79	112	209	76	93	89	196	217	99	74	99	73	62	152	37	59	47	73
gene203	357	292	243	194	183	222	249	413	536	287	424	250	260	429	385	321	214	156	71	303	234	86	163	197
gene204	820	150	54	189	79	175	169	136	50	169	396	113	222	295	324	148	79	201	174	292	107	107	70	114
gene205	147	50	55	78	61	143	99	205	177	106	80	137	152	86	112	72	94	68	74	156	108	89	94	76
gene206	1509	549	986	1296	353	1803	1119	3006	1746	1053	1364	1426	1565	979	2142	626	1263	1408	709	994	1108	1000	760	511
gene207	100	27	179	26	46	91	99	77	65	156	292	196	72	184	24	39	60	116	41	168	211	70	14	97
gene208	23	8	3	7	4	7	4	40	17	24	26	7	20	6	39	21	8	8	4	9	5	3	5	4
gene209	377	136	82	201	87	175	198	506	375	217	373	236	234	296	281	177	386	445	198	463	229	166	258	320
gene210	36	31	75	29	48	106	37	102	108	35	68	85	124	49	89	78	41	94	71	99	67	19	12	71
gene211	38	25	61	45	41	71	26	130	37	58	42	54	61	48	20	17	110	35	16	27	51	28	6	33
gene212	15	11	20	14	16	54	41	33	21	34	15	20	29	27	13	27	28	29	9	22	26	13	5	29
gene213	314	212	271	252	196	258	148	661	380	295	453	189	203	406	309	122	258	382	159	278	185	152	169	110
gene214	90	85	116	118	87	41	100	96	84	111	104	84	122	191	94	129	109	62	42	108	157	26	55	32
gene215	292	142	118	101	81	317	673	528	342	263	193	324	475	349	393	132	280	174	98	365	210	167	534	365
gene216	39	91	67	90	34	80	86	159	119	82	62	96	81	114	64	68	86	67	51	89	62	44	50	92
gene217	14	21	39	25	19	47	42	108	21	47	12	23	90	36	35	29	56	31	52	41	76	28	60	27
gene218	1036	794	1076	1077	585	1114	1165	1598	1336	1250	1474	814	1165	1320	1451	894	854	1052	361	1428	1068	405	571	571
gene219	91	30	26	77	90	61	63	173	138	108	82	83	146	134	83	44	70	108	26	177	84	57	54	48
gene220	300	617	318	236	93	342	336	953	666	537	192	364	215	915	887	730	587	442	361	746	481	163	311	319
gene221	14	10	13	6	9	19	6	34	65	10	23	6	26	48	46	7	35	6	5	14	16	18	6	18
gene222	104	41	62	82	19	43	53	85	105	60	51	72	96	63	101	52	74	50	67	42	71	40	42	54
gene223	103	52	74	112	83	64	53	162	217	74	206	44	40	91	50	80	106	30	63	72	87	94	34	51
gene224	78	78	25	67	65	93	36	85	105	72	121	57	54	62	74	67	67	43	44	122	93	67	25	60
gene225	1829	762	1368	840	848	1224	903	1334	1576	1519	939	971	786	683	973	850	660	1494	536	1520	1403	606	845	753
gene226	104	40	55	96	78	83	166	101	449	241	118	129	182	151	237	186	180	103	70	168	186	54	60	87
gene227	150	55	286	140	264	106	222	445	212	80	196	136	271	222	374	169	284	116	142	190	144	94	130	204
gene228	23	12	19	28	21	46	28	31	23	13	24	22	58	28	16	11	22	38	17	17	39	29	2	20
gene229	14	62	24	36	31	18	14	50	39	42	57	16	9	23	8	25	91	67	13	29	63	0	38	25
gene230	1009	611	384	831	439	580	949	1114	1581	703	933	513	629	805	483	409	1918	2069	631	2386	1856	1087	1640	1112
gene231	1093	968	872	768	448	615	1085	2108	880	1085	1166	492	626	1226	1060	916	1011	1029	611	928	849	342	710	643
gene232	843	920	667	834	419	1300	879	1629	1477	661	1587	691	1104	2009	828	837	881	577	382	687	424	339	526	290
gene233	4	9	34	0	8	14	24	47	52	20	92	9	10	6	3	3	18	22	4	21	24	6	5	9
gene234	5191	2437	2629	2635	2190	1941	3421	7054	4776	2962	4969	2060	3552	2975	3361	2479	3811	3030	1499	2916	4349	2203	1821	2192
gene235	895	652	507	461	409	666	540	1258	1075	710	722	506	1204	486	673	441	216	367	300	937	612	329	556	532
gene236	215	99	96	98	87	119	104	119	176	112	172	90	156	90	149	151	197	114	93	186	129	32	85	62
gene237	276	425	614	246	138	524	287	813	989	890	342	823	325	593	683	170	131	895	355	772	454	171	205	125
gene238	14	8	16	37	19	33	3	24	66	38	24	17	28	32	24	13	22	15	9	3	25	7	9	2
gene239	19	9	37	18	16	18	13	26	47	48	86	64	80	163	49	3	61	102	15	17	23	17	3	11
gene240	126	62	118	162	65	287	95	217	233	95	224	100	141	115	235	105	72	131	96	279	170	63	71	126
gene241	13	8	7	10	16	28	23	15	55	20	7	11	35	42	8	4	20	18	4	6	41	19	13	5
gene242	136	90	92	163	114	224	275	230	206	182	199	171	74	202	219	156	231	140	109	150	116	49	79	191
gene243	1007	881	681	1346	640	1392	798	1643	1856	899	826	405	1378	465	1747	1456	1055	1268	681	1852	1375	528	1151	631
gene244	36	13	11	10	14	29	21	28	87	5	41	13	17	28	13	4	25	58	20	85	19	0	14	6
gene245	19	36	20	56	22	41	20	94	59	30	77	42	58	67	22	16	60	21	10	24	70	37	20	10
gene246	246	106	79	80	90	74	121	135	152	175	301	70	184	117	192	130	131	71	72	148	120	62	105	83
gene247	8	10	7	8	16	32	16	86	41	15	33	9	35	42	8	16	9	10	28	8	25	20	7	10
gene248	88	56	37	14	50	64	96	131	150	68	127	42	39	138	39	76	91	28	43	66	90	37	135	37
gene249	517	562	439	478	294	627	422	966	888	458	388	525	1252	870	559	317	822	561	340	986	721	371	466	293
gene250	370	268	144	1337	1160	903	335	1271	805	378	458	308	1594	213	594	476	815	1088	278	949	420	648	220	501
gene251	104	156	305	184	175	183	145	127	384	151	406	140	226	288	130	155	372	472	92	310	168	176	115	81
gene252	2	4	0	9	4	2	1	1	10	10	2	9	8	5	3	5	3	15	0	9	9	2	3	5
gene253	170	101	101	112	77	177	161	138	202	103	230	80	144	125	121	83	172	74	71	114	137	45	38	30
gene254	1318	510	334	701	534	628	433	1066	877	458	1256	532	1003	956	944	867	824	1019	338	707	892	399	253	459
gene255	782	593	367	253	244	2380	392	2774	2959	454	1582	554	714	155	876	117	1165	338	393	2816	520	289	334	860
gene256	186	28	60	65	48	114	85	39	125	45	108	124	214	226	95	94	143	86	44	122	55	63	91	85
gene257	1	0	0	2	1	2	0	1	10	0	1	0	9	14	0	1	12	2	0	0	1	2	0	0
gene258	328	292	46	125	107	30	503	181	114	28	104	365	238	280	208	111	280	442	116	134	155	40	67	43
gene259	308	266	437	322	199	377	320	431	473	493	638	255	490	372	208	197	385	525	229	435	168	200	303	247
gene260	213	76	142	116	61	168	141	329	305	162	104	124	193	200	185	151	113	68	40	137	109	86	81	57
gene261	184	36	55	110	61	199	117	553	58	159	248	146	191	253	265	46	153	95	91	673	127	107	112	97
gene262	126	277	368	244	229	446	133	271	1018	1065	736	592	194	665	680	375	327	111	130	433	315	139	327	229
gene263	105	31	64	22	76	33	91	65	63	92	61	46	104	71	51	25	88	70	35	79	123	87	105	24
gene264	604	1204	462	1418	1124	1448	995	1493	1161	1398	1806	368	676	1449	976	995	879	1355	461	1304	1117	905	1153	475
gene265	291	165	122	180	163	192	194	537	411	175	509	137	236	293	254	186	287	266	137	246	246	175	131	101
gene266	15	30	17	52	8	15	13	75	56	7	8	23	58	16	28	23	12	55	8	14	49	12	2	18
gene267	525	953	798	742	255	813	759	1436	2451	897	1164	1307	1025	2175	987	433	905	1025	924	1945	859	308	532	663
gene268	1280	1020	787	417	500	723	1221	1535	994	1008	1757	361	1415	1226	1655	808	953	760	391	802	1089	356	335	626
gene269	547	327	653	189	77	364	279	920	858	655	518	304	384	330	610	314	188	492	157	477	466	240	145	140
gene270	38	2	0	6	1	0	4	14	19	28	12	14	15	0	7	5	9	15	5	1	6	7	15	1
gene271	88	48	47	46	20	28	41	74	73	52	49	18	77	29	83	25	46	42	48	45	76	36	16	35
gene272	220	282	266	326	114	313	455	690	475	552	338	311	630	411	820	73	611	238	356	353	346	163	398	257
gene273	248	225	69	137	97	152	168	230	239	129	236	65	171	250	156	57	146	131	82	259	180	46	94	84
gene274	242	107	211	405	121	342	200	355	128	250	405	175	246	343	143	291	234	312	126	356	239	83	132	180
gene275	9885	3345	4901	5101	7553	6975	3283	10450	9220	7285	10073	5379	9517	7176	5533	4635	7866	8591	2848	6565	10611	4441	4191	6812
gene276	34	33	11	57	6	12	73	77	113	23	14	25	103	70	25	13	23	68	46	10	9	4	16	18
gene277	1	9	4	7	1	2	2	1	0	6	2	9	3	0	1	0	7	3	2	2	2	0	7	3
gene278	216	197	148	255	124	282	185	502	236	106	413	255	205	143	227	297	220	108	124	244	230	92	191	157
gene279	74	48	39	38	59	33	47	194	48	48	50	30	15	56	44	36	39	38	26	50	35	30	20	39
gene280	456	139	91	293	156	222	113	148	279	169	434	131	308	483	274	175	89	161	80	63	82	30	52	48
gene281	51	18	33	41	43	11	28	64	38	36	48	17	45	48	51	36	32	11	31	65	5	7	27	24
gene282	6265	2829	2956	4240	2782	4394	4308	7620	6707	4246	5986	3528	4862	4890	5657	2906	3415	3575	2355	5121	2878	1659	3762	2439
gene283	184	61	23	142	35	76	93	335	53	297	121	37	219	218	157	151	235	103	65	122	75	18	63	75
gene284	62	22	48	92	72	129	67	49	85	100	115	101	86	97	130	51	56	55	23	173	82	19	91	55
gene285	115	72	32	59	156	38	23	140	134	38	155	37	94	183	25	50	114	122	21	151	93	22	71	47
gene286	1032	424	248	280	487	360	379	960	969	720	1057	136	672	315	256	211	363	488	580	382	246	84	274	230
gene287	152	121	96	165	177	176	128	224	323	200	235	107	233	162	133	110	143	111	68	151	132	102	132	160
gene288	13	15	0	14	0	8	4	2	16	9	21	5	0	12	0	5	4	18	4	24	34	0	9	6
gene289	122	75	55	75	95	153	129	205	335	157	143	76	164	226	76	43	113	269	41	210	179	74	53	51
gene290	414	451	359	443	347	281	421	1100	570	276	767	244	286	676	690	300	516	481	261	435	373	277	189	378
gene291	199	121	78	136	117	136	139	185	152	89	219	80	128	129	161	103	296	188	46	154	78	40	129	105
gene292	338	248	856	307	413	373	325	413	402	264	1072	379	343	928	472	304	53	522	217	784	317	170	132	408
gene293	158	136	147	92	65	78	132	137	21	167	62	37	85	97	175	70	393	21	19	105	180	17	56	33
gene294	84	41	77	116	37	53	85	139	182	76	165	89	95	186	87	44	81	84	52	227	77	72	42	91
gene295	304	166	265	158	116	239	328	680	592	109	346	255	471	321	248	260	339	558	208	240	318	146	225	150
gene296	942	294	366	669	310	628	288	1266	941	785	620	437	406	649	799	422	1475	1518	1217	3031	3000	1404	1447	949
gene297	10	13	3	12	3	26	29	41	40	37	21	4	33	17	7	21	21	12	13	11	35	7	4	21
gene298	193	137	46	123	86	67	91	156	154	140	189	96	146	98	92	102	135	153	87	62	99	64	111	55
gene299	227	62	134	47	98	106	63	143	130	148	208	129	51	157	118	141	84	119	63	101	127	77	50	119
gene300	37	16	27	27	7	18	51	43	31	42	48	14	31	54	43	12	54	51	13	45	52	29	21	23
gene301	5	19	26	45	15	19	38	13	45	10	18	16	25	49	23	16	21	31	0	38	23	15	4	30
gene302	60	20	29	47	31	19	19	131	33	62	60	47	69	61	22	19	44	70	30	27	28	20	25	25
gene303	287	342	244	271	194	235	405	358	378	293	392	230	425	391	497	240	510	330	205	587	441	136	148	278
gene304	57	55	46	65	84	74	91	133	84	67	86	18	117	106	30	31	104	44	35	145	73	68	76	39
gene305	39	23	26	26	14	42	9	77	40	65	46	16	38	56	36	24	38	23	28	49	27	17	9	26
gene306	132	161	67	47	170	358	191	251	658	73	228	138	205	267	130	82	303	90	55	261	176	71	197	40
gene307	26	2	22	45	31	6	3	17	13	28	11	1	30	14	41	5	5	6	3	73	12	12	15	6
gene308	607	677	497	282	238	380	749	841	994	920	766	492	724	786	552	544	552	707	354	667	568	234	464	362
gene309	64	41	48	90	14	111	73	98	152	52	46	36	91	86	71	50	57	52	29	79	109	44	47	51
gene310	358	115	125	115	71	287	181	242	362	53	364	114	376	288	231	232	201	120	117	115	228	58	121	252
gene311	159	87	72	105	83	142	107	286	319	144	65	141	203	83	232	117	274	143	123	243	491	30	168	152
gene312	206	120	66	83	67	96	99	160	149	153	113	77	73	123	136	79	167	277	60	129	183	62	39	71
gene313	875	1092	548	2108	1124	777	2260	6510	3184	1019	3500	1802	2683	776	1595	1598	1979	2293	1332	2608	1099	1151	983	1629
gene314	51	47	22	25	14	66	28	52	88	45	62	102	51	26	61	43	56	29	30	37	21	18	25	32
gene315	1123	499	353	739	443	893	591	977	1668	670	1450	377	1499	921	909	546	949	584	355	1403	999	235	459	462
gene316	126	60	199	179	111	107	70	285	165	148	253	125	121	104	76	164	100	117	72	186	154	68	74	41
gene317	30	15	18	11	18	23	21	65	34	35	30	40	26	25	29	28	19	28	4	26	19	18	29	31
gene318	118	127	41	157	50	94	31	265	67	35	282	190	350	85	206	78	70	114	39	203	117	68	78	65
gene319	372	276	703	248	293	428	479	1114	678	337	413	305	417	185	431	477	469	411	159	987	371	80	266	441
gene320	79	95	44	62	17	127	85	29	152	26	25	20	98	91	53	59	99	50	28	41	40	45	54	31
gene321	93	19	42	68	23	17	64	24	39	27	85	26	41	22	73	5	23	17	8	13	11	9	27	10
gene322	190	387	153	129	86	172	82	373	381	207	201	88	260	108	60	247	248	203	34	180	86	36	174	84
gene323	1128	556	321	513	278	457	627	753	1056	920	801	520	910	1000	358	261	960	912	343	965	620	507	344	449
gene324	96	80	62	99	92	119	136	183	201	84	130	40	122	135	203	138	125	91	73	131	88	71	54	73
gene325	38	10	22	2	6	2	22	47	20	36	8	4	10	28	8	7	14	9	8	15	25	10	8	3
gene326	29	9	8	1	6	3	8	12	28	11	18	10	20	22	7	8	9	12	8	54	7	14	14	9
gene327	29	30	32	14	32	16	45	74	22	27	26	33	43	56	59	20	54	16	27	28	49	8	38	20
gene328	156	40	45	43	37	74	32	73	73	9	64	57	71	19	38	66	55	148	44	56	67	20	18	22
gene329	140	40	71	86	51	149	143	199	88	30	98	72	72	92	55	35	130	157	113	108	74	33	141	69
gene330	451	119	551	72	116	641	733	374	531	469	349	351	359	796	251	303	374	911	280	453	286	271	282	338
gene331	90	70	27	66	45	61	37	51	94	43	76	46	44	76	46	22	43	58	28	96	45	38	35	33
gene332	24	6	38	44	18	38	20	42	48	30	51	14	26	18	3	1	27	35	2	16	10	7	13	3
gene333	505	281	350	334	212	178	333	526	444	261	419	317	418	299	249	292	450	450	212	469	253	113	296	205
gene334	252	92	52	133	86	188	254	253	234	269	392	105	68	265	268	61	89	114	219	263	365	115	175	50
gene335	506	292	520	596	199	768	785	1362	1647	467	1124	407	2003	1153	523	442	539	795	350	965	764	492	532	254
gene336	25	7	0	8	0	0	32	53	3	0	0	2	7	3	2	29	8	1	5	49	18	0	1	11
gene337	347	142	205	131	81	304	237	210	142	98	152	18	119	225	231	62	544	95	210	164	49	57	15	157
gene338	652	493	1300	1190	1026	1974	1736	2811	1438	709	1139	812	775	3513	1311	1422	793	1074	471	2456	1235	670	1326	1080
gene339	511	409	262	409	204	323	645	1186	770	535	447	354	444	435	838	427	565	461	210	453	450	196	485	319
gene340	60	37	22	42	19	7	66	46	23	12	62	12	100	18	80	44	27	41	13	105	45	37	26	42
gene341	559	186	377	365	264	440	375	848	849	504	569	197	527	393	485	261	370	471	310	299	494	222	220	309
gene342	30	42	14	21	10	22	26	43	43	21	34	30	97	15	30	35	46	27	28	24	32	12	14	19
gene343	86	55	24	59	33	21	46	95	363	112	155	146	121	109	226	124	20	13	11	30	44	23	16	16
gene344	873	1131	675	557	785	1004	1068	916	896	693	1336	706	580	1009	919	690	707	1040	457	906	752	658	652	451
gene345	119	70	24	62	41	41	77	119	243	153	195	138	137	198	172	141	34	30	24	49	17	18	12	27
gene346	586	376	181	485	265	468	281	655	578	346	660	324	608	653	624	257	368	457	236	873	425	386	135	242
gene347	97	59	47	124	29	111	85	91	182	80	155	65	68	138	89	121	150	79	25	61	64	87	61	118
gene348	4	13	23	1	17	22	3	1	2	4	17	4	4	13	12	13	14	22	3	10	4	13	2	3
gene349	33	28	20	8	13	18	24	23	36	57	55	22	14	41	25	18	33	39	16	27	21	11	26	37
gene350	7	5	21	20	7	24	14	19	33	55	28	14	14	24	10	11	25	10	20	48	60	14	6	12
gene351	16	66	58	30	36	71	33	34	84	27	55	43	80	227	29	9	132	62	53	197	129	16	70	38
gene352	80	55	51	61	26	69	73	71	139	65	81	39	122	98	111	25	42	79	31	169	72	61	60	39
gene353	189	73	127	50	91	70	53	64	184	263	115	30	74	65	46	83	138	143	43	113	149	26	59	76
gene354	110	52	83	66	47	56	29	310	150	77	95	69	89	85	144	70	81	119	24	117	91	53	23	84
gene355	2807	1965	1802	1036	1673	1884	2653	8356	2211	4930	6075	1803	1984	3579	3117	2663	2932	3455	2326	2542	1333	1726	2252	1406
gene356	22	9	7	19	18	18	12	1	36	3	27	4	19	2	26	12	17	9	5	31	54	17	16	9
gene357	83	48	66	31	20	25	60	73	149	66	97	84	42	63	46	65	105	114	20	76	48	68	38	48
gene358	169	242	151	170	206	156	265	204	414	220	66	51	143	160	83	199	161	160	101	118	346	75	27	565
gene359	3879	708	1135	2154	135	2814	445	643	2643	739	1758	1014	1245	3302	662	1195	680	2072	1412	3297	1200	329	1167	351
gene360	331	79	118	91	234	110	202	103	391	83	341	75	133	182	217	247	122	127	58	181	105	82	88	147
gene361	1195	814	1023	626	585	484	1452	1537	1444	782	1411	444	750	1293	1363	1051	795	918	460	1546	832	381	930	751
gene362	1	10	2	15	21	45	6	17	6	6	18	0	5	3	2	1	20	15	9	2	23	0	8	1
gene363	2235	1730	856	238	589	1224	340	3327	2508	1720	902	367	5095	682	1704	776	1225	513	524	2579	1486	427	314	1129
gene364	55	59	49	21	37	72	4	123	48	109	12	41	117	58	9	45	74	104	12	116	39	19	12	40
gene365	123	84	49	50	42	143	48	168	159	110	162	52	92	54	105	59	65	49	50	49	33	32	38	44
gene366	6	24	14	4	8	15	23	35	14	25	23	14	27	10	26	29	19	20	21	42	36	31	11	17
gene367	171	89	104	292	65	254	122	341	296	218	121	233	199	179	236	144	271	192	140	361	296	115	158	88
gene368	2500	2490	1642	2664	1610	2566	2662	3270	4419	2448	2727	1528	3486	2501	2227	1700	4242	2785	837	1841	3388	1315	1214	1358
gene369	6297	2110	11876	7467	1836	7297	4790	29426	10434	11953	12913	3185	4241	6690	6242	6488	8018	6941	4470	7153	4495	8698	2328	6593
gene370	12	25	19	11	7	73	46	104	103	13	18	41	23	39	34	22	13	83	12	26	54	9	51	13
gene371	208	135	275	640	157	111	401	212	486	113	707	170	355	616	666	204	293	330	89	423	504	324	219	291
gene372	1760	804	797	1054	1051	1356	768	2215	1391	567	1766	686	1382	1484	1825	1044	1606	1140	647	1021	1433	749	546	961
gene373	145	57	96	73	51	57	84	62	119	51	112	40	119	64	93	37	58	87	44	66	84	28	74	85
gene374	122	104	113	63	71	66	72	141	146	155	134	75	111	117	60	37	102	143	62	81	67	59	81	36
gene375	91	64	93	73	22	78	62	189	85	67	70	66	82	90	63	37	60	105	31	92	68	47	46	47
gene376	456	247	368	245	259	221	252	722	634	404	451	265	485	464	389	553	374	420	148	496	240	180	267	130
gene377	1832	380	922	1313	712	1201	1579	2496	1733	1134	1100	753	1381	1369	1163	868	1640	1374	766	2012	1425	511	963	704
gene378	1002	133	245	177	307	399	282	607	217	321	725	103	621	330	984	265	228	371	297	230	363	277	281	136
gene379	211	109	133	165	140	101	260	370	228	139	229	171	233	294	207	303	299	283	99	286	256	65	124	99
gene380	135	36	70	10	38	77	40	116	159	103	155	52	162	177	81	46	139	19	41	135	45	40	74	62
gene381	323	211	79	265	111	155	361	347	480	439	389	211	274	327	357	296	323	267	142	230	310	99	190	293
gene382	73	34	53	51	32	101	29	10	35	73	26	88	123	28	9	41	181	81	29	124	20	8	41	14
gene383	92	85	24	36	88	47	80	117	218	25	122	19	138	60	60	42	48	91	49	92	85	33	71	52
gene384	708	284	504	868	636	1032	740	1411	1349	706	1068	437	1037	631	1058	487	539	495	231	704	814	349	451	260
gene385	257	179	317	218	172	242	270	390	544	287	301	175	311	202	251	144	371	445	138	281	227	74	184	219
gene386	182	120	173	191	108	160	192	154	257	130	448	133	216	344	245	142	434	248	114	324	149	62	103	118
gene387	21	253	176	86	23	42	20	135	45	62	175	103	43	128	264	156	105	112	45	53	25	82	16	19
gene388	335	464	139	864	365	324	202	435	535	133	1053	493	1600	413	942	135	1144	519	529	297	587	71	440	655
gene389	1731	984	692	1138	802	988	1117	1055	1628	1406	1200	873	1561	884	1253	952	1418	1096	471	1848	1361	582	535	728
gene390	6	50	12	27	20	39	14	126	35	40	33	14	41	57	30	48	81	13	32	39	30	8	17	27
gene391	179	178	236	91	68	158	87	88	150	190	322	87	73	97	133	167	75	68	74	133	167	83	84	91
gene392	137	138	106	239	106	124	195	214	271	121	88	79	221	212	35	42	422	141	73	161	151	37	121	28
gene393	46	32	86	53	23	63	48	42	27	47	78	31	95	53	69	34	51	34	24	104	57	21	21	17
gene394	7	48	36	49	24	45	55	114	155	59	10	15	104	18	30	33	11	25	34	38	136	27	16	8
gene395	129	61	126	120	132	179	94	153	104	98	157	99	288	187	126	87	149	201	105	274	160	91	62	70
gene396	599	208	252	348	279	492	260	525	864	418	399	403	496	618	280	420	740	375	264	610	487	214	342	231
gene397	1045	1779	1670	1679	807	1422	879	2738	1520	966	1240	2637	3973	1865	1070	1045	1347	1551	397	1851	567	586	377	740
gene398	4	3	1	8	8	0	0	11	12	4	9	7	1	11	1	3	4	15	0	0	15	3	29	5
gene399	45	28	40	46	15	35	18	71	49	21	74	33	58	55	96	25	27	61	13	46	50	32	28	11
gene400	39	97	73	84	33	62	91	181	76	31	132	78	26	86	156	61	59	53	25	114	67	31	33	65
gene401	11	3	1	17	12	1	17	24	10	7	10	2	18	3	2	0	3	7	5	9	27	4	0	5
gene402	37	67	5	14	47	33	6	50	127	96	33	14	20	38	42	14	78	45	2	122	20	11	7	34
gene403	32	42	17	28	25	28	19	30	35	21	40	46	46	35	59	17	18	11	7	22	29	18	22	27
gene404	29	42	32	29	16	50	31	106	12	30	25	7	77	41	47	22	29	33	7	76	57	26	13	12
gene405	0	9	1	1	6	0	3	4	0	5	0	2	1	3	1	3	1	5	2	6	0	1	1	2
gene406	125	151	80	126	72	129	131	236	444	216	274	193	239	209	190	193	208	176	108	256	140	136	129	68
gene407	41	25	61	30	33	21	12	88	21	44	43	41	53	71	39	18	34	58	17	36	52	36	13	23
gene408	1128	1143	871	1265	1213	1797	2437	4139	2875	2120	2735	1547	2816	2795	2704	2727	1963	1172	1275	2291	2632	852	1502	980
gene409	449	327	342	300	126	409	467	849	641	394	669	239	444	442	398	195	426	621	378	609	343	348	224	193
gene410	12	5	1	13	10	25	11	64	6	1	2	8	10	4	32	17	15	12	2	17	23	5	17	11
gene411	355	63	171	100	185	224	222	303	212	320	178	169	482	122	354	152	227	213	148	200	192	64	164	175
gene412	38	28	54	25	15	32	28	59	71	73	54	22	74	34	79	52	127	64	37	29	22	25	20	21
gene413	284	154	353	419	572	196	725	461	706	866	1662	348	380	461	578	478	635	672	309	761	1192	364	936	352
gene414	150	234	107	100	122	66	96	246	179	123	201	78	129	152	100	104	218	142	78	141	147	55	170	65
gene415	77	27	46	25	56	47	34	168	13	10	24	7	5	18	12	11	42	96	12	44	54	24	26	46
gene416	126	335	171	222	91	182	272	480	371	202	432	118	321	494	427	204	221	345	180	551	279	112	138	266
gene417	170	74	43	154	39	161	156	262	346	156	139	101	217	141	90	137	160	118	30	200	95	53	104	140
gene418	107	61	118	126	60	106	76	118	61	80	87	103	93	155	85	77	69	121	59	158	218	61	78	56
gene419	3725	1142	2291	2374	2454	1313	2262	4580	4046	2250	5734	2489	4036	4552	7298	3960	4639	2628	1771	3863	5499	2162	975	3148
gene420	52	71	87	79	61	72	57	76	51	81	51	58	121	76	28	49	76	43	34	95	43	42	32	49
gene421	68	55	37	69	77	44	54	80	153	50	114	22	44	65	37	19	13	16	21	17	18	6	8	15
gene422	1	3	2	15	6	10	7	18	17	12	8	6	11	11	4	14	22	2	3	9	21	1	13	5
gene423	91	50	63	82	133	122	34	166	21	277	46	107	1	217	99	56	236	101	53	137	101	195	56	18
gene424	428	248	509	402	441	376	273	1054	1092	307	675	254	528	417	547	224	590	782	242	1053	220	418	236	266
gene425	0	3	0	4	4	0	2	1	2	2	1	1	1	9	9	0	2	10	0	1	1	2	6	4
gene426	90	193	162	76	74	191	57	177	173	102	153	46	152	141	69	67	35	123	15	116	78	44	74	43
gene427	5	10	43	19	9	14	37	27	23	6	46	5	27	8	17	15	21	21	12	18	4	10	13	28
gene428	2379	1097	1103	443	484	644	589	1239	2049	1094	2437	628	1920	1627	1694	1533	1229	1282	865	1308	382	399	965	374
gene429	881	461	1462	1447	247	1075	458	1851	3033	964	1202	2472	482	1366	1520	933	881	3333	483	2997	1228	975	2022	702
gene430	233	166	181	432	164	145	119	379	376	203	389	179	223	396	466	75	212	166	101	210	520	303	178	133
gene431	1720	1024	1000	914	496	1744	923	1910	2481	1449	2079	852	2644	1108	1159	638	1523	1538	384	945	1638	572	804	404
gene432	28	41	12	19	30	12	29	43	46	13	76	46	52	62	27	23	33	34	16	53	34	33	10	20
gene433	496	130	344	302	326	465	367	1590	1905	627	1701	885	825	3155	1969	747	636	966	138	105	464	433	145	482
gene434	58	30	10	42	48	38	30	78	183	59	76	46	45	51	17	23	47	55	36	96	68	20	25	41
gene435	310	185	130	118	233	200	175	496	138	116	175	74	179	103	112	97	212	412	91	273	168	98	182	124
gene436	138	69	67	101	49	112	39	170	77	84	151	43	75	125	46	65	140	71	42	162	73	60	26	60
gene437	72	58	51	102	58	146	58	98	172	108	89	74	131	160	98	38	131	58	24	126	205	47	49	75
gene438	528	219	192	380	504	221	330	656	672	362	829	183	364	391	166	73	364	250	204	410	321	229	128	247
gene439	22	4	31	25	4	17	11	23	12	11	28	9	24	14	3	7	17	17	10	3	32	0	1	18
gene440	37	80	28	33	29	65	26	154	161	145	4	51	135	277	234	18	248	11	64	34	111	52	77	69
gene441	174	133	98	99	62	125	161	546	495	218	378	128	142	462	407	251	365	162	151	114	230	65	184	169
gene442	69	32	40	36	54	47	68	94	82	48	88	46	101	78	38	54	56	79	27	58	51	28	33	26
gene443	158	105	145	108	105	129	105	258	281	165	233	101	173	207	130	109	248	140	78	203	209	105	108	107
gene444	160	98	43	54	23	60	88	100	114	77	128	66	128	58	39	71	99	86	35	96	45	57	23	32
gene445	1433	2366	1036	1027	735	1486	2363	3484	2657	1974	1855	915	2555	1555	1672	2176	1948	2025	958	2163	1977	438	1344	1262
gene446	275	80	73	198	260	279	364	549	1057	147	612	177	376	492	617	30	698	203	180	148	591	37	218	235
gene447	17042	11033	10656	10293	16594	20867	24162	18745	34710	16114	12868	13476	27726	17741	9389	8333	8193	10649	7580	18062	10341	5823	8697	11200
gene448	28	45	34	53	32	60	7	47	25	17	15	13	27	40	18	56	21	3	12	41	14	5	13	18
gene449	733	344	175	508	392	463	402	613	677	757	646	396	432	345	479	843	438	632	345	541	706	175	691	569
gene450	3643	2495	2790	3153	1363	2500	3320	6273	5820	4341	4271	2029	4612	6170	6922	4428	2990	4912	3180	3200	3336	1663	2697	2314
gene451	147	137	127	193	236	243	233	347	447	128	206	152	295	335	143	85	216	154	148	295	305	139	143	108
gene452	9	17	10	10	19	10	32	15	12	43	11	12	70	50	11	20	55	10	13	29	18	19	18	8
gene453	8	44	15	4	10	50	0	3	5	55	4	50	5	90	15	1	22	30	15	31	11	9	0	16
gene454	190	89	108	63	57	179	64	274	206	88	268	77	166	133	156	148	171	84	50	111	82	39	36	153
gene455	1208	752	415	623	492	699	1144	2727	1472	1122	1729	383	1074	851	952	627	891	1100	340	1123	490	616	633	686
gene456	214	375	320	324	396	228	548	557	421	363	712	324	522	591	545	228	469	776	331	603	606	200	396	241
gene457	12	0	10	11	6	1	2	8	2	8	7	0	4	0	0	3	3	3	0	2	0	0	2	0
gene458	35	56	4	34	31	43	35	70	65	88	34	27	58	70	26	15	45	82	18	95	21	31	22	14
gene459	98	80	135	89	98	140	110	106	179	128	207	54	216	95	123	66	227	140	87	168	137	56	42	61
gene460	5	16	3	13	18	10	5	32	19	7	32	3	44	10	58	10	10	5	9	41	4	3	9	5
gene461	383	281	223	408	145	318	400	607	629	264	537	498	496	614	261	334	442	370	56	533	354	158	291	386
gene462	1	2	3	1	1	0	2	4	12	3	2	0	12	2	4	0	4	1	5	2	0	1	0	3
gene463	199	132	149	139	81	140	478	117	124	170	312	64	165	179	118	71	137	14	132	146	190	130	82	136
gene464	41	12	13	40	33	82	156	321	80	18	136	311	122	36	25	175	64	103	27	82	52	56	35	60
gene465	51	78	109	16	33	24	26	68	172	82	15	36	90	85	34	62	42	164	9	95	77	48	25	32
gene466	90	97	73	78	74	69	53	86	99	63	115	107	80	108	63	51	60	107	41	74	95	44	61	51
gene467	336	173	119	191	132	254	165	397	300	195	192	171	164	340	154	98	372	126	151	140	165	174	131	39
gene468	198	175	287	165	162	194	239	468	129	97	86	84	186	117	185	84	281	176	126	314	324	122	151	270
gene469	53	98	38	51	20	78	75	135	158	108	142	67	114	176	48	154	77	101	85	113	71	40	78	28
gene470	4	0	3	2	5	11	6	5	10	7	3	6	9	11	5	1	0	0	2	4	0	0	4	6
gene471	20	9	10	43	11	4	14	9	31	10	11	3	25	28	18	9	5	16	5	6	14	9	0	2
gene472	3	12	5	16	4	6	9	1	1	10	16	10	9	5	7	12	9	15	9	9	19	8	11	27
gene473	561	380	253	666	408	331	424	637	803	419	562	367	762	882	719	251	256	419	251	712	438	236	348	235
gene474	153	70	111	80	37	76	35	168	80	49	36	29	31	49	14	32	122	118	39	26	53	94	53	32
gene475	184	163	106	331	120	239	166	302	436	126	262	167	172	390	117	132	158	361	108	204	200	93	202	57
gene476	3	10	6	3	5	32	16	16	0	0	0	0	9	17	2	11	30	2	1	7	8	20	6	14
gene477	93	55	10	69	55	26	49	71	28	98	55	69	66	73	62	30	69	75	27	25	35	17	70	23
gene478	421	324	260	814	277	420	334	419	578	483	480	488	923	900	362	254	438	260	221	441	540	439	170	113
gene479	84	90	45	112	82	66	107	95	176	70	145	56	101	108	35	60	64	78	29	68	146	35	27	70
gene480	118	80	123	99	65	151	93	122	191	108	166	42	125	209	110	92	169	105	64	118	129	73	73	67
gene481	99	97	80	92	71	83	102	211	119	206	199	90	238	40	125	94	236	82	48	121	40	112	56	75
gene482	2311	1320	476	535	664	1199	1182	2295	2304	402	1432	395	395	1055	746	854	1069	606	89	1205	577	341	497	366
gene483	22	20	55	69	46	41	42	66	51	49	50	18	52	62	60	38	55	56	62	74	60	11	16	15
gene484	607	326	250	375	498	709	202	1375	525	277	799	216	329	869	261	86	393	234	157	370	170	143	334	259
gene485	739	204	366	405	286	265	227	645	1213	604	535	422	376	1492	547	292	163	335	275	949	495	411	321	193
gene486	19	9	5	24	1	15	4	56	1	5	24	6	10	44	28	0	33	20	9	13	19	11	3	18
gene487	524	126	110	53	157	90	103	417	95	92	140	119	209	231	67	195	172	377	122	230	189	124	23	98
gene488	139	110	91	94	52	88	146	210	204	84	164	62	248	232	212	89	170	168	90	99	99	60	103	66
gene489	1051	576	553	717	334	414	1048	1409	931	414	510	503	675	899	440	386	597	962	133	876	584	224	322	374
gene490	571	252	382	519	367	277	121	654	708	717	563	569	408	626	440	179	654	420	434	293	433	247	300	512
gene491	147	85	86	163	46	128	153	162	198	111	157	99	142	127	129	129	119	142	45	182	95	33	70	82
gene492	118	74	130	151	83	328	157	227	111	212	285	98	371	153	132	84	253	153	116	136	80	37	141	67
gene493	38	20	18	11	16	34	51	69	72	32	75	31	26	22	51	58	48	45	28	55	11	22	57	27
gene494	127	118	30	83	74	63	158	159	399	537	654	198	521	262	525	813	250	108	72	130	105	65	87	52
gene495	20	26	13	28	29	61	25	17	66	30	30	26	31	27	31	47	24	44	18	38	15	7	13	28
gene496	11	33	25	42	15	19	18	44	45	41	39	27	87	39	18	27	57	38	14	28	31	11	4	13
gene497	56	28	8	46	4	22	1	56	5	10	27	0	10	6	12	24	38	13	6	69	21	3	10	2
gene498	525	410	372	463	249	578	517	585	480	464	598	382	462	804	522	501	948	305	204	490	372	329	301	315
gene499	785	487	463	606	659	739	612	1051	1234	748	1162	586	870	1114	568	760	945	1121	490	950	1082	383	493	555
gene500	45	55	42	84	43	58	45	66	148	86	70	47	61	49	87	37	68	106	39	59	81	13	44	76
gene501	38	17	35	29	31	13	25	36	45	39	10	15	24	38	3	8	10	27	10	11	17	16	3	26
gene502	80	58	87	76	68	62	99	88	138	135	206	103	108	96	65	107	110	167	54	73	96	36	126	101
gene503	3610	2679	4522	4511	3158	3226	2330	5744	4277	4149	9038	3961	5196	6253	3281	2033	3792	4653	2433	4593	4120	3583	2374	2836
gene504	5548	2462	2341	3057	2261	3946	2820	6164	8081	4216	4443	2048	6004	5035	5299	3071	6059	4116	2200	5464	4488	1600	3228	1460
gene505	2	3	0	1	1	9	14	30	6	1	4	6	15	41	6	10	4	35	3	3	2	7	0	0
gene506	44	64	104	36	99	80	22	63	97	30	21	154	157	59	28	22	18	43	58	71	81	24	40	33
gene507	1415	1585	1335	991	437	1397	1356	2519	2127	1901	2151	1243	2351	1467	1923	978	2483	1626	879	2425	2300	204	1793	1249
gene508	85	75	87	100	48	106	150	237	234	167	82	58	129	176	93	90	179	99	68	194	114	89	75	91
gene509	1546	1148	1327	1719	947	1452	1396	1434	2607	2105	1513	1079	1773	2036	1892	1542	2078	1582	968	1864	2006	865	1112	1002
gene510	75	39	78	99	35	70	79	102	110	66	112	44	82	85	72	60	123	81	32	71	82	40	71	55
gene511	146	291	256	143	246	556	444	544	131	75	50	37	108	75	58	42	341	437	187	288	384	124	193	149
gene512	223	77	87	92	82	86	151	225	99	306	210	85	143	175	181	46	307	159	171	115	377	52	102	105
gene513	21066	17904	17143	17916	13292	18237	13870	18243	37561	29649	24441	29006	33185	33690	26322	18233	25949	18552	19002	27028	18654	11897	17067	22957
gene514	562	276	48	357	273	236	131	831	345	376	937	350	803	435	272	156	455	1030	453	1161	904	157	600	441
gene515	20	25	21	14	17	29	31	20	24	11	25	7	24	16	24	27	42	23	12	30	8	6	21	26
gene516	13	70	45	85	31	84	57	116	84	55	79	88	122	49	27	50	38	82	16	121	19	27	48	26
gene517	172	197	144	232	217	288	125	303	343	210	211	324	226	266	305	282	226	289	127	159	286	163	152	194
gene518	10	1	0	9	16	0	4	0	6	7	1	5	17	0	3	21	7	4	4	0	1	3	6	0
gene519	6	5	13	4	10	2	6	2	21	1	6	3	2	4	8	2	2	9	3	2	9	5	2	9
gene520	2	8	12	19	16	13	17	124	102	41	47	4	26	49	15	10	15	31	40	45	6	7	9	34
gene521	86	58	51	41	74	85	39	139	214	39	93	69	81	101	95	29	96	49	48	112	79	25	60	86
gene522	1335	1030	1301	787	778	388	754	1410	1778	868	1276	757	879	1411	1071	586	1233	1861	427	1350	1088	459	497	421
gene523	166	75	27	84	39	82	149	324	78	93	148	37	54	190	79	46	94	103	35	95	93	45	67	42
gene524	163	69	73	141	151	100	224	500	83	30	182	47	78	64	27	51	63	348	54	221	140	140	59	174
gene525	144	141	82	95	65	148	160	246	156	86	171	100	106	132	121	70	62	185	55	173	63	108	78	87
gene526	61	64	40	61	33	38	39	117	33	16	16	16	27	13	25	34	15	26	24	78	9	20	32	25
gene527	805	1182	953	1195	656	1117	791	1889	1619	1475	1230	787	1434	1161	881	812	741	1165	522	1228	1174	638	717	584
gene528	27	24	16	5	25	7	44	45	33	26	39	6	14	32	20	38	10	31	38	32	11	13	7	27
gene529	98	60	124	47	166	116	97	127	321	114	128	80	189	157	106	4	84	15	38	194	156	17	37	65
gene530	146	79	70	72	47	88	85	124	51	45	212	37	182	160	115	80	82	128	30	65	157	26	40	38
gene531	419	294	273	220	188	269	196	719	699	179	636	118	574	347	231	370	292	268	151	358	328	196	315	127
gene532	2629	1662	1331	1705	1252	1226	1312	3914	1111	2954	2712	1420	2659	1208	1728	1686	1214	2888	1023	363	3278	583	965	2189
gene533	197	240	226	409	413	225	444	695	577	357	630	282	470	564	157	306	283	201	101	499	286	153	195	206
gene534	1324	1199	1134	688	695	939	667	1558	2093	1430	1321	1135	2135	1499	1064	615	8823	5249	3354	7019	6552	2481	4245	2212
gene535	386	313	466	197	228	422	489	701	552	406	384	207	261	548	654	396	513	526	297	450	254	209	344	236
gene536	93	39	33	30	29	47	13	52	127	42	100	29	30	75	15	23	25	68	36	48	19	35	60	28
gene537	180	157	97	128	86	142	166	268	421	190	115	97	163	189	194	137	153	158	65	169	198	83	212	124
gene538	1753	927	985	978	517	625	1008	1478	1500	1265	1963	845	931	1032	617	586	3979	1085	1414	1539	1744	612	1372	1313
gene539	17	1	8	17	4	26	0	14	19	2	3	6	6	27	8	11	12	9	7	10	7	19	17	6
gene540	333	113	122	138	138	258	231	307	271	221	233	162	216	197	267	218	203	265	131	387	220	108	116	109
gene541	77	89	27	135	61	125	88	459	211	55	174	118	69	203	186	181	163	127	67	129	172	54	133	105
gene542	423	275	181	513	664	824	983	714	686	789	1116	651	1120	937	502	440	806	636	231	1090	896	395	300	382
gene543	284	519	393	119	322	249	728	732	186	374	174	310	974	877	1170	587	621	376	297	197	54	476	287	287
gene544	281	207	151	190	97	289	233	524	237	223	242	164	370	279	241	216	316	128	125	362	387	129	112	112
gene545	1400	2268	1104	1043	817	998	1147	2256	1769	1334	2571	1178	1099	1405	1311	1258	3494	1962	567	4230	2191	712	833	1230
gene546	35	1	4	24	1	8	20	19	7	16	11	8	32	12	14	5	5	8	7	24	38	13	1	16
gene547	1033	367	343	593	206	896	399	844	900	725	738	764	895	642	506	101	376	576	205	1005	469	360	556	433
gene548	9	6	1	6	0	1	6	14	5	4	15	2	2	2	1	0	17	13	9	4	3	2	4	20
gene549	634	290	190	229	201	355	322	355	683	235	528	279	513	477	254	407	644	356	75	643	541	300	266	325
gene550	95	64	121	138	148	295	177	288	145	110	328	95	145	141	28	67	292	172	70	25	82	32	103	87
gene551	760	487	358	452	341	428	511	838	1166	520	738	567	809	795	340	436	713	527	233	968	408	327	372	284
gene552	196	40	61	126	36	185	101	208	335	116	263	151	196	164	57	87	136	34	106	246	180	31	164	35
gene553	8	14	4	5	19	4	10	20	26	0	14	19	8	12	1	7	0	3	2	0	3	1	10	30
gene554	1	2	5	2	0	2	9	17	7	21	15	6	0	1	1	11	7	8	1	12	2	0	14	6
gene555	26	2	88	307	432	250	125	63	171	435	308	42	93	444	51	1155	92	1261	163	229	636	275	242	1225
gene556	53	72	96	77	32	69	85	200	263	140	150	41	99	209	148	68	73	159	63	123	127	35	61	33
gene557	33	60	59	55	49	92	44	75	94	41	72	40	46	71	77	31	44	59	39	136	65	30	48	35
gene558	71	53	36	89	76	65	40	111	130	147	141	53	80	117	25	148	104	100	57	104	159	69	49	74
gene559	33	26	31	23	30	68	52	76	48	51	58	12	83	71	30	40	45	27	17	37	43	28	25	26
gene560	78	67	88	101	90	117	108	75	143	185	151	28	159	171	75	21	63	219	18	79	162	58	82	62
gene561	79	44	29	16	40	31	8	33	48	22	23	20	24	12	36	12	16	38	15	35	55	17	13	12
gene562	15	2	10	2	1	6	0	13	0	9	4	2	2	3	2	6	7	6	1	0	3	0	0	0
gene563	140	30	79	58	44	103	94	121	164	114	109	27	109	142	105	59	108	78	21	116	77	40	18	53
gene564	906	536	490	181	272	319	255	1302	1015	600	575	373	595	893	908	433	997	968	413	792	341	210	432	296
gene565	2791	1009	2967	3374	2096	2868	2556	1032	20698	9844	10751	12645	4776	28157	24664	8826	1299	2878	2078	3630	4531	931	1836	603
gene566	321	185	115	66	70	181	109	143	110	116	57	100	245	42	129	196	205	95	95	239	201	48	84	63
gene567	151	125	133	134	66	206	100	149	142	73	167	113	144	139	196	83	142	114	35	131	74	51	77	100
gene568	788	482	460	577	368	461	628	984	690	501	447	168	376	474	614	300	590	803	340	588	502	349	398	524
gene569	242	102	68	111	73	70	167	298	234	155	286	120	175	149	178	98	267	191	105	235	228	66	98	110
gene570	31	39	10	62	8	42	45	128	37	36	200	41	164	34	98	105	77	55	12	62	93	59	28	42
gene571	8	5	9	1	1	17	30	23	23	10	18	6	13	28	4	4	23	3	11	6	2	1	8	1
gene572	20	11	14	16	1	11	10	13	47	4	19	14	35	16	5	4	22	6	5	16	4	16	5	3
gene573	277	85	237	233	136	280	234	662	409	155	243	187	222	299	511	108	157	214	138	470	166	146	133	249
gene574	12	4	23	2	2	11	13	11	6	18	15	4	8	12	10	7	21	10	20	0	30	1	14	13
gene575	906	599	623	513	712	498	1757	1542	1333	196	1557	396	365	416	339	660	505	524	362	2135	909	109	649	300
gene576	31	22	10	10	1	2	7	54	3	12	17	5	0	43	9	8	14	21	4	14	18	8	13	21
gene577	97	79	40	109	64	110	61	141	149	99	168	53	106	110	110	79	133	92	47	113	95	31	42	35
gene578	146	46	73	63	57	135	77	258	87	80	136	112	136	160	54	113	106	119	69	92	215	48	71	232
gene579	233	120	76	89	83	147	201	235	146	137	156	109	208	145	115	125	185	164	98	220	129	94	156	131
gene580	269	32	79	279	90	170	110	181	292	162	320	153	150	228	193	52	121	279	96	114	235	68	43	58
gene581	125	727	186	437	147	344	301	761	453	313	398	446	349	459	623	373	324	318	161	1083	574	160	243	77
gene582	48	59	26	141	70	182	72	176	272	120	151	53	106	115	201	55	117	76	48	138	136	43	80	108
gene583	77	59	41	71	54	87	110	277	100	108	186	53	84	118	91	65	84	145	28	59	111	57	67	44
gene584	152	225	154	103	66	69	159	426	128	274	271	97	314	224	41	80	204	98	74	624	223	106	72	196
gene585	62	61	86	23	33	27	46	224	118	80	110	36	59	16	154	159	64	16	26	55	17	15	23	121
gene586	1875	1468	1782	673	820	1105	1600	2094	2019	983	2309	1380	1631	1097	1275	1411	2694	1018	907	1797	1961	632	983	812
gene587	3	1	0	2	0	0	0	14	0	2	0	1	6	1	0	2	8	17	2	0	7	2	4	0
gene588	711	519	482	523	427	465	662	1824	1089	238	715	484	861	676	636	366	559	389	251	507	654	188	798	618
gene589	73	45	49	69	36	121	82	169	174	100	137	95	156	119	79	78	57	96	50	123	132	76	38	74
gene590	248	146	183	213	167	161	213	515	255	372	369	253	241	376	569	186	244	212	87	366	294	203	251	142
gene591	495	846	239	352	276	727	570	953	1335	705	701	491	859	634	166	595	447	497	379	1147	715	336	317	676
gene592	782	326	420	360	226	389	695	649	608	584	802	321	752	242	590	351	478	527	215	445	337	328	270	207
gene593	45	38	35	56	36	10	32	69	43	27	27	13	98	43	125	27	67	35	28	11	7	52	3	7
gene594	2380	1463	1928	1371	1164	1638	2204	3209	2011	2223	1392	929	3067	925	1390	1051	2925	1525	443	1643	1483	1288	1366	678
gene595	6	9	3	1	5	7	27	0	7	7	11	1	1	19	1	2	9	24	9	0	10	0	1	4
gene596	423	416	431	347	371	653	362	935	720	517	725	206	522	745	387	291	338	746	270	663	327	363	294	249
gene597	59	29	29	60	42	43	33	23	47	38	65	32	105	96	21	57	78	52	33	20	34	18	26	13
gene598	7	8	10	2	3	1	12	1	13	17	7	5	4	2	3	1	6	10	1	9	7	1	2	0
gene599	19	20	5	3	0	12	4	34	3	4	6	2	0	0	4	15	3	28	2	12	2	5	8	3
gene600	266	257	29	339	109	38	212	80	182	75	251	292	240	388	125	123	96	89	39	61	34	18	0	111
gene601	5662	1366	1763	9041	3261	3078	4644	3566	5887	3896	5638	2501	2267	3642	1753	1206	3715	6682	1815	4587	2881	624	7754	2727
gene602	158	174	213	159	140	185	240	348	306	112	258	162	255	321	249	163	165	341	86	270	178	125	163	194
gene603	1316	693	820	951	342	577	373	1734	5927	6560	3879	3201	7478	10105	1902	2676	1454	483	188	561	764	321	576	742
gene604	537	435	286	448	499	442	446	567	573	438	637	307	585	480	279	329	879	1010	336	465	687	291	303	192
gene605	24	36	23	16	14	17	22	55	82	101	44	20	35	19	58	18	14	101	45	52	22	6	19	34
gene606	987	531	785	688	454	818	562	922	1317	806	784	572	774	1648	645	269	775	334	262	541	846	501	280	248
gene607	335	127	231	432	282	460	92	499	492	373	208	266	532	425	216	136	306	105	50	572	773	56	78	38
gene608	222	117	132	204	65	179	138	412	402	156	291	106	157	188	259	126	249	183	62	218	216	159	158	90
gene609	1032	576	591	725	293	483	477	890	935	703	957	574	805	408	627	581	521	908	349	1021	987	439	567	468
gene610	636	643	400	404	212	219	708	506	780	159	1212	733	334	758	620	222	553	445	427	1240	501	650	1812	279
gene611	59	20	43	83	42	67	17	66	50	21	105	38	58	128	54	50	64	45	21	86	40	47	25	46
gene612	229	231	236	215	99	160	276	184	525	288	274	162	258	261	220	190	339	329	128	238	204	129	99	193
gene613	76	15	38	41	38	50	30	57	35	21	39	36	32	60	15	19	10	32	9	36	26	29	29	23
gene614	270	309	268	382	433	305	305	368	506	450	362	548	641	462	317	238	629	155	326	397	456	290	238	284
gene615	129	20	32	61	99	59	62	125	163	145	67	38	128	74	23	70	45	43	58	65	43	32	12	42
gene616	201	250	271	271	249	297	306	460	407	198	359	462	362	455	555	123	333	301	164	275	266	194	233	171
gene617	591	155	225	287	120	74	300	362	356	231	303	125	171	345	165	184	371	236	217	370	498	56	218	41
gene618	128	75	77	30	34	88	73	108	148	164	97	50	90	122	130	52	45	178	40	141	180	81	105	72
gene619	234	210	131	304	236	308	161	639	313	308	264	233	495	359	384	159	345	361	99	512	309	126	154	163
gene620	445	185	269	302	426	451	431	402	672	369	482	360	596	305	298	263	372	443	289	771	567	173	205	110
gene621	12	235	26	3	5	203	2	15	218	7	108	126	55	84	59	248	55	100	116	105	28	29	23	70
gene622	629	799	532	1185	923	712	728	948	914	936	1619	806	1391	1355	629	634	917	729	425	1228	1260	678	458	718
gene623	1678	966	1171	751	497	1167	742	2178	2257	2027	978	436	1060	1619	1333	453	1721	1145	620	1060	862	597	908	659
gene624	34	16	12	30	19	19	22	129	49	26	46	35	28	113	8	21	48	15	8	39	42	19	16	31
gene625	34	74	51	17	71	25	39	113	95	35	110	20	44	60	8	46	24	49	24	38	67	26	18	16
gene626	297	283	283	425	226	234	286	511	428	171	336	191	533	246	319	183	415	205	236	216	481	164	223	200
gene627	34	12	17	22	8	14	35	50	41	17	20	25	11	22	8	33	10	27	11	36	35	24	5	23
gene628	92	96	34	24	24	75	57	119	128	80	139	62	102	102	82	55	60	29	32	108	55	32	63	15
gene629	734	294	388	589	377	303	587	879	1006	441	961	292	312	321	925	336	3146	1964	1018	1376	3226	841	1366	901
gene630	54	49	27	48	43	27	62	21	122	62	64	54	77	38	50	31	88	52	27	71	72	25	22	30
gene631	8	4	2	4	4	1	5	9	2	1	5	1	4	2	1	8	49	100	25	0	36	6	29	5
gene632	425	272	283	304	250	301	384	583	582	347	668	291	424	313	581	362	491	461	193	321	316	272	283	231
gene633	7	20	12	3	8	9	0	8	1	4	27	18	12	5	6	7	8	8	2	1	2	6	24	4
gene634	41	16	4	13	16	6	0	43	19	1	27	2	2	15	18	5	35	3	9	20	11	4	1	14
gene635	0	1	0	1	0	4	1	6	1	0	0	7	1	2	0	0	0	0	0	3	0	0	0	0
gene636	468	175	289	699	511	724	398	449	561	407	466	75	276	593	473	302	531	80	50	100	77	22	43	135
gene637	141	294	65	169	138	133	218	246	351	164	180	193	216	102	144	87	169	496	98	250	157	110	85	71
gene638	185	229	231	393	145	213	265	413	268	250	277	162	282	216	412	398	261	202	119	472	326	116	257	195
gene639	673	298	361	573	373	808	133	939	5905	1715	1898	1558	4466	3333	4023	1586	627	521	260	843	732	295	466	235
gene640	254	75	252	23	66	89	108	117	341	54	485	89	73	141	26	36	77	92	138	56	180	47	53	67
gene641	11	24	23	21	29	11	2	53	87	3	35	19	33	33	33	9	26	14	3	28	24	7	17	10
gene642	391	255	160	237	246	259	611	760	455	134	346	100	119	364	387	186	180	591	252	300	142	146	162	292
gene643	1556	625	675	613	494	924	895	2131	1050	1231	1206	850	1310	1247	1011	1021	1614	830	416	1286	1238	547	596	776
gene644	4	5	2	11	2	14	3	18	9	20	12	0	12	3	5	9	28	6	14	37	21	3	12	5
gene645	88	75	25	65	18	73	20	37	67	17	43	32	68	44	107	53	50	31	29	28	148	25	23	26
gene646	94	42	93	58	85	68	29	172	48	18	148	95	201	115	60	89	135	45	107	130	100	35	19	72
gene647	9	2	4	49	9	9	15	25	35	13	16	7	33	15	14	15	31	6	5	26	14	11	9	19
gene648	187	326	229	392	522	174	413	320	235	289	232	321	803	586	561	209	556	446	166	1088	289	438	197	120
gene649	27	32	14	38	13	71	59	60	94	65	41	35	68	58	37	30	47	21	29	38	45	18	28	18
gene650	1004	529	661	2118	595	878	620	2319	2321	571	2139	1489	1594	632	1599	242	1688	1820	1337	1434	2027	497	562	1411
gene651	232	158	104	114	116	77	85	257	241	126	160	50	265	133	161	187	114	172	75	127	186	112	78	75
gene652	720	161	267	361	347	322	251	645	487	412	580	330	367	349	427	259	409	541	110	288	666	217	189	120
gene653	1383	1219	1301	1511	1121	1755	1574	3287	2403	1869	2289	1023	2541	2059	1664	1205	1539	2578	793	1872	1488	732	881	972
gene654	181	401	170	137	61	208	179	200	162	77	79	56	100	69	89	61	217	203	88	285	136	74	199	263
gene655	1215	676	473	1039	663	1150	709	1647	697	673	697	903	1545	1315	753	542	726	936	629	1047	1397	631	687	487
gene656	211	69	198	134	118	118	130	640	167	131	166	220	253	238	127	221	77	136	127	203	165	77	86	19
gene657	5	8	9	9	3	4	9	30	12	2	2	29	17	15	1	3	54	15	0	9	19	6	6	6
gene658	134	131	88	155	98	153	129	196	287	123	126	73	164	251	157	86	186	97	94	192	198	43	166	64
gene659	363	443	208	374	340	261	321	429	765	549	1036	420	618	678	359	262	454	459	271	511	378	131	277	347
gene660	312	336	149	274	264	362	294	428	446	357	284	236	505	356	260	269	350	232	88	170	147	48	105	211
gene661	137	53	20	57	44	69	109	159	143	58	188	94	150	153	77	133	53	56	64	79	60	26	31	69
gene662	25	12	19	29	5	0	15	30	25	38	41	6	3	43	28	37	29	12	5	19	22	10	4	13
gene663	395	777	416	590	66	307	461	221	161	698	138	352	849	1072	279	296	395	481	413	2105	429	121	198	233
gene664	22	14	25	16	15	25	39	113	36	21	27	12	24	4	29	17	18	25	11	30	14	17	46	21
gene665	8	7	16	23	9	10	14	48	67	20	73	21	22	13	39	30	39	5	8	24	3	10	16	8
gene666	260	246	280	320	153	257	182	202	492	395	775	548	203	379	305	137	358	431	218	356	602	101	236	219
gene667	44	9	9	12	9	22	47	19	11	9	9	10	45	30	12	43	17	34	1	4	20	25	27	41
gene668	223	218	116	135	128	85	132	235	258	243	258	126	122	135	341	84	232	274	104	207	283	47	176	119
gene669	152	66	94	78	78	158	94	357	328	97	293	78	125	137	145	94	139	110	79	102	126	23	92	68
gene670	19	27	6	10	9	3	2	7	27	20	13	21	23	7	20	11	21	17	4	21	19	1	12	28
gene671	1080	460	616	1140	251	1223	1552	1841	1105	1535	1016	525	720	1414	1812	511	666	795	585	979	498	282	342	523
gene672	40	49	20	27	44	7	36	36	57	57	34	23	76	148	90	32	56	212	40	204	99	66	38	97
gene673	669	411	1183	777	142	1028	628	2726	1227	354	705	318	830	674	1007	675	574	520	564	2324	391	480	701	292
gene674	25	47	32	29	19	30	32	117	85	58	86	34	45	74	45	41	100	78	43	19	63	35	52	40
gene675	29	38	64	37	22	54	77	138	43	96	70	28	15	84	57	24	39	69	12	39	59	8	53	16
gene676	63	73	127	80	55	174	68	289	257	69	89	182	55	358	208	28	71	117	141	171	144	137	47	63
gene677	80	65	47	81	66	73	120	78	147	89	69	94	74	102	68	53	81	89	27	88	94	56	37	59
gene678	142	78	16	97	37	62	67	106	142	47	157	72	102	78	44	26	62	49	24	72	88	17	17	43
gene679	15	22	8	4	22	35	33	64	296	39	35	60	29	10	46	25	43	37	15	44	9	32	64	42
gene680	11	10	7	15	13	11	13	21	14	11	68	23	20	22	24	6	20	32	11	4	18	23	26	10
gene681	571	239	271	98	263	519	207	938	423	179	685	155	559	714	562	241	373	464	403	446	742	266	202	410
gene682	33	32	23	39	17	6	41	36	140	53	80	58	22	14	39	14	63	45	11	20	22	13	34	34
gene683	7	1	3	8	4	2	33	11	16	16	13	1	24	25	15	11	9	32	5	23	12	19	18	71
gene684	60	104	44	125	58	55	71	183	81	111	94	21	34	18	12	63	27	357	29	111	113	27	185	32
gene685	14	21	11	20	15	20	19	25	54	23	26	37	48	73	58	25	42	20	23	18	23	11	17	18
gene686	4	0	1	2	0	1	8	4	9	0	9	1	4	0	1	0	10	7	12	0	1	0	0	2
gene687	30	49	69	64	35	51	53	80	136	52	82	48	94	99	63	25	56	116	36	62	72	76	52	17
gene688	76	230	202	230	57	168	137	272	204	108	195	131	200	468	709	77	154	35	65	303	59	106	33	83
gene689	175	209	175	144	146	195	124	318	323	127	189	152	228	250	236	184	344	251	140	234	240	120	161	156
gene690	292	121	162	237	127	338	130	918	486	334	297	219	342	143	282	40	311	333	194	177	233	279	46	90
gene691	36	29	7	17	10	29	22	17	39	29	42	15	37	38	30	20	37	32	21	21	35	7	22	12
gene692	105	48	55	92	22	56	35	136	137	19	102	47	97	60	102	67	112	52	30	88	40	38	39	52
gene693	26	5	15	16	16	23	14	53	51	13	22	20	56	44	6	6	40	56	20	24	22	12	35	14
gene694	43	26	44	45	42	38	37	35	67	30	49	20	60	48	41	6	79	64	22	29	57	15	24	36
gene695	48	15	20	40	5	6	17	52	6	8	31	14	45	14	19	2	18	28	1	28	24	6	25	17
gene696	7	23	15	18	7	16	20	75	50	31	29	3	15	25	29	3	11	8	8	67	20	30	14	25
gene697	330	276	202	241	361	361	414	525	361	291	508	212	509	531	236	175	468	325	128	516	175	142	173	289
gene698	188	43	47	80	53	91	124	246	67	158	166	61	179	85	57	77	94	55	53	160	131	88	51	39
gene699	133	80	59	141	66	77	64	174	100	64	122	77	223	163	112	29	141	88	32	106	98	55	56	75
gene700	2248	1505	2360	2312	1318	2556	1621	3479	3903	1716	2227	1578	1818	2892	2781	2068	1678	2196	1283	2495	2246	1218	948	1140
gene701	144	114	88	87	61	41	54	104	213	107	135	57	91	116	169	55	179	85	52	126	138	57	61	56
gene702	36	16	32	22	28	47	66	324	72	45	81	58	68	16	154	65	42	39	43	58	83	22	77	35
gene703	745	182	392	485	155	85	303	587	992	239	484	252	545	418	421	328	637	467	91	408	440	97	179	250
gene704	65	63	44	38	54	11	23	58	56	100	60	21	81	36	112	57	164	37	10	37	17	62	14	36
gene705	1687	442	1263	1276	994	1100	2345	1436	2130	2523	1352	1874	1615	2540	1386	1794	170	237	119	410	234	210	171	292
gene706	48	48	65	93	93	27	55	75	117	96	74	67	55	51	68	50	100	117	70	108	54	41	37	38
gene707	44	42	36	54	5	31	41	102	104	40	49	38	139	22	80	56	82	50	18	49	36	22	26	50
gene708	47	12	5	21	30	18	10	3	8	16	21	22	11	34	28	10	32	32	27	32	14	4	10	0
gene709	357	334	186	54	156	351	189	415	413	194	233	209	329	213	147	64	184	403	63	305	64	170	220	168
gene710	945	2232	1715	1089	1016	2213	603	1878	1678	1149	1820	1242	273	3345	1405	808	458	1199	935	992	2133	412	847	403
gene711	117	38	41	30	27	23	32	41	28	135	122	93	10	59	127	77	21	105	19	69	40	55	47	75
gene712	143	137	153	278	84	108	292	343	352	246	280	95	407	203	285	190	249	224	54	224	170	79	98	187
gene713	305	209	127	189	119	171	145	211	434	193	287	165	243	180	107	187	171	173	96	159	245	83	134	83
gene714	1559	966	1412	1405	998	1827	665	2079	1339	1067	2092	484	2926	1952	1569	562	883	1495	782	1575	549	177	513	354
gene715	470	292	153	260	192	295	428	563	586	452	480	176	338	416	305	271	359	503	137	248	443	104	238	217
gene716	28	24	17	18	12	4	14	19	26	21	27	1	15	17	21	13	12	57	18	110	29	15	8	24
gene717	45	40	61	14	18	67	72	76	110	38	120	18	68	29	56	23	93	13	15	45	19	13	42	12
gene718	69	21	16	34	15	39	91	114	25	38	72	19	52	34	85	20	46	22	27	9	61	9	48	35
gene719	249	208	284	62	175	238	77	80	248	84	209	170	196	132	126	105	193	122	152	472	124	91	106	29
gene720	194	111	79	84	34	138	122	117	147	109	151	101	256	235	33	33	67	236	36	126	179	35	70	78
gene721	125	72	143	131	162	329	110	476	455	425	173	157	237	222	381	132	544	167	214	188	215	199	202	288
gene722	184	33	5	71	19	20	58	73	77	118	82	13	66	29	97	42	94	26	30	41	3	14	30	41
gene723	85	78	34	51	67	55	63	129	53	102	74	83	94	109	121	46	119	49	45	68	84	57	51	37
gene724	339	583	271	278	58	253	268	180	485	151	184	296	267	422	294	123	366	781	390	839	429	107	264	82
gene725	13	48	63	208	73	147	78	237	300	45	67	74	182	270	172	41	123	274	90	175	162	117	41	83
gene726	65	36	33	21	48	24	95	82	49	33	86	35	61	26	61	40	27	34	16	19	26	35	22	56
gene727	454	410	385	727	292	617	472	560	1238	404	788	407	1004	622	788	263	669	868	339	477	595	275	328	353
gene728	105	141	40	38	139	107	55	377	143	131	153	64	234	45	106	94	86	147	77	190	78	90	124	50
gene729	44	9	34	9	12	12	19	46	217	38	75	18	50	92	196	63	17	33	17	36	17	5	14	14
gene730	1607	1689	1386	1959	1331	2001	1838	3013	2113	2103	2237	1602	1490	2611	1337	1270	1349	3866	1413	2742	1312	1395	936	1310
gene731	4	5	13	18	17	34	15	23	108	102	57	66	96	189	33	44	34	27	10	21	43	4	11	7
gene732	11	16	1	6	7	19	23	23	9	6	5	6	15	24	28	2	12	14	5	14	12	1	4	8
gene733	12	13	3	0	1	0	1	0	0	0	5	8	4	5	0	1	9	1	1	2	9	0	5	7
gene734	497	284	374	273	226	502	304	488	654	393	515	323	495	274	412	295	448	334	206	464	278	174	286	167
gene735	54	102	72	70	55	60	50	164	124	96	41	32	125	42	52	34	61	27	15	44	52	23	14	30
gene736	167	119	46	80	96	26	82	143	182	91	249	82	26	139	108	27	73	138	64	54	154	39	47	59
gene737	173	141	158	172	86	127	87	303	1122	685	1182	448	771	645	434	826	292	92	68	150	134	42	72	88
gene738	62	49	37	72	45	84	26	104	135	101	120	56	62	82	88	42	206	41	48	194	63	38	39	39
gene739	12	6	2	1	7	12	6	41	14	5	11	18	3	24	20	4	2	15	14	12	10	4	4	20
gene740	6	9	5	2	3	2	7	21	9	10	4	0	0	0	5	0	18	9	4	5	18	5	2	1
gene741	86	16	138	75	64	146	27	93	36	61	169	81	193	359	33	35	141	20	53	58	120	47	26	21
gene742	298	151	199	154	67	122	137	310	656	128	334	74	193	193	71	107	400	255	123	139	200	39	152	100
gene743	1	0	2	3	3	0	11	9	1	6	2	2	0	1	1	7	1	9	0	9	0	3	0	0
gene744	235	140	89	107	167	164	220	524	323	149	367	240	195	314	139	197	304	256	121	148	140	167	96	86
gene745	194	139	256	119	128	135	158	382	423	235	211	99	204	189	263	123	131	271	196	220	150	61	112	103
gene746	844	839	1121	803	608	943	694	1197	1286	1193	1064	770	1156	1497	940	560	1430	1103	508	1925	1410	487	549	562
gene747	110	163	90	222	193	39	229	770	392	202	356	78	370	64	362	108	287	226	101	208	84	52	61	97
gene748	139	146	93	187	143	280	184	497	377	178	276	83	136	296	182	133	207	169	58	86	188	122	204	82
gene749	331	309	277	302	144	181	247	299	215	336	435	225	604	580	412	218	566	307	283	155	693	190	326	368
gene750	74	226	93	112	122	59	84	252	280	106	362	76	112	256	114	191	187	132	122	254	99	65	59	57
gene751	88	96	69	123	48	106	115	180	169	148	165	74	158	180	97	53	91	183	84	66	173	12	109	56
gene752	211	182	98	89	85	163	258	474	205	84	155	76	92	60	118	63	179	239	90	235	252	77	240	213
gene753	551	229	376	372	278	261	545	629	669	420	689	381	337	374	534	241	373	451	227	480	397	246	264	294
gene754	73	57	67	70	57	29	92	90	130	34	53	26	106	103	49	30	90	61	24	130	81	20	44	31
gene755	111	57	20	70	28	53	31	88	155	29	66	47	134	55	61	58	71	31	7	73	54	38	78	37
gene756	47	6	17	34	4	60	67	144	83	35	80	13	99	19	18	24	16	7	18	3	25	11	25	9
gene757	24	57	51	26	8	48	24	51	15	48	124	57	119	33	23	7	9	11	17	4	6	6	35	64
gene758	440	146	180	266	111	287	252	382	333	189	275	230	262	281	224	100	336	220	85	317	154	95	85	103
gene759	1259	1146	1282	1045	889	1529	1936	2897	2160	1582	957	764	1106	1623	1638	1195	1618	1324	1000	1416	1304	944	710	824
gene760	27	18	24	42	12	28	29	49	27	49	17	35	12	78	17	20	29	14	16	22	9	26	12	20
gene761	57	120	90	48	42	119	39	99	162	80	89	26	115	137	146	55	80	128	50	144	64	39	58	82
gene762	24	22	16	37	12	48	17	25	7	29	49	23	28	60	35	46	29	35	12	41	25	9	41	11
gene763	1715	565	396	557	553	294	243	918	2198	201	365	305	479	181	428	675	269	883	304	717	598	162	198	693
gene764	106	70	43	48	56	26	81	159	133	84	68	43	87	85	58	68	70	120	90	92	73	38	75	54
gene765	273	129	175	230	77	104	173	272	384	136	99	110	144	216	160	46	126	307	63	283	213	26	102	120
gene766	241	154	157	148	121	279	389	227	360	212	202	127	269	276	107	121	206	160	191	333	349	172	119	163
gene767	21	10	6	4	15	47	33	33	16	16	47	25	11	27	43	21	14	12	8	38	47	22	6	22
gene768	119	82	121	137	70	118	114	208	141	177	115	62	146	129	78	115	148	106	58	176	118	86	49	89
gene769	178	86	66	68	86	176	150	136	51	28	65	131	171	151	177	144	137	79	62	83	112	37	61	46
gene770	439	430	290	190	190	231	378	694	197	481	281	264	1066	930	356	290	405	448	96	200	533	263	138	288
gene771	18	25	9	12	5	15	23	10	25	14	35	24	8	23	9	12	17	35	3	11	16	4	7	1
gene772	25	11	0	7	4	5	48	68	26	17	16	6	41	17	5	9	3	24	5	44	19	12	15	4
gene773	294	301	495	433	196	778	248	547	809	424	535	134	465	373	402	377	570	613	57	423	602	205	298	286
gene774	55	27	78	31	49	27	30	29	73	45	72	44	52	45	50	58	17	97	29	62	45	25	18	34
gene775	39	65	40	14	32	48	34	69	108	36	76	21	45	25	54	26	12	46	21	29	19	23	28	26
gene776	116	169	106	79	137	131	142	95	245	132	175	128	225	140	184	128	116	183	104	170	135	77	129	125
gene777	33	18	14	68	51	170	156	134	151	117	45	36	36	18	75	62	178	51	54	85	20	12	28	45
gene778	2988	1814	2429	2553	2227	4301	2889	3577	4107	2492	4724	2413	4585	3510	1856	2069	969	908	366	1764	1373	581	642	435
gene779	242	224	151	272	129	300	225	377	530	184	316	216	430	294	335	243	176	236	126	280	308	125	154	204
gene780	151	169	150	237	103	257	86	225	144	171	242	199	170	233	131	130	69	153	85	232	211	68	53	107
gene781	971	478	312	567	329	379	727	682	755	233	669	378	869	921	545	469	976	410	264	1155	483	203	550	313
gene782	57	79	43	86	61	204	134	150	158	231	300	240	244	181	37	201	265	277	20	150	77	76	66	22
gene783	323	124	120	243	85	239	151	216	53	30	66	39	54	46	47	11	206	151	63	277	178	70	83	118
gene784	16	11	43	24	7	43	42	67	63	33	45	11	16	11	6	2	31	35	10	22	53	2	14	10
gene785	15	7	0	0	0	12	0	0	0	4	3	0	7	0	8	17	1	1	1	4	4	1	9	3
gene786	28	24	9	5	11	23	34	15	14	12	47	3	21	19	3	40	5	17	0	25	5	8	14	6
gene787	136	116	143	100	109	168	261	273	292	93	181	65	102	144	250	157	146	224	107	241	124	63	142	93
gene788	18	14	4	15	10	28	25	50	30	26	4	6	22	33	45	1	10	26	17	51	20	34	17	7
gene789	679	299	254	326	172	229	418	404	441	412	575	259	422	242	440	447	504	281	205	424	402	263	167	232
gene790	476	162	507	251	320	354	529	557	466	361	461	298	628	490	525	139	697	411	228	509	499	131	256	174
gene791	306	139	111	201	131	170	106	136	330	204	389	174	182	240	198	157	183	241	96	238	163	107	122	96
gene792	106	100	59	64	70	37	71	98	176	153	106	79	110	60	119	63	116	68	43	120	75	32	74	66
gene793	28	10	27	13	2	4	36	5	29	0	18	12	4	11	23	13	17	15	19	19	12	2	5	28
gene794	113	59	101	131	83	85	102	49	155	116	61	74	44	196	95	145	140	55	87	141	159	64	44	51
gene795	66	61	80	25	39	37	56	70	87	42	170	17	61	38	58	67	88	47	26	21	41	29	43	59
gene796	379	301	327	239	164	255	214	956	500	289	564	121	303	295	349	299	361	532	395	360	312	303	250	423
gene797	1598	1046	874	1000	702	1624	789	1391	1541	1091	1531	402	1580	852	580	1012	1056	1311	830	1183	1146	467	627	812
gene798	862	173	268	193	212	396	374	496	603	210	338	198	556	292	544	145	559	254	131	501	150	142	201	188
gene799	21	7	8	30	17	13	31	23	17	16	12	61	9	32	53	5	9	4	10	5	13	3	1	1
gene800	1754	1142	1366	1544	1579	1093	2343	4082	18980	20475	11954	9324	9114	11892	13539	5769	1674	1546	614	2094	2129	732	816	1359
gene801	1030	393	453	323	442	536	643	1236	792	693	884	546	931	1092	676	417	565	512	481	926	724	361	431	286
gene802	549	215	30	50	34	143	116	547	341	164	512	66	408	266	207	151	372	112	96	135	401	45	28	35
gene803	11	0	3	0	2	0	0	3	0	0	11	1	3	2	0	1	3	7	0	0	5	1	2	5
gene804	18	14	41	43	15	17	34	28	45	5	50	12	8	36	17	27	16	36	14	28	10	18	15	15
gene805	166	39	65	122	63	148	90	186	213	111	145	69	86	185	238	124	169	178	100	119	114	97	66	17
gene806	279	228	437	381	191	206	335	411	684	491	199	248	552	582	450	388	508	523	202	401	567	185	522	137
gene807	5	17	9	11	20	29	14	26	17	37	18	8	24	12	38	19	60	15	15	19	24	22	21	34
gene808	26961	15489	16015	19342	13785	21020	17429	36710	29203	24475	25454	15531	23332	24029	19610	13050	125888	146157	58579	123470	143812	61521	97063	115614
gene809	0	1	0	5	0	0	10	0	2	6	0	0	0	4	0	5	16	5	0	0	9	0	1	3
gene810	102	107	52	74	60	58	92	97	135	114	119	97	113	100	75	94	56	100	38	127	87	25	61	27
gene811	187	77	48	153	69	132	79	79	178	96	159	102	201	106	52	56	124	119	58	89	169	88	50	62
gene812	54	49	39	48	27	62	49	67	112	67	98	37	53	43	26	74	35	17	21	56	46	24	47	9
gene813	166	31	41	75	55	60	28	75	32	11	81	9	151	34	26	64	51	117	47	60	70	79	80	31
gene814	543	387	282	338	131	247	733	462	701	716	1141	270	317	438	919	197	297	367	232	693	143	77	213	301
gene815	20	48	17	25	24	29	20	56	71	36	25	22	43	37	27	27	27	19	21	35	24	10	36	33
gene816	0	1	0	10	0	0	0	17	3	14	3	8	3	2	9	3	1	13	0	16	2	0	10	0
gene817	194	57	40	164	22	150	179	318	161	64	116	23	245	89	146	66	175	290	79	13	42	123	73	28
gene818	109	151	89	114	59	177	86	114	169	142	208	81	123	178	112	121	129	84	74	277	134	38	73	63
gene819	199	32	141	107	139	129	334	477	148	124	57	44	49	482	163	75	160	173	185	296	239	80	114	268
gene820	463	217	295	181	333	495	215	526	2403	991	1190	1186	1174	1901	1404	1625	415	1041	246	219	301	81	340	256
gene821	161	135	111	118	79	109	102	243	155	75	127	135	194	93	208	72	160	124	145	182	108	71	69	98
gene822	252	252	517	160	406	586	363	268	233	185	95	161	310	101	105	110	612	508	510	334	484	285	44	188
gene823	12	9	0	13	0	2	9	3	3	4	7	3	1	6	4	3	0	0	7	0	8	2	5	0
gene824	41	35	59	26	28	35	8	24	34	16	8	27	9	17	6	2	124	22	11	45	23	12	11	13
gene825	223	145	317	224	61	86	196	206	316	217	146	79	111	107	432	199	84	29	88	369	361	120	137	64
gene826	133	50	43	21	72	85	51	69	143	80	98	75	94	146	47	69	86	48	30	120	60	52	56	22
gene827	317	881	501	445	381	565	301	461	825	1090	512	248	662	1288	397	425	674	508	390	765	422	506	281	421
gene828	46	35	19	23	7	24	14	56	33	2	19	5	132	26	20	42	19	20	6	53	5	6	20	5
gene829	373	349	384	253	176	310	407	454	677	422	469	360	307	508	382	205	342	561	190	565	526	237	316	230
gene830	40	50	23	17	32	24	28	49	85	75	26	21	28	37	49	38	37	65	21	22	9	27	54	21
gene831	44	12	6	5	5	2	7	26	20	18	31	14	30	8	36	22	21	2	25	40	19	1	14	12
gene832	70	32	72	65	32	48	60	114	95	94	81	41	70	72	42	74	25	26	53	35	50	12	19	21
gene833	189	82	97	81	87	75	76	281	222	227	215	56	170	162	144	86	125	229	65	152	124	85	70	46
gene834	17	12	4	14	7	11	11	37	9	22	13	14	12	21	20	15	33	23	10	31	47	0	18	46
gene835	72	25	43	55	45	57	29	59	54	15	51	37	52	36	41	6	28	32	18	32	70	19	13	9
gene836	16	30	10	16	13	10	6	19	5	12	30	14	18	16	14	0	18	7	14	14	13	16	6	6
gene837	518	455	518	820	481	654	556	877	1279	489	576	1004	890	433	411	492	909	928	300	1240	1028	596	412	551
gene838	835	187	268	967	400	358	257	527	276	281	337	358	479	174	761	119	666	376	282	664	379	170	439	145
gene839	15	21	14	40	43	28	22	56	75	20	29	15	47	40	23	11	23	46	12	17	24	18	18	14
gene840	320	261	82	479	256	502	713	1075	484	86	473	235	433	528	859	328	890	231	255	668	572	100	130	237
gene841	63	40	76	162	75	130	132	96	131	87	137	126	91	240	76	72	103	59	43	125	95	77	41	68
gene842	28	33	18	22	17	9	26	51	24	11	61	10	43	48	18	19	33	34	26	17	23	23	13	10
gene843	401	203	181	267	109	289	212	344	271	245	257	118	214	231	260	80	766	359	345	1251	803	493	447	513
gene844	42	81	47	34	51	78	24	127	201	164	164	51	160	63	34	63	76	177	30	113	106	57	50	42
gene845	356	320	470	302	352	332	491	818	929	571	968	425	615	747	657	524	618	487	231	596	657	292	311	240
gene846	247	9	78	129	33	56	141	113	276	52	77	73	89	174	91	40	171	112	27	156	128	29	41	31
gene847	900	674	833	720	740	683	1045	2054	1885	1075	1278	883	695	782	767	982	847	1132	551	1671	656	519	492	739
gene848	57	17	55	25	60	61	71	53	110	47	125	47	134	67	55	47	57	29	35	26	38	44	18	55
gene849	279	71	109	147	80	128	154	236	157	194	153	181	184	302	146	115	125	122	93	406	203	67	147	116
gene850	214	181	171	285	205	194	138	394	610	270	263	206	143	121	289	185	233	167	155	247	212	107	204	130
gene851	280	188	184	124	65	114	185	238	233	196	296	126	207	454	203	239	150	155	129	278	304	69	51	61
gene852	250	79	94	143	131	145	80	238	409	227	272	177	278	192	158	126	196	268	64	456	236	143	45	94
gene853	153	112	62	138	232	193	170	160	165	116	127	137	189	211	104	80	113	129	77	187	179	153	97	53
gene854	202	80	67	48	35	69	76	195	42	69	162	102	219	282	66	48	74	159	77	114	112	45	35	20
gene855	1072	596	636	750	513	847	689	2226	1875	665	974	846	1087	383	1256	1138	490	841	728	1541	2332	801	1013	1502
gene856	779	291	517	348	297	825	389	704	1225	404	756	378	839	531	556	405	397	804	267	615	760	165	291	397
gene857	42	21	20	57	72	53	24	98	51	94	53	23	88	25	35	53	83	44	45	34	77	25	24	20
gene858	1408	1033	428	1261	659	1036	1148	862	1744	955	861	897	847	712	569	1088	2114	1084	634	1782	570	491	766	403
gene859	207	221	129	106	131	68	85	134	245	161	154	117	151	46	100	59	191	199	112	192	87	105	79	79
gene860	67	35	43	13	38	28	24	42	48	49	64	52	36	104	68	18	19	38	11	43	30	14	13	12
gene861	279	86	148	122	91	173	124	427	126	190	235	97	159	229	221	81	327	272	123	217	140	73	184	137
gene862	98	64	46	107	39	64	50	148	222	117	108	57	104	169	100	91	129	113	118	62	94	54	74	150
gene863	172	134	59	170	81	151	124	280	111	114	304	156	202	329	226	158	180	149	82	355	242	112	123	94
gene864	37	3	16	31	17	44	52	22	43	13	39	9	13	22	18	19	46	29	9	37	46	6	18	14
gene865	118	26	9	39	10	16	53	47	6	55	3	14	14	40	36	14	34	21	13	72	15	3	44	21
gene866	1229	953	1128	2005	403	1593	1313	2972	3659	1201	1907	349	1752	2250	1398	1026	1431	1102	1289	531	1621	261	523	631
gene867	755	591	394	325	279	562	510	658	645	706	848	359	696	1052	733	224	500	902	288	1092	380	392	566	267
gene868	92	56	33	25	24	19	22	31	41	37	87	56	6	88	22	11	61	33	18	20	42	18	7	19
gene869	35	15	19	10	30	45	36	72	13	51	17	16	32	33	19	19	41	24	34	42	44	26	25	9
gene870	643	1005	2382	362	883	478	2020	4551	477	2379	2146	1932	1644	3198	814	1382	1323	851	598	4204	4109	409	1003	1480
gene871	3263	2199	2425	2984	2064	2149	2884	5972	3722	2084	2440	2490	3930	3152	2615	1371	7039	6472	3273	8206	4126	2311	3532	3574
gene872	43	38	17	15	25	33	79	96	112	70	156	23	74	50	24	76	19	45	14	36	92	8	15	34
gene873	10	12	15	12	26	16	17	9	41	36	20	24	23	38	24	12	13	14	11	11	1	13	2	14
gene874	7381	9529	7453	5157	7918	5920	7004	7942	17116	7663	12038	7181	10865	7347	8512	6342	7121	12857	4100	13354	8676	4604	7658	4089
gene875	202	155	171	251	203	138	75	358	539	255	279	149	295	357	251	79	229	242	99	183	254	190	158	66
gene876	234	155	172	172	118	165	140	211	524	139	131	186	119	186	173	159	211	166	104	135	204	83	128	105
gene877	146	133	68	108	68	226	134	319	369	73	217	177	66	130	177	122	166	127	47	220	125	68	52	44
gene878	1395	1494	1424	918	592	838	950	1644	1677	847	2567	663	1374	2590	1832	390	943	1610	518	1140	1491	559	280	852
gene879	64	42	126	42	56	167	70	265	142	138	216	147	109	85	186	65	75	79	91	180	54	146	70	26
gene880	993	1499	1150	627	695	2354	755	897	1584	879	3143	975	3947	269	2233	913	1711	1296	1481	1731	660	230	1434	1720
gene881	84	66	66	105	60	110	85	112	158	100	116	69	68	385	74	50	89	109	62	45	152	84	48	41
gene882	92	142	186	546	82	136	641	376	731	192	168	98	509	158	467	473	495	255	158	328	96	85	152	198
gene883	21	21	9	24	22	23	24	82	25	33	27	21	8	18	13	28	33	22	6	29	11	22	33	8
gene884	249	125	176	193	115	176	117	189	254	311	313	134	199	186	155	87	277	148	111	85	170	103	84	114
gene885	834	552	563	822	534	960	1075	1735	1034	583	1249	805	1454	1167	821	883	682	750	408	899	945	269	645	588
gene886	111	47	25	118	74	98	74	191	89	139	96	49	114	90	128	84	120	139	55	217	132	26	43	56
gene887	2012	1301	948	1325	573	511	535	2638	478	1949	535	385	1340	1683	299	1865	856	1460	206	870	1184	627	700	661
gene888	10519	8367	10750	9501	6328	9882	10999	14443	15685	12183	11275	7221	11585	9271	8470	7689	11822	11271	5105	11072	11329	5328	6719	6473
gene889	890	422	413	633	393	834	665	912	823	556	1009	552	566	701	413	533	579	481	320	1092	502	303	190	503
gene890	75	85	54	60	61	110	64	172	154	88	190	99	127	173	127	94	72	181	36	166	63	25	26	18
gene891	116	123	134	62	168	177	136	333	426	96	228	46	152	218	95	214	134	141	121	163	93	62	102	91
gene892	58	40	59	76	28	59	36	99	107	55	101	61	61	34	69	34	43	94	47	52	45	31	29	36
gene893	4398	2984	3997	2965	2542	2775	3604	8102	6827	5296	5714	2843	5062	4061	6343	2904	6399	2778	2914	4039	3590	2030	2928	2614
gene894	0	2	1	0	2	1	1	0	9	0	18	0	0	6	0	0	0	0	0	3	0	0	0	2
gene895	123	94	155	138	148	162	96	212	271	141	196	134	304	149	145	64	154	137	90	249	200	110	68	71
gene896	162	119	88	95	157	275	33	211	249	78	232	112	129	185	43	68	171	144	90	221	147	70	81	76
gene897	144	59	66	142	175	68	144	258	178	129	172	70	110	97	178	141	263	125	88	213	250	97	89	167
gene898	1	4	0	0	4	5	1	16	88	51	80	37	48	30	2	51	4	4	15	44	20	2	9	9
gene899	134	239	144	188	83	171	104	312	198	140	198	111	483	241	170	135	98	190	106	141	89	125	121	139
gene900	268	71	130	46	124	185	341	440	270	66	190	170	177	126	343	220	194	274	99	328	212	56	191	74
gene901	556	846	710	553	1200	438	1235	2401	1243	1215	1255	1046	1125	672	698	674	795	770	441	1595	998	674	660	539
gene902	368	223	272	226	189	230	259	468	611	230	332	269	261	327	395	209	399	251	142	387	285	204	102	164
gene903	1116	1221	1417	242	467	583	528	160	1141	150	867	975	1225	885	939	189	1151	599	390	336	752	525	298	717
gene904	7	16	10	18	23	33	23	116	31	22	86	16	12	8	16	18	27	48	7	14	30	18	25	10
gene905	137	45	55	56	111	59	177	103	172	54	69	124	256	25	168	31	74	111	69	194	86	43	51	59
gene906	188	143	144	180	99	141	177	289	189	185	160	125	248	298	180	151	158	160	89	228	161	111	159	140
gene907	180	203	193	198	160	86	133	422	442	146	160	291	244	303	130	193	212	163	77	244	198	85	143	66
gene908	42	25	28	13	18	22	10	77	56	30	71	29	23	49	13	12	36	39	18	29	43	8	11	13
gene909	1402	675	1238	1209	961	1424	1048	1515	2587	1105	1307	1306	1449	1447	564	586	2232	1053	727	2176	1567	584	768	734
gene910	15	31	21	35	35	63	9	54	97	125	59	19	54	61	58	47	77	88	20	28	86	26	16	44
gene911	14	9	5	5	6	4	8	18	6	10	6	4	4	9	20	0	26	16	2	8	21	1	7	0
gene912	313	285	196	328	307	520	291	351	310	180	477	242	332	533	383	270	195	172	167	777	608	237	134	150
gene913	437	202	350	672	478	604	470	423	735	285	346	207	479	579	696	255	373	236	107	377	492	321	116	321
gene914	762	195	390	432	701	644	429	258	897	396	439	478	618	338	255	185	293	417	154	1039	548	281	431	363
gene915	67	14	21	28	47	8	21	3	53	50	64	16	29	38	19	37	46	5	23	67	17	6	4	43
gene916	53	66	108	44	18	139	27	79	182	156	92	35	88	68	57	108	216	94	44	150	106	53	76	71
gene917	27	20	4	9	1	7	25	32	37	13	20	14	14	29	16	10	17	14	16	19	13	6	20	6
gene918	435	385	436	316	266	605	313	656	561	483	815	197	592	535	422	324	553	667	214	601	334	256	226	343
gene919	326	170	63	201	132	136	283	416	472	275	734	90	67	193	297	197	104	215	51	200	188	147	258	148
gene920	512	168	486	313	221	175	1453	1474	1264	236	899	340	646	591	567	737	668	1792	342	1054	535	215	58	467
gene921	120	237	344	374	252	380	283	686	559	327	406	106	451	178	408	321	490	388	265	546	573	246	357	231
gene922	37	28	42	86	15	24	39	20	54	36	80	21	67	52	27	54	19	114	11	71	41	14	10	29
gene923	234	73	68	158	157	120	233	459	311	127	187	135	356	272	218	67	262	174	114	155	200	79	172	152
gene924	3	9	3	3	1	13	8	19	4	23	3	3	3	3	7	7	5	13	5	18	4	8	4	2
gene925	350	191	298	285	123	222	336	672	426	274	261	171	328	420	456	216	241	425	148	408	295	194	198	185
gene926	638	644	310	681	471	586	997	877	1319	747	636	533	550	1039	889	721	548	915	209	769	880	205	571	601
gene927	7	11	17	35	8	25	8	22	51	22	43	31	37	15	27	33	16	45	23	40	15	25	11	9
gene928	4	5	4	8	3	1	6	8	2	0	0	1	4	5	2	3	11	2	0	2	10	2	3	2
gene929	1	1	5	3	23	11	5	6	39	17	6	23	14	10	2	3	3	9	11	4	8	5	17	3
gene930	47	18	4	17	6	26	72	9	38	21	80	12	29	14	10	3	44	33	3	25	4	10	27	12
gene931	1897	424	1034	1264	594	868	840	1573	1505	867	2161	906	2021	941	845	595	525	1116	438	1458	1385	686	664	506
gene932	220	114	84	155	72	126	105	240	226	140	171	142	100	138	120	154	128	96	76	159	136	61	104	97
gene933	3	9	6	16	2	12	20	25	32	8	62	3	14	33	19	6	32	8	4	36	32	9	13	3
gene934	375	246	281	361	269	417	313	393	529	222	546	307	561	422	248	286	573	326	167	627	408	153	168	210
gene935	4	0	0	1	2	3	8	4	6	5	7	6	5	2	14	0	0	1	0	2	8	0	0	1
gene936	72	77	57	35	34	109	64	145	223	65	108	30	97	132	35	93	175	89	40	66	131	44	64	73
gene937	1303	405	67	516	710	677	1535	3584	1573	205	1607	278	2198	649	962	338	1267	533	411	685	1489	215	784	194
gene938	57	51	44	105	45	40	88	79	99	110	114	64	121	99	57	41	59	74	39	121	59	22	50	16
gene939	991	645	852	519	778	1145	809	1669	1903	1148	572	933	1796	1775	1129	1054	1170	1762	668	1076	1609	1114	610	515
gene940	291	919	5419	1060	320	3203	1686	9779	317	1059	5644	336	357	1324	233	368	4542	1187	1496	5087	665	303	750	621
gene941	32	14	4	29	8	31	67	46	26	33	17	24	29	36	41	39	12	15	3	28	41	15	5	19
gene942	68	7	35	17	22	20	25	7	15	6	14	26	46	25	27	6	17	24	12	6	19	9	2	20
gene943	39	17	10	39	21	29	46	59	9	32	93	28	35	23	24	10	61	18	20	14	23	24	45	20
gene944	594	308	192	236	118	205	577	142	373	381	474	620	725	103	418	138	735	505	183	275	371	191	371	153
gene945	375	369	216	359	264	286	412	789	641	483	741	335	504	429	557	147	172	483	398	629	656	332	134	173
gene946	1247	606	248	901	580	697	876	1867	1050	1123	846	514	947	1014	688	804	1142	923	636	1256	676	695	554	661
gene947	1163	545	767	849	737	928	658	1831	1237	926	1663	633	1260	1173	889	580	1042	698	622	1460	1288	410	964	854
gene948	1085	967	381	488	435	571	821	1116	1684	1635	1937	947	1439	1937	1473	1172	624	712	330	551	362	283	461	716
gene949	753	505	357	452	330	506	594	808	432	236	390	137	300	217	343	113	746	769	289	452	271	265	362	489
gene950	403	161	144	112	137	88	76	185	111	225	179	137	175	208	309	171	227	126	95	252	193	93	64	88
gene951	25	15	25	19	19	18	16	25	19	42	16	11	60	22	58	13	26	52	12	27	67	24	24	22
gene952	67	44	34	68	33	52	47	63	29	49	57	46	33	110	47	24	13	65	24	57	19	27	30	35
gene953	197	187	92	339	177	156	252	391	332	235	421	256	739	418	286	228	352	203	96	291	294	83	172	176
gene954	3080	767	1007	1319	1749	2371	1143	1882	6102	1922	3034	1104	1669	891	1670	1659	3603	3460	666	2958	2051	451	490	2307
gene955	1941	2025	1715	1699	1318	2585	1906	3622	2588	1516	3958	1718	2268	2082	2935	1214	2052	2833	1427	1697	2233	1414	1144	2029
gene956	24	0	11	6	0	1	6	10	1	4	1	2	12	7	5	22	12	5	4	4	6	10	9	2
gene957	28	11	19	12	18	19	15	44	71	46	95	54	78	74	81	43	24	52	28	34	31	11	16	33
gene958	138	285	2217	1299	1100	1527	3021	1194	217	1637	2039	571	3589	1573	382	337	599	2772	446	2540	847	1380	1645	1303
gene959	15	31	29	15	27	20	32	46	24	38	66	17	10	53	20	38	33	57	19	33	43	11	37	24
gene960	4	1	2	7	10	2	2	41	17	16	9	10	11	9	7	2	2	9	5	10	12	9	5	11
gene961	199	121	152	402	246	226	163	844	630	171	598	370	446	876	138	250	394	364	104	189	93	199	229	78
gene962	1658	2423	1608	1800	751	1359	1868	3524	3517	2119	1886	1086	3207	5077	2242	1601	2514	2746	783	2983	1419	512	1120	1295
gene963	2517	2872	1767	1848	968	1565	1989	3334	3009	3594	2262	1528	1548	2599	4266	2890	2730	1945	1094	1660	2080	2121	1656	1877
gene964	179	230	261	299	139	160	398	749	444	261	262	79	280	387	280	392	324	212	178	333	120	173	256	465
gene965	247	520	228	329	402	455	107	675	1005	288	520	199	240	868	330	281	585	172	203	502	200	109	205	291
gene966	338	378	326	208	182	539	320	445	609	364	318	330	277	360	354	303	342	282	91	373	476	192	260	292
gene967	172	54	96	103	13	160	105	56	114	136	187	97	134	126	112	74	457	157	29	105	275	125	116	57
gene968	0	0	0	0	0	2	0	0	0	0	0	0	0	1	0	0	0	0	3	0	0	0	0	0
gene969	538	340	345	298	205	694	455	476	955	266	708	335	612	602	690	359	316	224	129	189	49	114	178	125
gene970	87	10	15	92	25	43	19	236	155	64	41	43	297	8	191	59	84	152	15	227	20	5	88	10
gene971	871	215	1394	328	181	355	1263	1064	1037	583	1540	1411	342	866	1064	949	249	898	475	668	1161	916	610	439
gene972	56	16	22	105	16	35	94	49	69	59	33	43	153	74	55	17	44	73	40	45	54	47	51	33
gene973	2	2	4	2	0	20	2	6	8	28	25	7	12	5	12	7	18	3	3	1	5	1	0	1
gene974	420	677	1223	887	618	1953	812	1454	2023	536	2272	985	778	1097	1181	811	1185	874	239	396	786	626	534	518
gene975	168	115	175	140	103	145	160	208	364	132	199	110	127	263	168	126	165	208	69	228	96	74	79	121
gene976	23923	14589	20843	58106	15604	12399	41214	64232	32709	8059	25745	5130	11764	14370	8318	11020	71404	67808	13869	49796	37862	12794	19064	13675
gene977	1095	454	464	294	184	476	417	921	355	417	468	403	233	521	448	302	417	554	420	800	232	294	488	172
gene978	739	434	373	651	593	430	519	1293	803	1067	1409	703	1012	962	590	556	613	807	372	1145	583	342	446	443
gene979	570	446	243	361	463	367	589	601	794	660	448	441	633	424	555	385	648	440	150	608	457	205	289	219
gene980	42	28	56	40	24	53	51	115	114	41	49	26	49	25	49	27	71	62	21	42	42	39	48	18
gene981	116	31	60	35	51	58	46	36	94	14	125	34	4	133	42	60	10	21	43	54	96	25	54	11
gene982	1115	541	245	406	561	730	274	764	1127	590	964	531	736	207	202	603	509	1102	414	388	573	137	316	818
gene983	843	736	592	381	458	590	851	1439	745	672	1522	247	836	645	736	461	369	811	356	567	492	353	449	446
gene984	450	307	77	254	199	129	436	1152	445	739	442	141	365	590	340	395	173	308	168	290	146	57	101	125
gene985	45	13	26	52	20	9	20	57	37	28	15	14	31	39	60	11	83	49	11	64	30	6	37	18
gene986	1825	1642	1714	2013	1123	2067	1750	2970	2955	1350	2549	1880	2005	1816	1953	1718	2028	2276	1087	2231	2448	1073	980	1489
gene987	21	27	7	22	1	17	9	16	13	4	1	10	35	17	3	20	49	18	9	21	13	18	41	19
gene988	189	90	42	99	37	22	123	207	92	60	208	15	43	27	94	10	44	85	44	160	46	46	4	121
gene989	8026	2835	3588	4929	2924	2478	4062	11057	8550	6351	7913	1993	3622	4128	7153	3874	6498	5658	4443	6983	2973	1875	3522	3689
gene990	346	190	240	269	199	424	269	229	498	222	259	189	376	403	313	220	236	337	192	437	254	194	125	205
gene991	690	667	309	430	605	533	732	552	721	688	456	1000	407	966	574	345	683	758	343	663	974	206	500	347
gene992	159	110	103	101	138	140	191	253	443	130	294	110	178	113	178	205	356	229	85	186	126	52	389	193
gene993	20	36	8	25	9	29	55	55	63	19	34	17	33	81	50	52	31	49	22	60	20	12	12	22
gene994	101	50	21	43	12	55	17	68	71	38	61	39	17	37	50	38	56	52	18	78	54	21	19	41
gene995	212	183	66	102	91	191	237	395	136	174	124	113	165	139	85	110	205	185	132	248	179	92	204	87
gene996	0	0	7	31	0	13	0	0	1	0	0	0	1	0	0	0	0	8	0	2	0	0	0	0
gene997	27	34	20	21	38	70	23	71	85	38	103	10	105	49	36	4	42	38	21	55	72	43	36	31
gene998	446	201	262	392	279	339	256	568	992	329	559	366	503	349	390	306	394	647	199	818	260	234	322	220
gene999	49	102	48	76	43	65	90	112	129	75	86	34	80	88	119	87	80	83	36	69	51	50	82	68
gene1000	75	80	100	80	28	45	83	141	100	96	49	66	117	85	72	126	101	63	73	74	73	27	111	48
gene1001	386	251	199	40	580	760	287	1493	756	563	825	432	724	430	653	413	356	58	367	285	436	266	686	306
gene1002	122	37	38	34	44	31	137	120	30	148	86	119	27	58	23	11	68	77	57	14	92	24	37	36
gene1003	450	321	257	539	255	568	258	617	1283	634	1027	414	1079	707	656	275	772	325	214	542	384	171	254	263
gene1004	23	6	8	12	8	13	15	11	17	30	26	2	25	7	15	32	27	16	0	27	10	11	2	8
gene1005	3	1	26	54	8	39	31	30	12	11	41	17	20	7	19	13	71	13	17	44	8	4	0	4
gene1006	14	6	1	9	12	29	8	1	32	7	7	5	1	6	8	1	9	21	6	40	3	4	3	2
gene1007	196	210	134	94	35	118	182	190	154	163	205	70	171	95	97	57	182	164	52	100	228	50	178	73
gene1008	86	69	56	120	79	124	61	161	81	100	139	59	108	96	95	148	135	146	34	122	75	55	22	27
gene1009	1305	1339	1028	1086	750	478	1141	2811	1595	1156	921	453	2730	1303	526	1856	1416	1853	550	1438	1272	658	752	1172
gene1010	134	70	63	77	58	138	89	112	167	124	156	83	106	167	129	102	155	102	91	142	83	46	83	69
gene1011	1357	1562	575	369	1005	1231	1180	653	806	1287	1207	396	358	1021	1124	720	172	2415	960	1796	3375	178	1085	1742
gene1012	2608	1537	2395	1539	1855	4252	2707	4008	3129	2992	5421	2256	5417	2537	2007	1659	3401	6271	1352	4359	1953	1134	2027	931
gene1013	50	63	48	114	17	90	50	119	72	47	76	49	134	29	65	11	89	11	44	56	68	25	25	32
gene1014	264	420	126	230	129	266	352	308	365	294	180	355	180	587	346	17	672	1458	212	1111	606	177	215	409
gene1015	64	34	59	18	10	17	36	69	16	24	18	26	35	41	24	25	28	30	8	43	30	9	19	5
gene1016	584	404	342	289	283	386	542	819	792	363	549	271	431	548	588	562	419	548	244	571	409	210	442	350
gene1017	7	0	143	9	3	16	7	27	5	57	33	2	36	40	24	13	47	4	26	20	19	2	0	39
gene1018	10	43	29	25	12	35	23	24	46	33	16	16	29	32	19	28	42	22	31	58	54	19	12	7
gene1019	308	301	167	202	283	151	106	320	220	318	215	103	238	204	210	72	144	254	132	252	197	41	42	54
gene1020	145	148	94	280	171	120	150	143	197	101	95	154	192	204	138	99	169	116	82	436	177	129	134	151
gene1021	218	146	83	165	147	143	264	211	234	248	209	139	282	361	235	192	195	233	93	238	153	143	142	126
gene1022	196	126	109	69	70	132	127	207	277	134	323	65	134	128	146	150	177	173	42	203	76	68	34	105
gene1023	45	27	66	34	78	28	70	51	202	48	91	37	102	23	40	53	55	101	53	162	72	49	65	48
gene1024	6	122	31	91	57	49	38	217	102	48	68	42	143	50	132	40	190	227	97	473	88	153	162	61
gene1025	1993	1025	1380	1756	1175	1471	916	1906	1673	1972	2679	1038	2505	2334	2114	1341	2117	961	734	1914	1349	996	1054	1127
gene1026	148	97	71	130	32	102	74	178	96	63	133	146	173	71	146	111	152	233	64	181	129	78	60	118
gene1027	9	11	4	44	4	15	4	11	49	18	16	12	19	6	20	11	28	20	18	11	13	10	35	7
gene1028	47	21	27	60	70	31	24	26	65	32	10	19	18	30	18	23	31	27	9	117	109	41	34	19
gene1029	49	31	23	28	9	11	14	74	24	31	37	8	21	3	33	16	11	22	19	20	17	10	28	5
gene1030	34	12	14	36	17	5	38	10	73	48	16	44	39	9	41	18	20	10	17	4	8	1	49	39
gene1031	48	17	19	27	32	6	30	48	5	6	30	1	13	16	12	28	17	0	4	43	20	12	0	18
gene1032	0	0	0	0	6	0	12	18	9	0	1	0	1	0	3	0	5	0	18	0	0	0	0	1
gene1033	439	322	414	308	202	539	244	615	521	350	612	304	356	444	267	269	609	536	122	692	345	83	214	292
gene1034	452	343	203	434	323	228	632	892	453	640	782	77	419	168	555	249	330	192	139	1061	559	413	274	868
gene1035	100	69	61	52	56	60	87	219	114	94	125	72	93	57	125	50	111	137	56	161	167	66	120	77
gene1036	19	12	43	34	28	32	38	80	59	16	50	22	52	63	27	62	65	15	21	34	16	33	39	26
gene1037	31	33	18	48	13	14	28	34	45	34	20	11	18	44	28	7	37	85	10	23	16	15	21	14
gene1038	258	128	80	34	58	172	650	311	663	87	281	195	173	397	673	30	416	335	69	439	108	45	108	79
gene1039	394	248	134	34	206	63	62	203	450	226	453	18	497	70	214	157	267	98	98	244	456	167	90	113
gene1040	290	178	216	57	198	79	291	72	767	121	471	162	307	164	123	123	175	295	222	74	337	78	171	314
gene1041	117	85	114	138	79	254	93	64	53	63	200	118	247	180	101	88	91	177	126	211	202	96	64	126
gene1042	440	279	314	301	164	181	385	777	410	290	377	168	488	297	455	334	385	522	107	284	311	150	269	270
gene1043	399	182	274	166	132	457	357	671	531	321	422	143	272	462	372	166	259	234	55	195	274	52	119	156
gene1044	440	269	266	326	191	291	244	456	438	312	530	135	396	295	326	179	466	344	86	424	363	129	121	234
gene1045	592	164	225	116	171	160	290	402	302	300	512	139	382	445	176	194	342	386	103	315	173	81	197	194
gene1046	1193	1365	1887	1288	1645	930	905	2709	2752	2610	1667	1391	3390	1268	1153	1668	2713	2333	530	2102	1626	606	1215	716
gene1047	43	15	9	21	8	36	20	35	24	36	53	7	50	25	22	9	19	19	11	32	54	22	29	11
gene1048	2985	1313	646	1827	944	3065	1166	2433	1588	1246	1362	587	1945	1692	1804	996	1045	1535	545	1519	1274	580	922	1015
gene1049	42	45	77	83	47	85	109	151	89	89	81	46	36	123	50	16	47	49	42	57	120	48	22	77
gene1050	71	145	28	81	88	145	30	87	176	30	163	189	339	213	114	103	183	179	39	336	76	162	27	80
gene1051	185	119	127	128	75	112	99	120	204	151	210	144	199	176	113	81	128	174	100	228	112	77	76	74
gene1052	52	95	30	61	25	68	53	84	111	45	59	42	33	64	63	73	61	121	43	34	87	48	48	16
gene1053	0	0	0	0	2	5	0	5	10	2	1	0	6	2	6	0	0	2	0	0	1	0	6	0
gene1054	104	46	100	79	28	105	215	30	49	47	34	41	72	125	64	77	84	100	29	75	119	37	91	62
gene1055	338	259	48	158	115	111	118	165	105	106	188	49	70	194	112	275	276	40	34	110	119	29	45	98
gene1056	25	8	15	16	7	24	18	4	1	8	4	0	19	4	4	23	0	10	2	3	7	10	7	5
gene1057	377	385	262	489	154	481	306	406	434	189	319	222	565	480	356	242	382	304	245	462	366	166	265	158
gene1058	56	21	26	29	23	45	17	139	103	16	24	21	58	44	42	50	62	56	34	75	72	24	21	54
gene1059	1181	1116	844	1467	349	1317	999	1536	2023	844	1890	909	1139	1878	2802	513	1568	991	529	1933	900	366	964	1459
gene1060	456	116	88	179	149	196	162	219	146	100	226	105	99	119	97	97	256	180	66	600	243	105	181	48
gene1061	40	16	37	30	13	39	35	23	49	44	67	33	41	45	38	35	23	49	14	58	30	25	32	14
gene1062	160	172	221	67	172	80	183	169	219	145	172	80	257	242	363	103	101	217	118	92	170	54	28	284
gene1063	459	94	385	113	276	123	109	310	326	224	279	175	306	413	327	125	222	92	133	365	213	32	145	97
gene1064	305	397	378	805	372	563	381	1264	1136	476	861	425	401	1034	682	364	582	813	222	602	518	346	257	308
gene1065	27	154	36	67	150	212	7	53	46	202	113	53	204	86	65	49	176	124	148	69	49	43	96	27
gene1066	3	16	2	2	7	2	3	14	3	3	1	3	0	2	3	4	0	0	0	0	2	2	1	1
gene1067	40	12	9	2	14	42	9	29	27	5	2	1	7	29	6	17	18	17	1	3	3	3	7	9
gene1068	21	29	21	44	9	17	60	52	39	6	33	16	20	39	39	25	21	16	14	51	28	10	11	8
gene1069	428	269	269	329	120	222	326	382	432	182	376	163	387	473	398	201	234	167	121	191	162	79	288	121
gene1070	69	54	35	78	48	41	75	49	154	79	91	50	150	73	81	53	102	55	52	95	122	37	64	23
gene1071	40	70	19	62	24	71	37	132	70	19	78	38	87	58	29	31	77	26	29	30	35	13	29	34
gene1072	39	1	12	25	12	50	26	88	118	66	66	41	7	38	32	13	24	33	27	32	31	26	18	18
gene1073	253	122	145	202	107	90	106	290	173	143	401	117	121	259	108	184	81	135	67	189	55	19	115	53
gene1074	27	4	2	26	28	61	30	65	37	19	42	36	38	38	43	8	34	35	30	26	6	15	22	16
gene1075	91	51	12	15	28	6	40	22	97	64	171	20	184	9	37	47	56	124	42	89	43	15	26	39
gene1076	15	30	28	42	4	6	46	33	49	18	22	23	50	25	12	36	46	51	9	65	43	18	41	20
gene1077	2	5	8	19	3	0	7	40	11	32	36	9	38	16	26	9	11	0	2	40	4	2	1	23
gene1078	1151	586	462	347	239	756	379	894	544	735	642	459	711	1044	674	434	375	825	496	736	1059	115	378	476
gene1079	1	13	15	25	6	17	22	4	9	20	36	25	4	59	16	5	10	4	13	47	9	2	8	5
gene1080	152	61	89	229	53	162	142	230	254	90	253	97	309	97	138	87	141	162	45	113	149	10	82	172
gene1081	46	32	40	31	21	16	120	77	70	46	34	3	96	35	68	57	34	57	21	28	57	17	42	55
gene1082	12	10	14	5	30	72	5	84	60	51	17	47	14	32	43	11	39	50	29	45	25	4	43	8
gene1083	345	157	106	314	94	289	181	277	574	182	727	70	169	314	230	139	147	63	73	66	227	101	93	240
gene1084	253	206	230	244	150	354	165	592	310	253	354	186	328	372	348	141	247	233	98	289	312	138	207	161
gene1085	1190	866	311	858	517	830	1030	1979	1355	856	1526	852	1367	1059	1283	1071	747	902	558	1213	687	685	669	987
gene1086	292	266	125	262	107	111	135	391	320	65	267	130	203	323	248	156	302	293	151	234	355	182	102	94
gene1087	122	102	72	131	60	159	73	158	254	92	133	38	181	87	106	137	42	132	58	91	98	35	73	65
gene1088	10630	5449	8868	5005	4490	3159	2005	5642	10615	13022	5113	1574	7823	18449	5304	4108	5628	5620	3538	15119	13709	3911	2967	2361
gene1089	33	43	14	43	18	64	53	89	38	75	65	60	40	39	33	48	95	57	20	62	68	57	23	16
gene1090	39	39	16	25	6	4	21	17	51	13	17	24	62	31	25	24	26	30	3	14	18	33	27	12
gene1091	85	22	47	27	25	12	97	76	107	22	3	44	90	56	55	36	21	56	5	45	100	46	33	24
gene1092	53	82	54	113	42	119	182	143	292	62	88	128	104	284	84	28	86	81	50	105	123	47	50	57
gene1093	473	425	210	126	171	247	182	244	249	466	635	177	229	280	305	124	357	246	186	528	633	264	302	261
gene1094	272	214	240	337	138	143	207	258	663	448	643	375	724	453	477	274	316	263	131	318	489	98	190	267
gene1095	51	125	57	131	88	143	104	177	229	95	192	98	196	76	39	121	81	52	97	43	139	66	74	87
gene1096	27	26	41	14	23	31	28	24	27	21	46	26	44	55	36	11	29	19	20	23	9	7	21	25
gene1097	650	517	508	1168	760	974	663	1138	1928	410	1313	455	547	674	632	623	1032	661	547	1059	843	429	343	429
gene1098	429	313	160	385	539	423	371	220	2463	548	340	200	1010	967	1138	134	144	910	261	297	948	220	274	301
gene1099	41	46	29	22	39	56	34	105	89	19	34	32	37	49	77	57	76	50	12	61	48	18	42	12
gene1100	363	127	318	287	270	273	280	680	735	323	354	196	398	928	336	312	445	518	279	512	464	143	237	174
gene1101	441	209	276	327	181	171	298	529	387	297	362	455	623	254	464	295	446	258	170	323	343	41	277	277
gene1102	802	554	625	329	492	504	657	570	702	594	553	379	715	1115	596	505	567	868	344	384	891	260	456	680
gene1103	271	27	173	134	209	377	152	195	146	215	107	111	213	165	126	86	149	147	99	167	236	35	84	90
gene1104	33	15	11	18	11	27	13	13	38	34	41	7	10	31	7	8	19	34	11	24	36	3	11	20
gene1105	464	376	384	713	325	282	456	734	1262	376	482	622	804	368	619	465	941	347	386	413	576	182	304	383
gene1106	38	57	24	13	24	67	13	49	38	81	58	18	104	46	40	32	38	6	18	75	12	11	23	23
gene1107	335	205	222	473	292	258	572	382	761	347	544	257	71	351	160	120	269	449	60	619	150	145	398	129
gene1108	1316	2005	550	455	755	1186	1950	3696	1534	1209	3824	1857	2029	2225	1145	1080	3612	797	929	1409	1555	1577	1347	1882
gene1109	3	5	4	12	16	17	11	2	4	40	7	10	5	12	17	7	17	11	7	36	10	3	8	10
gene1110	2001	443	910	1149	352	1018	1969	2059	2769	2493	3279	1229	1609	2287	597	888	993	2169	884	2397	1147	262	546	1082
gene1111	1033	729	985	972	881	1637	805	1375	1640	1353	1644	821	1181	1368	1298	1192	1233	1093	446	1751	923	971	634	631
gene1112	13	28	83	39	12	83	30	140	54	62	44	7	97	63	84	69	429	144	64	155	321	45	55	218
gene1113	107	49	20	80	46	255	119	143	76	131	199	60	121	64	77	38	67	30	46	103	170	30	48	89
gene1114	105	23	13	32	25	16	26	45	40	23	83	90	33	37	29	6	110	84	33	74	53	49	33	37
gene1115	72	38	48	48	35	73	81	94	133	55	66	19	50	62	73	56	28	7	7	23	22	12	17	9
gene1116	346	185	309	340	211	428	356	575	387	207	438	266	305	372	368	257	420	321	218	344	379	141	207	186
gene1117	10	26	26	21	3	22	15	38	46	18	44	5	47	25	18	33	28	39	29	11	21	12	2	24
gene1118	55	59	39	113	80	59	97	75	303	52	76	79	55	33	173	69	38	111	93	133	73	89	64	57
gene1119	119	142	77	102	87	52	157	133	125	129	134	53	137	143	66	77	59	101	114	306	91	44	87	78
gene1120	177	139	99	58	72	85	60	359	146	77	130	88	141	185	84	60	216	65	68	157	122	58	75	108
gene1121	261	44	120	133	71	243	236	476	207	140	251	86	178	144	253	80	211	297	81	176	237	173	137	55
gene1122	1583	1647	1387	1417	757	1042	1897	3208	2718	1553	1947	780	1717	1797	2067	1275	1799	2380	1014	1754	2330	632	998	865
gene1123	85	85	49	44	42	45	58	123	86	79	58	33	62	89	65	33	67	59	29	79	51	45	34	41
gene1124	21	31	25	25	12	17	32	43	54	35	49	33	19	29	7	25	87	58	21	17	32	19	11	22
gene1125	268	452	226	1117	234	731	314	1568	434	211	629	383	527	267	872	302	403	130	243	828	1038	195	584	282
gene1126	387	135	179	95	115	435	184	339	360	174	265	275	53	395	295	110	65	213	137	414	211	163	163	86
gene1127	146	143	101	225	144	225	270	239	119	258	241	142	394	164	469	296	173	330	122	385	260	66	101	162
gene1128	313	229	113	272	55	344	144	304	1473	703	647	617	453	439	185	250	445	155	140	261	302	111	291	102
gene1129	19	10	4	4	10	18	3	37	12	11	2	2	4	13	5	0	26	25	4	16	4	4	9	1
gene1130	735	422	365	423	331	730	794	959	1083	841	825	511	714	446	776	382	684	621	465	650	949	328	473	297
gene1131	181	71	356	272	137	258	247	402	526	575	332	158	427	265	149	194	389	100	186	110	424	112	168	135
gene1132	769	761	678	633	275	687	470	753	2038	912	831	689	645	1558	1012	1004	500	411	542	609	1116	213	317	257
gene1133	110	90	24	41	24	28	14	91	81	39	83	31	86	71	27	50	34	54	23	95	22	24	8	12
gene1134	2	4	23	3	9	6	2	1	41	1	6	2	8	1	6	2	3	5	3	2	14	6	4	3
gene1135	95	56	41	52	30	75	65	80	73	125	96	61	72	49	48	43	74	63	18	96	118	38	34	74
gene1136	26	10	22	31	33	13	21	71	52	10	21	9	31	20	31	22	27	15	11	23	7	3	9	22
gene1137	4136	3965	2976	5052	2889	3421	5252	10996	4701	2004	5136	3088	4633	7425	2976	5239	6231	4825	2764	6594	5469	1219	3518	6021
gene1138	52	68	21	51	60	63	62	188	42	71	81	46	173	56	50	100	112	70	20	96	27	45	19	60
gene1139	64	104	75	54	51	56	72	138	121	103	109	85	102	137	151	60	82	151	60	127	64	45	66	66
gene1140	607	737	601	397	618	459	699	897	849	407	1274	543	539	957	1076	947	931	1077	362	605	677	389	561	405
gene1141	457	256	530	407	126	299	247	414	331	395	1200	190	391	292	660	272	262	592	318	406	319	236	103	82
gene1142	364	329	264	353	260	219	572	591	760	331	550	174	598	338	529	401	606	385	135	774	406	127	223	173
gene1143	7187	4573	10100	8246	7549	7174	8301	11968	16254	9841	6050	7800	9031	10133	15187	9050	9813	4861	7171	9109	11077	6621	4639	3926
gene1144	183	107	142	89	101	126	188	255	155	242	157	184	167	83	88	116	226	313	71	153	231	85	82	139
gene1145	2984	2082	1104	963	2823	3675	1095	5810	4306	1191	3477	1021	2026	3887	749	2955	1538	1890	970	1773	1645	327	1297	2838
gene1146	215	170	416	327	75	89	194	181	430	284	81	87	66	93	370	194	212	92	46	67	101	325	55	123
gene1147	6	3	8	8	8	5	4	9	16	10	30	4	2	12	6	4	43	6	7	1	12	8	3	6
gene1148	4	1	1	0	0	9	9	18	1	0	5	0	0	4	1	8	0	1	10	0	9	8	4	0
gene1149	430	374	385	351	267	433	437	870	474	209	420	239	459	463	606	484	349	313	196	387	335	180	364	311
gene1150	19	14	39	18	21	24	67	95	70	18	54	13	19	44	44	10	19	30	16	16	39	18	22	12
gene1151	163	166	112	89	96	111	125	270	215	125	163	147	293	138	94	91	101	184	60	144	153	39	63	48
gene1152	1984	2336	1942	1578	1374	2411	2075	4326	3273	2115	2968	1602	3741	2980	2245	1636	3277	2261	870	2659	1844	770	1278	1656
gene1153	288	196	166	181	109	135	242	447	341	175	399	194	206	109	219	122	238	225	101	196	163	87	135	143
gene1154	164	78	73	102	48	88	91	152	88	108	114	55	102	80	81	101	106	119	76	108	100	104	118	57
gene1155	9	2	0	15	1	1	14	5	5	8	2	6	7	11	4	3	5	6	7	2	33	16	5	0
gene1156	22	24	15	53	9	27	17	50	61	19	58	29	31	35	46	11	25	30	24	34	16	12	36	24
gene1157	102	16	13	56	50	81	40	114	112	44	159	39	108	61	79	29	38	99	34	99	59	6	19	25
gene1158	560	368	268	460	250	265	503	519	4121	1417	2101	1358	3194	2904	1310	1064	464	365	241	475	389	308	253	373
gene1159	472	184	211	353	153	197	335	326	243	150	310	90	252	336	243	263	293	401	240	266	308	190	219	245
gene1160	169	124	95	65	136	57	151	142	188	144	117	132	142	209	143	119	229	127	52	132	113	27	84	55
gene1161	175	80	109	160	221	214	77	158	438	63	70	150	662	220	201	107	188	89	93	437	61	119	86	58
gene1162	83	37	126	176	48	49	62	314	112	156	95	84	21	130	36	56	62	25	11	230	64	49	131	5
gene1163	160	94	129	114	62	52	94	221	188	67	248	152	119	182	47	91	111	159	96	203	115	99	96	46
gene1164	174	204	98	258	139	151	219	220	399	237	152	81	307	153	371	172	346	270	121	171	214	68	155	151
gene1165	286	306	302	180	158	117	173	477	487	273	362	130	152	160	169	240	240	288	96	283	301	193	323	132
gene1166	5072	1745	2150	2318	1219	2636	2087	4866	2662	1875	3950	1051	2352	2864	1961	2250	2908	2751	1280	3525	2648	897	2129	1362
gene1167	47	6	21	7	27	17	11	38	46	18	29	58	12	33	48	3	13	16	19	11	18	17	12	25
gene1168	1826	889	1143	885	544	1273	1505	2332	3214	2108	1376	947	1550	2279	1109	1254	1606	1646	944	1804	968	584	982	932
gene1169	422	303	299	617	190	213	339	762	598	513	626	334	226	459	451	338	736	789	381	169	244	159	193	293
gene1170	14	7	5	7	10	6	9	9	46	11	29	9	9	3	13	8	0	23	5	5	23	6	3	17
gene1171	41	209	14	43	22	138	162	149	171	81	80	81	45	128	189	68	169	43	45	151	134	63	18	59
gene1172	31	44	72	28	22	42	81	70	134	91	87	45	94	43	52	42	44	16	13	50	51	30	26	21
gene1173	9	3	9	19	2	11	10	92	23	19	8	31	22	12	39	13	101	15	21	14	21	51	26	17
gene1174	12	38	6	0	1	6	8	4	3	8	6	1	3	31	3	13	3	18	1	5	2	11	19	3
gene1175	53	60	152	85	5	23	10	30	168	206	29	66	53	26	66	18	49	5	14	41	14	3	12	22
gene1176	192	33	59	27	20	52	55	122	97	91	84	54	48	31	57	66	108	66	25	138	145	15	23	56
gene1177	154	58	66	99	44	51	42	57	22	107	101	88	106	74	91	74	33	68	36	55	69	28	31	77
gene1178	15	1	0	0	4	1	1	3	6	1	12	1	2	4	1	7	0	21	1	2	7	0	0	3
gene1179	148	152	100	207	168	396	137	294	447	336	528	142	306	283	224	197	227	260	131	240	245	164	221	138
gene1180	552	380	294	387	226	376	371	667	730	453	597	372	645	395	420	421	613	488	164	514	425	323	394	255
gene1181	437	907	303	583	349	495	486	468	877	530	345	288	663	408	320	444	943	308	226	281	709	102	256	551
gene1182	515	394	415	354	283	371	290	594	492	475	823	126	392	534	589	221	391	312	211	479	403	279	298	338
gene1183	216	186	148	124	98	113	192	182	327	194	232	164	264	242	157	107	271	196	149	333	228	78	93	140
gene1184	1448	817	853	1182	953	1328	1350	1991	2272	1379	1708	886	2305	2277	1383	998	1750	1643	632	1972	1383	791	898	811
gene1185	32	19	18	10	44	27	43	41	26	66	41	14	21	24	96	17	45	34	34	8	29	28	5	5
gene1186	32	8	16	21	13	27	18	10	74	12	69	12	20	14	12	2	11	9	10	19	16	0	16	11
gene1187	346	154	132	281	114	149	170	171	277	160	362	209	197	263	251	172	156	194	111	224	254	76	95	70
gene1188	567	208	245	154	139	214	214	554	316	253	385	283	285	396	127	115	257	172	154	455	204	208	131	53
gene1189	56	27	36	31	33	25	42	144	31	21	66	13	20	13	31	17	61	139	56	174	162	92	67	50
gene1190	104	82	117	168	108	46	235	259	186	90	192	109	101	164	106	110	196	165	101	145	85	117	99	143
gene1191	359	158	199	181	192	115	257	316	428	272	243	154	265	245	246	167	261	220	163	286	146	210	168	136
gene1192	352	204	168	342	130	367	238	366	287	250	394	299	283	343	176	165	193	261	140	383	256	131	152	152
gene1193	772	353	405	625	157	504	148	1438	582	808	829	821	986	743	719	496	432	212	184	207	227	61	248	115
gene1194	2543	563	1220	1087	367	382	273	278	537	148	7	238	654	91	228	56	849	1030	414	692	123	224	370	626
gene1195	1	4	3	0	3	1	1	0	0	0	0	2	1	1	3	0	3	0	0	4	1	1	0	0
gene1196	1636	891	2105	1710	780	1784	1793	6914	4798	2336	2606	1842	2797	3371	1593	1914	1844	1157	788	3264	1866	628	1036	895
gene1197	457	194	120	231	232	293	275	324	543	217	552	207	673	238	342	178	428	518	228	619	702	317	320	205
gene1198	66	28	38	21	73	75	42	33	18	9	121	13	74	40	23	87	58	91	31	1	19	11	5	33
gene1199	72	2	7	28	9	3	23	41	21	4	13	22	46	101	32	27	18	16	25	41	16	9	10	17
gene1200	270	390	422	560	345	520	564	950	861	447	840	588	928	555	651	442	569	720	209	554	684	352	238	270
gene1201	243	195	200	154	103	249	124	282	334	224	212	157	291	127	234	154	145	258	111	244	211	110	99	112
gene1202	916	892	317	826	292	626	411	473	1005	1112	1063	468	956	1122	767	574	1692	368	610	815	401	130	878	726
gene1203	38	35	156	44	111	47	103	249	94	112	116	151	92	228	202	62	280	75	60	158	123	46	96	40
gene1204	36	54	73	20	26	40	140	54	96	73	110	27	55	28	75	12	198	35	13	63	56	23	79	13
gene1205	5604	2923	3501	5726	3918	7187	8642	6217	6758	2081	4159	1920	5371	6329	1145	3353	4509	2482	2457	1847	2259	1669	2813	966
gene1206	13	0	0	2	0	13	1	0	1	2	4	7	2	1	16	9	4	11	3	13	1	3	0	0
gene1207	192	51	127	379	60	103	245	423	820	390	423	82	475	294	114	120	237	339	74	318	86	210	130	191
gene1208	425	142	172	319	162	118	62	250	164	178	190	96	198	372	516	200	324	324	76	477	154	226	156	143
gene1209	304	203	98	156	154	285	271	220	313	276	411	143	580	602	175	191	354	300	152	136	283	86	235	266
gene1210	384	68	146	347	49	225	76	267	569	96	690	23	388	222	283	233	256	178	283	290	496	96	129	168
gene1211	82	75	76	81	31	67	99	126	103	57	133	80	67	80	70	55	26	27	9	19	26	17	14	7
gene1212	828	709	701	657	342	378	882	1230	1932	740	801	1021	892	1187	973	577	1024	1033	481	651	780	376	367	566
gene1213	8	1	0	0	1	0	3	0	9	12	3	0	3	2	1	2	0	2	7	9	5	0	4	0
gene1214	65	6	42	24	26	21	21	59	30	33	54	33	22	17	62	43	46	8	36	58	54	18	25	42
gene1215	123	76	40	56	64	150	111	114	143	47	102	97	148	271	96	74	101	93	88	153	116	66	59	63
gene1216	109	218	71	1	59	67	155	184	163	100	276	144	143	209	36	25	221	177	142	120	48	85	16	66
gene1217	264	101	317	164	145	151	335	318	360	256	386	95	551	181	356	83	190	215	100	137	186	109	235	212
gene1218	583	190	171	439	159	325	231	254	632	500	951	53	87	438	439	113	658	264	154	223	202	167	176	95
gene1219	12	8	6	13	0	12	2	25	13	45	27	8	7	6	7	4	26	11	5	7	10	11	12	7
gene1220	123	128	86	55	53	81	179	157	145	100	160	164	142	92	124	92	116	170	40	225	99	64	123	146
gene1221	292	282	267	425	167	304	230	468	654	287	327	306	537	453	364	297	289	333	173	563	438	221	244	176
gene1222	1850	299	1171	743	1272	1716	1850	4403	2228	367	410	1010	656	4381	609	632	843	1663	731	1311	1645	400	580	928
gene1223	93	62	41	70	72	140	90	200	108	92	115	73	115	188	46	57	82	163	54	145	159	38	72	68
gene1224	3125	2101	1338	1069	1435	1157	2079	4034	2565	1156	1759	2061	1582	1874	2828	1462	673	683	466	775	735	295	979	872
gene1225	85	105	52	60	47	53	120	70	160	74	192	36	70	135	109	47	173	109	41	177	190	56	89	79
gene1226	66	50	151	111	90	87	43	100	93	137	151	179	108	248	83	105	68	168	106	82	146	43	65	102
gene1227	217	84	269	195	60	98	137	90	151	124	501	71	283	284	124	107	176	340	56	157	270	48	48	60
gene1228	76	10	27	30	53	48	49	164	121	48	57	86	57	46	113	42	72	36	49	174	96	12	27	12
gene1229	368	216	271	552	260	215	363	608	888	341	497	435	488	389	625	352	592	444	260	517	373	123	329	330
gene1230	3	12	1	10	10	8	10	89	13	20	31	7	2	26	21	12	36	17	3	19	3	9	6	33
gene1231	202	81	64	75	48	34	158	458	229	147	232	27	134	129	111	180	129	166	40	88	87	39	123	59
gene1232	80	60	39	77	32	30	59	89	52	55	97	33	67	81	30	66	22	35	28	22	90	10	36	9
gene1233	98	43	37	32	101	37	87	93	36	12	100	64	99	52	132	50	92	60	45	70	46	34	26	48
gene1234	991	644	432	851	635	1129	774	1906	1113	718	1142	771	1466	1015	717	512	828	979	307	1114	670	355	375	417
gene1235	751	530	797	493	469	954	493	1088	950	736	1333	285	532	983	934	562	680	647	171	1087	427	271	411	386
gene1236	1162	959	1226	1445	976	888	1330	2358	2557	2635	1640	888	1777	2006	1317	1277	1706	1346	1022	2119	2291	686	751	412
gene1237	122	156	6	26	78	33	25	187	181	32	185	15	79	282	158	78	145	121	54	38	209	54	56	133
gene1238	132	69	95	43	125	81	214	236	231	119	172	83	53	137	102	88	182	175	55	172	99	65	130	61
gene1239	4	13	9	4	3	15	5	15	42	4	30	2	2	14	12	1	40	18	8	10	6	3	1	4
gene1240	77	24	22	94	65	50	65	241	143	52	112	61	138	92	93	107	88	69	34	72	52	62	62	55
gene1241	4786	3752	2955	1348	1047	1299	529	3814	3132	1569	2881	684	4399	3287	1988	1480	2779	1469	1083	2723	3635	922	1887	1508
gene1242	84	70	22	34	27	9	44	117	32	99	143	48	10	49	59	64	187	45	12	54	81	34	53	16
gene1243	14	10	9	8	9	17	17	58	35	15	32	1	32	43	16	14	30	28	17	25	26	5	22	30
gene1244	141	170	53	270	48	22	34	200	256	102	519	11	35	17	109	247	265	54	44	120	197	35	192	85
gene1245	2136	233	1798	242	714	564	643	1092	980	1671	208	806	2510	842	403	708	79	380	259	771	611	125	232	315
gene1246	27	1	2	3	0	6	15	24	23	14	18	9	14	2	25	8	5	30	14	3	2	3	1	4
gene1247	103	55	63	56	79	87	101	197	95	43	232	34	166	139	140	58	92	40	24	61	58	68	21	116
gene1248	561	156	144	211	46	170	312	182	175	266	183	108	296	104	667	239	220	392	115	340	329	54	144	178
gene1249	3146	2141	3062	1371	922	2767	3414	4934	5261	2583	4932	1436	2432	3275	5231	2120	3145	2749	2468	2847	1822	1611	2057	1121
gene1250	40	44	49	48	29	16	42	104	41	17	67	63	70	32	47	39	64	10	25	38	63	38	28	45
gene1251	2090	1444	1028	1055	1003	1403	1107	1875	2380	1466	2721	870	1537	948	1196	1144	1692	1552	729	1078	1041	728	918	1134
gene1252	43	24	79	49	17	50	62	96	138	30	61	66	116	146	71	43	79	41	37	98	65	22	25	80
gene1253	25	11	13	22	6	44	10	33	30	41	26	7	35	41	11	16	30	35	16	36	19	23	23	4
gene1254	70	31	35	58	28	17	3	19	56	10	34	12	38	24	2	21	16	3	5	4	1	1	3	17
gene1255	99	77	88	31	43	95	57	101	62	80	152	41	117	62	52	31	78	101	51	54	78	46	52	39
gene1256	108	55	96	69	98	120	131	100	231	15	122	66	166	59	102	119	134	116	51	160	190	61	85	83
gene1257	175	105	109	52	33	63	50	101	114	85	114	59	95	88	28	22	78	136	29	75	96	40	39	69
gene1258	723	491	523	635	384	613	663	1092	1167	808	612	442	977	837	908	819	1002	766	462	646	1054	221	468	568
gene1259	251	103	133	250	124	170	266	164	273	226	151	120	270	203	229	170	71	162	141	195	382	64	199	160
gene1260	133	108	93	102	88	101	139	103	176	115	128	93	193	113	111	95	142	90	40	218	133	80	76	65
gene1261	53	36	46	50	30	57	27	39	70	37	97	37	69	54	47	22	83	57	9	51	28	24	22	12
gene1262	6	6	15	7	9	17	11	11	5	20	4	15	24	10	9	42	26	29	7	52	12	0	3	5
gene1263	1	8	7	7	13	4	9	4	7	3	21	0	2	1	8	4	11	0	11	8	0	0	3	2
gene1264	125	96	94	277	210	220	123	309	361	331	311	96	177	150	230	158	149	181	117	301	210	65	158	108
gene1265	103	37	104	81	109	66	219	129	242	153	118	109	122	75	87	126	187	175	35	86	110	44	123	96
gene1266	1120	1051	816	845	787	730	1219	2817	1677	918	1963	788	1325	1202	1488	1242	1628	1288	733	1593	1749	381	594	699
gene1267	310	286	315	143	118	213	276	221	388	226	201	201	138	267	239	190	177	341	196	290	188	64	162	100
gene1268	644	244	297	443	211	331	891	595	587	646	823	368	565	485	595	615	324	312	447	244	423	278	264	287
gene1269	96	154	102	99	96	144	101	286	228	202	118	158	111	127	172	96	227	142	77	140	164	85	107	222
gene1270	65	31	8	19	49	51	30	113	148	51	37	33	43	45	42	27	21	81	19	48	43	34	14	17
gene1271	167	122	182	96	90	161	220	394	359	191	222	163	168	165	198	177	190	205	85	172	167	79	159	133
gene1272	297	171	121	175	127	194	221	280	349	214	278	112	345	391	199	149	208	260	115	417	214	142	148	135
gene1273	41	41	34	30	22	35	30	32	56	10	14	53	33	44	18	42	15	34	26	44	30	21	29	18
gene1274	100	97	90	100	98	114	105	192	264	120	167	94	66	107	184	68	126	162	40	128	103	43	72	107
gene1275	4215	1670	3149	2561	1472	2416	3583	4576	5687	2010	4122	2149	7301	1993	3328	2909	3286	2399	1848	3591	2988	688	1587	2924
gene1276	18	33	3	2	3	12	11	14	23	13	6	21	41	19	25	47	25	23	25	42	33	3	12	22
gene1277	1314	831	753	1048	1085	1352	1327	1279	1680	1961	1278	1197	1910	1867	1779	1602	3077	1026	638	1661	1663	414	657	1260
gene1278	112	27	78	9	33	119	204	714	75	60	173	45	135	39	198	73	79	170	43	163	142	70	135	68
gene1279	1364	1100	1365	1070	1010	836	1718	1776	2190	1631	2786	726	2778	2644	627	385	2101	720	771	1182	728	764	942	1264
gene1280	34	16	38	27	31	78	110	94	19	19	75	16	17	115	37	20	19	45	21	41	6	7	3	21
gene1281	85	46	118	101	95	172	139	68	434	26	76	133	253	127	103	72	137	175	81	114	115	74	106	67
gene1282	312	140	47	124	63	248	78	250	493	193	223	154	168	408	248	112	316	94	98	325	50	124	257	327
gene1283	155	25	64	42	24	31	149	239	99	121	104	104	202	110	114	59	270	78	101	131	210	52	41	135
gene1284	235	74	64	101	106	535	156	1205	507	388	173	707	465	639	351	135	377	611	239	301	163	229	123	136
gene1285	106	109	50	68	48	26	57	131	106	130	206	17	30	173	71	119	244	49	96	112	73	40	27	52
gene1286	1452	821	456	603	504	495	824	1680	1506	960	833	490	1314	480	664	828	648	891	498	2062	1102	496	535	566
gene1287	159	44	55	171	88	37	217	222	463	77	205	185	518	59	285	80	350	357	36	143	154	137	105	143
gene1288	654	250	342	396	200	235	521	638	462	390	527	201	459	300	397	316	393	366	208	693	256	210	226	365
gene1289	29	3	22	39	9	11	37	15	21	40	32	6	7	14	2	14	33	39	10	15	24	5	5	2
gene1290	30	60	41	45	13	21	63	174	114	48	91	40	62	42	71	36	98	35	10	110	24	5	18	26
gene1291	813	738	567	648	547	607	660	966	1436	774	837	664	1154	835	923	575	722	749	495	1649	810	633	315	777
gene1292	248	126	196	151	108	235	346	396	449	250	497	235	293	282	283	357	359	376	86	412	250	138	234	246
gene1293	138	86	33	36	100	57	101	105	207	121	242	58	112	47	59	52	111	114	52	183	103	40	63	30
gene1294	203	59	118	88	54	139	137	274	125	82	173	53	218	150	94	89	49	46	12	67	29	34	23	34
gene1295	520	169	261	584	188	285	160	436	588	259	618	238	533	441	208	277	459	359	328	712	1122	235	92	145
gene1296	94	73	106	34	86	68	62	75	181	79	105	73	124	134	130	58	141	65	56	106	122	49	35	68
gene1297	214	155	91	195	92	164	242	158	130	137	264	76	139	193	239	134	213	165	62	173	125	74	93	73
gene1298	25	16	4	1	0	1	2	1	24	4	11	1	3	15	19	7	10	11	1	13	4	8	4	6
gene1299	3669	1326	1756	2760	945	1952	718	2564	1640	717	3498	1959	3441	2274	2480	2932	1104	3438	853	4007	2013	2009	2012	1646
gene1300	314	228	293	319	187	346	420	1000	861	493	275	136	736	636	474	231	456	307	282	403	426	593	199	327
gene1301	583	326	251	331	385	385	263	657	423	554	940	148	982	734	585	436	793	333	231	552	396	309	421	390
gene1302	0	2	1	2	4	0	3	12	5	3	12	1	6	4	14	0	10	13	7	6	5	3	9	5
gene1303	89	109	66	96	59	106	81	216	150	174	141	98	252	144	186	123	150	106	44	105	83	48	103	114
gene1304	133	54	32	44	29	59	103	62	79	44	86	47	83	85	101	41	85	37	17	45	118	22	27	38
gene1305	13	20	14	16	5	30	8	38	12	12	18	9	30	12	49	13	32	135	28	77	47	17	51	35
gene1306	321	248	342	397	391	475	230	409	854	665	435	319	455	635	318	266	1191	1351	640	1575	765	827	327	721
gene1307	821	447	425	899	313	581	885	1993	992	1715	1892	693	987	990	1213	1149	998	1398	385	1475	1577	675	812	299
gene1308	66	38	35	29	9	49	48	116	89	51	76	43	92	44	38	56	55	46	21	99	42	32	29	38
gene1309	56	41	125	41	28	236	49	264	80	106	190	126	163	155	130	8	174	107	43	53	94	39	24	78
gene1310	1741	3263	444	2855	836	2521	2666	3223	1823	2244	2474	1826	4393	956	3786	1689	2378	2126	1247	968	1930	1238	1697	989
gene1311	17	8	9	6	2	14	4	28	5	4	37	5	9	7	6	2	6	9	7	1	9	7	5	14
gene1312	492	321	413	463	229	434	441	779	853	323	413	191	497	480	464	329	289	222	161	365	345	197	193	201
gene1313	42	44	39	77	51	111	30	35	82	50	30	79	92	97	85	86	60	82	12	126	61	27	26	84
gene1314	328	24	123	89	88	83	110	186	95	80	124	78	112	181	143	130	127	202	75	404	103	52	118	78
gene1315	69	40	56	44	26	51	71	63	72	42	47	19	15	41	89	34	52	18	31	38	59	40	34	58
gene1316	1853	928	560	297	270	395	1138	525	1101	813	539	1420	751	604	676	925	862	408	213	1103	990	422	483	451
gene1317	10	8	5	16	11	54	31	14	55	11	5	11	16	14	52	25	139	2	25	5	37	15	28	9
gene1318	857	342	413	278	259	1051	349	896	1155	537	796	516	1108	524	863	666	735	413	545	1204	638	254	263	161
gene1319	1938	464	798	1073	887	1115	1141	1312	1843	721	1649	1177	1987	751	1868	408	476	1689	1275	2028	1686	756	386	402
gene1320	17	5	8	16	7	11	16	13	11	22	17	8	1	0	8	10	9	15	3	18	5	9	7	7
gene1321	52	20	8	16	38	18	4	6	56	11	35	14	11	58	26	20	23	27	11	6	38	4	3	15
gene1322	423	217	165	319	302	280	309	701	499	278	372	257	321	494	519	260	183	497	118	447	251	123	210	164
gene1323	61	29	22	20	8	12	34	53	22	11	16	34	45	31	24	14	25	59	28	40	19	7	11	8
gene1324	53	10	23	34	48	27	25	38	80	68	142	68	96	52	84	39	57	42	26	32	61	19	55	21
gene1325	76	26	41	63	48	64	95	98	46	119	67	56	87	66	60	74	62	34	36	71	67	43	19	48
gene1326	123	49	52	95	108	110	101	227	54	122	46	50	55	145	125	27	145	119	20	208	96	20	51	48
gene1327	306	275	249	350	153	261	210	760	572	383	623	183	197	287	511	166	381	359	237	364	207	203	129	168
gene1328	29	39	56	16	40	63	79	13	39	54	19	20	39	100	60	39	33	101	32	71	41	12	15	29
gene1329	87	111	126	159	134	69	151	116	423	147	145	27	274	131	445	155	232	159	80	59	82	20	182	64
gene1330	139	296	348	355	144	325	328	866	711	368	610	660	208	599	542	269	671	428	252	714	277	304	197	175
gene1331	2	13	9	9	5	12	13	10	20	16	3	6	9	31	3	14	38	23	24	15	3	21	38	17
gene1332	105	52	75	25	57	46	9	72	91	89	46	25	13	11	50	51	21	14	17	24	53	30	20	24
gene1333	595	412	276	312	318	426	291	676	595	387	892	316	1322	432	637	405	468	679	335	362	746	259	366	202
gene1334	93	53	38	39	51	204	71	187	184	192	69	84	94	174	163	65	77	62	55	157	23	12	26	33
gene1335	0	0	4	0	2	8	0	0	1	0	0	1	0	0	3	1	2	0	3	0	3	2	1	2
gene1336	32	40	16	66	31	21	57	17	20	25	87	12	76	36	17	18	10	3	29	50	22	25	54	20
gene1337	432	327	177	691	201	356	523	377	1008	228	1499	340	423	435	618	208	699	373	203	503	329	207	205	354
gene1338	41	65	13	37	20	33	56	76	110	112	61	95	166	45	117	51	67	83	16	17	32	29	49	83
gene1339	173	59	51	48	56	71	47	49	178	45	106	57	173	99	56	63	104	63	38	117	116	14	45	56
gene1340	88	192	61	29	42	250	132	241	151	81	64	72	348	89	76	74	98	64	83	43	108	29	25	40
gene1341	361	269	364	279	175	514	393	716	589	345	472	270	516	467	442	444	512	462	206	449	283	233	288	394
gene1342	91	37	34	115	48	51	60	79	66	104	45	63	68	123	100	40	46	66	24	95	91	41	26	25
gene1343	515	280	257	332	154	331	235	195	557	286	299	250	502	321	258	392	948	211	185	350	460	184	365	231
gene1344	526	247	215	453	118	391	496	494	456	242	403	274	412	240	261	142	376	476	64	315	204	232	109	252
gene1345	16	17	27	5	9	17	28	96	18	10	22	9	7	8	32	34	32	64	20	11	33	6	15	4
gene1346	101	192	42	100	75	102	118	105	152	82	185	25	114	113	126	109	180	74	92	117	113	59	21	102
gene1347	38	31	33	108	42	72	21	141	88	59	55	15	69	88	116	45	46	25	56	93	53	39	40	30
gene1348	340	237	288	208	192	256	279	415	379	424	240	174	278	430	327	295	375	229	177	394	338	87	202	240
gene1349	17	17	21	11	20	12	3	9	25	12	8	10	26	18	1	2	2	8	2	4	4	9	4	11
gene1350	1618	736	619	1192	972	1184	1163	3536	1388	1477	2363	913	1606	2456	3132	1478	1071	1390	715	2507	1268	1073	993	1137
gene1351	965	801	477	1328	749	674	624	1546	1152	730	1400	802	1436	1313	1071	748	1762	1109	215	892	924	459	825	456
gene1352	44	30	14	47	24	27	20	65	37	37	13	14	27	58	37	28	23	18	21	18	41	10	26	26
gene1353	95	62	9	54	16	57	56	62	32	47	51	33	61	29	34	31	51	51	24	78	65	40	47	27
gene1354	22	34	26	57	14	40	38	47	49	23	50	29	35	44	22	14	39	17	5	25	68	21	20	8
gene1355	101	84	81	124	77	88	86	193	254	62	152	40	122	132	219	47	201	243	80	309	266	101	78	76
gene1356	77	60	22	46	53	56	25	234	72	46	84	61	72	120	113	90	66	40	21	54	63	30	11	29
gene1357	153	182	118	124	72	98	186	157	320	217	211	125	142	83	139	141	212	159	121	211	187	177	158	71
gene1358	4	16	4	9	6	4	14	8	1	3	18	7	6	7	4	2	4	4	0	5	0	5	1	3
gene1359	158	129	101	128	119	100	103	205	204	163	169	166	199	278	164	164	195	129	111	160	144	77	139	66
gene1360	182	100	54	158	117	102	76	304	98	80	191	85	164	90	109	89	145	227	55	101	178	112	83	99
gene1361	5	3	6	1	7	2	5	12	14	17	25	4	6	8	2	4	13	24	2	11	4	7	4	9
gene1362	186	119	115	168	88	199	226	296	229	103	242	80	201	154	210	231	226	270	142	170	147	59	180	176
gene1363	147	117	116	113	75	72	342	231	159	96	178	27	111	179	128	80	119	186	86	114	141	49	99	69
gene1364	106	136	57	40	42	69	103	226	72	108	111	35	123	105	168	75	89	85	42	89	93	55	53	54
gene1365	72	65	47	46	77	111	98	94	259	125	84	119	137	238	100	61	115	113	94	256	109	45	54	106
gene1366	243	60	171	101	199	221	270	349	56	72	165	66	93	36	95	74	156	158	57	278	125	148	86	199
gene1367	241	159	111	266	158	203	259	332	503	187	396	150	248	228	204	117	199	230	154	339	363	198	203	172
gene1368	55	47	57	45	43	94	74	86	195	33	123	27	57	54	98	40	309	231	296	247	179	109	110	238
gene1369	1489	621	411	571	447	694	759	1495	1809	668	1516	460	2144	812	904	799	682	1209	266	1152	887	420	676	763
gene1370	30	49	198	41	57	155	127	197	151	65	244	131	268	259	152	56	148	108	81	125	126	60	86	82
gene1371	45	163	203	138	73	73	249	276	128	78	57	84	187	124	297	78	331	207	34	342	66	135	151	112
gene1372	342	164	966	826	889	533	1101	885	1877	379	582	266	1696	836	794	925	864	889	430	651	175	78	147	319
gene1373	947	649	297	578	695	1053	529	1637	661	1139	920	434	1276	1111	955	1051	753	825	314	612	1261	262	826	653
gene1374	40	47	18	78	14	26	10	21	148	27	37	7	45	43	72	52	16	24	32	52	18	6	11	48
gene1375	16	13	30	13	13	36	19	15	60	25	16	34	36	15	43	24	16	20	3	50	36	33	24	16
gene1376	83	13	30	65	24	23	47	109	87	43	174	17	30	30	50	56	10	14	10	123	56	18	38	13
gene1377	11	18	7	10	8	12	19	32	10	24	22	24	35	24	30	11	13	9	1	30	13	3	27	8
gene1378	5	4	10	5	5	16	16	1	9	0	21	4	18	2	3	13	1	4	1	10	1	10	0	7
gene1379	350	96	166	163	141	182	194	528	347	205	404	160	260	187	320	328	222	172	137	190	224	69	139	175
gene1380	109	82	72	96	51	63	50	207	139	128	73	49	113	161	96	110	90	194	51	71	183	36	79	37
gene1381	325	225	273	347	151	311	151	346	344	330	513	220	421	613	336	251	221	469	164	663	240	382	209	281
gene1382	85	103	101	121	48	174	95	98	128	87	126	120	114	229	82	92	160	108	50	102	142	31	101	37
gene1383	491	256	155	372	109	158	265	384	487	250	188	259	386	318	248	178	407	257	128	370	232	109	154	164
gene1384	139	51	46	66	30	50	36	83	37	77	27	50	98	53	26	28	87	43	51	111	73	58	53	20
gene1385	27	23	14	19	6	23	22	10	28	19	9	9	26	35	29	28	20	12	2	37	24	20	8	11
gene1386	557	363	375	434	348	596	496	848	244	130	182	141	156	221	140	151	387	489	216	840	554	372	370	350
gene1387	472	342	316	207	246	407	446	864	647	617	1014	331	357	489	619	519	591	415	318	484	345	185	339	370
gene1388	7	7	12	15	3	11	7	27	6	4	7	3	2	15	11	6	23	5	9	6	7	4	14	13
gene1389	457	562	516	463	305	525	737	1021	603	446	738	361	706	480	797	506	520	336	232	933	799	249	519	303
gene1390	10	9	5	3	15	11	5	38	15	1	12	2	5	7	3	12	2	21	1	10	6	0	12	3
gene1391	164	118	83	153	65	65	52	114	111	196	347	124	86	170	85	94	131	171	32	183	196	40	70	31
gene1392	120	50	46	43	13	49	64	124	127	66	120	66	67	31	172	106	98	95	57	60	85	106	66	46
gene1393	159	101	49	74	69	97	129	145	213	55	119	83	127	118	106	75	110	146	89	219	195	69	51	55
gene1394	527	415	901	647	989	1182	492	1141	2773	1438	995	295	501	2462	2734	507	1421	1134	339	1975	1503	224	460	290
gene1395	35	19	0	12	3	9	5	12	30	41	14	17	5	18	12	13	24	17	7	10	35	10	10	22
gene1396	160	54	81	94	15	44	87	380	253	52	128	18	91	84	86	24	92	113	59	134	100	17	122	62
gene1397	8299	5948	5630	5657	4716	11725	11358	15928	20458	5645	10338	6306	8918	9100	13340	6883	6146	6901	3660	10507	11929	6854	8718	9511
gene1398	31	9	6	0	3	9	1	31	11	8	13	24	31	4	15	24	8	24	11	20	21	10	4	25
gene1399	56	41	6	21	11	37	44	74	67	60	77	33	19	23	44	58	82	63	43	25	13	8	31	15
gene1400	243	107	30	144	113	265	48	192	309	74	77	146	187	60	90	76	151	183	37	233	230	31	69	68
gene1401	237	139	186	92	139	205	247	240	253	264	266	124	159	218	220	218	236	137	93	213	172	82	151	94
gene1402	48	36	6	16	11	42	56	11	172	248	497	46	321	120	74	68	71	43	7	23	116	74	36	69
gene1403	76	42	114	65	46	59	163	282	137	56	136	48	68	148	92	97	76	61	57	92	138	38	73	78
gene1404	726	825	465	639	597	806	1257	1368	1365	544	784	1471	656	988	288	861	1973	1557	500	3775	3518	556	710	401
gene1405	179	83	56	61	56	72	56	61	81	98	94	76	131	51	96	73	58	92	14	81	218	45	96	67
gene1406	390	145	216	70	209	73	214	215	296	121	598	179	193	109	109	35	319	154	135	151	285	136	157	63
gene1407	201	164	212	229	200	210	124	576	333	238	334	171	170	219	196	278	272	177	177	298	242	101	112	107
gene1408	353	133	293	169	216	188	67	450	698	216	211	142	368	555	343	162	164	140	89	121	167	137	232	197
gene1409	416	142	165	251	290	297	396	767	654	207	318	279	581	383	470	262	252	190	298	495	467	223	221	242
gene1410	175	203	50	75	104	123	96	200	185	87	191	171	97	168	133	74	107	151	82	155	107	71	88	102
gene1411	22	31	17	36	10	7	29	75	45	84	70	32	31	43	24	16	71	49	14	24	26	20	23	20
gene1412	94	112	68	131	41	113	145	236	129	86	261	65	98	210	228	106	213	90	37	107	165	65	75	105
gene1413	52	11	28	83	37	54	21	35	24	35	58	18	7	17	39	29	29	22	5	46	50	36	18	12
gene1414	183	83	179	60	93	78	107	188	158	64	184	143	187	136	103	79	45	67	29	87	101	33	37	46
gene1415	71	46	98	42	51	66	84	82	105	41	142	52	104	162	46	35	36	70	51	184	129	69	19	50
gene1416	149	121	74	80	51	108	91	187	127	111	140	52	179	139	99	109	154	158	48	148	154	57	106	47
gene1417	35	12	23	8	18	34	30	93	61	32	59	12	21	22	20	11	13	19	5	13	10	10	12	26
gene1418	73	31	53	103	49	34	127	216	167	69	118	46	121	153	191	105	74	61	56	103	36	16	39	64
gene1419	26	23	23	6	13	12	23	64	18	36	25	28	39	35	14	32	40	64	19	34	17	11	17	32
gene1420	47	52	80	88	89	137	20	85	30	78	206	105	35	136	40	61	82	54	33	106	52	74	19	59
gene1421	588	347	305	149	164	252	223	317	582	225	242	235	119	371	557	218	251	208	240	302	303	95	233	121
gene1422	266	212	130	126	94	147	153	239	293	144	222	100	153	209	267	117	230	191	115	140	207	75	105	160
gene1423	766	477	328	590	498	480	285	1045	660	613	581	533	873	501	1006	452	398	403	277	635	780	379	169	570
gene1424	372	213	183	109	115	519	314	349	438	288	409	193	180	224	370	138	442	156	131	224	516	103	231	148
gene1425	242	128	134	133	37	117	85	230	235	142	181	126	159	129	219	178	208	123	80	183	166	59	106	117
gene1426	2249	778	570	574	210	700	2168	903	525	660	1307	867	534	332	324	578	368	713	216	198	882	354	347	978
gene1427	926	501	736	208	321	266	732	2929	1724	1078	518	705	486	425	1642	716	1344	1144	475	742	704	335	770	347
gene1428	33	4	25	17	3	27	30	49	24	10	48	7	15	29	18	12	22	16	13	14	15	4	10	11
gene1429	772	561	425	648	371	457	571	975	850	716	687	417	560	461	461	481	890	522	243	1025	646	317	329	443
gene1430	443	130	233	391	197	359	581	1602	417	539	783	365	1214	412	428	362	144	304	131	448	549	60	147	203
gene1431	553	356	395	741	250	593	720	833	893	817	968	386	438	555	487	401	327	442	134	293	239	189	276	82
gene1432	24	48	12	10	35	47	13	45	49	48	142	17	39	74	56	11	20	79	4	59	59	8	27	8
gene1433	9052	4256	6413	5034	3604	3723	7854	10468	7573	5105	5087	8171	6969	8919	3562	5204	4955	6366	2476	8943	7842	3126	4185	4479
gene1434	8	0	5	0	2	12	0	0	13	0	1	0	0	0	0	0	0	6	5	6	0	0	5	0
gene1435	169	115	89	90	148	88	124	105	209	100	178	96	207	357	133	118	48	142	106	177	53	142	120	122
gene1436	162	156	126	161	172	215	75	286	287	122	117	195	166	169	185	83	104	197	82	129	123	40	84	105
gene1437	50	144	97	34	18	86	73	133	188	190	175	119	194	119	127	31	36	160	69	92	98	14	23	53
gene1438	619	274	218	351	243	314	328	897	479	251	513	314	879	607	677	419	509	534	279	552	395	132	276	332
gene1439	137	115	121	175	76	147	246	287	375	170	282	177	114	194	154	199	204	193	92	225	206	74	90	150
gene1440	57	87	28	14	22	10	23	42	71	31	117	36	19	30	45	9	25	37	3	28	49	18	28	61
gene1441	1471	975	1040	1222	1176	1012	1651	2234	2653	612	907	862	1735	2055	1334	765	1220	1282	578	1713	794	443	808	558
gene1442	75	63	55	109	55	69	65	153	84	96	58	70	141	148	60	36	76	159	33	82	67	44	44	66
gene1443	490	243	228	253	336	382	241	439	439	282	477	264	461	686	337	187	347	349	259	597	371	258	202	238
gene1444	81	22	48	28	23	13	14	77	57	58	59	12	24	30	37	51	45	67	25	53	72	10	38	45
gene1445	23	6	14	38	12	43	9	38	48	14	20	16	22	23	4	11	50	55	26	38	19	16	2	8
gene1446	45	54	16	29	26	64	54	84	56	52	51	28	61	36	36	60	24	49	31	32	35	27	72	24
gene1447	26	20	36	7	11	3	11	24	24	18	61	13	8	26	29	8	13	39	4	26	4	12	18	5
gene1448	253	137	427	192	261	177	372	691	343	80	163	220	183	277	371	281	328	535	116	251	625	84	296	292
gene1449	6	29	8	0	4	8	28	19	14	7	2	17	14	12	2	5	12	8	18	45	13	6	16	4
gene1450	4	28	17	41	24	24	24	71	83	44	30	20	57	13	46	19	39	14	5	47	43	22	3	19
gene1451	253	110	171	62	82	49	134	279	367	137	191	119	180	39	146	25	53	143	101	145	117	34	139	117
gene1452	17	16	10	12	6	13	28	21	1	9	5	1	5	7	7	1	5	11	36	12	13	4	1	3
gene1453	75	49	24	57	17	24	68	103	135	53	80	63	114	69	33	73	40	35	47	124	64	13	40	34
gene1454	42	35	72	38	38	70	129	202	126	82	65	78	56	178	108	168	124	27	27	60	75	37	33	48
gene1455	1331	1224	696	854	564	1003	912	1839	2303	1491	1770	523	1366	1261	1075	877	822	1427	657	1197	1242	740	758	639
gene1456	80	33	34	64	128	129	77	142	65	139	142	103	143	86	76	67	71	73	57	105	105	61	59	87
gene1457	104	25	48	72	18	20	30	37	81	25	86	43	32	47	14	26	56	91	21	45	43	23	5	9
gene1458	34	41	23	54	49	38	67	75	110	65	88	63	101	51	74	37	68	27	31	126	39	11	14	37
gene1459	431	179	265	159	249	332	250	529	640	264	143	98	541	439	385	328	670	214	141	396	610	117	453	123
gene1460	111	125	66	59	38	63	47	63	116	53	139	44	42	138	148	37	51	75	46	100	67	82	79	24
gene1461	53	38	80	43	53	69	80	124	74	42	50	35	21	80	94	40	39	83	18	42	119	51	47	63
gene1462	68	40	68	96	50	71	103	225	99	99	129	60	78	65	82	56	78	108	47	104	111	83	37	46
gene1463	1381	1916	477	810	489	1071	671	1086	996	726	312	355	1331	503	1323	599	583	466	426	220	247	302	84	746
gene1464	2232	1696	872	510	545	1991	1410	3403	1690	2234	1472	1033	2635	1570	1376	490	2302	1964	279	1476	1238	396	275	602
gene1465	69	56	44	67	12	53	57	48	71	18	83	25	118	105	62	46	69	43	18	78	76	46	32	22
gene1466	139	74	37	57	119	165	72	314	148	72	54	94	162	82	60	55	137	126	82	159	78	30	158	130
gene1467	88	41	78	61	126	26	69	62	174	202	30	97	155	105	80	41	45	51	31	61	137	8	16	47
gene1468	3616	2452	759	6070	1230	2885	2000	4040	2444	2269	2503	1046	2110	5768	1029	2775	688	1868	663	3132	2889	276	602	897
gene1469	503	101	427	76	116	270	265	400	183	555	841	302	511	481	460	185	398	326	298	350	346	314	244	268
gene1470	16	3	7	17	1	15	7	9	20	5	2	1	17	5	0	17	6	5	1	9	1	7	1	1
gene1471	30	99	28	68	36	63	8	142	56	23	93	95	88	25	41	60	111	72	24	150	48	35	32	66
gene1472	0	3	5	3	0	0	1	2	11	3	1	1	0	2	3	5	4	1	9	1	0	1	1	2
gene1473	88	126	101	85	91	38	116	224	195	234	47	110	122	246	55	135	24	103	57	148	63	75	63	69
gene1474	547	397	279	549	324	287	234	680	691	364	480	229	557	782	466	369	403	568	228	385	324	192	202	174
gene1475	24	30	30	31	12	9	69	20	50	18	80	15	19	26	29	42	67	11	26	10	36	14	22	30
gene1476	18	29	14	27	33	22	4	35	36	21	6	31	42	17	14	9	7	17	14	22	19	3	9	16
gene1477	922	373	940	744	703	1106	766	940	1692	1768	2064	368	938	809	996	604	1108	1188	597	1674	507	495	700	651
gene1478	19	6	30	10	19	13	38	43	25	48	47	20	37	11	28	11	24	24	15	66	32	11	17	19
gene1479	535	349	964	670	281	102	332	1188	1371	544	473	530	249	708	1219	296	832	515	314	1094	839	377	396	216
gene1480	193	178	125	169	138	133	122	367	256	163	185	146	189	182	216	190	159	205	113	192	177	65	120	146
gene1481	358	653	592	515	403	587	387	726	584	578	561	483	1102	734	568	518	692	486	348	1509	627	309	413	281
gene1482	804	535	503	651	285	638	686	908	1195	655	953	452	813	757	724	505	658	658	389	618	721	577	470	227
gene1483	858	113	808	885	609	205	3421	380	455	1348	2293	1159	121	686	509	701	1408	1787	130	1192	254	540	822	576
gene1484	2091	1219	1075	342	1078	547	1160	2454	540	358	712	514	404	634	1392	92	148	942	419	1318	771	318	647	1472
gene1485	232	162	155	92	135	190	127	225	460	229	374	162	234	287	419	188	407	272	174	224	400	105	55	234
gene1486	151	138	80	206	157	84	149	173	167	126	177	112	156	119	235	132	252	174	93	323	194	80	131	64
gene1487	56	27	37	14	37	17	17	29	39	24	45	22	32	12	20	13	30	25	9	61	24	13	4	14
gene1488	12	4	7	17	13	15	13	13	42	9	34	27	16	7	26	11	15	8	20	8	31	14	28	5
gene1489	51	33	44	86	12	50	111	175	145	26	67	37	109	211	17	41	73	41	17	79	7	3	6	61
gene1490	100	61	91	128	65	72	110	151	225	132	116	56	173	116	99	65	134	169	21	127	125	32	59	81
gene1491	24	6	23	11	29	13	14	22	22	53	49	31	21	38	25	22	45	23	3	24	1	19	15	8
gene1492	792	480	393	229	155	374	529	498	1021	432	884	465	560	344	675	547	671	401	228	509	539	129	819	471
gene1493	107	17	4	93	14	32	27	125	56	23	32	36	5	68	3	35	69	22	30	12	107	5	26	6
gene1494	252	116	192	184	133	186	147	310	278	142	253	212	390	291	238	135	258	233	82	348	232	120	83	84
gene1495	554	393	707	194	300	380	429	694	944	556	314	266	888	492	558	639	541	689	201	621	257	190	196	586
gene1496	32	25	8	10	24	2	43	21	11	5	20	1	3	18	0	1	5	31	3	42	17	2	31	8
gene1497	693	412	503	891	516	568	611	1339	1194	701	352	665	424	1105	485	865	793	481	488	894	513	348	520	434
gene1498	6	0	11	2	2	5	6	0	7	3	13	1	7	4	1	3	14	0	2	5	2	4	0	3
gene1499	103	94	131	128	79	204	239	346	438	153	186	99	218	189	175	191	193	235	79	353	163	100	202	112
gene1500	2738	2112	2042	754	1197	1561	1105	3679	1301	1321	1268	548	820	2389	1568	1021	1335	1714	958	1334	819	905	1259	183
gene1501	389	220	272	298	152	225	343	637	319	180	200	151	191	216	302	122	454	392	151	365	259	223	251	219
gene1502	966	440	506	522	385	473	337	545	1134	1053	671	305	1087	780	652	611	1282	1471	205	787	832	314	445	712
gene1503	49	19	26	25	74	32	77	41	24	29	81	52	45	94	58	60	130	52	48	191	48	23	28	42
gene1504	167	111	184	263	182	152	196	397	372	217	397	143	185	232	274	131	91	217	176	615	158	166	131	148
gene1505	1202	293	727	180	706	403	925	438	1013	732	607	221	1856	1060	368	482	489	963	191	782	1035	325	112	478
gene1506	25	8	14	7	12	7	14	28	19	18	76	9	29	14	1	2	19	4	15	22	6	14	15	6
gene1507	545	80	1283	877	305	709	100	1021	581	997	571	819	170	763	472	644	213	528	459	726	614	110	649	438
gene1508	3	13	9	12	3	8	29	4	9	16	20	11	8	6	13	9	18	17	1	15	37	6	13	2
gene1509	52	22	28	25	34	36	35	101	93	57	59	33	116	52	183	21	19	25	10	132	69	38	86	4
gene1510	10315	6492	7243	7488	3588	4435	7464	10459	60215	43530	48712	24064	34529	59472	51924	48332	10022	6595	4592	8308	5254	3167	6375	7497
gene1511	446	195	300	252	298	312	172	447	539	322	225	138	406	320	276	176	253	360	105	226	194	150	209	156
gene1512	154	51	54	57	64	107	175	249	145	170	113	82	85	124	136	60	226	138	129	136	191	63	169	123
gene1513	897	473	414	488	406	602	671	1192	873	441	872	678	592	602	766	550	880	467	288	572	524	350	360	427
gene1514	91	25	93	115	58	95	81	125	268	53	79	45	86	73	196	165	103	75	83	68	159	45	112	83
gene1515	116	209	298	279	133	340	239	785	764	233	299	360	414	466	708	136	465	366	265	678	373	88	309	239
gene1516	73	38	36	66	60	70	58	149	125	85	105	41	83	120	101	42	128	61	49	94	61	32	55	50
gene1517	3	0	1	1	0	8	2	5	0	0	0	2	1	3	5	5	1	2	0	0	1	1	1	2
gene1518	279	260	124	207	223	277	237	726	483	214	422	206	289	227	177	194	270	216	123	264	317	135	234	221
gene1519	33	80	51	13	29	123	87	58	87	59	91	7	51	68	54	91	35	41	18	48	41	14	32	54
gene1520	47	19	54	23	45	29	15	27	40	52	99	26	67	49	38	38	53	85	20	86	36	6	44	39
gene1521	55	156	42	64	70	280	117	297	304	192	174	53	162	204	254	95	104	124	46	119	115	110	111	102
gene1522	1502	794	853	856	639	1171	1353	2438	2136	1058	1442	917	1465	1061	1279	1050	1210	981	933	1009	1447	571	787	485
gene1523	176	146	172	261	284	184	318	622	269	84	328	81	374	252	200	168	256	86	55	218	332	26	213	81
gene1524	1037	98	240	834	357	96	395	796	688	454	689	479	327	583	1016	1815	494	373	246	973	500	235	496	257
gene1525	615	279	78	646	129	630	254	543	527	525	999	760	741	892	268	377	246	706	263	1100	725	193	225	332
gene1526	209	72	69	168	176	258	191	181	227	197	360	80	278	164	189	88	107	92	72	190	151	38	197	115
gene1527	619	242	395	199	410	302	113	473	791	337	227	370	442	447	176	348	778	238	232	393	427	128	245	204
gene1528	91	56	67	89	73	73	98	154	233	56	94	107	105	96	89	93	83	130	47	131	207	61	109	49
gene1529	6	17	4	7	13	22	25	47	31	26	31	10	31	8	42	8	36	24	2	14	35	13	22	8
gene1530	156	174	209	178	116	222	249	456	169	129	196	100	231	175	238	44	242	315	135	235	235	118	221	245
gene1531	1	1	1	1	1	0	5	3	0	14	5	2	0	5	0	0	8	14	6	15	5	2	15	0
gene1532	69	10	31	33	17	8	14	64	43	14	18	5	14	22	53	29	21	38	24	28	22	6	13	23
gene1533	223	136	70	70	142	61	157	126	334	108	54	48	89	133	49	141	133	137	76	102	94	62	78	97
gene1534	173	47	52	54	25	48	53	117	153	185	228	117	224	158	400	103	194	216	29	164	66	97	71	64
gene1535	58	72	48	52	44	83	68	101	110	74	68	35	59	63	87	36	96	94	20	145	44	27	63	27
gene1536	381	568	659	1058	762	393	853	1611	921	263	700	476	2169	352	1374	277	1331	624	402	1147	987	180	282	132
gene1537	38	13	17	15	10	8	21	11	24	22	35	11	11	16	19	18	33	14	9	52	6	14	12	5
gene1538	0	4	0	1	0	0	0	3	0	1	0	9	0	4	6	0	0	0	1	0	5	0	0	2
gene1539	269	337	152	193	229	317	150	961	494	719	569	192	445	227	800	500	872	385	509	340	338	346	123	112
gene1540	255	63	157	134	70	92	137	82	146	134	217	108	141	112	90	103	361	168	71	74	229	65	31	70
gene1541	231	146	63	122	45	87	154	147	260	159	47	34	26	127	481	140	53	86	22	25	92	6	43	97
gene1542	82	69	55	28	31	47	107	117	89	61	105	59	82	65	61	45	130	117	33	187	71	33	26	66
gene1543	10	1	1	9	0	25	1	6	27	9	7	6	30	2	7	3	10	3	11	24	5	13	9	6
gene1544	12	15	7	28	23	3	17	57	72	45	26	6	38	14	45	50	30	11	17	26	11	2	8	24
gene1545	289	334	69	209	267	170	248	641	315	214	123	127	474	283	210	530	199	191	143	241	247	74	81	164
gene1546	155	106	124	98	47	94	182	219	285	156	152	97	238	251	81	90	678	612	518	951	518	398	220	321
gene1547	8	8	9	10	8	9	13	8	20	46	23	20	3	13	19	0	19	12	6	14	38	10	10	9
gene1548	208	106	232	198	110	229	224	590	507	439	182	183	318	104	363	236	256	441	144	210	242	94	195	380
gene1549	220	195	281	514	72	681	491	383	535	283	275	319	557	486	603	204	643	961	1235	1430	429	584	744	544
gene1550	170	79	27	124	100	100	47	79	158	53	132	110	67	162	139	24	158	150	84	90	116	91	89	89
gene1551	96	102	95	63	115	104	256	185	207	150	77	117	134	134	154	68	157	71	164	153	64	37	141	198
gene1552	1862	478	1715	1475	1349	1231	870	5133	1676	1871	1124	1978	2155	1654	2089	283	2921	1798	300	1261	1423	301	1067	1138
gene1553	209	118	198	75	121	379	131	197	314	315	241	145	93	65	313	305	273	265	232	344	234	221	118	211
gene1554	304	967	779	1093	667	644	808	824	1041	743	912	389	1149	987	712	545	894	1557	363	1717	1220	839	681	811
gene1555	158	83	87	155	90	91	72	274	200	205	110	76	165	132	111	128	153	189	43	141	115	77	46	69
gene1556	1510	903	609	1272	783	1560	1172	1758	3143	1130	1106	3127	1199	1215	1980	926	2344	915	444	726	3231	357	807	457
gene1557	120	105	84	60	37	128	88	244	129	80	134	64	113	157	114	42	277	383	114	357	186	197	78	56
gene1558	856	931	211	456	119	544	876	322	570	396	1624	344	974	115	930	167	979	425	482	293	440	202	623	323
gene1559	63	88	42	68	38	124	33	41	134	94	128	33	58	69	72	87	85	88	35	70	37	67	53	31
gene1560	19	20	4	13	9	22	34	24	30	30	14	18	32	17	3	5	15	36	7	31	11	1	6	7
gene1561	763	482	470	2209	563	463	728	1400	1109	807	925	665	851	1016	464	509	370	474	209	803	568	385	634	385
gene1562	10381	5347	2787	4593	4617	4497	4580	7910	6562	10683	4784	1783	9018	7140	6375	3105	6268	5223	2031	8793	2193	3204	2109	4987
gene1563	94	71	55	28	11	26	31	85	120	100	97	64	82	50	79	68	61	155	27	54	66	31	17	50
gene1564	1557	1223	1009	1197	619	1325	1386	3535	2050	1207	1690	873	1914	1766	1676	999	2319	1100	777	2056	1292	886	1159	1302
gene1565	156	100	42	29	72	57	155	101	136	150	184	70	155	138	41	84	53	107	33	88	60	35	46	63
gene1566	706	497	310	585	335	379	694	907	1221	1000	858	800	1387	862	959	727	595	622	274	565	510	257	443	333
gene1567	103	17	7	25	12	5	30	62	84	47	120	27	25	15	52	25	14	19	40	23	49	12	22	36
gene1568	89	58	185	135	102	105	219	181	515	375	219	274	147	95	62	175	297	388	71	321	151	107	211	263
gene1569	69	60	28	36	26	27	28	58	38	53	85	32	50	33	72	31	33	36	30	46	40	35	23	27
gene1570	7	1	12	5	12	15	5	17	19	8	60	3	27	8	9	8	12	24	6	23	14	5	4	12
gene1571	506	319	391	429	248	376	218	545	396	230	674	365	370	291	211	365	276	568	77	515	406	150	143	201
gene1572	2332	1285	1062	1992	822	1308	784	1258	2250	1472	1382	1431	1362	1171	2033	664	5091	1542	1120	3710	2547	1189	1998	1311
gene1573	68	30	6	116	33	13	16	6	19	1	29	62	32	15	22	9	44	41	59	20	14	5	6	11
gene1574	28	39	26	35	26	22	21	94	64	41	51	17	27	10	36	16	36	25	17	24	28	26	20	18
gene1575	11	12	21	23	7	7	22	33	27	56	34	4	56	25	28	10	18	8	5	22	31	9	19	12
gene1576	63	59	54	30	42	165	70	51	92	48	77	62	142	106	28	76	49	49	47	30	25	33	25	40
gene1577	421	238	429	298	432	375	188	646	714	257	509	364	492	622	697	360	274	489	213	611	184	134	177	216
gene1578	468	244	379	337	263	353	493	726	556	527	514	338	511	520	485	397	802	294	236	542	747	429	217	294
gene1579	362	199	85	399	161	173	397	627	309	177	204	182	457	340	197	207	350	228	167	515	202	175	193	109
gene1580	658	448	273	417	298	329	421	1102	876	312	489	303	671	460	662	353	459	451	254	714	361	217	278	167
gene1581	101	61	48	55	30	113	41	116	114	42	34	27	47	93	34	36	61	36	63	52	38	49	27	25
gene1582	158	86	69	52	25	25	161	195	144	96	112	49	88	82	188	163	105	80	41	80	94	27	162	112
gene1583	507	273	366	318	176	278	271	695	471	248	630	199	382	578	201	180	378	399	155	333	335	135	223	140
gene1584	160	101	37	41	55	10	74	330	250	148	65	55	93	160	44	73	69	45	50	129	310	40	94	51
gene1585	14	7	18	24	12	39	20	26	55	59	67	28	35	24	22	46	20	23	6	43	44	14	21	7
gene1586	9	3	26	4	4	24	11	19	34	16	12	15	13	9	0	5	12	10	2	7	13	1	14	7
gene1587	9766	3763	4114	16394	8066	7088	13508	35769	8626	1617	4949	3250	1642	9218	4069	5574	20305	8642	9574	9292	9985	6292	7500	9658
gene1588	17	1	1	9	11	3	18	7	7	2	1	6	2	4	2	6	4	0	2	1	13	9	1	2
gene1589	165	97	97	132	94	191	80	198	73	98	224	109	156	223	242	118	123	111	78	155	149	110	34	62
gene1590	2957	1229	3623	2699	3695	6834	2192	6856	4388	4390	2860	2737	2231	3781	1621	1692	4825	5632	1717	6244	10033	1517	1168	1561
gene1591	543	330	203	375	361	247	215	1106	456	930	1020	84	222	544	786	394	878	168	277	492	702	184	208	384
gene1592	148	83	63	72	78	116	93	179	173	72	116	77	120	119	79	108	119	91	57	121	100	42	46	76
gene1593	301	213	246	266	178	220	263	568	366	288	239	180	546	293	171	254	383	269	115	240	225	139	264	208
gene1594	2077	1647	2667	1702	1465	2288	2392	3728	4214	1511	2874	1647	1947	3536	2190	1554	1845	2236	1719	3347	2860	855	1385	1262
gene1595	150	66	181	125	124	220	166	494	211	137	223	166	171	242	153	96	167	406	100	261	108	99	88	103
gene1596	54	35	42	34	11	49	17	113	111	86	81	10	64	64	27	57	62	67	26	66	77	21	54	28
gene1597	1658	1360	830	973	951	1640	1073	1651	2863	1799	1302	785	2284	1443	1227	905	2637	918	599	2204	2106	640	1466	1448
gene1598	2467	1403	944	2480	1539	2584	2385	2325	6977	2636	4542	2430	3113	3310	2203	1605	4578	4027	696	4823	3420	1356	2169	912
gene1599	30	28	3	33	10	8	23	73	70	19	51	13	74	31	1	22	26	34	3	114	9	23	4	15
gene1600	453	250	239	481	288	324	341	666	358	333	460	273	841	561	337	295	571	395	187	478	501	243	407	319
gene1601	243	47	75	51	67	173	67	531	227	99	184	33	125	434	178	306	18	130	104	438	62	62	54	24
gene1602	463	288	383	367	380	372	266	575	541	363	485	292	418	441	335	201	417	336	203	606	389	250	100	319
gene1603	305	534	120	176	265	511	215	341	328	202	639	269	402	338	325	178	418	359	227	788	256	225	184	260
gene1604	235	80	58	179	72	121	162	44	291	41	151	122	147	210	54	134	119	119	76	80	122	116	173	84
gene1605	419	102	156	192	133	152	335	523	474	471	367	114	240	291	276	176	158	331	104	211	143	79	172	190
gene1606	13	6	13	26	5	36	23	29	18	32	23	9	20	40	32	23	33	11	16	25	50	18	12	49
gene1607	14	6	7	8	1	33	7	17	28	19	29	6	18	27	17	9	24	3	8	15	14	16	6	7
gene1608	374	328	287	351	254	209	433	850	549	267	524	204	564	374	652	383	472	661	217	442	434	147	306	418
gene1609	249	72	104	150	66	151	98	265	173	101	157	87	181	156	141	165	109	68	60	337	83	138	166	215
gene1610	204	85	48	71	72	55	99	286	275	71	58	140	186	122	62	36	160	115	72	165	174	39	74	119
gene1611	33	11	4	13	1	2	9	14	11	16	6	4	9	0	10	11	6	21	5	9	15	6	5	3
gene1612	58	42	65	45	26	95	27	41	109	72	115	36	139	124	87	17	44	57	24	90	35	48	43	21
gene1613	253	135	109	206	93	149	158	185	255	191	331	177	297	231	113	136	155	290	111	241	211	82	81	79
gene1614	52	45	43	21	25	11	39	153	145	30	154	33	38	40	37	65	88	108	42	82	10	8	45	35
gene1615	122	75	107	138	91	170	124	218	183	189	153	79	202	264	129	111	117	231	65	193	113	68	128	41
gene1616	254	256	167	270	121	193	235	510	293	287	317	182	260	223	209	163	393	282	108	288	347	60	128	88
gene1617	37	116	70	128	76	100	64	112	275	288	205	79	84	148	63	54	77	102	55	202	18	75	114	53
gene1618	385	149	195	166	130	392	212	564	411	136	390	47	293	146	125	185	283	202	90	266	182	59	98	76
gene1619	128	112	61	39	22	66	54	201	130	106	191	48	59	81	84	40	124	130	75	79	95	35	84	110
gene1620	77	47	81	72	41	35	65	179	174	100	245	72	112	117	133	118	91	80	46	70	106	30	50	48
gene1621	137	73	144	53	106	95	188	91	169	60	36	74	118	73	192	129	110	110	43	40	99	36	130	87
gene1622	525	331	606	126	147	288	195	873	836	311	542	143	272	278	503	353	292	309	331	354	96	175	248	642
gene1623	298	173	301	337	621	571	321	539	2246	148	751	695	1658	415	281	242	1377	540	131	895	1186	340	499	357
gene1624	5143	4301	5980	4921	2836	4737	4498	10225	5947	4833	7345	3086	7354	6499	5686	4694	6055	6768	2716	7586	4869	3356	3365	3881
gene1625	31	25	4	38	26	20	11	15	25	28	59	23	29	20	14	28	41	25	22	39	13	5	20	18
gene1626	50	28	52	20	14	32	31	54	51	78	29	46	60	45	22	13	15	103	18	12	38	61	4	29
gene1627	454	353	397	252	269	305	211	486	728	285	557	173	610	555	513	248	211	323	112	348	199	59	93	362
gene1628	2461	1298	1738	1220	1054	1415	1840	3859	2375	1937	2991	1671	1956	1561	2164	1356	1998	1854	1109	1381	1722	698	1113	881
gene1629	974	565	523	633	523	954	270	931	1618	706	781	668	1512	1196	526	604	423	860	521	854	698	268	394	828
gene1630	53	48	38	45	43	23	49	84	100	92	92	59	48	45	85	62	107	33	37	74	64	42	31	27
gene1631	32	53	24	13	50	39	26	52	88	50	29	29	55	64	41	37	34	77	46	37	36	5	62	19
gene1632	2258	1423	1740	2035	1159	1185	1900	3138	2222	1977	2045	1448	2151	3662	1278	1209	2800	2070	663	1850	1251	1194	1116	1380
gene1633	2022	1403	1472	1035	986	2200	3058	1214	444	518	3555	618	917	1218	1472	1230	1192	1040	236	1596	1397	786	1427	1146
gene1634	243	115	143	231	96	126	124	258	328	123	321	185	250	94	195	213	240	202	61	238	154	135	62	112
gene1635	1916	1511	914	3404	852	1640	2496	3443	2757	1493	1014	819	3087	1138	2626	962	2111	2291	910	3323	1494	694	1593	761
gene1636	222	172	169	117	71	63	155	281	209	107	193	161	320	165	75	101	172	108	94	150	142	30	108	88
gene1637	87	13	23	38	24	49	17	122	56	27	43	38	63	73	56	11	49	106	44	64	80	29	93	97
gene1638	152	64	108	73	77	156	113	243	139	83	234	105	125	113	101	55	121	48	54	112	159	48	44	105
gene1639	140	114	96	129	99	123	141	263	168	126	254	74	143	137	181	96	119	120	109	174	165	102	137	85
gene1640	23	11	15	9	11	4	7	0	32	2	48	3	12	8	3	5	11	33	3	20	1	2	6	6
gene1641	131	54	57	94	63	109	48	182	217	99	283	74	103	156	65	137	68	78	59	96	89	82	66	75
gene1642	102	42	19	67	33	53	59	56	123	93	60	21	69	43	48	65	127	63	28	44	43	47	84	30
gene1643	330	329	140	226	232	311	227	443	260	197	259	267	354	289	230	249	297	391	152	302	244	110	202	127
gene1644	33	35	46	61	36	48	43	63	374	97	397	128	303	194	438	151	42	45	7	96	62	33	28	5
gene1645	142	147	245	351	205	334	252	414	479	294	512	216	228	237	374	163	65	144	74	172	95	77	75	71
gene1646	379	146	76	277	185	372	342	708	324	386	457	257	321	272	172	491	377	358	85	289	98	158	303	157
gene1647	47	64	57	77	60	80	116	129	79	81	144	49	111	64	70	62	69	14	35	111	45	42	33	59
gene1648	129	135	130	90	86	97	151	113	156	54	213	105	92	63	146	84	188	107	71	160	144	83	76	81
gene1649	9462	5652	6586	2877	3659	4491	2668	12257	8477	7504	6706	3359	7521	7662	7395	3704	5001	6091	2772	8819	5370	2144	4254	2706
gene1650	2034	1742	1490	567	1153	2949	2059	2296	2870	3435	1541	1794	1730	871	3459	2083	1096	1324	1140	2142	2341	780	1391	1342
gene1651	2126	1138	1347	1426	1072	1616	1917	2635	1872	929	1358	743	1040	1356	1276	1525	1757	2054	761	2260	1765	779	854	936
gene1652	58	55	50	183	83	134	102	418	178	59	190	41	174	229	292	68	102	218	70	221	119	56	151	97
gene1653	31	35	60	48	11	69	42	76	30	44	106	30	79	27	42	16	22	10	6	117	47	17	34	30
gene1654	354	193	234	523	115	397	270	547	611	362	527	279	293	222	404	257	387	126	125	441	488	233	176	191
gene1655	206	64	179	12	75	104	95	43	69	142	189	74	395	91	216	27	39	52	61	99	12	64	72	15
gene1656	34361	52930	47944	29668	12000	34313	56521	76306	25247	22155	68664	39654	27253	40072	25556	41265	30359	13963	12434	84633	55911	18584	16951	32055
gene1657	10	3	4	2	11	9	3	28	18	1	0	0	22	19	22	15	1	3	2	8	12	6	3	8
gene1658	119	39	74	65	57	127	42	187	136	106	172	54	56	74	75	41	138	109	55	234	151	90	96	101
gene1659	1503	2391	1691	803	1311	1335	1195	3289	1875	1657	1499	1156	1410	2855	1495	395	1630	668	669	2183	1880	973	742	1969
gene1660	3	3	8	7	26	0	7	15	0	3	4	7	0	0	7	5	0	0	5	10	0	0	8	0
gene1661	58	124	90	54	219	95	61	148	306	83	103	93	85	45	56	44	91	84	26	83	76	41	204	90
gene1662	218	161	145	292	153	234	204	238	342	198	297	173	199	297	294	192	409	192	92	296	151	178	201	126
gene1663	109	87	73	53	49	103	115	120	133	99	191	120	68	96	67	56	86	47	64	132	128	63	35	37
gene1664	21	22	40	38	28	21	12	75	22	51	19	22	49	35	12	29	22	24	13	49	23	8	9	3
gene1665	143	77	49	124	180	160	101	164	158	143	141	141	225	77	199	75	134	93	42	273	84	58	49	61
gene1666	1484	651	1295	649	659	1081	714	2582	1272	645	1752	999	1833	2183	1079	871	1049	1480	464	978	1572	345	744	938
gene1667	7	26	7	26	13	28	6	17	17	20	17	31	11	12	7	7	18	13	6	6	5	4	13	10
gene1668	1427	667	681	2013	1116	958	1170	1954	2130	1046	1345	1132	1777	990	1000	841	1269	1399	518	1327	617	676	732	1055
gene1669	631	61	197	267	617	141	246	1550	380	141	687	179	412	281	1220	239	191	193	519	1146	434	315	279	593
gene1670	6	19	52	18	1	30	12	22	25	8	11	18	16	4	6	7	14	14	9	26	12	12	12	7
gene1671	3	3	10	5	12	7	23	16	23	15	4	9	12	12	14	7	13	8	15	13	23	19	9	19
gene1672	217	36	65	158	114	110	126	116	279	86	68	108	242	305	122	22	592	21	54	142	186	27	130	119
gene1673	333	165	199	149	175	128	140	478	296	153	208	257	346	495	218	126	256	122	137	334	250	130	72	69
gene1674	882	793	675	699	443	1188	476	1096	1472	942	511	498	1876	1359	1041	351	1635	615	761	1235	830	532	251	463
gene1675	122	93	144	80	75	217	98	211	59	38	58	27	43	100	53	30	103	200	64	152	91	50	106	64
gene1676	166	246	216	141	100	352	219	437	399	257	388	135	301	423	259	224	332	337	148	232	341	138	363	120
gene1677	1404	915	611	1163	761	1565	1046	1527	1425	898	1663	994	1359	1639	1314	756	1161	1196	381	2031	1417	694	886	402
gene1678	730	610	695	589	637	663	399	1041	1077	547	677	527	963	1099	581	552	980	1075	354	958	1065	384	277	440
gene1679	763	108	586	530	187	341	366	733	1856	342	974	198	201	278	280	270	645	120	159	494	225	354	251	235
gene1680	177	172	185	232	85	198	276	420	497	271	295	124	205	205	207	111	311	314	155	363	77	91	164	167
gene1681	230	204	123	311	161	203	285	620	661	224	243	162	300	299	575	289	290	338	100	409	264	108	286	246
gene1682	1248	699	753	770	463	569	662	926	1540	802	1377	572	1188	966	846	737	1178	1311	537	1183	967	378	735	458
gene1683	1405	382	375	570	450	639	693	1665	1264	749	745	676	1153	1287	1857	943	930	804	381	822	611	541	780	1349
gene1684	175	56	70	120	83	78	115	112	109	56	99	67	133	109	141	62	166	140	54	228	66	67	66	97
gene1685	262	227	200	151	123	178	200	458	202	208	544	234	203	352	264	131	314	241	96	212	250	137	200	156
gene1686	1844	1568	733	2278	1166	1954	1999	4627	5696	1860	2472	1666	4676	1113	1671	2191	1469	2782	1557	1115	2373	460	1346	1420
gene1687	2199	1189	1386	480	1469	1842	1669	1409	3211	1062	944	1121	1557	1782	538	555	1491	532	655	1650	1511	878	1041	796
gene1688	31	9	20	36	10	26	26	50	74	34	37	25	33	21	28	20	30	43	15	41	34	24	28	17
gene1689	1198	779	586	1419	1225	1666	1025	1420	1980	1043	454	1645	1101	678	1671	685	1585	2229	763	2276	619	618	874	1001
gene1690	80	21	91	273	210	91	134	77	112	72	161	17	366	266	27	27	28	75	26	693	47	8	5	67
gene1691	4	8	8	14	3	13	0	11	6	4	20	3	8	20	19	0	14	9	10	14	15	6	10	5
gene1692	631	1145	896	928	629	1105	817	963	1689	1244	1708	823	1283	1174	1119	1204	831	537	741	1696	1913	445	581	861
gene1693	248	68	148	110	64	107	170	90	169	107	122	60	167	61	346	140	267	120	53	287	102	42	23	109
gene1694	755	351	531	746	372	690	414	1255	1289	1205	592	430	740	413	908	509	518	603	296	602	976	441	346	470
gene1695	3622	1618	2529	1718	3650	3727	5864	7380	4948	2078	4196	2403	4502	3650	5029	3756	3890	2960	1566	3626	2937	1425	1987	1284
gene1696	886	440	400	580	542	589	673	1173	1231	725	794	353	1255	964	893	821	938	763	476	867	920	211	504	396
gene1697	193	73	46	48	4	89	49	126	165	116	24	58	100	8	77	91	21	28	45	77	29	25	2	45
gene1698	74	49	80	133	103	93	175	347	274	126	125	47	93	122	125	89	139	82	59	118	71	61	74	77
gene1699	12	8	33	49	8	22	22	49	32	37	39	12	46	59	17	17	57	29	9	45	37	33	19	22
gene1700	39	5	24	4	26	48	38	96	45	29	23	17	50	13	34	31	38	5	14	16	23	14	53	28
gene1701	416	265	118	252	242	543	113	243	409	533	162	83	568	358	71	76	564	500	278	194	179	148	233	160
gene1702	43	36	83	50	63	27	176	177	187	133	158	73	84	92	82	47	68	48	35	387	58	99	59	37
gene1703	421	227	300	264	291	215	230	365	635	280	410	262	602	242	543	277	615	379	242	487	364	142	233	263
gene1704	344	451	271	459	275	466	498	1207	892	407	501	332	688	548	626	488	407	503	303	762	505	213	408	455
gene1705	345	157	95	329	240	294	183	307	14	25	26	12	8	25	22	10	9011	3587	1929	2007	758	1596	2764	1047
gene1706	94	50	38	39	51	66	149	257	79	37	104	95	71	115	74	61	33	23	104	43	84	26	89	73
gene1707	38	5	26	11	11	5	4	42	44	14	23	7	64	54	30	4	14	2	1	41	28	10	5	6
gene1708	105	68	62	91	20	86	34	335	140	211	223	225	263	113	214	39	133	422	58	562	151	151	85	141
gene1709	25	7	27	9	19	16	25	13	28	30	54	26	35	31	52	17	36	17	8	3	43	6	25	8
gene1710	483	295	406	208	132	107	127	760	794	653	273	382	113	199	929	215	270	577	478	387	130	83	257	304
gene1711	357	396	360	211	365	714	395	548	871	427	707	240	149	359	768	440	772	661	199	447	215	162	209	538
gene1712	49	450	185	178	309	270	181	322	690	198	307	72	459	239	574	140	397	57	168	468	5	157	32	264
gene1713	48	11	54	23	17	42	5	43	46	26	30	20	52	24	7	9	22	82	13	31	10	19	18	23
gene1714	57	18	27	14	19	18	14	92	41	31	79	29	84	60	63	46	96	29	27	39	27	12	46	21
gene1715	72	57	34	73	45	31	29	82	89	74	71	22	152	46	80	32	102	43	15	89	60	28	45	47
gene1716	311	100	114	99	82	149	315	390	161	88	194	104	209	204	209	71	311	270	47	82	298	43	150	80
gene1717	4646	2455	2870	2807	3898	4943	2213	8027	10474	5236	10861	4557	7343	12965	3085	3920	5850	5548	3867	5390	6869	2000	3152	4966
gene1718	33	25	24	20	11	26	57	22	56	22	26	18	13	45	22	12	21	11	12	14	15	15	24	40
gene1719	0	3	3	4	9	0	0	2	0	0	6	1	7	1	5	1	1	16	2	9	2	1	0	1
gene1720	22	10	52	164	48	110	146	88	128	141	97	49	79	55	102	58	62	155	12	86	126	36	72	29
gene1721	26	29	43	20	20	17	18	25	32	33	49	15	31	49	34	32	29	36	25	41	23	11	42	3
gene1722	9	0	4	4	9	3	5	1	0	3	9	1	13	0	32	7	6	0	3	0	6	2	9	3
gene1723	30	41	22	13	25	30	62	51	89	23	37	30	58	50	44	23	19	14	27	64	37	16	21	20
gene1724	46	56	92	57	31	79	70	169	105	60	52	44	43	123	69	99	132	86	10	151	142	36	41	42
gene1725	58	12	10	14	26	25	8	25	44	41	35	14	20	30	16	14	0	18	7	19	11	10	7	15
gene1726	551	431	431	270	246	287	137	837	441	498	735	332	490	474	307	198	405	351	83	774	655	362	229	160
gene1727	1236	266	655	326	675	449	570	672	749	348	868	363	821	595	966	305	731	574	277	379	630	292	228	432
gene1728	27	25	40	38	46	176	62	129	121	71	109	149	110	61	105	81	121	91	35	265	20	42	23	55
gene1729	21	0	8	16	6	0	12	24	47	18	10	2	4	18	28	7	26	2	10	11	0	1	4	2
gene1730	524	140	342	193	107	173	397	658	392	283	402	113	332	410	570	356	337	320	230	286	288	158	254	375
gene1731	14	14	18	7	9	19	15	46	40	43	87	25	40	38	20	35	33	49	11	61	24	23	23	15
gene1732	47	12	80	24	24	17	8	53	55	26	56	45	42	20	56	51	34	15	5	57	57	16	17	24
gene1733	153	130	135	120	104	158	161	283	234	159	210	129	279	190	260	110	156	290	87	201	109	133	86	140
gene1734	62	31	11	16	18	10	14	60	53	37	53	5	15	30	30	24	5	49	10	42	21	10	9	24
gene1735	172	35	17	46	98	44	35	108	30	118	104	53	150	101	96	23	81	128	34	113	213	51	79	88
gene1736	29	29	31	57	22	32	19	35	85	60	69	61	92	65	67	22	51	35	18	23	39	29	10	28
gene1737	263	351	171	213	90	329	293	323	370	59	600	109	255	187	216	236	202	169	239	327	327	112	93	49
gene1738	20	18	44	31	10	50	29	61	79	19	18	25	41	15	12	4	11	21	14	21	37	5	46	20
gene1739	39	13	8	40	28	38	56	68	86	48	60	17	51	39	50	12	28	17	27	30	37	9	24	18
gene1740	24	43	7	22	11	18	19	61	19	23	34	21	51	64	31	18	28	38	9	5	35	15	10	19
gene1741	233	105	110	121	61	185	140	263	231	93	167	67	120	165	200	61	82	233	54	66	42	31	75	129
gene1742	227	686	578	469	483	716	1096	1511	974	1390	1308	301	435	489	704	237	911	722	499	1037	375	371	723	520
gene1743	42	48	3	43	14	9	60	17	27	19	50	22	8	42	59	23	10	4	11	31	27	15	27	32
gene1744	128	114	140	129	108	117	171	431	476	177	286	93	174	112	119	89	155	282	87	260	149	110	81	67
gene1745	104	18	25	48	38	49	32	1	187	26	141	20	23	23	12	9	9	13	7	53	33	26	3	7
gene1746	10	13	15	26	20	45	21	37	57	51	47	71	14	54	21	58	33	19	9	31	49	12	21	24
gene1747	1088	638	331	588	420	470	662	1338	1083	1063	1006	501	1112	854	607	531	745	796	562	813	803	327	508	459
gene1748	55	36	26	77	33	21	60	37	99	121	143	31	59	76	33	55	66	100	19	103	24	34	57	32
gene1749	4446	1129	1802	869	1104	1769	1692	1625	2139	2806	2111	2494	1847	1413	555	1208	1959	1156	727	2593	1628	937	1225	523
gene1750	46	31	31	17	88	32	11	114	27	35	110	68	89	75	6	38	121	35	40	115	53	38	39	37
gene1751	364	211	226	237	166	388	285	578	312	196	339	347	583	386	382	438	343	361	249	493	582	177	194	428
gene1752	738	743	923	837	626	1106	882	1256	1594	594	453	90	731	1179	219	611	981	590	37	531	879	249	761	211
gene1753	3192	2766	742	1569	1978	1890	5291	4475	1917	2106	6196	906	991	9512	3011	2024	3397	5022	299	1611	877	2381	3815	2510
gene1754	26	26	65	17	16	32	24	35	48	27	59	15	31	29	34	30	48	31	17	67	66	12	28	29
gene1755	136	230	122	80	105	217	208	346	301	234	276	182	124	137	237	101	143	208	110	195	132	45	43	96
gene1756	500	377	514	422	248	398	621	819	825	753	850	399	839	556	665	424	584	660	251	737	495	205	440	367
gene1757	31	50	53	94	11	34	103	116	88	34	61	33	27	48	71	56	33	23	25	133	36	19	55	33
gene1758	552	339	334	432	126	337	268	857	808	338	362	299	882	425	641	203	348	357	241	177	342	66	45	96
gene1759	17	47	51	34	15	34	13	113	117	93	65	46	181	66	90	51	53	114	10	89	169	24	72	40
gene1760	34	9	5	12	20	14	44	44	55	4	7	18	12	11	21	39	25	25	9	25	10	18	2	9
gene1761	2	0	0	2	3	3	9	5	5	1	0	1	5	0	2	0	0	3	0	1	0	1	1	0
gene1762	217	279	362	219	120	218	270	544	300	227	344	150	248	88	448	402	356	301	205	374	293	118	105	213
gene1763	96	60	75	84	31	60	76	147	163	115	43	26	72	47	240	80	62	101	46	87	52	33	48	33
gene1764	3402	2103	1614	2537	1311	1762	2193	3397	1792	2177	3125	1828	2249	1470	1453	1959	2468	1810	1521	2383	2029	1116	1873	1986
gene1765	35	27	22	10	19	12	31	67	52	35	71	22	16	20	33	33	5	38	2	21	24	16	5	21
gene1766	48	52	44	59	31	54	65	81	67	69	55	63	61	36	82	78	76	147	21	47	58	37	69	35
gene1767	411	435	385	313	275	502	247	600	871	496	465	350	824	653	465	299	665	621	310	730	604	270	256	415
gene1768	65	104	54	120	69	56	64	92	121	54	115	54	71	71	80	21	113	95	30	100	156	49	43	33
gene1769	395	129	59	400	76	301	258	297	761	261	303	225	143	367	454	184	255	250	78	272	196	146	262	135
gene1770	1184	919	873	1298	933	1950	912	1144	1491	1160	2017	1921	1574	2470	1224	947	177	132	116	463	204	150	146	148
gene1771	602	3262	1169	3516	1938	10892	4831	5083	7568	6273	2837	402	3026	2787	3567	3071	2104	3386	2340	3652	5398	2660	3126	5273
gene1772	148	141	81	133	102	89	182	221	144	187	294	62	280	142	177	171	46	51	20	62	57	20	20	21
gene1773	51	44	27	24	29	40	73	47	63	66	42	11	74	54	24	14	12	67	6	65	78	22	17	24
gene1774	23	6	4	25	6	31	41	47	18	43	24	23	24	43	19	37	23	15	13	7	12	7	2	7
gene1775	94	31	167	76	32	92	43	85	172	68	39	58	59	61	55	37	22	13	4	51	58	64	13	30
gene1776	88	31	34	25	36	32	51	66	97	49	117	28	56	105	73	53	48	75	23	130	77	13	45	23
gene1777	14	4	12	8	11	44	5	130	48	21	17	26	7	22	21	8	26	2	3	13	8	37	12	17
gene1778	367	416	182	388	374	271	478	935	142	483	120	559	361	357	441	265	257	394	259	334	453	348	209	158
gene1779	915	806	1020	1210	823	615	889	3162	1494	1252	1288	1028	1177	1630	1152	1331	1164	742	911	1366	865	870	981	1074
gene1780	41	26	50	42	34	50	36	84	49	72	57	24	53	69	87	19	50	94	31	85	72	37	29	30
gene1781	41	27	6	12	17	27	36	94	23	3	18	14	9	31	21	14	27	20	19	65	65	5	35	22
gene1782	13	9	10	19	31	10	13	22	17	6	22	13	20	25	39	10	20	19	13	26	42	10	12	6
gene1783	1000	365	168	341	242	641	607	851	789	386	509	437	592	1245	398	405	443	468	253	1301	689	169	402	271
gene1784	187	103	62	106	103	144	127	280	287	107	132	96	121	148	120	155	231	131	58	170	155	70	73	106
gene1785	3	9	1	5	4	9	6	0	13	5	21	4	1	2	11	3	2	2	6	8	3	22	0	1
gene1786	186	158	56	105	78	133	99	128	169	154	371	154	246	73	150	73	85	110	33	173	220	60	46	99
gene1787	121	62	104	163	140	83	104	252	308	149	201	97	157	187	152	87	127	150	79	237	107	72	77	57
gene1788	55	34	25	10	37	26	37	59	31	66	29	31	21	38	34	29	27	27	16	53	45	17	8	24
gene1789	29	9	23	23	12	30	12	19	31	9	6	3	13	42	31	15	19	35	8	40	21	1	6	24
gene1790	152	4	82	81	3	132	50	91	62	42	51	55	29	67	58	23	32	71	41	98	68	5	34	44
gene1791	43	49	28	65	39	41	57	56	101	36	51	24	51	46	67	37	36	38	17	70	37	18	14	55
gene1792	68	34	17	34	16	39	20	48	48	20	113	55	54	103	71	8	53	31	20	82	132	23	9	5
gene1793	0	0	0	2	1	2	5	1	17	9	9	1	0	1	2	4	9	0	0	3	0	0	0	4
gene1794	133	92	78	112	62	120	79	168	94	164	141	39	74	160	129	114	85	109	56	120	104	51	90	59
gene1795	798	287	248	416	367	727	436	1145	774	465	1020	464	617	667	581	380	650	651	280	842	471	481	473	324
gene1796	607	628	445	573	136	528	258	467	499	716	1094	801	289	616	863	1201	1292	621	112	1028	993	299	177	125
gene1797	3662	2785	2359	3757	3264	2999	4610	5388	5217	3501	5594	3222	4640	4191	4550	2398	4752	3695	2331	3341	3692	2160	1506	2053
gene1798	238	55	37	230	152	227	135	599	284	380	301	132	310	193	171	108	139	211	61	288	100	89	162	99
gene1799	13	29	18	46	29	34	10	15	28	23	43	26	48	28	18	24	26	27	20	15	33	20	8	30
gene1800	374	125	241	212	200	208	134	432	379	418	249	212	416	236	191	234	217	345	184	675	328	180	200	139
gene1801	1170	475	498	847	548	736	744	991	901	943	1455	513	1652	865	638	631	721	397	179	1430	1125	714	713	590
gene1802	2209	1427	1782	2101	1644	2102	2119	5059	5101	3309	4103	1809	3245	3922	3074	2284	3008	2478	1452	2785	2687	1969	1752	1938
gene1803	624	461	205	388	313	465	435	1078	637	457	423	241	698	530	325	367	697	469	230	826	444	358	271	254
gene1804	2049	967	771	828	638	1232	1605	1316	1511	1657	1062	923	2192	1491	1772	1215	1610	560	585	1674	1426	487	1054	1134
gene1805	305	110	39	209	160	228	134	320	401	176	560	330	153	621	104	242	212	216	203	267	721	180	253	127
gene1806	13	23	19	5	14	6	1	40	7	69	20	1	65	10	33	19	16	32	5	10	6	4	5	21
gene1807	41	20	25	19	21	46	27	155	29	39	19	18	37	44	18	15	45	18	36	54	34	28	35	14
gene1808	3394	1768	2206	1356	1824	1349	2661	4778	3010	3041	4599	466	2087	1214	1727	1840	2645	2645	1004	5016	4532	1567	1534	3184
gene1809	202	302	239	284	290	410	359	1004	205	228	460	350	440	819	550	111	346	389	134	335	556	365	263	202
gene1810	50	27	46	34	25	33	34	98	54	48	38	21	37	53	148	54	27	76	7	51	16	6	44	66
gene1811	90	38	37	88	36	7	35	24	127	18	27	87	37	76	35	30	129	56	42	31	47	12	42	52
gene1812	16	14	18	107	39	37	12	73	91	54	29	32	27	58	54	26	29	48	13	27	20	3	18	42
gene1813	238	210	223	127	91	118	85	278	239	217	225	158	219	251	164	192	275	118	76	210	154	75	134	121
gene1814	10	73	26	107	39	68	89	160	68	30	68	63	113	73	149	88	51	103	35	43	95	77	107	93
gene1815	26	3	21	23	30	49	37	41	32	19	35	17	25	11	45	15	42	34	15	30	30	10	19	22
gene1816	399	639	813	848	918	474	368	1876	1276	560	1423	356	1357	511	1374	803	1077	1747	560	1761	615	316	812	1011
gene1817	129	146	81	107	78	175	146	162	132	101	113	110	165	216	101	57	121	103	88	212	115	82	117	77
gene1818	95	146	135	176	210	466	402	1030	699	311	1084	114	580	1293	510	130	192	932	423	508	196	274	300	60
gene1819	129	56	44	87	19	63	60	35	106	122	91	91	80	40	44	21	32	28	12	24	77	15	4	28
gene1820	169	62	203	129	62	145	134	582	138	109	228	67	362	155	112	176	61	97	54	111	112	34	277	177
gene1821	1014	954	802	339	417	657	795	1365	1394	675	533	465	1201	568	1206	894	640	561	460	497	665	188	337	269
gene1822	629	328	529	339	399	590	442	404	108	391	338	253	94	209	295	151	64	918	305	398	129	46	224	189
gene1823	515	507	384	564	350	999	561	1369	878	602	316	486	460	1811	717	197	890	538	491	385	292	396	256	253
gene1824	8	14	2	10	3	5	3	0	6	3	1	0	5	1	3	0	8	8	0	17	9	1	20	1
gene1825	180	103	190	219	87	162	125	266	355	172	298	169	258	144	175	251	156	57	77	342	126	106	65	67
gene1826	72	75	93	109	55	169	87	98	298	88	120	75	66	135	86	71	120	98	58	148	87	44	26	81
gene1827	60	10	9	8	13	68	7	16	131	25	72	18	15	23	60	29	70	43	16	1	38	26	40	42
gene1828	31	24	92	7	15	15	51	199	42	23	62	39	51	70	36	27	59	23	76	114	18	24	23	73
gene1829	2561	1508	1365	1504	987	1544	1755	3353	3552	1945	2443	1466	2106	1617	2521	1336	2875	1804	920	2091	1473	674	1535	1529
gene1830	247	163	160	165	187	137	463	752	352	155	435	121	255	176	334	232	207	147	96	169	145	82	154	78
gene1831	84	115	80	89	54	64	131	233	202	83	104	63	97	150	98	97	152	74	37	68	131	26	84	111
gene1832	515	353	283	192	201	214	333	1718	807	599	1071	448	385	711	476	315	568	982	186	962	537	222	420	288
gene1833	61	62	41	42	20	37	34	107	86	47	106	21	68	64	66	34	42	55	17	53	51	21	23	50
gene1834	143	181	108	314	71	320	158	206	413	145	186	221	433	182	172	134	170	96	148	477	285	172	52	93
gene1835	1635	1285	712	755	1186	1196	2222	1999	2200	1210	2271	401	1279	1514	3276	868	1278	1408	1478	2295	1397	828	504	630
gene1836	98	9	10	48	44	54	58	153	254	12	185	42	140	41	81	68	125	136	53	65	26	35	74	41
gene1837	8	2	71	38	39	30	36	98	34	68	58	19	50	72	24	38	26	17	10	36	37	23	10	15
gene1838	80	23	34	39	34	30	39	71	29	69	84	24	20	94	43	69	26	51	21	64	52	11	36	48
gene1839	11	14	11	18	17	22	32	10	16	18	16	22	138	29	78	11	28	19	30	20	18	25	21	47
gene1840	382	131	96	194	119	87	119	397	64	59	111	17	51	37	45	20	258	175	156	384	333	62	236	128
gene1841	493	236	282	204	78	197	167	233	94	287	197	304	89	447	260	170	156	513	131	405	320	161	79	77
gene1842	386	375	317	327	408	397	412	1442	857	345	947	441	771	609	795	568	284	616	261	850	596	267	395	275
gene1843	2370	1662	1102	2035	1874	1768	2803	2869	4788	2836	4036	1669	2829	3465	2486	1973	3131	1870	1264	2636	2053	1370	1191	1047
gene1844	1603	939	1017	824	448	849	1140	1867	1677	1337	1939	845	991	1074	1030	831	1236	1029	498	1566	747	529	783	726
gene1845	33	35	12	30	7	18	13	27	0	3	10	1	2	1	2	2	12	38	16	4	2	6	8	11
gene1846	2955	2973	2029	2113	2008	1827	3530	4659	4583	2528	3746	1835	3938	3416	2658	1703	2865	3242	1872	3819	2666	1151	2608	1505
gene1847	276	134	160	120	124	196	121	203	225	200	178	130	371	286	96	93	278	159	77	293	74	58	106	89
gene1848	49	55	86	84	30	36	73	77	71	49	81	86	51	64	88	54	32	17	22	39	51	11	15	18
gene1849	3559	1641	2161	1762	1896	1859	2975	4209	4137	2246	3733	2018	2931	2980	2969	1521	3635	2705	1371	3097	2608	1421	1451	2465
gene1850	263	194	172	366	355	98	260	828	446	405	290	306	475	87	169	179	717	614	137	495	890	207	198	75
gene1851	1340	711	1442	1100	1681	1260	105	6302	6149	2253	1860	1274	3891	3524	1848	5158	4650	432	975	2164	2879	843	930	833
gene1852	58	68	71	118	75	185	59	371	222	80	28	19	61	224	189	34	148	108	21	136	187	106	99	81
gene1853	22	46	10	28	29	27	19	57	37	44	45	42	22	33	30	39	26	61	30	78	27	21	21	19
gene1854	5	9	19	7	1	7	16	0	5	16	0	9	13	3	7	2	18	5	0	12	3	2	0	0
gene1855	598	391	644	778	402	791	616	935	1035	621	809	720	1391	691	392	634	1606	582	449	841	865	331	486	324
gene1856	3	25	38	42	18	62	30	113	22	29	7	15	61	38	19	10	37	64	11	42	63	19	21	43
gene1857	655	96	274	246	207	812	387	1183	718	791	1073	467	426	442	431	468	31	355	17	161	56	25	93	117
gene1858	99	101	169	112	85	174	167	84	444	51	63	96	153	299	113	133	117	274	171	366	175	96	92	69
gene1859	332	227	130	168	176	261	355	778	308	368	364	195	388	307	492	172	296	187	166	269	167	169	359	286
gene1860	1254	881	849	1009	711	885	796	1291	2036	854	1428	819	1438	1326	844	608	1239	1092	592	1386	1082	795	850	757
gene1861	56	55	50	48	22	31	68	96	70	17	47	44	38	136	107	26	32	35	39	79	55	45	37	40
gene1862	52	47	93	31	7	136	26	105	14	59	194	40	57	41	50	51	78	36	26	44	4	27	17	45
gene1863	75	101	118	69	52	120	199	202	80	46	137	26	37	90	138	63	61	43	78	54	148	51	77	36
gene1864	1042	402	315	911	160	643	1389	424	591	635	124	349	473	344	125	340	476	872	306	523	332	230	908	434
gene1865	26	50	104	15	22	47	13	82	33	30	28	95	59	31	67	35	59	62	52	45	37	20	17	49
gene1866	135	76	39	132	121	134	25	138	384	358	190	283	201	61	148	277	185	132	52	118	34	39	110	112
gene1867	529	249	375	366	262	405	379	725	432	557	688	221	345	516	606	431	674	479	232	537	516	216	416	287
gene1868	866	471	287	563	368	641	421	978	629	313	511	204	768	344	401	851	732	644	187	654	378	131	114	450
gene1869	532	431	370	523	113	298	410	806	982	756	178	483	420	358	668	285	914	448	173	311	502	350	192	97
gene1870	262	132	149	99	36	110	64	178	221	213	337	106	96	168	124	52	94	117	63	140	153	39	47	63
gene1871	722	301	485	333	181	217	282	842	849	656	534	246	363	176	560	202	556	510	258	532	316	153	291	480
gene1872	276	168	125	148	146	196	256	362	327	262	281	116	204	262	420	189	192	413	141	361	270	143	189	244
gene1873	23	4	21	54	1	110	11	18	50	18	96	28	55	181	9	165	249	3	16	93	30	85	8	18
gene1874	1673	836	2683	3038	469	3552	4226	3658	1872	888	1900	1364	3346	1447	5908	2585	4036	5666	1469	4857	986	836	653	1878
gene1875	3	2	6	5	8	6	0	25	15	0	9	4	3	2	1	2	30	8	1	11	1	1	6	9
gene1876	403	261	435	546	327	430	543	950	696	517	656	449	663	562	560	366	584	586	235	582	371	324	362	278
gene1877	249	155	184	244	217	84	293	525	177	651	272	136	226	223	320	117	239	110	25	169	75	67	307	265
gene1878	408	87	212	115	50	88	156	149	362	206	167	123	114	181	63	52	93	66	20	141	133	78	43	65
gene1879	37	21	71	19	32	77	57	60	65	56	100	25	78	72	58	29	52	33	21	71	61	46	24	22
gene1880	126	65	69	114	62	47	75	287	98	117	118	69	89	82	111	62	84	71	26	116	82	40	94	99
gene1881	3199	847	2026	1494	1353	1264	1385	6614	6834	2498	996	2175	2571	1103	1837	1223	1702	2347	1428	1454	2988	1242	872	1123
gene1882	127	121	77	86	75	82	86	151	117	118	132	64	102	137	123	95	143	126	30	177	76	75	98	99
gene1883	26	48	53	100	25	74	83	175	165	51	155	38	33	74	63	41	58	51	28	83	86	30	59	22
gene1884	10	38	4	0	47	53	14	75	23	78	26	26	32	15	24	26	68	32	18	20	25	9	9	1
gene1885	73	54	22	36	29	59	87	49	103	75	54	28	37	62	46	58	70	39	47	69	48	35	33	24
gene1886	103	54	44	142	117	155	113	157	232	149	272	111	133	210	104	84	131	126	49	281	201	95	111	53
gene1887	26	16	7	37	27	42	7	19	1	5	0	6	45	77	12	49	27	44	8	0	50	10	32	4
gene1888	1170	897	381	2033	595	649	1676	781	485	1030	748	535	1069	272	1629	418	273	903	281	599	3172	316	782	1156
gene1889	214	108	102	131	115	123	262	326	202	168	180	93	95	183	190	193	133	112	96	177	171	89	157	120
gene1890	1402	1609	652	1199	1126	1428	1529	2115	1886	747	1826	1205	1441	1606	2114	1392	1682	1922	604	1585	1254	520	789	922
gene1891	364	581	533	546	316	538	383	961	805	592	437	531	466	1038	714	549	514	488	711	796	711	291	426	274
gene1892	910	999	1208	990	279	650	1483	5893	6456	746	1018	1828	1845	836	779	900	2468	1543	865	927	1087	784	973	963
gene1893	2	21	4	26	0	15	3	21	21	3	33	19	3	36	6	3	6	6	6	33	11	14	5	17
gene1894	594	248	191	218	228	324	241	440	613	248	358	224	267	422	444	138	338	673	144	381	489	192	191	256
gene1895	105	57	30	168	49	44	48	105	66	155	41	61	49	61	84	28	497	355	336	778	370	280	246	93
gene1896	142	65	68	205	88	202	139	236	168	123	203	100	160	231	171	67	121	149	113	141	153	50	52	88
gene1897	65	31	88	28	32	16	23	60	67	33	105	54	118	62	56	55	16	51	39	60	81	31	39	27
gene1898	261	189	182	64	161	200	148	258	314	131	244	108	89	215	98	125	211	309	227	223	99	54	80	107
gene1899	145	165	49	80	122	78	105	163	160	208	344	94	189	225	87	124	150	136	20	166	164	75	91	71
gene1900	1	0	2	2	4	3	2	3	27	10	6	1	0	10	5	2	2	1	1	1	0	2	11	11
gene1901	848	343	352	290	750	287	567	426	743	537	658	214	773	599	234	213	563	636	227	619	306	293	146	214
gene1902	127	146	57	125	79	90	97	316	292	191	416	44	242	178	237	35	300	116	136	60	186	113	124	212
gene1903	17	6	31	15	19	20	23	62	37	5	15	19	43	49	33	21	51	27	27	66	10	10	24	17
gene1904	8	46	3	15	2	12	8	0	27	4	17	52	21	17	1	13	25	22	13	60	20	19	3	10
gene1905	40	32	64	34	26	18	44	154	34	41	43	44	38	50	84	9	21	42	21	52	73	34	15	42
gene1906	6	6	10	2	4	4	2	37	0	0	5	17	2	1	12	9	15	8	2	4	15	2	1	9
gene1907	139	176	88	157	125	197	122	407	138	155	241	139	211	185	154	129	226	104	87	122	134	119	126	97
gene1908	1411	910	1561	1506	1223	766	1326	3461	2935	1656	2491	845	952	1140	1872	1142	821	1373	690	3349	1664	1217	1713	1448
gene1909	193	186	111	161	119	136	149	326	481	231	469	316	297	649	464	332	205	212	94	230	150	136	70	65
gene1910	151	232	169	276	233	252	135	361	546	365	211	144	405	530	347	361	223	239	171	178	259	151	259	78
gene1911	24	10	23	9	14	43	27	25	1	6	25	4	3	26	9	21	11	60	3	12	17	7	11	3
gene1912	23	9	3	1	1	5	2	16	36	7	17	15	5	9	41	31	26	14	6	7	11	6	7	7
gene1913	27	18	8	34	7	20	30	41	79	31	30	17	34	20	38	25	19	29	9	44	43	8	41	48
gene1914	416	258	373	276	291	262	308	911	1253	276	456	242	427	483	503	320	289	318	266	464	456	271	230	173
gene1915	31	9	36	38	19	13	18	50	8	2	23	10	23	63	38	42	35	26	17	34	14	12	26	9
gene1916	150	262	208	300	175	131	258	873	566	400	489	233	469	283	224	210	429	352	363	223	240	84	280	179
gene1917	54	108	35	58	36	138	25	50	70	119	130	65	232	125	145	56	55	116	12	168	105	116	75	11
gene1918	418	174	157	84	118	193	149	342	326	327	457	121	217	214	223	173	857	561	282	387	369	212	215	294
gene1919	28	17	12	22	34	15	4	22	33	15	12	21	6	4	12	29	38	20	9	38	5	8	25	3
gene1920	62	30	5	20	21	15	10	32	17	43	32	14	34	8	42	6	41	25	20	25	66	8	26	13
gene1921	96	105	26	85	174	67	117	90	130	79	129	50	118	74	25	73	165	151	49	103	143	32	61	108
gene1922	88	49	63	82	70	52	79	229	45	73	91	32	129	110	41	36	138	44	34	187	108	20	127	74
gene1923	12	5	15	0	4	14	4	13	14	21	0	1	9	3	9	5	2	2	7	1	5	15	2	2
gene1924	498	128	199	204	186	400	326	531	180	221	325	244	405	395	552	236	341	532	116	313	289	156	161	207
gene1925	4	1	0	1	0	41	3	4	6	10	19	0	4	8	6	3	2	5	4	2	3	1	5	2
gene1926	43	43	40	75	31	56	61	103	43	24	63	43	122	51	46	42	17	53	75	105	66	40	57	10
gene1927	106	49	57	108	65	77	92	250	893	745	608	392	525	578	644	258	174	68	83	61	140	87	84	76
gene1928	42	12	34	50	8	32	89	94	71	52	67	22	37	13	44	33	63	30	14	34	47	13	24	9
gene1929	20	2	6	19	8	13	5	15	13	10	3	12	14	3	18	8	78	23	32	94	50	21	24	23
gene1930	43	35	49	104	37	87	122	98	92	103	133	21	75	172	49	89	103	56	41	58	117	41	28	44
gene1931	247	29	74	22	69	60	140	233	68	83	69	28	96	35	31	78	44	264	36	50	183	66	12	197
gene1932	22	24	22	5	24	39	12	31	27	17	8	40	6	5	7	22	38	32	60	58	17	18	11	13
gene1933	5	19	0	5	10	25	22	10	10	24	14	7	16	11	11	13	3	17	18	13	20	10	5	5
gene1934	14	9	4	9	6	4	36	78	20	15	2	6	2	2	81	24	49	60	6	3	40	2	16	1
gene1935	92	54	25	51	82	114	91	82	103	73	96	24	125	178	93	18	23	49	13	27	147	35	42	42
gene1936	76	37	57	21	45	39	54	165	122	73	68	51	65	102	130	37	115	94	32	53	104	49	69	66
gene1937	2257	934	1114	2642	1133	1656	894	996	2490	786	904	1287	2741	2060	1919	1737	1743	1045	601	1528	1383	810	1087	782
gene1938	9	27	18	13	10	17	10	18	22	16	13	19	16	14	14	13	15	10	6	27	24	4	10	15
gene1939	220	163	144	226	344	336	206	274	420	315	248	385	533	465	426	275	334	269	140	382	409	165	191	165
gene1940	47	31	26	57	65	7	61	60	60	90	10	37	50	72	80	59	105	88	22	53	71	19	41	60
gene1941	119	97	138	56	104	237	211	534	262	124	202	96	287	108	134	122	122	214	83	520	190	60	168	123
gene1942	42	18	31	21	30	38	23	154	73	40	81	46	42	37	44	31	28	41	17	62	31	22	25	36
gene1943	213	563	701	82	239	234	338	475	173	640	806	441	775	768	526	137	373	413	128	448	742	108	684	476
gene1944	0	8	4	1	0	3	13	11	16	28	12	3	14	0	13	11	22	11	7	24	4	1	2	0
gene1945	129	56	110	158	125	151	159	170	264	127	230	80	250	61	211	134	124	140	99	227	199	75	124	99
gene1946	124	52	73	146	70	213	96	301	54	157	231	45	110	108	131	159	173	174	112	126	133	22	65	63
gene1947	735	513	384	833	372	728	914	938	710	649	709	555	784	448	844	409	748	979	348	909	484	436	289	322
gene1948	81	66	50	69	36	84	98	128	103	100	110	44	113	56	140	57	117	136	50	77	98	49	69	67
gene1949	125	136	342	203	138	187	179	307	347	327	266	66	86	185	199	90	242	433	227	376	407	207	142	92
gene1950	105	136	177	218	202	229	303	556	77	46	33	41	43	72	30	33	358	279	67	226	187	115	158	285
gene1951	67	32	51	67	57	30	44	103	58	51	48	28	63	13	29	31	80	26	20	73	61	21	33	69
gene1952	175	75	116	91	65	96	173	243	118	102	148	87	79	82	87	106	192	93	43	134	145	85	129	156
gene1953	128	135	110	77	112	112	115	209	79	109	156	61	156	89	200	122	118	116	64	144	96	59	93	95
gene1954	1097	529	543	436	469	702	643	894	1067	851	1701	471	856	1023	1147	634	656	874	509	1545	620	556	561	528
gene1955	137	135	61	274	57	78	244	408	268	114	57	110	322	168	67	39	178	159	130	273	186	131	113	39
gene1956	227	139	89	236	184	119	157	288	143	215	191	175	245	200	452	68	247	398	181	203	151	192	89	96
gene1957	5557	5070	3753	5018	3812	4623	3987	9702	5892	5274	7718	3178	7790	6688	5589	3044	6153	5862	3254	9186	4376	3128	3007	4942
gene1958	278	232	104	281	238	200	186	437	186	258	419	242	175	277	369	216	437	378	194	327	175	169	150	208
gene1959	252	161	253	145	143	280	250	508	262	285	194	176	346	339	160	217	200	308	75	361	286	170	157	182
gene1960	229	106	259	205	212	284	287	580	428	273	432	212	247	346	332	186	267	436	218	336	353	157	132	132
gene1961	1493	1147	994	1479	1325	1709	2476	1546	2380	2326	1625	2028	2718	2070	1293	1153	1414	914	916	2501	1128	423	1112	1562
gene1962	866	442	437	672	369	894	675	1106	1024	545	859	380	540	826	422	458	623	838	298	1067	1156	354	285	275
gene1963	217	175	189	238	103	96	216	409	291	128	248	133	166	169	217	180	171	185	112	216	113	69	147	120
gene1964	43	40	63	71	25	31	29	127	80	45	83	31	35	46	43	69	42	38	23	62	56	20	41	25
gene1965	330	62	83	637	322	454	303	88	394	112	93	344	93	501	35	221	348	85	37	159	199	125	84	44
gene1966	128	86	253	342	62	335	85	1192	578	92	227	89	199	83	152	224	448	147	129	39	190	9	131	178
gene1967	4	10	5	0	0	9	3	17	3	7	17	5	10	32	14	14	2	15	0	8	5	1	1	6
gene1968	20	37	20	5	2	5	13	12	7	4	14	6	13	30	7	4	16	13	4	21	36	17	10	7
gene1969	5	19	2	6	4	3	5	2	6	26	6	3	4	4	10	3	9	7	10	12	6	2	6	2
gene1970	910	612	548	704	310	1371	680	2467	2123	817	532	949	858	2016	1061	1660	1781	1872	1018	1608	1883	452	849	1547
gene1971	289	152	320	186	156	234	441	1243	449	346	650	281	351	713	325	314	384	476	236	351	399	143	166	503
gene1972	8	0	2	7	1	2	2	1	13	0	0	2	2	4	1	2	1	11	3	3	1	0	0	2
gene1973	291	189	223	152	60	256	230	789	215	209	234	329	151	298	238	221	866	255	155	611	390	155	254	204
gene1974	75	178	53	116	40	141	37	168	121	300	186	84	170	81	224	31	151	359	101	117	53	72	17	46
gene1975	153	25	167	159	112	166	31	103	124	40	50	55	135	49	131	87	125	24	46	125	108	77	55	31
gene1976	26	57	21	67	15	16	15	71	96	57	32	26	34	9	40	58	29	39	10	40	46	48	13	46
gene1977	7	45	3	8	11	7	63	27	12	11	37	3	24	30	19	11	10	11	15	18	8	3	5	17
gene1978	603	402	282	442	281	381	382	897	611	336	984	408	594	762	552	367	809	611	365	1041	533	278	406	353
gene1979	33	14	22	31	10	28	57	18	74	24	64	26	29	36	73	34	86	75	40	53	39	27	60	22
gene1980	105	80	76	39	51	85	110	137	56	153	211	65	45	122	119	61	127	104	53	139	114	50	87	73
gene1981	1137	240	322	73	154	150	684	930	390	148	411	247	297	361	285	216	314	261	176	1199	790	73	344	164
gene1982	351	133	210	7	345	374	417	501	133	79	422	85	520	507	241	209	284	561	119	213	210	50	81	531
gene1983	89	52	65	55	31	98	76	58	88	28	113	41	74	103	158	27	81	72	44	97	75	30	33	45
gene1984	37	39	31	39	26	23	38	136	46	88	34	38	83	36	63	48	54	21	33	48	72	31	32	34
gene1985	202	233	171	278	210	278	144	303	195	403	317	108	193	251	257	153	178	389	144	377	239	158	149	124
gene1986	23	6	8	20	14	12	2	25	40	26	27	27	7	48	17	5	6	11	7	28	32	6	6	20
gene1987	242	154	142	145	134	103	153	407	100	65	118	24	54	105	120	21	188	248	74	166	294	109	179	102
gene1988	137	71	59	120	147	61	139	491	213	86	262	135	88	50	208	37	157	225	102	141	96	47	68	45
gene1989	99	162	97	129	139	138	346	363	451	254	470	149	158	188	450	174	394	186	97	147	202	130	133	136
gene1990	72	99	46	138	58	104	64	72	159	96	133	128	125	91	51	91	102	29	37	118	74	32	81	110
gene1991	3	2	2	6	3	4	2	21	24	16	6	18	1	13	11	8	2	3	0	4	14	2	0	6
gene1992	19	7	3	9	6	0	1	2	2	15	0	0	8	0	1	0	17	2	1	3	7	1	4	1
gene1993	22	33	20	3	5	38	6	6	24	10	71	15	53	21	12	10	32	18	4	6	7	1	20	11
gene1994	180	150	170	150	201	15	232	407	361	201	411	239	333	160	202	126	245	502	142	239	85	143	169	159
gene1995	159	37	77	114	30	33	131	274	54	58	45	18	84	59	68	17	108	128	52	99	61	6	145	39
gene1996	28	18	15	22	45	33	22	64	56	26	31	26	48	48	30	29	35	38	16	17	46	6	37	23
gene1997	8	3	28	65	11	33	57	56	28	33	60	29	42	34	54	25	46	53	26	26	66	42	7	49
gene1998	216	245	263	307	110	300	317	383	673	349	423	329	637	313	462	334	283	464	109	340	500	202	255	278
gene1999	12	6	6	1	6	5	3	32	7	1	12	13	8	4	7	15	1	7	3	15	1	0	1	3
gene2000	442	324	224	580	377	553	358	752	427	765	891	490	576	899	572	368	448	268	145	559	269	350	218	217
gene2001	426	114	201	526	140	204	237	456	181	565	421	251	241	349	152	256	320	249	129	246	460	136	177	179
gene2002	42	21	22	65	30	40	23	80	32	24	66	14	29	25	32	25	25	48	15	25	32	9	31	24
gene2003	128	107	54	112	73	134	97	78	211	123	142	86	148	75	52	117	131	85	90	94	91	58	28	47
gene2004	609	461	475	607	258	639	430	736	400	579	531	598	574	1066	439	508	377	361	242	457	412	219	245	197
gene2005	1577	978	1023	1186	742	1316	1218	1809	1897	1115	1641	809	1232	1162	1282	674	1520	903	469	2077	981	371	551	921
gene2006	1483	887	1184	1318	1135	888	1302	2284	2698	1649	1821	662	1615	1006	1672	913	1619	1565	680	1380	1181	672	910	702
gene2007	216	235	194	134	102	105	283	405	535	247	335	168	239	249	410	221	235	321	195	284	207	83	174	234
gene2008	135	77	100	57	53	135	54	85	46	31	107	63	161	133	66	19	139	148	69	93	83	78	24	63
gene2009	386	237	257	166	176	229	313	442	278	316	365	189	257	404	431	181	94	107	37	89	116	61	68	47
gene2010	83	50	93	53	40	88	122	133	98	79	138	36	58	139	133	65	83	76	44	155	114	38	42	59
gene2011	33	24	6	18	18	71	20	70	10	38	27	11	21	51	52	37	9	19	19	7	18	3	2	12
gene2012	637	472	425	434	439	374	300	533	802	686	630	361	661	540	687	398	530	385	227	830	707	191	178	328
gene2013	683	231	248	435	166	267	384	707	777	395	590	320	448	312	420	236	369	538	183	500	495	98	204	256
gene2014	695	765	687	616	490	649	1033	2612	1548	774	1396	379	630	1040	943	508	657	1047	422	870	605	485	465	424
gene2015	1123	1867	1074	594	976	1022	1297	2837	1772	1726	1267	1914	3549	2503	1974	3365	1900	1779	990	2632	2824	1208	1648	1882
gene2016	1775	1438	1544	1568	545	1236	761	1510	1101	1498	2291	599	1967	1805	1757	1284	1839	753	574	1038	2501	516	722	960
gene2017	560	471	256	550	268	309	534	687	582	557	572	360	527	628	418	502	230	146	95	233	246	93	142	104
gene2018	68	52	69	155	55	223	55	178	151	137	115	71	168	84	76	63	239	223	132	259	119	108	178	119
gene2019	87	124	136	64	23	233	25	223	82	99	63	119	179	284	52	92	143	41	73	7	138	43	158	244
gene2020	88	34	31	61	54	72	13	145	117	44	138	37	102	28	96	27	60	48	51	85	120	33	44	35
gene2021	58	27	39	49	18	31	17	90	95	20	28	20	17	31	41	21	69	20	16	32	53	19	22	21
gene2022	100	35	43	51	26	49	144	118	25	111	59	31	80	64	145	40	60	30	71	52	55	40	103	67
gene2023	238	268	274	220	234	324	411	463	318	126	608	235	354	538	440	114	220	466	172	439	232	437	170	167
gene2024	382	174	137	173	150	143	271	196	207	174	236	145	234	165	215	162	198	204	60	287	193	91	103	184
gene2025	8	23	14	22	12	15	30	21	17	11	33	9	8	9	22	6	29	10	11	22	33	5	5	5
gene2026	731	451	839	441	730	661	1498	1679	2441	718	1785	442	1681	1467	1207	1102	977	923	598	1180	699	427	623	928
gene2027	1083	799	858	981	649	1041	1185	2379	1227	1130	1399	854	1231	1825	1281	655	1249	1120	497	1188	1049	481	762	790
gene2028	3861	301	172	504	1227	612	628	2402	4279	1280	1151	589	1001	2664	3057	190	841	1593	1004	1493	956	487	717	1114
gene2029	28	7	26	16	21	2	15	28	31	12	56	10	5	11	22	18	4	22	9	20	12	30	9	10
gene2030	31	73	21	43	15	22	104	85	78	62	100	42	105	54	46	54	107	68	16	32	51	30	67	33
gene2031	71	19	105	189	40	61	91	243	99	36	182	66	136	67	90	45	56	65	29	135	72	64	73	130
gene2032	85	38	67	60	32	56	32	110	79	59	61	43	91	57	36	26	40	53	36	126	82	53	35	19
gene2033	106	15	38	58	47	21	73	96	74	66	76	46	48	80	47	43	58	40	25	42	84	25	25	25
gene2034	46	20	18	86	42	37	46	19	87	150	78	63	47	5	23	8	96	17	27	21	26	20	12	31
gene2035	144	45	9	19	60	15	113	28	62	5	14	8	106	9	99	19	28	62	28	44	85	1	62	19
gene2036	106	39	54	29	53	25	77	99	40	50	76	48	78	40	63	29	45	43	31	43	48	31	29	74
gene2037	92	57	60	109	56	44	79	133	130	79	79	44	90	93	76	38	83	63	42	86	43	42	37	52
gene2038	423	132	86	227	118	43	124	157	258	66	503	93	241	230	8	4	68	137	190	152	56	273	300	102
gene2039	267	234	122	418	267	168	272	299	339	468	521	272	275	643	467	292	366	234	199	223	342	116	112	282
gene2040	1053	601	399	476	479	563	658	675	820	566	735	620	1114	533	600	696	673	515	317	932	966	293	480	696
gene2041	60	13	28	51	30	66	12	112	10	8	8	3	2	3	4	1	34	61	32	46	14	16	25	39
gene2042	88	97	109	134	67	152	108	229	172	247	178	104	156	167	168	117	158	156	112	196	212	51	92	98
gene2043	9253	6242	2725	6635	4402	4003	4509	9863	9424	7531	6548	6058	9128	5846	6355	4641	6939	4295	3341	8438	6683	3140	3187	3761
gene2044	153	36	85	45	26	123	22	83	114	14	71	49	47	73	95	37	49	44	52	67	54	19	29	23
gene2045	427	399	304	269	232	212	394	753	665	400	499	222	321	352	418	390	578	442	231	551	198	219	243	285
gene2046	83	28	34	6	18	68	35	53	74	27	38	35	56	32	24	82	32	24	60	41	46	26	16	26
gene2047	1075	470	691	653	495	710	530	1547	945	743	928	499	817	772	599	337	741	961	404	1135	557	339	423	366
gene2048	230	190	229	255	186	192	225	710	556	322	295	432	487	294	437	292	520	348	109	438	363	163	329	214
gene2049	55	7	23	41	21	11	11	95	119	16	47	13	13	19	44	6	60	20	6	83	19	2	20	9
gene2050	1442	721	614	591	487	520	979	918	831	654	177	553	790	841	412	276	1326	533	137	1390	310	315	456	496
gene2051	1001	610	404	741	514	587	720	1112	1540	544	808	848	792	1190	805	589	933	1675	696	1701	700	403	782	417
gene2052	919	343	256	637	375	413	454	1538	1000	914	599	788	831	599	630	694	997	759	246	756	672	351	1100	522
gene2053	0	1	1	3	14	7	0	0	0	2	4	0	4	3	2	0	0	9	0	1	0	5	1	1
gene2054	240	88	78	152	113	199	246	183	400	62	56	165	184	208	259	46	92	181	115	95	115	106	177	89
gene2055	1131	576	1671	1089	772	2367	980	3192	1852	950	2256	1460	1793	626	1915	1198	1761	2465	1304	1694	291	837	2348	749
gene2056	104	19	114	30	58	141	70	129	91	75	122	102	217	164	63	41	181	304	42	173	328	76	63	110
gene2057	39	33	29	44	16	11	44	38	82	39	75	29	20	49	38	45	63	81	23	84	52	31	47	26
gene2058	161	133	34	70	41	62	30	115	218	98	101	63	160	146	56	74	82	129	36	55	86	63	76	136
gene2059	0	1	4	0	7	2	0	5	0	1	0	1	16	3	0	0	0	2	3	5	5	0	3	2
gene2060	9	24	12	17	16	6	20	83	10	6	41	5	17	13	45	15	24	19	14	35	33	10	26	10
gene2061	173	86	92	98	79	123	70	106	171	207	245	75	91	51	131	132	106	128	71	65	45	38	50	76
gene2062	443	631	642	119	911	796	476	502	307	168	1321	259	546	149	890	662	406	233	143	650	606	328	435	191
gene2063	212	155	159	98	51	248	134	200	287	164	215	94	217	147	158	182	245	208	62	204	167	68	89	172
gene2064	492	285	326	327	251	156	210	370	1140	421	390	220	421	378	324	93	371	426	212	546	264	238	143	302
gene2065	29	15	13	13	15	8	42	62	33	16	62	26	1	16	43	25	25	30	16	28	9	11	10	6
gene2066	1413	1729	1205	1577	753	1446	1760	2346	2268	1487	1376	1217	2535	2283	998	1167	1290	1784	732	1714	1975	795	1138	863
gene2067	1066	795	930	619	493	590	621	905	1249	679	1455	343	1305	1082	857	694	644	1416	325	739	875	355	516	639
gene2068	679	148	308	282	331	471	253	471	1856	778	1077	974	933	1017	675	727	325	266	196	424	378	207	155	87
gene2069	256	65	13	196	53	35	77	198	111	28	73	81	156	87	351	127	72	28	30	21	47	121	91	95
gene2070	425	940	319	584	523	573	310	148	543	1078	825	302	678	1549	382	400	179	581	339	587	1574	411	202	197
gene2071	50	44	38	33	6	25	21	97	20	19	78	14	55	18	37	19	47	48	26	3	19	11	33	38
gene2072	26	8	24	40	13	40	25	91	37	6	58	9	64	14	28	29	34	13	19	44	21	25	18	30
gene2073	2	9	0	0	0	5	0	2	3	2	4	0	2	1	0	4	0	1	0	0	0	0	0	0
gene2074	250	108	132	205	95	116	280	223	295	229	231	81	139	168	202	123	201	190	62	137	148	78	102	132
gene2075	0	2	0	5	10	14	11	1	14	2	5	3	6	0	1	0	10	12	3	2	0	0	1	0
gene2076	143	92	137	119	108	117	86	268	151	177	149	71	131	110	149	82	107	91	73	152	89	61	65	79
gene2077	407	323	282	77	244	173	182	513	452	265	372	210	189	355	205	165	506	282	150	369	387	104	172	144
gene2078	478	162	248	153	270	757	469	555	450	398	412	378	765	406	380	430	250	322	266	713	856	577	320	208
gene2079	635	370	480	485	148	642	472	829	1417	854	726	656	331	257	462	299	905	513	340	615	702	203	904	425
gene2080	261	212	230	452	182	501	348	454	490	333	416	241	692	367	222	263	228	324	138	513	554	224	198	309
gene2081	19	28	21	40	24	13	67	58	61	32	51	22	44	39	23	8	31	40	21	31	66	37	28	17
gene2082	756	550	405	319	428	319	372	1280	1278	762	591	400	948	655	529	359	644	660	252	603	575	190	175	161
gene2083	177	107	83	141	166	302	129	334	313	200	193	93	242	268	155	76	277	125	84	222	157	58	49	117
gene2084	20	1	2	5	8	24	1	6	4	6	17	7	5	21	6	5	1	0	2	14	5	2	1	4
gene2085	20	49	62	179	153	81	28	131	70	99	107	50	13	181	129	19	56	100	28	431	90	57	99	52
gene2086	6	0	0	5	8	1	4	8	3	2	3	0	8	7	8	6	8	21	5	12	1	8	0	21
gene2087	23	6	13	53	38	11	45	38	25	11	59	33	30	31	30	58	20	37	14	33	38	5	12	14
gene2088	38	55	17	24	28	32	99	110	57	15	73	42	62	94	79	59	116	37	52	84	31	55	15	19
gene2089	14	41	50	62	48	75	20	28	169	31	98	21	64	100	17	7	37	32	21	67	35	20	13	4
gene2090	946	603	225	289	412	233	571	692	759	655	705	433	1003	352	746	655	674	1010	341	411	372	183	210	440
gene2091	399	106	142	370	118	216	144	37	299	131	124	99	156	143	236	122	141	86	9	25	242	59	34	69
gene2092	26	9	18	42	29	34	23	100	49	10	19	27	67	11	72	41	23	20	22	39	21	23	4	12
gene2093	41	27	35	36	41	75	63	105	36	40	30	18	77	40	40	49	27	64	5	44	28	17	53	28
gene2094	40	31	31	40	50	49	20	138	40	38	92	64	75	94	39	68	112	23	24	87	122	25	9	37
gene2095	421	116	112	118	144	144	87	216	241	104	225	140	274	179	150	59	195	187	91	158	111	58	92	94
gene2096	541	64	206	182	210	55	223	525	525	125	343	314	218	204	248	205	542	165	256	332	208	82	214	133
gene2097	153	12	26	74	39	54	101	24	70	180	53	76	125	62	48	93	116	58	6	155	87	35	29	65
gene2098	105	71	36	94	44	57	113	94	110	92	73	49	120	53	73	88	75	37	39	80	69	26	39	50
gene2099	91	129	142	179	92	211	300	437	453	374	352	92	405	411	504	71	280	418	50	184	327	155	100	460
gene2100	27	24	18	26	16	53	26	39	42	18	17	31	31	38	44	59	50	26	6	61	11	12	31	20
gene2101	76	34	59	74	46	71	91	232	107	110	167	92	148	77	105	110	102	160	40	85	85	62	61	55
gene2102	53	110	92	62	52	78	70	161	127	88	143	76	159	139	37	76	86	153	71	77	97	56	76	63
gene2103	42	13	20	26	54	106	7	62	111	57	75	47	60	39	9	14	44	35	26	74	39	8	12	17
gene2104	44	20	25	43	30	22	37	93	75	72	72	15	52	65	36	24	42	34	9	55	24	39	43	21
gene2105	90	75	46	55	45	71	47	152	100	73	36	53	77	73	88	40	118	48	34	75	47	55	69	34
gene2106	17	38	29	85	11	44	15	58	46	29	27	9	24	62	8	29	6	17	5	23	3	4	25	3
gene2107	105	67	80	98	81	71	176	292	1193	1096	788	414	1148	815	1091	665	187	90	39	114	120	55	58	82
gene2108	74	4	7	8	4	57	3	61	17	9	12	18	9	10	5	7	1	40	3	18	9	11	6	17
gene2109	461	68	307	130	110	74	32	471	311	73	371	239	340	305	207	135	90	98	97	392	317	38	166	187
gene2110	48	43	68	36	36	27	76	41	100	27	24	32	100	98	59	46	109	94	22	32	92	36	31	12
gene2111	613	221	509	552	303	369	160	645	551	596	406	240	607	648	566	490	872	289	265	931	723	318	476	262
gene2112	211	190	224	252	180	221	369	235	240	273	237	160	192	379	273	195	198	318	168	264	195	161	169	187
gene2113	34	66	71	45	30	47	35	81	89	73	98	38	76	32	83	49	49	29	51	73	19	31	18	46
gene2114	33	67	96	60	52	54	35	178	227	51	76	50	160	76	56	44	64	68	31	63	65	47	43	33
gene2115	337	472	180	175	224	241	548	773	369	252	423	109	245	295	395	262	259	462	142	302	247	282	157	71
gene2116	554	325	330	284	220	472	276	892	910	728	249	271	584	751	350	193	538	399	203	623	332	241	246	232
gene2117	248	139	106	549	328	120	525	342	254	110	1179	64	151	154	130	232	81	610	629	12	158	174	28	87
gene2118	255	123	122	240	151	173	163	233	298	271	350	122	250	189	224	133	157	202	194	286	286	141	85	94
gene2119	6	8	4	5	2	12	2	23	12	15	7	13	20	13	5	0	1	6	10	9	11	4	1	6
gene2120	228	107	156	94	105	163	156	224	298	157	121	143	220	238	101	163	223	80	77	207	112	89	88	82
gene2121	1	7	9	0	7	31	1	52	11	29	25	1	2	23	3	10	21	1	1	18	5	9	6	8
gene2122	229	46	86	100	85	192	151	222	293	126	166	79	155	243	101	175	98	147	95	394	158	104	22	66
gene2123	27	48	24	37	19	64	54	77	51	53	50	24	54	79	25	30	59	57	19	43	34	22	57	65
gene2124	160	83	155	130	47	120	116	147	121	83	181	66	91	133	185	63	113	122	70	130	189	40	108	92
gene2125	46	15	8	24	15	24	21	44	43	16	44	32	40	35	64	16	22	31	7	30	34	4	2	15
gene2126	94	109	55	131	65	67	211	303	297	136	114	71	211	172	142	171	147	94	45	105	193	53	59	62
gene2127	1319	990	745	1534	865	1330	1110	2770	2148	1973	2270	796	1241	1684	1611	1411	1686	2090	840	1461	1329	1008	1106	948
gene2128	1834	2958	2095	1089	1679	1157	2696	3735	2794	1885	4063	1549	2340	3008	3471	2215	2694	2752	1152	3527	2583	1204	1181	1546
gene2129	0	10	0	1	0	2	1	4	5	0	5	0	12	11	1	1	0	2	1	1	0	10	0	1
gene2130	5	11	2	9	25	11	7	56	24	14	17	9	20	16	15	12	8	25	3	3	6	1	4	2
gene2131	8	25	14	8	7	19	4	64	24	17	29	6	12	30	1	2	31	5	2	16	20	22	5	4
gene2132	8	7	23	16	5	16	4	28	39	31	37	13	41	11	8	2	38	1	11	28	11	0	3	21
gene2133	4434	2429	3565	3376	1979	2712	3389	5741	4878	3251	4956	1935	2786	3825	4433	3235	5090	4058	2107	2884	3198	1622	2000	1643
gene2134	1013	640	856	204	167	683	632	1671	918	897	892	120	647	607	385	462	634	425	291	1585	258	140	843	546
gene2135	182	91	45	44	96	100	160	206	169	109	114	84	172	151	118	93	71	107	34	208	128	43	111	66
gene2136	1261	745	870	233	459	239	454	709	904	195	1575	533	534	303	907	559	278	615	258	1991	430	187	495	370
gene2137	4529	4671	3699	3197	3812	4546	5403	5375	7072	3851	6034	2990	8856	9348	6194	2388	4583	3495	2381	7566	5410	1730	2481	2320
gene2138	457	255	276	298	286	401	417	466	693	397	515	474	447	355	699	506	345	455	93	721	864	221	208	359
gene2139	3222	1122	1672	2251	899	1944	1441	4407	3042	2652	3293	1390	2624	2170	2253	2271	2322	1327	1132	3839	1193	1063	2380	2297
gene2140	28	3	23	13	9	14	21	37	102	11	51	16	22	15	32	15	46	12	13	18	22	14	10	26
gene2141	39	10	7	8	7	21	26	41	22	36	34	14	37	41	2	32	44	6	8	29	7	13	5	16
gene2142	275	615	1140	306	273	349	405	1385	947	211	1054	177	312	803	600	1501	1030	1818	246	332	411	248	353	301
gene2143	540	531	241	699	625	247	596	218	4684	1204	1953	1077	1818	1527	1093	2657	229	347	295	664	567	289	332	231
gene2144	1313	462	917	354	507	448	287	1441	1272	337	453	348	468	995	409	313	717	577	224	470	308	348	341	174
gene2145	113	207	157	355	246	375	309	267	440	139	352	177	384	470	299	223	219	182	143	227	383	162	375	214
gene2146	42	50	33	33	41	43	62	124	44	19	25	13	16	12	30	15	70	68	50	98	32	20	30	30
gene2147	818	375	336	282	275	473	628	865	1445	434	506	276	1226	570	809	474	883	487	236	548	643	395	309	703
gene2148	1445	2798	2536	4572	1607	4315	482	5257	9696	611	2577	3835	3572	1581	1210	624	463	508	31	775	579	63	209	245
gene2149	1594	828	437	568	967	697	702	2188	1239	1070	852	724	1089	1342	655	618	749	1309	373	1048	904	649	492	344
gene2150	11	24	23	5	7	5	18	24	15	11	7	20	9	17	3	4	13	9	5	27	10	10	15	1
gene2151	230	234	110	246	282	277	392	374	288	259	155	231	148	325	213	588	240	581	158	207	126	120	120	105
gene2152	167	161	118	151	59	142	126	184	210	120	96	88	157	156	148	165	152	155	100	152	123	57	112	64
gene2153	309	80	165	69	39	102	125	363	282	101	320	75	91	66	168	119	169	225	129	75	62	41	92	96
gene2154	96	124	51	95	43	81	92	83	222	83	83	76	110	190	68	128	97	161	48	156	28	62	72	34
gene2155	25	5	3	13	5	17	23	37	62	13	23	3	27	21	16	9	16	15	8	17	9	1	0	5
gene2156	190	97	198	125	275	386	276	336	312	116	136	279	488	203	116	133	192	193	116	533	262	108	83	68
gene2157	1995	1001	645	1215	1120	1011	409	959	2524	643	886	291	963	2672	2006	485	2371	959	479	1203	1485	428	681	716
gene2158	800	705	632	434	1254	1574	525	3684	3598	1591	2939	898	1963	4565	2361	3472	1380	1397	90	2737	548	885	471	1250
gene2159	641	116	345	326	197	421	115	298	807	397	277	213	509	624	227	289	180	509	174	481	301	205	304	68
gene2160	50	48	21	26	36	48	33	43	134	43	61	51	71	103	180	81	28	41	22	80	35	22	24	20
gene2161	45	23	32	16	25	16	47	117	63	14	45	62	80	149	88	19	125	32	36	100	136	20	40	16
gene2162	48	65	31	76	61	32	44	31	63	96	55	29	122	101	60	52	64	74	48	78	36	32	53	28
gene2163	397	268	257	211	222	304	449	652	408	349	614	309	620	432	260	231	460	331	137	429	512	194	259	180
gene2164	90	83	83	124	43	102	88	134	182	116	158	62	81	117	103	63	81	89	73	77	74	52	44	60
gene2165	15222	7789	8810	17332	9128	19091	13236	21550	20246	14469	16617	12857	19048	17083	11980	13959	13339	11509	10070	17309	16373	10546	9072	10745
gene2166	171	114	65	55	45	70	49	84	120	144	125	64	55	76	62	33	24	48	47	72	89	38	44	71
gene2167	280	109	44	88	80	172	168	213	649	677	988	118	839	407	333	352	151	118	151	184	97	137	179	106
gene2168	111	67	63	99	103	38	83	70	73	152	92	172	91	37	81	100	118	94	23	191	68	44	100	61
gene2169	64	29	26	48	44	13	43	127	86	30	64	28	60	37	58	62	79	63	31	40	58	31	39	33
gene2170	452	421	239	457	182	471	312	546	811	780	561	588	899	523	423	228	584	179	343	496	320	366	250	185
gene2171	69	92	52	49	42	90	89	85	90	58	47	81	23	60	12	16	28	46	35	68	73	41	74	18
gene2172	127	89	61	154	117	168	210	199	376	175	73	77	215	247	123	166	111	92	46	114	117	65	90	64
gene2173	120	90	74	59	76	77	84	120	100	72	101	56	105	136	128	81	87	63	37	104	81	53	110	42
gene2174	0	0	1	6	0	2	6	1	5	2	1	0	1	5	1	0	0	0	3	2	3	0	2	0
gene2175	482	259	157	210	309	310	435	533	859	653	519	284	254	436	274	191	268	412	216	638	416	122	218	221
gene2176	130	149	110	85	125	132	204	282	78	165	31	96	262	233	174	130	237	413	28	102	146	160	55	78
gene2177	46	29	7	50	13	13	14	33	50	27	48	22	25	6	128	38	46	120	25	55	36	6	23	29
gene2178	1362	1064	900	584	568	762	1021	2192	10364	5892	8138	3076	4866	5969	6637	3889	1946	2303	882	1692	1274	640	1064	1124
gene2179	4	15	13	12	12	30	17	19	47	9	21	8	17	5	20	13	15	20	18	23	7	14	10	4
gene2180	1	8	0	0	9	13	9	17	0	1	8	0	1	0	3	1	12	4	0	5	1	0	1	6
gene2181	15	51	30	38	41	21	48	183	25	76	73	61	45	22	34	26	24	11	13	18	53	31	8	33
gene2182	56	28	48	25	6	5	10	83	45	15	40	6	8	28	9	13	13	13	14	40	12	2	1	16
gene2183	726	418	274	410	720	693	286	1227	299	714	749	330	716	398	644	562	656	364	302	471	461	404	202	363
gene2184	490	85	38	66	77	204	193	493	109	265	259	37	92	157	166	73	131	238	38	65	196	120	29	47
gene2185	55	75	22	43	70	70	83	129	158	79	85	51	73	85	90	46	108	104	35	90	106	34	60	70
gene2186	106	119	71	148	62	180	58	107	279	108	183	120	171	118	129	75	98	127	69	219	160	37	26	38
gene2187	23	11	10	15	8	28	31	54	30	48	28	18	57	45	19	16	37	41	16	24	19	18	29	8
gene2188	263	98	153	162	143	166	152	235	185	171	157	124	171	313	177	154	193	159	134	287	168	96	125	154
gene2189	171	98	85	192	137	49	226	181	199	164	357	112	150	178	347	141	201	150	72	215	127	97	93	111
gene2190	133	106	88	48	79	80	190	187	180	127	156	109	339	220	29	131	230	204	222	162	177	131	148	236
gene2191	149	71	39	156	57	92	87	167	150	76	153	114	132	185	121	140	170	102	45	240	185	91	114	61
gene2192	11	14	12	34	5	50	27	124	33	26	33	34	27	22	13	9	9	4	8	26	35	13	14	6
gene2193	348	447	596	512	517	420	557	410	616	543	982	258	615	567	544	300	620	400	185	593	497	378	352	245
gene2194	16	6	3	15	1	7	7	25	21	4	25	10	15	15	6	6	26	13	6	4	10	17	5	4
gene2195	4006	3120	4605	3128	3041	6894	3994	7602	8211	4231	5407	2560	9246	5738	3530	3416	4788	6385	3071	6907	4422	2237	4892	3235
gene2196	1260	991	1582	1346	969	2283	1716	3352	2734	1275	2352	844	2056	2115	3128	933	1200	2239	1041	2469	1133	934	588	1285
gene2197	567	246	146	206	105	78	254	360	317	324	445	166	261	267	352	247	212	274	143	449	239	58	209	184
gene2198	17	12	19	14	8	11	9	39	9	10	17	13	24	14	40	3	24	9	8	8	9	9	6	24
gene2199	309	223	160	323	91	241	267	356	576	416	590	160	380	177	289	149	276	182	127	573	367	111	128	193
gene2200	34	0	3	9	3	6	2	33	39	12	6	4	13	24	13	7	13	4	6	24	6	4	7	8
gene2201	196	68	34	18	41	49	59	252	125	84	155	60	68	48	91	59	47	150	38	46	160	14	84	59
gene2202	750	400	254	168	257	218	337	795	543	635	661	402	577	475	677	244	197	582	119	893	426	206	480	640
gene2203	425	341	348	577	266	429	518	889	862	479	710	395	530	539	535	387	416	505	241	706	612	222	354	377
gene2204	92	91	195	63	28	51	205	180	277	115	105	33	76	158	89	123	41	92	47	148	43	52	146	68
gene2205	96	96	66	74	26	91	73	204	144	52	59	59	65	56	73	21	100	83	40	128	45	19	76	13
gene2206	227	58	54	123	55	83	177	208	189	116	190	135	140	211	101	96	168	425	85	112	116	168	30	97
gene2207	5	4	7	15	3	24	16	20	2	1	12	2	5	15	18	5	25	16	9	5	11	4	12	2
gene2208	159	72	118	12	30	39	78	54	109	57	123	48	130	110	64	106	70	138	88	135	139	23	21	61
gene2209	2763	2014	1602	1492	1985	2756	2089	2936	3331	2866	2878	1773	3136	3470	2607	1655	1627	4268	1443	2177	2221	1177	1258	1989
gene2210	20	10	4	14	15	3	14	8	3	2	2	10	3	26	10	3	10	15	0	16	14	0	0	5
gene2211	1535	1035	1180	1813	1284	1259	1111	2185	2261	1668	2813	1797	1832	1694	1313	1093	1673	1958	832	2039	1521	679	832	827
gene2212	417	138	237	244	289	242	291	542	527	457	339	319	326	336	343	381	286	432	119	317	324	189	285	207
gene2213	84	32	25	80	10	55	84	124	73	120	74	26	169	83	48	55	82	89	17	95	39	10	104	8
gene2214	6365	3556	3641	4349	3290	4653	4625	7819	7377	4143	7740	3936	5458	7402	5491	3272	5296	7046	2697	6548	4501	2761	2693	3002
gene2215	119	69	67	59	9	127	142	234	223	187	15	282	128	258	230	152	106	223	61	98	178	14	19	71
gene2216	3565	2351	1499	2646	1359	1820	2021	4767	12172	6925	5004	5169	9097	4948	15031	6010	2417	3500	494	3201	2740	2086	1362	825
gene2217	137	73	178	116	103	132	112	228	213	135	266	78	105	146	170	81	153	143	84	132	139	67	65	57
gene2218	235	226	354	130	209	282	270	284	483	365	468	217	340	276	386	249	281	319	151	545	327	177	175	116
gene2219	51	24	58	30	31	22	36	81	49	43	117	34	68	51	73	21	91	63	16	62	36	31	27	17
gene2220	16	30	15	53	14	42	38	33	28	34	70	44	41	19	37	15	29	33	28	25	23	12	2	25
gene2221	1	5	7	4	9	3	4	11	14	5	3	3	5	3	6	1	5	2	7	6	12	7	1	2
gene2222	47	69	49	41	24	116	53	171	49	30	26	34	58	44	31	59	79	26	22	50	53	24	23	48
gene2223	616	144	416	348	206	360	306	278	402	477	347	384	548	351	503	286	1798	1451	602	2178	1226	942	480	497
gene2224	4	14	28	19	1	44	34	6	69	57	9	14	20	27	10	11	61	22	27	8	13	0	34	9
gene2225	8	24	9	11	16	28	18	40	79	22	42	12	18	37	16	11	43	7	4	52	42	5	7	10
gene2226	58	43	69	80	25	71	55	88	122	53	72	44	93	41	42	25	81	62	29	140	75	25	12	24
gene2227	169	96	129	144	147	88	134	325	158	171	270	160	227	167	164	92	141	173	124	198	156	89	120	119
gene2228	44	36	55	75	64	55	35	64	78	75	46	16	77	173	33	10	69	63	20	61	91	16	23	47
gene2229	1222	501	491	683	546	1426	884	1075	1418	882	1538	643	1150	805	615	620	839	673	485	734	754	433	486	698
gene2230	201	308	166	72	252	74	278	482	486	166	214	71	276	153	157	195	334	119	33	336	150	172	182	135
gene2231	127	54	77	84	77	157	81	134	228	99	190	83	117	91	80	127	198	111	55	159	106	63	68	80
gene2232	23	15	12	18	3	16	63	26	49	13	32	21	38	39	26	25	13	20	11	43	20	20	11	13
gene2233	18	31	14	22	28	25	26	23	75	43	27	27	44	20	17	23	51	68	32	7	43	5	13	20
gene2234	235	118	113	153	151	341	241	642	235	264	515	153	335	256	422	236	249	256	92	285	175	145	191	148
gene2235	44	15	94	257	10	100	65	155	54	31	153	67	178	3	105	79	48	61	28	175	219	52	37	59
gene2236	315	343	715	551	765	764	575	1481	1426	710	1407	1064	1526	881	838	795	831	382	448	1628	910	601	763	938
gene2237	3	9	6	8	1	5	12	21	18	5	14	18	24	6	0	3	27	11	4	17	11	38	7	8
gene2238	724	254	42	119	99	174	154	484	308	126	499	145	240	88	217	211	247	269	113	340	79	128	156	61
gene2239	65	36	36	12	17	24	81	168	60	69	86	26	72	90	69	56	69	60	16	189	86	86	46	67
gene2240	972	1298	1204	1672	867	1107	978	1141	2090	1274	1388	1267	2399	2448	678	1136	1344	1025	598	1852	747	849	424	565
gene2241	266	524	218	145	93	160	568	499	683	488	169	151	150	81	383	368	246	75	72	242	132	49	371	260
gene2242	8	13	20	6	36	45	16	24	29	1	41	29	48	16	35	13	30	16	21	3	10	43	22	19
gene2243	18	15	19	13	7	11	15	35	12	6	14	10	13	25	19	9	19	27	22	14	35	16	9	2
gene2244	258	45	186	190	107	184	181	534	308	190	339	96	197	294	310	177	182	261	49	205	200	201	159	163
gene2245	241	40	91	42	44	21	36	104	32	36	62	37	9	51	13	6	86	60	75	22	118	21	32	125
gene2246	86	18	108	20	85	124	105	201	184	240	149	187	234	79	30	43	66	179	66	188	55	24	89	77
gene2247	171	93	143	59	69	144	144	126	58	144	142	52	101	176	141	168	100	116	68	97	163	88	39	53
gene2248	437	250	347	316	141	332	383	693	532	349	356	331	303	314	563	272	376	370	224	358	239	259	182	280
gene2249	37	3	23	35	14	4	25	28	40	37	25	9	18	30	18	1	17	10	16	40	31	8	14	21
gene2250	53439	31384	28144	35626	18463	23714	29780	66680	22789	12655	18200	10259	17418	13897	16201	11202	51636	35185	19072	36140	35124	21307	30525	30344
gene2251	85	158	80	310	229	97	235	776	282	242	320	65	98	238	117	149	25	20	19	72	36	25	10	50
gene2252	68	43	32	41	42	50	45	100	96	44	137	13	102	75	67	65	37	61	58	67	74	38	52	31
gene2253	97	120	181	171	63	69	101	81	287	161	56	87	180	82	63	25	43	112	50	93	116	43	84	62
gene2254	554	234	249	612	113	381	176	970	383	455	492	296	253	658	838	163	242	252	315	251	204	255	228	109
gene2255	543	242	252	218	246	292	661	680	480	383	501	267	317	612	332	185	365	404	219	696	425	224	281	385
gene2256	3	3	0	17	14	9	14	1	3	16	13	12	12	1	13	0	16	3	4	3	7	4	0	6
gene2257	0	1	0	1	3	2	8	4	0	4	9	0	0	5	12	1	1	2	0	4	3	0	1	1
gene2258	174	67	82	52	57	195	90	338	207	70	116	113	162	197	116	71	47	22	13	63	40	12	32	15
gene2259	316	347	206	210	409	635	440	1064	1171	393	835	140	262	567	341	295	140	519	164	195	488	156	400	180
gene2260	396	177	124	78	212	369	134	451	452	257	356	89	76	222	192	46	259	178	139	414	88	132	102	81
gene2261	1229	501	429	540	504	945	734	1286	944	915	580	504	1429	767	1050	427	996	712	406	1380	1065	504	326	445
gene2262	282	160	266	226	156	225	299	630	440	226	430	147	228	341	384	219	150	245	126	298	204	145	278	187
gene2263	105	207	340	264	243	374	157	599	311	171	292	146	250	233	255	184	245	372	80	362	217	199	124	72
gene2264	2795	2092	911	1742	927	1859	2223	3920	1906	2200	1706	1726	2120	2231	2089	2699	2525	1980	1206	2899	1738	1209	1577	1784
gene2265	25	10	24	33	9	26	39	19	40	24	35	8	21	17	56	33	27	17	12	39	38	9	16	22
gene2266	13	22	5	26	5	17	42	24	83	19	33	16	39	19	5	22	90	64	14	34	53	19	14	16
gene2267	413	117	177	106	112	367	118	798	273	307	357	123	260	302	340	290	288	326	126	308	212	182	165	170
gene2268	194	200	107	130	142	133	224	211	72	231	127	111	733	496	84	259	385	38	83	113	206	137	105	192
gene2269	0	6	0	4	8	3	5	2	0	3	5	2	0	4	0	5	2	2	1	0	0	0	0	0
gene2270	174	246	218	412	399	324	181	545	320	198	418	206	216	309	252	173	488	437	104	590	356	370	68	141
gene2271	28	13	19	9	8	65	7	19	38	21	20	8	39	30	22	32	67	24	38	429	122	57	60	31
gene2272	32	15	10	15	9	28	17	19	47	6	41	2	10	7	60	19	41	19	16	8	11	18	4	15
gene2273	2741	1620	966	1891	1352	1460	1866	1597	4323	2074	2482	1325	2189	3152	3898	1639	1996	2339	1061	4424	2221	605	1615	1310
gene2274	515	761	679	567	412	658	619	1966	1705	667	1561	746	1325	710	852	887	688	1304	291	1165	1186	302	850	461
gene2275	107	29	51	41	31	65	71	95	148	67	33	25	90	28	35	54	23	46	13	53	51	18	36	27
gene2276	2029	1194	1097	1712	1093	2211	1833	2446	3548	2236	949	1446	4096	3256	1348	2075	3632	1205	779	4830	2827	1408	710	2239
gene2277	73	40	31	136	21	50	93	98	116	20	47	71	57	68	64	23	53	89	31	46	65	26	42	16
gene2278	1005	760	682	67	365	608	77	816	1146	1054	487	612	911	427	359	1505	465	358	289	1605	949	423	371	151
gene2279	675	1189	787	1055	1145	1476	900	2991	2423	1692	853	527	992	1651	1771	1237	1115	2657	499	1688	2175	585	837	698
gene2280	2081	850	582	475	397	924	621	1190	1394	971	1931	588	1080	976	2014	1178	1225	2237	637	547	1320	319	649	1094
gene2281	568	663	793	353	594	2268	946	3136	633	1365	1016	897	885	5803	1099	643	1411	636	413	2292	1778	620	633	611
gene2282	99	64	46	123	25	59	86	123	155	25	76	50	83	126	79	59	82	129	35	114	47	32	43	72
gene2283	85	24	35	31	27	52	21	241	101	29	58	71	77	61	49	11	25	107	18	86	57	13	45	19
gene2284	541	977	738	382	320	742	1225	2012	1221	514	2198	443	954	924	1223	935	458	995	632	1116	851	774	764	696
gene2285	142	133	75	142	50	109	109	202	116	74	282	110	208	124	131	99	182	143	63	280	222	79	84	82
gene2286	75	64	24	54	60	51	22	90	126	48	47	37	47	39	85	19	37	35	20	110	67	26	22	68
gene2287	29	27	11	44	14	9	51	26	45	22	53	32	7	38	80	6	38	17	15	9	10	2	0	21
gene2288	1008	597	430	725	375	624	869	1800	2243	1317	825	492	738	886	1590	1250	969	1143	480	1340	880	498	773	539
gene2289	316	302	371	558	193	324	387	1521	722	288	743	243	822	529	669	544	581	354	192	655	304	217	237	318
gene2290	553	1025	2201	873	542	716	501	1194	1530	2088	1474	836	2633	1113	467	825	2408	2208	500	1401	1689	891	1057	1004
gene2291	67	47	116	32	14	38	37	95	100	33	102	38	37	39	59	41	66	106	20	49	44	20	8	31
gene2292	45	135	118	35	340	298	364	638	171	98	242	67	301	175	145	406	138	240	107	124	54	48	227	122
gene2293	61	50	6	23	15	24	25	68	30	10	13	18	17	56	54	13	9	31	17	32	43	3	17	15
gene2294	159	127	209	141	59	107	45	104	533	34	174	91	136	282	122	191	157	45	100	59	93	31	78	82
gene2295	18	33	29	43	15	67	30	35	73	40	79	36	18	40	39	22	9	50	20	40	53	18	9	10
gene2296	362	224	74	279	62	95	117	195	391	579	320	64	132	173	134	271	419	160	77	249	166	164	146	286
gene2297	172	95	109	103	41	81	126	135	276	76	193	59	91	110	75	99	143	129	78	117	129	106	50	72
gene2298	5144	295	2737	1736	655	139	1643	534	6382	874	2245	270	1878	1940	1349	354	460	1395	2483	793	1484	953	173	308
gene2299	272	357	206	298	109	523	202	321	293	208	156	225	192	357	318	329	54	224	61	296	272	171	139	164
gene2300	90	79	20	38	20	35	33	262	78	81	280	35	82	112	26	60	8	9	8	18	13	8	3	13
gene2301	24	6	5	9	0	8	2	8	3	0	15	1	7	3	23	1	14	36	5	1	7	0	3	1
gene2302	29	29	18	104	49	40	43	71	124	82	131	64	98	64	55	76	76	83	26	87	111	32	23	24
gene2303	83	22	29	27	15	60	47	109	25	65	59	25	64	133	70	11	79	48	41	26	141	47	19	13
gene2304	910	1057	216	945	1015	888	1525	642	887	1295	865	1048	3338	600	989	1930	1061	359	185	990	1338	376	1047	702
gene2305	149	107	205	250	208	238	299	334	137	449	281	277	293	161	242	112	230	552	166	353	125	198	151	70
gene2306	10	10	24	66	57	31	48	34	10	69	107	78	40	47	67	58	41	29	28	32	49	40	4	7
gene2307	198	128	142	232	104	184	105	208	432	292	200	264	258	195	230	246	267	263	76	446	392	61	55	192
gene2308	191	104	161	78	77	61	86	137	276	239	172	188	192	144	336	161	76	297	113	150	176	72	110	152
gene2309	520	205	251	98	162	186	393	433	166	108	377	83	202	383	159	281	321	86	57	510	103	132	163	150
gene2310	24	64	73	73	31	106	62	129	129	96	112	48	86	41	194	73	86	60	31	67	9	24	93	35
gene2311	407	757	639	1181	282	763	452	555	1375	382	1387	533	2001	801	282	505	1042	1177	510	1276	1139	273	427	445
gene2312	711	986	769	683	848	755	1151	1616	1405	1175	1103	786	1927	967	1431	635	1103	1236	546	1671	1510	588	732	562
gene2313	10	9	19	17	13	4	5	96	12	6	77	15	43	14	5	10	12	7	7	29	17	7	4	6
gene2314	961	691	317	600	316	754	715	1374	715	703	573	701	749	768	1092	601	320	824	205	804	412	255	338	595
gene2315	85	16	93	64	13	15	47	59	41	34	63	29	52	158	12	5	103	54	14	26	12	28	26	17
gene2316	128	187	62	141	69	84	220	175	381	85	87	157	351	113	450	131	151	128	153	115	154	302	153	163
gene2317	574	521	358	795	467	533	470	1281	1326	987	1320	669	538	937	261	523	439	529	84	1356	361	409	509	287
gene2318	410	170	215	273	231	299	292	426	413	329	283	232	235	176	160	157	397	200	182	316	268	150	206	309
gene2319	128	89	70	142	98	137	147	278	275	137	133	155	169	212	164	124	273	295	140	250	321	292	224	344
gene2320	151	147	116	254	95	138	134	174	195	204	273	134	364	217	161	133	342	275	155	284	396	188	249	152
gene2321	5308	5648	4063	4354	3138	3983	5636	8289	7833	4104	6043	3989	6842	5107	5471	3611	4424	4383	3605	5968	4476	2246	2833	3313
gene2322	1377	1794	441	672	596	924	1422	2524	1758	1286	882	1114	1270	1109	1978	306	1339	1901	784	2145	1306	508	630	764
gene2323	124	66	38	128	62	133	90	137	138	55	286	42	194	66	161	146	251	235	27	93	80	51	45	66
gene2324	93	31	30	97	78	198	90	134	94	77	113	55	47	110	88	35	33	147	33	119	85	22	21	66
gene2325	3688	2586	642	1718	1530	2111	1744	2982	3216	1187	2295	1746	1695	1596	3251	1986	3067	2143	1142	2224	1509	1271	1703	1310
gene2326	146	126	65	210	143	107	156	263	160	132	165	143	327	135	177	127	37	43	25	39	33	10	46	31
gene2327	275	176	148	144	142	283	210	441	507	277	263	239	427	323	379	179	290	307	149	417	232	129	235	274
gene2328	1339	756	748	708	662	1153	1085	2112	1413	942	1367	607	1324	1108	927	744	1140	1186	651	1360	1275	668	752	617
gene2329	46	30	23	24	32	68	23	46	79	56	179	6	46	92	45	27	12	128	59	12	7	23	7	48
gene2330	47	28	77	17	36	86	15	61	292	54	104	111	73	153	98	65	102	31	29	59	69	45	54	45
gene2331	148	65	37	64	42	34	60	84	100	56	75	71	99	93	71	31	45	56	40	125	58	34	51	36
gene2332	151	167	146	194	92	119	90	235	200	134	174	133	180	130	69	94	162	181	103	192	146	53	56	62
gene2333	2	1	3	0	0	3	3	13	0	2	9	1	18	0	2	0	1	0	1	0	2	0	1	1
gene2334	59	1	100	115	73	20	71	253	16	24	43	46	78	18	77	35	1444	334	337	477	440	339	591	22
gene2335	376	415	205	232	224	392	370	590	608	325	507	288	367	787	282	270	793	351	172	355	329	220	252	246
gene2336	213	159	174	133	123	127	170	374	410	144	374	138	267	292	232	129	284	321	122	249	165	103	130	72
gene2337	222	206	198	178	178	236	140	298	267	294	285	155	205	245	132	93	320	189	107	271	295	131	90	87
gene2338	2	2	2	11	10	4	21	8	66	20	12	0	20	71	5	50	3	14	1	24	9	0	9	8
gene2339	392	146	361	111	50	50	219	442	274	311	212	107	370	398	214	167	214	154	118	256	471	156	65	161
gene2340	142	100	92	57	25	137	88	127	133	116	110	80	91	142	190	70	77	121	37	176	79	63	70	94
gene2341	201	106	77	243	155	130	162	220	171	234	133	125	375	135	98	172	176	179	81	200	232	56	88	77
gene2342	1084	383	673	273	536	357	382	423	419	267	299	136	129	293	296	248	349	445	402	511	301	410	118	198
gene2343	1905	860	793	1134	934	1967	840	800	3633	1125	1825	649	1399	2331	790	626	2000	1012	685	2375	1045	710	640	935
gene2344	72	80	41	67	42	59	112	67	285	65	193	39	112	58	61	73	81	29	50	112	71	35	43	65
gene2345	77	17	37	36	27	33	49	50	64	22	56	65	66	119	58	34	17	56	26	41	45	63	42	71
gene2346	101	53	74	60	106	70	69	65	166	82	169	46	78	106	85	60	98	131	56	96	102	66	104	56
gene2347	459	101	244	344	223	328	209	658	1256	527	454	300	422	649	327	379	1024	315	83	1570	520	277	153	181
gene2348	48	97	43	95	97	105	75	124	188	74	215	85	132	83	135	80	100	126	4	193	97	11	44	147
gene2349	61	53	32	88	35	49	76	77	67	81	105	65	42	97	99	67	295	314	70	658	100	150	75	107
gene2350	159	77	55	122	30	105	78	149	229	195	154	62	205	150	53	37	142	226	53	189	110	79	56	57
gene2351	2589	744	868	931	872	582	1077	1400	2932	1061	1992	679	2219	1095	976	1175	1660	947	783	1176	1065	872	411	547
gene2352	37	27	87	3	32	32	56	56	10	26	46	84	49	48	114	32	29	48	4	13	2	12	29	40
gene2353	70	65	77	27	45	83	51	120	112	142	119	45	84	96	157	99	119	86	24	107	102	36	96	63
gene2354	31	24	13	5	16	22	19	38	112	28	16	14	28	27	34	33	46	22	15	28	8	6	8	19
gene2355	4016	3530	3862	3468	5283	2377	1929	3621	11108	4932	8408	4986	7382	3967	3164	3222	6335	7290	3902	5288	1811	1306	2682	1719
gene2356	102	10	137	32	7	7	88	7	49	14	13	83	63	59	30	47	20	149	21	124	78	12	30	31
gene2357	576	450	422	751	324	302	586	658	1411	564	797	308	962	342	476	384	732	790	173	976	332	235	230	432
gene2358	193	332	16	140	118	43	77	181	28	92	205	231	168	56	100	88	219	148	53	154	270	64	139	143
gene2359	132	61	51	88	61	102	140	68	118	54	87	149	60	108	143	55	60	137	68	81	86	88	76	89
gene2360	88	82	84	79	32	97	50	92	115	42	51	73	95	44	57	34	72	63	26	129	68	59	21	18
gene2361	30	23	33	49	16	39	31	35	33	12	32	17	107	39	41	28	101	67	1	61	91	19	33	2
gene2362	686	1298	736	1236	699	1256	1685	1892	1328	1449	1843	476	2125	548	686	852	1208	1719	317	1760	1361	616	552	528
gene2363	400	342	238	240	235	275	312	488	599	369	576	238	660	223	342	217	424	401	248	531	374	183	181	120
gene2364	151	91	91	117	57	174	176	53	166	196	180	108	173	213	120	83	210	124	52	180	172	72	60	61
gene2365	45	7	20	11	29	3	8	10	73	19	33	17	52	16	42	6	18	46	5	18	19	4	51	27
gene2366	20	42	32	44	19	58	42	158	131	56	60	51	29	96	76	26	48	70	19	66	52	15	18	10
gene2367	772	690	429	429	377	735	392	1119	1251	445	591	393	786	700	402	320	2751	2710	1536	3177	3723	2065	1598	2080
gene2368	7	14	26	19	2	10	47	22	96	26	47	11	56	102	21	23	8	31	34	25	21	30	7	11
gene2369	64	53	25	38	36	53	40	36	69	44	124	14	50	79	54	28	91	101	28	94	42	19	21	45
gene2370	656	144	162	159	276	629	218	659	166	41	82	90	127	40	87	50	231	484	60	637	1207	36	134	341
gene2371	411	89	139	271	149	274	178	240	533	129	148	78	137	315	409	46	49	88	152	435	174	253	124	29
gene2372	29	38	23	21	36	105	76	102	44	61	13	31	14	137	44	43	40	32	16	90	42	34	28	42
gene2373	2373	1552	1652	1569	1423	2171	1764	4581	442	1000	2176	1006	528	2285	3139	2109	3509	2124	1262	3758	1275	1150	798	622
gene2374	26	14	15	7	9	7	5	17	5	12	18	17	21	27	15	2	8	8	4	2	8	6	2	5
gene2375	1557	809	956	800	946	1038	1220	2031	2588	827	1778	755	1731	1661	1292	1065	1035	1501	469	1478	1412	849	1079	886
gene2376	605	363	314	208	229	395	489	1680	764	302	780	124	419	650	385	321	422	392	186	847	492	276	627	327
gene2377	0	3	0	0	1	5	8	23	34	0	1	4	12	7	3	2	0	9	1	1	19	2	5	2
gene2378	378	141	64	160	263	268	414	763	330	438	166	90	69	254	219	107	111	257	114	419	112	205	110	234
gene2379	390	401	411	115	271	261	511	1043	1250	410	489	243	732	307	541	323	507	1076	233	526	609	128	367	457
gene2380	20	30	23	20	25	22	11	30	103	36	71	32	17	49	37	25	34	21	2	96	18	34	18	15
gene2381	120	110	54	58	66	135	113	215	71	72	218	53	104	250	56	50	131	131	147	247	117	103	121	58
gene2382	5	11	8	7	9	5	4	5	3	2	31	22	8	21	9	2	15	22	15	20	6	4	3	7
gene2383	60	25	27	11	7	39	20	42	21	41	49	38	34	23	19	10	78	27	12	33	31	17	13	15
gene2384	157	138	58	97	69	102	128	300	288	149	213	138	218	211	123	96	170	163	76	249	180	109	94	93
gene2385	109	274	125	376	105	170	276	493	336	169	409	168	319	130	138	162	233	159	128	248	172	110	69	135
gene2386	71	182	81	90	32	92	76	176	219	81	55	209	49	114	45	55	370	46	39	86	284	116	117	61
gene2387	19	12	32	18	9	31	62	64	82	52	44	43	36	20	23	28	28	35	10	73	86	28	38	22
gene2388	481	429	363	464	410	310	305	348	560	227	681	454	558	456	693	367	570	237	221	377	456	191	220	261
gene2389	1370	1543	1165	1138	920	202	1945	675	554	480	1974	1229	932	1526	1322	1154	524	502	569	706	1188	696	470	1858
gene2390	46	62	31	31	37	63	28	61	57	84	74	20	110	65	98	53	53	85	49	36	59	33	12	43
gene2391	346	176	94	94	45	71	150	114	209	181	140	143	157	150	195	198	111	91	72	142	104	82	110	82
gene2392	33	46	43	54	18	49	76	70	59	29	56	45	53	83	63	24	116	33	9	68	52	25	43	37
gene2393	92	86	72	111	38	179	90	257	169	107	132	148	164	209	184	65	92	119	39	120	143	56	95	70
gene2394	165	120	144	74	69	64	153	186	208	182	133	76	193	95	129	185	121	145	83	234	173	53	130	108
gene2395	77	119	301	67	124	75	147	97	89	17	45	27	24	6	6	18	156	45	70	99	227	36	56	239
gene2396	32	51	44	12	38	36	17	104	117	51	148	70	90	92	11	42	179	71	13	91	124	41	14	25
gene2397	35	38	73	46	63	17	76	85	107	46	100	64	114	127	61	22	31	79	25	24	78	24	9	47
gene2398	160	135	97	42	80	110	398	148	276	106	194	65	180	83	118	233	125	179	45	40	92	43	31	129
gene2399	61	31	66	107	24	50	50	196	205	28	111	73	76	106	91	49	82	145	111	131	59	28	51	47
gene2400	71	49	38	86	30	35	61	56	40	1	16	14	21	27	8	14	66	29	19	40	48	43	32	34
gene2401	320	120	170	180	68	174	243	253	496	178	386	189	255	262	270	242	374	186	147	245	482	118	206	114
gene2402	192	171	59	216	99	261	374	386	594	452	409	187	366	516	216	131	293	272	172	387	346	151	90	158
gene2403	236	93	80	116	116	98	122	134	246	217	174	115	135	201	174	75	205	296	78	181	263	125	53	87
gene2404	54	31	12	26	15	10	25	28	79	30	22	25	29	31	34	27	31	17	16	13	15	12	15	8
gene2405	289	195	138	250	171	164	310	420	332	241	262	166	464	366	308	179	266	213	217	365	336	129	170	136
gene2406	324	131	202	107	151	264	1034	403	303	163	389	383	473	380	433	565	202	227	36	429	156	65	217	338
gene2407	89	66	60	44	73	87	71	82	225	139	366	120	272	202	161	94	65	109	55	138	83	53	53	40
gene2408	392	233	266	201	145	234	235	649	477	248	353	216	387	474	484	227	540	352	141	404	480	163	235	215
gene2409	768	787	834	938	336	571	821	2933	1417	1384	1136	885	1062	865	1366	778	1268	800	388	1268	1681	360	1120	1125
gene2410	225	80	73	156	131	251	128	253	261	210	199	147	193	406	289	131	136	267	158	295	241	125	83	91
gene2411	522	194	613	507	321	533	367	374	877	296	692	363	262	472	315	341	466	358	215	321	328	268	482	324
gene2412	921	820	818	942	706	845	803	1716	2101	838	928	809	2290	950	1076	971	1141	1303	419	879	856	354	968	848
gene2413	2446	2048	705	2329	1572	2023	507	746	2079	1929	1594	2199	1068	2407	1860	2739	3347	1437	1352	605	1736	847	871	666
gene2414	58	77	82	68	56	55	73	101	116	90	65	64	66	64	49	31	84	38	24	53	33	10	57	49
gene2415	64	18	39	52	16	38	53	93	62	20	106	65	70	53	55	57	50	12	43	53	54	43	46	70
gene2416	61	43	34	54	53	65	40	94	194	174	224	58	114	193	57	49	143	50	22	115	56	44	56	81
gene2417	969	616	357	576	621	827	652	1240	1183	782	1249	964	692	780	536	530	671	700	448	634	498	234	255	649
gene2418	325	123	194	274	264	299	245	656	993	333	599	166	670	488	373	826	383	345	212	552	494	101	267	274
gene2419	863	296	354	225	226	432	900	431	211	57	298	372	1160	188	721	326	486	625	307	1757	403	762	110	265
gene2420	262	119	156	111	208	193	95	533	150	274	279	201	470	202	351	67	146	238	132	110	179	63	85	137
gene2421	65	54	76	82	45	40	109	494	124	83	82	70	352	115	169	128	110	94	45	50	9	52	87	80
gene2422	12	14	0	5	4	9	4	34	22	6	6	15	8	19	7	10	25	32	2	22	11	21	15	12
gene2423	9	2	5	5	2	3	14	53	2	1	4	0	5	4	19	0	22	11	11	0	8	0	9	21
gene2424	4413	2574	2631	3717	1373	1921	3467	8222	5160	2313	4830	2193	2083	3858	2566	3499	2656	3706	1603	3303	5884	1664	1893	2413
gene2425	125	114	77	60	65	86	96	275	74	128	151	60	125	143	152	98	155	116	66	145	124	50	52	116
gene2426	491	292	174	295	224	279	270	521	506	323	351	226	284	329	335	288	351	183	139	315	280	117	337	282
gene2427	310	390	251	465	248	279	504	400	585	399	356	462	639	385	462	447	474	302	173	515	500	173	305	282
gene2428	1105	947	1085	1850	1743	1386	2059	3224	1728	871	1513	1136	2166	1894	1639	1340	2050	1813	772	2355	1689	904	1328	1252
gene2429	423	264	278	275	155	234	259	898	560	245	432	196	373	243	356	293	356	384	109	327	279	112	116	174
gene2430	197	60	156	181	89	96	86	273	273	117	157	59	195	199	95	109	131	230	83	165	174	57	81	49
gene2431	697	306	382	134	51	331	339	211	679	843	579	77	115	247	499	422	712	544	146	400	671	152	321	492
gene2432	249	201	142	230	113	168	140	277	178	205	369	132	292	245	266	216	198	255	97	476	223	135	129	116
gene2433	77	9	29	49	25	44	76	41	66	3	32	28	29	40	60	122	19	43	33	80	20	54	22	12
gene2434	1457	493	227	375	394	381	410	1094	911	442	739	634	563	533	476	301	548	1178	213	675	894	320	341	294
gene2435	204	114	148	96	84	104	174	273	234	217	166	12	210	151	219	123	138	189	73	202	170	109	100	178
gene2436	83	100	129	124	94	82	141	328	119	106	191	42	170	101	71	69	147	102	71	180	158	25	106	63
gene2437	170	42	46	25	25	2	110	63	69	14	83	35	14	17	41	113	12	72	22	31	24	9	70	57
gene2438	1040	585	642	713	405	732	683	1363	1721	1167	1321	738	944	1013	978	738	486	345	317	667	532	188	399	440
gene2439	18	67	52	20	53	40	51	21	65	11	150	27	122	49	177	57	4	49	5	19	21	14	7	35
gene2440	89	55	106	125	58	73	145	404	246	129	178	90	299	75	111	69	150	105	32	200	86	57	26	54
gene2441	264	193	64	27	12	94	257	73	195	60	83	47	107	232	148	69	199	202	50	84	100	91	127	30
gene2442	62	95	83	128	81	120	261	104	107	27	83	92	152	291	57	59	43	135	103	212	155	100	85	104
gene2443	624	102	120	332	128	312	135	677	482	340	272	412	298	302	537	118	468	183	253	497	644	78	112	173
gene2444	703	382	264	406	361	665	586	1464	609	695	748	381	608	662	634	522	517	477	285	646	393	246	755	528
gene2445	159	122	132	275	296	241	607	457	397	253	225	175	127	158	286	372	233	261	122	761	363	124	341	292
gene2446	12	12	10	16	17	16	16	17	17	2	36	8	12	0	12	4	7	11	2	7	10	11	4	17
gene2447	0	0	0	0	1	0	4	0	0	0	2	0	1	0	0	0	9	11	0	1	6	1	8	2
gene2448	59	47	70	34	101	56	64	55	113	65	62	76	83	43	134	51	69	130	71	36	52	23	49	125
gene2449	173	71	78	67	68	51	53	339	274	86	132	147	26	155	218	73	78	126	22	38	46	52	101	168
gene2450	41	74	65	29	78	96	100	99	136	126	22	103	50	220	112	138	164	114	134	108	207	50	55	101
gene2451	47	13	12	8	2	19	4	42	9	15	12	14	16	14	9	24	8	29	7	35	16	6	23	1
gene2452	47	32	32	40	6	14	21	47	59	49	105	68	15	31	18	29	70	62	13	48	79	12	9	21
gene2453	10	0	1	2	2	2	1	9	7	15	11	1	12	6	5	3	0	16	5	1	20	9	4	6
gene2454	10282	5499	6755	6894	4021	10345	6268	12749	15869	11700	21613	8630	9069	9215	6937	4643	11527	8248	5864	10660	7404	6142	6632	5534
gene2455	296	252	149	253	174	446	306	431	633	392	444	333	251	309	449	212	450	291	156	414	345	210	176	178
gene2456	145	152	64	238	149	168	116	240	289	98	169	173	285	221	135	128	132	143	56	233	138	90	111	59
gene2457	5	5	0	9	10	2	6	20	9	17	16	3	1	0	1	3	7	1	8	3	11	1	9	11
gene2458	102	40	66	43	41	80	47	168	88	31	83	40	117	116	84	58	62	112	29	94	77	40	35	34
gene2459	271	127	448	27	131	175	355	928	948	382	857	108	535	278	361	216	789	623	181	763	596	285	297	550
gene2460	541	343	323	112	254	482	353	576	1143	196	856	217	321	282	859	309	622	788	182	658	573	184	157	353
gene2461	469	192	137	326	140	219	248	175	232	293	495	152	170	318	226	60	39	231	146	158	202	209	255	77
gene2462	383	609	935	1046	620	2551	459	1173	930	1759	1690	1193	1680	1957	1671	1157	914	1413	1845	613	1432	604	489	664
gene2463	2	1	9	1	7	7	6	17	8	4	3	7	4	8	4	5	5	7	3	4	9	0	0	4
gene2464	26	25	9	5	28	7	43	20	15	24	60	10	46	15	36	23	22	20	13	19	32	11	14	17
gene2465	135	61	81	130	85	70	69	245	164	76	155	131	106	86	133	93	187	129	53	153	117	87	91	115
gene2466	142	122	53	164	154	47	140	301	197	143	438	32	107	174	116	89	316	341	60	104	181	53	60	86
gene2467	55	21	58	50	33	55	57	57	126	70	75	40	16	34	119	27	56	111	43	46	89	12	52	75
gene2468	1142	565	505	473	582	519	1099	1587	1104	854	1211	631	986	717	783	595	806	822	465	1408	627	417	661	524
gene2469	6	9	2	26	7	3	7	10	16	1	6	2	2	8	5	3	21	4	3	2	0	2	2	10
gene2470	31	15	6	17	10	6	26	30	34	30	23	12	37	22	25	17	25	22	12	46	26	26	22	18
gene2471	1065	528	1376	1562	1021	481	1709	3179	3365	978	669	3365	1628	673	2428	628	1744	1074	1809	1839	2601	1272	1982	404
gene2472	274	459	855	600	220	341	424	1102	506	531	963	542	516	550	494	353	369	410	255	522	346	213	293	352
gene2473	20	22	5	13	7	8	8	33	23	6	3	4	8	17	19	18	12	17	5	40	19	18	6	6
gene2474	153	265	96	335	311	443	505	226	245	761	1384	261	499	422	639	316	1050	403	66	637	284	242	370	571
gene2475	232	198	188	186	268	162	131	553	636	322	147	102	298	781	468	239	329	184	105	245	208	81	83	203
gene2476	22	12	3	10	12	53	12	37	25	20	18	15	4	23	23	5	39	48	4	9	14	7	7	10
gene2477	477	195	168	162	212	190	187	723	291	123	330	230	179	404	204	100	127	478	186	172	427	100	146	95
gene2478	1075	435	463	437	289	469	112	1346	713	482	536	391	819	692	679	378	630	890	238	522	513	279	339	387
gene2479	40	44	0	68	12	22	27	103	166	47	12	45	41	73	3	0	58	26	1	0	1	7	2	22
gene2480	427	266	300	190	136	410	422	346	646	313	261	168	416	416	476	269	264	326	168	412	411	197	200	251
gene2481	12	15	46	20	2	16	31	66	11	9	17	25	8	34	20	9	32	40	3	16	22	11	7	3
gene2482	253	388	400	381	190	355	298	483	553	310	503	225	436	418	285	99	228	351	138	358	489	180	164	234
gene2483	26	14	17	13	5	4	15	28	49	11	71	38	69	10	40	19	43	26	15	31	9	22	8	13
gene2484	23	87	41	56	52	125	50	116	88	116	75	74	165	93	105	48	324	344	84	225	130	156	36	65
gene2485	17	5	16	16	11	14	26	54	85	12	13	13	21	7	23	14	25	30	5	0	18	4	16	25
gene2486	296	221	278	299	221	193	647	534	383	447	441	245	424	388	227	287	349	283	356	848	535	144	502	234
gene2487	52	80	74	20	67	26	106	53	175	144	135	48	106	122	94	103	61	112	112	77	160	23	9	35
gene2488	270	255	358	59	252	145	118	966	487	163	411	302	520	771	152	507	491	507	166	191	241	63	207	132
gene2489	567	155	241	403	229	382	247	430	453	287	741	327	273	242	257	394	388	629	199	488	323	150	253	291
gene2490	299	92	86	108	62	53	94	233	95	180	124	38	168	140	142	227	107	183	35	54	237	57	94	76
gene2491	153	141	152	170	91	91	93	163	54	64	182	193	87	273	116	122	88	255	52	113	80	51	92	43
gene2492	200	174	169	234	185	235	265	322	371	198	223	213	269	359	348	247	120	322	145	340	310	120	175	65
gene2493	610	326	241	252	204	210	348	218	620	549	371	288	383	250	319	288	619	272	128	343	721	227	204	287
gene2494	176	112	143	130	80	178	212	123	197	136	145	91	240	102	141	84	115	92	66	95	108	74	48	61
gene2495	244	159	192	61	135	96	45	1140	375	74	225	146	494	324	339	44	191	119	105	389	100	53	200	164
gene2496	581	390	331	689	364	575	710	271	255	309	588	108	294	759	248	241	376	1219	344	159	505	275	428	437
gene2497	319	115	372	538	312	155	227	1176	784	437	208	439	461	639	207	337	145	1021	264	686	986	476	231	258
gene2498	1122	599	523	1101	451	906	1005	752	2607	726	572	579	1389	1914	1258	309	1999	2004	702	841	569	104	738	861
gene2499	2	3	2	0	1	8	7	5	9	44	11	20	4	2	4	2	4	5	6	0	1	3	0	0
gene2500	256	169	190	110	160	192	182	447	80	67	70	43	86	39	60	34	149	174	141	283	231	101	118	219
gene2501	174	87	70	102	44	78	221	106	137	376	58	56	122	54	301	153	242	246	73	122	103	56	82	62
gene2502	39	26	22	96	25	20	18	64	74	24	64	28	56	38	32	12	38	30	20	65	34	46	26	31
gene2503	43	38	46	32	22	29	58	70	113	38	63	15	40	24	39	31	18	46	11	34	33	36	23	22
gene2504	244	199	316	317	270	228	347	561	21	18	21	10	24	37	14	22	214	264	170	604	215	57	161	138
gene2505	173	66	92	83	81	43	71	178	250	118	56	92	39	151	52	48	228	42	62	31	101	34	22	35
gene2506	103	63	36	82	54	59	53	98	144	104	98	62	133	79	82	56	86	53	56	64	45	23	36	39
gene2507	197	86	327	292	151	142	144	724	494	450	251	129	271	437	413	199	168	749	193	583	245	239	176	175
gene2508	1474	431	678	396	422	765	984	1565	1219	938	869	459	705	954	624	509	1468	673	380	725	594	377	603	588
gene2509	3762	2026	2954	1451	1592	3409	2086	5749	5700	3974	3346	2160	2760	5218	2674	2606	2276	5259	1655	4914	2367	2567	1674	1967
gene2510	434	230	237	392	348	469	480	631	472	540	1198	489	306	461	698	133	391	283	147	546	491	277	443	194
gene2511	6081	1651	1875	1488	1168	6488	1069	7852	3004	2981	3080	1798	3105	4461	3822	1123	1509	3008	1204	4172	4149	1539	1196	484
gene2512	1124	724	780	994	746	625	1129	1655	1337	1207	1854	714	2199	1085	1016	677	1051	1016	788	643	848	486	773	647
gene2513	232	223	123	164	174	147	198	352	385	185	217	159	396	299	237	255	333	348	100	401	189	136	149	209
gene2514	218	166	182	237	103	142	94	303	196	252	147	154	256	239	244	105	177	112	77	216	235	132	68	41
gene2515	3435	1529	2304	2039	1300	1738	1490	4014	2604	2814	3646	1674	2344	2752	3823	2584	2926	2808	2029	3183	3792	1459	2469	944
gene2516	14	15	11	18	18	15	15	53	34	7	18	12	16	55	8	13	17	16	2	20	12	6	4	6
gene2517	109	114	114	80	146	112	83	280	145	129	139	28	162	132	162	39	61	34	34	34	65	18	9	22
gene2518	184	152	143	90	116	97	199	243	118	133	277	102	224	234	180	122	152	283	74	204	156	39	197	154
gene2519	1	0	0	4	0	2	12	3	0	0	3	0	0	0	2	0	3	19	0	0	10	0	0	3
gene2520	84	62	56	41	18	64	65	79	84	38	40	59	77	50	72	36	42	37	47	113	107	68	100	41
gene2521	208	281	164	195	140	150	157	466	380	305	383	186	318	375	255	114	370	355	190	369	190	71	169	168
gene2522	8	1	0	0	0	3	0	1	3	0	0	0	0	1	0	1	0	0	0	0	0	0	0	0
gene2523	139	85	285	301	370	212	216	388	329	225	545	148	237	457	174	253	269	347	162	46	307	99	107	197
gene2524	193	57	78	155	38	67	126	230	121	51	74	59	156	56	95	97	70	88	31	63	44	54	92	64
gene2525	241	183	246	252	237	288	195	495	473	142	291	249	316	206	380	271	174	429	210	368	353	271	208	284
gene2526	487	395	370	338	289	393	581	574	543	218	426	417	365	428	531	262	421	617	222	539	561	286	237	318
gene2527	1404	1356	1248	1531	836	1311	880	2522	1806	1217	1300	861	1758	1333	1388	873	1227	1010	577	1266	1921	602	842	684
gene2528	12	3	1	14	3	12	12	4	37	11	37	8	20	16	12	17	6	3	21	25	18	5	10	6
gene2529	260	134	119	169	124	129	113	153	182	128	307	49	134	77	66	104	111	138	51	230	168	28	171	61
gene2530	26	43	101	22	14	42	72	81	11	23	91	13	52	19	58	12	87	35	11	9	32	18	31	24
gene2531	80	44	156	53	48	63	111	194	107	258	139	81	136	12	192	266	205	40	121	109	131	136	77	97
gene2532	125	68	123	43	43	140	89	207	99	53	165	56	78	111	64	45	165	104	53	114	91	62	154	35
gene2533	29	10	15	37	12	15	5	87	33	16	10	5	28	22	34	25	23	14	4	20	28	6	1	3
gene2534	5	0	13	5	9	1	10	0	6	0	5	0	2	11	11	1	23	8	0	10	8	1	0	4
gene2535	1854	5885	2525	5227	370	3969	479	7388	544	2750	6728	4961	2296	5159	3024	1418	3041	2101	341	1401	5898	2113	1380	1514
gene2536	18	8	1	3	9	5	27	25	24	4	22	8	16	2	39	6	20	15	10	29	14	7	3	4
gene2537	104	118	55	216	135	334	125	326	405	206	265	229	173	368	178	194	311	312	143	285	225	135	154	86
gene2538	34	6	3	19	16	6	15	43	39	15	38	7	29	6	15	26	13	20	13	22	11	12	10	4
gene2539	1798	1185	965	1153	1093	1286	1027	2599	1974	1141	1450	1760	1892	2797	1940	859	515	633	352	477	760	235	552	289
gene2540	15	15	3	1	0	9	0	18	7	9	5	0	2	4	13	13	7	3	3	15	4	6	0	12
gene2541	50	10	10	31	19	30	44	67	40	29	111	63	14	43	35	18	38	26	16	27	15	11	12	10
gene2542	15	6	24	34	9	13	39	43	50	27	42	18	7	12	16	13	20	3	11	40	7	18	29	2
gene2543	135	83	86	143	130	14	193	160	74	82	157	67	27	33	129	230	54	114	56	172	123	110	59	90
gene2544	68	60	48	26	42	47	37	78	32	53	92	29	141	54	113	49	53	44	30	30	42	27	42	49
gene2545	10299	5470	2658	7469	4202	5908	8682	10073	6475	4291	5747	2135	4723	3517	6041	3469	4729	10157	2503	5076	2214	2901	5479	2752
gene2546	226	49	150	156	90	132	82	171	232	144	147	113	102	169	91	129	88	104	76	166	106	31	99	97
gene2547	1427	952	1279	784	448	1214	397	1050	1541	1169	526	1132	622	1037	767	554	1538	478	1104	950	3093	460	194	816
gene2548	364	355	230	427	374	463	314	960	924	532	704	566	690	454	407	204	456	540	298	308	558	301	265	288
gene2549	348	377	349	293	233	329	341	720	406	201	709	557	372	282	370	222	545	393	305	672	268	355	191	260
gene2550	338	247	251	250	179	169	168	440	472	417	306	239	394	200	301	266	209	277	136	259	205	103	263	131
gene2551	248	126	160	160	126	130	272	328	273	354	268	164	321	307	131	208	354	108	89	172	129	99	126	71
gene2552	44	41	40	23	41	16	25	146	50	31	81	38	11	22	55	36	59	54	14	45	26	15	14	32
gene2553	40	35	47	189	44	57	76	136	139	56	105	37	70	31	49	24	158	101	49	58	33	44	51	22
gene2554	276	276	307	228	71	138	258	284	273	580	415	170	73	233	104	141	189	384	167	162	182	130	236	197
gene2555	0	0	0	0	0	2	6	28	5	2	0	1	0	0	0	8	2	1	0	2	4	0	5	2
gene2556	4	6	0	1	5	14	18	4	43	3	2	8	2	14	3	2	0	24	0	7	11	4	6	8
gene2557	31	49	41	21	58	45	63	63	128	18	75	101	60	42	132	44	369	226	60	393	63	104	194	350
gene2558	2	2	1	4	3	12	31	2	5	8	4	2	6	11	15	4	2	7	0	1	3	1	3	1
gene2559	114	110	107	141	92	128	147	287	402	109	220	161	188	240	180	144	211	204	94	204	166	59	107	103
gene2560	463	247	231	338	125	194	280	331	536	314	318	157	334	370	310	220	269	340	169	278	269	165	185	191
gene2561	339	490	414	405	238	294	538	742	914	490	527	440	549	620	452	456	584	604	221	414	430	299	380	355
gene2562	1084	394	637	343	368	248	663	808	1453	968	955	215	507	597	668	715	1049	948	339	768	838	346	474	430
gene2563	691	361	482	476	346	338	428	536	769	165	95	465	149	253	478	209	738	268	434	383	173	116	494	182
gene2564	432	256	204	306	136	294	409	278	316	387	412	265	376	306	480	193	404	176	124	408	160	278	213	135
gene2565	243	146	124	156	132	199	164	422	257	149	267	142	288	289	282	126	288	163	137	328	174	57	106	123
gene2566	120	28	70	116	27	33	101	24	89	230	109	78	122	33	297	183	414	143	89	155	125	44	50	69
gene2567	63	10	42	18	4	25	15	43	38	42	18	10	13	24	49	13	19	73	13	38	18	2	8	14
gene2568	5062	3105	3560	5025	1634	2358	4149	7605	4942	5102	5390	1617	3645	6574	4118	4475	5322	5116	1902	5900	2912	3525	3164	2116
gene2569	14	21	28	45	23	44	16	92	68	40	47	41	55	33	45	37	51	60	7	40	21	28	14	22
gene2570	922	916	2072	2940	3243	2306	1837	2839	3427	945	591	731	1388	3879	2789	2061	2193	1426	328	3411	2496	2200	2328	420
gene2571	901	545	286	637	227	822	117	1479	865	103	474	280	627	454	320	553	131	263	219	898	1108	739	935	230
gene2572	6720	2583	1959	2172	3142	2804	6456	2984	8165	4301	4062	2215	3818	2395	3100	3674	5845	7262	1648	3573	3725	1742	1837	1259
gene2573	421	302	299	412	336	653	425	734	533	457	597	419	674	557	486	285	692	431	277	696	392	397	282	209
gene2574	86	37	58	59	56	39	41	115	187	46	135	122	91	75	50	79	65	138	48	66	74	21	87	58
gene2575	102	83	46	108	84	89	90	110	119	62	154	41	103	85	93	36	88	45	45	88	98	54	26	57
gene2576	12	18	24	38	1	7	7	11	49	8	0	11	1	49	5	6	5	41	7	42	16	4	5	3
gene2577	1880	703	473	1250	530	795	646	1185	773	448	1040	463	762	776	1004	387	524	601	397	407	1521	337	315	505
gene2578	174	83	32	98	1	97	70	211	218	95	148	112	90	95	41	88	235	171	93	161	74	12	83	50
gene2579	134	68	48	100	67	132	60	189	209	145	169	80	159	103	63	137	99	100	74	102	144	19	99	68
gene2580	107	129	114	152	61	102	148	173	197	204	192	74	260	182	51	60	152	116	61	204	150	71	59	64
gene2581	47	25	26	49	19	49	40	94	35	26	48	39	87	68	38	20	34	39	26	50	33	26	9	29
gene2582	74	48	44	33	58	51	33	142	68	75	30	24	11	38	15	93	114	152	21	104	39	33	27	93
gene2583	444	290	312	416	350	535	423	607	579	467	440	322	508	407	509	282	346	450	198	429	851	134	283	277
gene2584	2896	1746	675	344	327	341	1030	906	1635	987	3217	2218	1698	811	1322	402	125	794	763	3032	1254	2994	739	565
gene2585	194	105	73	187	49	117	92	148	162	61	183	179	131	110	141	98	192	137	74	209	184	85	78	85
gene2586	93	166	124	172	66	13	477	212	472	240	290	146	350	302	212	208	161	227	27	301	16	86	271	153
gene2587	142	180	75	166	118	192	255	296	299	192	250	183	226	284	186	123	271	237	121	227	124	94	107	111
gene2588	129	148	148	207	58	218	97	430	290	274	673	138	287	583	311	52	293	112	125	404	303	51	169	159
gene2589	139	62	58	79	54	73	73	162	50	98	123	30	55	169	132	116	34	62	50	154	120	78	72	87
gene2590	377	69	275	425	52	129	434	288	458	226	160	318	135	366	295	696	238	343	347	317	200	296	84	131
gene2591	473	185	538	359	250	368	259	390	620	461	645	304	540	449	594	371	542	338	220	410	276	192	353	378
gene2592	131	114	134	179	85	128	170	243	324	134	287	90	168	211	168	120	176	286	107	302	257	93	101	71
gene2593	445	190	733	197	143	861	166	755	222	145	409	132	547	107	213	53	230	113	217	163	102	94	301	208
gene2594	64	45	109	55	14	13	39	40	79	70	48	27	59	32	33	47	54	102	35	124	83	21	16	18
gene2595	161	209	120	221	82	144	276	363	378	285	216	182	198	175	223	102	201	216	93	357	165	89	103	110
gene2596	676	181	289	390	198	263	218	675	509	143	250	149	580	205	319	210	276	499	130	421	246	121	105	80
gene2597	67	37	139	49	57	75	172	101	95	59	104	58	109	83	219	78	95	240	61	140	77	82	126	83
gene2598	197	44	87	86	80	104	35	154	216	106	138	123	85	122	94	70	128	74	90	151	135	55	50	66
gene2599	83	52	56	52	43	79	52	140	134	47	67	78	98	147	89	78	61	112	25	111	48	31	43	38
gene2600	348	160	300	219	191	252	269	453	539	236	388	181	482	406	374	210	248	375	216	485	414	240	189	110
gene2601	166	139	110	134	86	185	385	483	204	122	210	99	176	176	398	306	329	110	64	309	189	103	145	211
gene2602	8438	6166	5441	5521	4209	7482	7450	15149	9177	9166	9560	3672	11673	18263	10864	5660	11496	6831	5054	5865	8994	6007	8513	6083
gene2603	207	122	82	82	72	79	125	111	127	107	156	58	166	194	99	81	76	151	83	115	57	66	67	78
gene2604	215	133	166	124	70	68	90	300	129	143	316	84	108	153	149	99	106	247	30	157	202	45	53	51
gene2605	16	14	3	21	1	12	11	71	5	12	55	8	24	9	38	11	19	102	3	24	22	17	10	7
gene2606	903	332	245	236	100	136	457	636	142	449	161	80	431	184	346	259	248	301	92	391	345	227	130	263
gene2607	110	83	36	94	41	53	57	151	166	86	72	50	93	73	57	32	50	75	26	96	78	23	85	58
gene2608	227	85	110	210	154	98	116	259	402	275	269	172	186	312	126	105	173	229	56	176	190	89	139	57
gene2609	606	592	360	437	268	627	458	754	764	695	889	498	1014	766	279	263	193	243	155	422	260	164	128	80
gene2610	1624	813	1187	1787	1228	1266	2323	2973	3429	2578	1819	1582	1116	1648	2258	1118	2259	1373	839	2011	1746	788	1325	794
gene2611	110	61	45	78	86	85	30	109	152	27	26	80	123	315	119	86	73	149	89	82	189	16	55	25
gene2612	69	57	62	47	116	111	121	188	81	49	65	57	97	124	169	47	69	36	27	121	113	51	41	64
gene2613	156	136	226	162	158	159	287	455	486	241	209	147	367	219	270	135	127	155	86	197	251	184	145	164
gene2614	1173	1082	510	949	510	733	542	1206	1280	684	1108	1038	1174	1401	942	561	1250	1094	510	1158	1199	410	710	657
gene2615	240	164	119	143	94	159	198	222	121	95	220	151	168	248	155	92	181	271	76	186	118	79	94	86
gene2616	52	245	40	49	56	176	94	227	299	135	297	97	37	12	27	186	172	120	45	112	83	51	37	105
gene2617	501	447	342	529	234	381	351	873	607	309	630	293	726	531	437	430	781	464	307	704	388	257	372	345
gene2618	566	396	533	271	416	120	582	1160	274	444	201	278	303	493	474	75	414	296	411	767	280	222	316	247
gene2619	1063	1048	595	608	1164	974	160	793	722	515	373	305	630	555	710	296	578	820	579	828	390	312	506	663
gene2620	2	2	6	4	3	3	1	1	9	0	11	2	3	2	2	1	2	6	5	6	1	7	12	0
gene2621	11	47	22	18	10	21	10	37	30	21	26	1	13	25	7	7	4	31	6	9	26	10	1	10
gene2622	14	23	19	18	12	17	23	47	37	5	32	23	30	15	11	4	36	12	13	12	13	8	28	10
gene2623	398	153	135	78	103	299	147	265	357	333	112	74	317	370	331	130	357	71	23	864	102	87	43	48
gene2624	21	3	22	4	9	19	21	6	1	16	13	11	14	10	15	7	9	6	4	22	26	2	6	6
gene2625	210	119	6	87	81	42	47	18	62	138	24	93	155	1	46	89	113	159	102	450	24	51	116	45
gene2626	256	274	162	124	143	53	254	484	357	222	301	84	236	461	425	142	223	336	117	395	254	88	198	92
gene2627	4689	2834	2954	1983	1189	3767	1697	4218	3718	5403	3697	1441	2446	2187	4168	984	1718	2564	1431	4438	1660	1276	905	824
gene2628	115	105	61	78	105	111	81	155	102	112	93	104	134	78	112	101	128	109	67	113	55	41	51	74
gene2629	121	48	89	195	280	169	277	263	28	165	51	114	207	322	194	18	51	21	183	255	64	83	78	42
gene2630	327	110	143	131	122	165	220	267	286	228	183	143	274	215	282	239	170	155	119	332	166	77	199	76
gene2631	96	31	2	5	5	52	32	44	41	26	74	74	122	47	207	15	110	42	30	75	86	44	26	7
gene2632	4	5	0	0	0	0	5	0	0	0	0	0	2	0	3	2	0	0	1	0	0	0	0	1
gene2633	2376	938	1173	1375	1110	1679	1473	2032	2168	1620	1550	1039	1858	1512	1916	854	1718	1410	848	2389	1605	1086	1194	956
gene2634	30	45	66	33	27	74	45	52	68	73	112	100	107	44	97	89	80	26	31	192	75	50	65	16
gene2635	47	17	66	30	42	40	22	31	42	69	45	48	90	100	40	28	37	11	46	90	42	28	11	19
gene2636	123	127	155	143	84	143	129	268	337	52	331	141	320	219	267	92	196	93	189	166	126	138	125	179
gene2637	59	19	39	25	33	35	24	79	125	68	64	31	51	48	21	33	67	53	55	122	41	28	37	23
gene2638	878	773	462	664	278	477	711	1047	859	647	515	639	742	611	778	464	782	437	226	825	776	358	294	617
gene2639	27	32	33	28	32	30	66	101	79	26	70	26	51	23	69	36	37	83	10	92	62	11	70	39
gene2640	326	383	491	495	261	468	411	854	777	601	510	353	763	590	668	365	554	470	255	839	801	236	294	281
gene2641	70	66	70	78	91	91	146	63	166	86	149	83	108	226	72	135	57	78	43	81	128	57	82	58
gene2642	33	44	17	79	14	44	3	94	39	48	26	34	48	43	3	27	24	10	7	52	6	33	4	41
gene2643	500	185	287	489	126	315	255	483	545	299	1101	221	372	358	203	360	384	88	135	564	340	285	149	250
gene2644	7828	3464	2011	4843	4533	2252	3063	7167	7079	2341	6656	2401	5358	6114	2280	3986	6155	4407	3125	8099	7622	2210	4994	4941
gene2645	30	47	6	4	5	21	31	37	10	6	37	5	8	4	2	2	47	35	21	54	80	12	4	13
gene2646	68	36	45	50	39	61	37	69	134	66	51	62	73	123	57	36	24	39	15	88	79	34	45	19
gene2647	25	22	37	39	44	15	28	24	26	28	18	35	1	27	10	19	23	29	25	16	44	6	20	22
gene2648	1581	2831	1467	3226	754	1681	1392	1183	1857	934	1504	1622	829	1289	1493	1297	2280	1207	1094	2284	1469	686	1449	1030
gene2649	228	119	121	98	83	167	278	304	291	182	262	159	334	215	328	143	158	105	145	240	124	82	118	151
gene2650	2	8	0	0	0	0	0	1	3	15	3	0	0	7	0	11	5	4	1	2	5	0	0	15
gene2651	0	1	7	0	0	9	5	17	0	6	6	10	1	1	1	4	4	0	0	1	1	1	2	2
gene2652	371	548	492	728	224	316	504	1954	962	263	822	579	734	763	880	408	290	994	251	504	553	595	604	514
gene2653	333	83	199	135	412	37	152	217	111	148	126	103	341	409	100	81	141	287	5	243	118	148	102	126
gene2654	4	4	4	1	4	4	3	32	6	5	8	3	10	23	3	2	6	11	5	18	0	0	1	0
gene2655	36	15	18	10	27	18	32	59	25	10	32	21	57	42	36	8	32	36	7	7	12	10	8	7
gene2656	299	151	154	283	251	298	257	361	212	446	379	215	239	372	315	145	260	320	185	559	358	176	144	269
gene2657	227	81	99	124	80	96	207	113	87	143	136	150	142	37	73	96	83	63	116	186	85	86	109	54
gene2658	14	8	3	5	3	24	16	5	22	3	14	3	22	6	3	10	3	13	1	15	10	2	6	3
gene2659	731	123	401	418	315	276	283	988	525	509	575	405	409	730	502	345	628	559	215	546	350	174	294	302
gene2660	87	76	47	67	40	93	54	130	112	53	80	80	66	104	111	23	60	88	24	90	102	38	31	32
gene2661	900	712	758	954	792	736	720	1335	1304	1231	1532	638	1118	827	1017	656	1507	923	385	1132	893	565	533	621
gene2662	281	408	283	149	191	385	255	381	266	185	261	214	204	376	153	213	221	219	155	296	274	200	83	113
gene2663	1346	782	468	1289	565	704	663	691	1630	969	895	388	1039	634	345	553	1153	906	687	1595	721	378	608	408
gene2664	3	1	6	1	3	1	3	11	21	4	13	5	18	2	2	2	11	14	1	3	4	2	1	2
gene2665	220	237	436	430	113	518	397	530	693	271	494	252	577	206	601	188	746	680	197	661	942	184	116	165
gene2666	880	449	395	639	302	630	688	1092	940	652	1108	463	843	924	973	788	728	769	442	634	846	356	645	412
gene2667	378	175	187	175	110	176	192	748	174	176	365	100	237	146	374	360	439	621	165	286	52	144	197	250
gene2668	15	23	48	28	5	15	28	6	29	9	22	7	16	102	20	15	30	9	11	17	17	2	2	15
gene2669	164	98	66	54	141	184	114	97	138	134	99	42	223	198	224	150	162	91	7	181	130	56	22	119
gene2670	4	6	2	2	0	1	13	5	0	3	3	3	2	0	0	1	3	4	1	17	5	2	9	2
gene2671	131	70	38	60	44	14	51	80	132	65	54	28	57	106	80	70	43	45	9	48	23	26	27	51
gene2672	36	58	17	40	16	19	56	46	109	59	27	13	37	27	53	58	57	31	18	42	13	9	19	34
gene2673	272	299	168	366	118	120	337	620	360	279	230	199	235	358	107	303	245	340	89	217	133	48	131	115
gene2674	3928	3401	3228	3976	2518	4553	4067	5042	6419	4838	3672	2908	3616	4103	4313	2285	6324	4762	1782	5584	3701	1604	2224	2583
gene2675	190	154	208	283	118	255	135	298	438	69	321	242	348	267	246	90	310	244	162	168	200	176	117	153
gene2676	104	33	60	54	71	48	70	77	138	51	59	52	73	91	72	88	69	65	34	69	72	27	53	51
gene2677	629	318	350	489	467	481	519	611	892	734	894	350	1050	280	515	327	498	494	608	1033	847	184	660	425
gene2678	576	232	473	332	276	396	335	403	617	325	726	307	302	446	264	399	413	355	242	514	477	188	345	144
gene2679	186	215	208	240	68	101	265	161	245	70	267	179	482	236	289	193	325	82	64	279	210	93	295	160
gene2680	39	20	7	9	76	46	18	132	174	45	91	49	88	59	61	31	54	72	13	81	42	15	22	51
gene2681	258	112	253	607	126	173	28	280	444	262	794	426	459	105	260	123	391	541	94	282	272	180	174	97
gene2682	420	289	230	413	396	222	366	609	367	487	559	442	764	546	350	329	513	393	192	759	291	227	128	146
gene2683	189	248	100	110	133	96	130	169	425	305	83	221	100	582	263	115	336	186	113	547	232	67	41	209
gene2684	6791	1284	1889	1783	1438	2805	2243	2991	6701	2348	2948	1477	3388	2996	1547	2368	1783	2852	2007	3231	2707	337	1040	1745
gene2685	6572	4361	6709	3991	5308	3030	5344	16771	5254	4847	7447	5035	4861	5693	2599	3580	5673	3699	1921	8193	9466	1849	5779	2397
gene2686	92	19	17	88	14	51	57	25	36	59	15	63	35	39	22	10	2	8	6	17	63	4	6	19
gene2687	344	124	369	181	185	147	191	481	376	278	258	160	244	169	205	224	960	1025	509	808	682	515	686	549
gene2688	24	10	14	20	9	16	5	15	38	8	9	16	12	16	25	26	12	20	7	10	12	7	10	7
gene2689	72	52	69	100	30	77	57	81	123	54	131	54	63	105	78	42	75	70	35	84	74	25	33	30
gene2690	61	89	65	46	60	74	61	103	65	37	50	8	40	51	33	26	57	65	32	52	83	43	43	36
gene2691	94	119	87	84	42	144	143	302	122	79	269	74	73	118	51	115	105	94	83	161	95	27	127	50
gene2692	3187	1227	1381	1203	1485	1924	3519	2871	4560	2881	2405	1821	2224	3002	4360	1496	2387	3477	1032	3602	2060	1122	2814	2004
gene2693	60	30	14	23	23	28	19	27	47	70	28	41	23	11	8	33	31	24	35	80	49	16	33	19
gene2694	351	368	245	214	207	332	511	679	658	212	265	285	693	439	328	233	516	126	252	1802	1175	155	371	143
gene2695	320	583	281	577	501	565	456	1136	622	833	384	257	867	451	848	184	302	216	333	466	120	270	218	154
gene2696	225	34	196	124	234	262	170	219	168	109	326	161	259	297	255	57	397	251	109	212	101	67	115	104
gene2697	263	151	162	440	227	229	633	658	176	460	252	241	376	286	174	360	203	305	207	444	538	150	207	358
gene2698	85	108	32	58	24	37	111	51	27	9	10	6	16	68	49	22	48	63	85	12	79	18	57	21
gene2699	120	22	36	104	35	46	47	71	98	88	19	58	119	100	47	91	79	54	44	39	45	18	40	22
gene2700	72	4	13	26	8	62	29	15	48	100	116	51	28	48	43	30	33	27	21	42	30	34	18	25
gene2701	20	9	3	0	16	2	2	3	7	1	0	1	6	3	4	1	0	0	2	1	0	5	2	3
gene2702	477	287	237	297	312	413	341	572	399	356	399	440	488	423	532	277	243	241	303	554	408	172	232	297
gene2703	79	31	17	70	17	29	65	58	352	30	74	44	42	195	97	56	46	67	4	68	131	8	57	32
gene2704	102	114	89	114	110	79	76	204	227	96	53	63	188	68	117	86	249	78	87	75	108	66	57	55
gene2705	508	702	375	474	351	455	366	1092	674	615	686	192	447	511	835	335	531	738	144	457	259	154	201	169
gene2706	101	38	209	34	2	113	158	562	665	105	193	140	49	94	136	111	43	94	50	190	96	59	29	53
gene2707	123	110	52	55	80	74	42	95	335	146	184	165	98	297	35	121	147	47	82	183	115	47	28	80
gene2708	48	31	24	50	42	60	36	38	75	46	83	55	131	75	55	26	88	108	30	120	31	32	72	30
gene2709	2188	1735	2649	1886	943	2386	2782	2680	2728	1964	4741	430	1801	1055	1054	1123	3269	1512	1252	477	1987	414	536	704
gene2710	254	132	128	124	101	192	82	308	325	150	240	146	215	194	175	232	205	173	82	216	215	121	132	122
gene2711	186	180	71	85	126	85	98	345	272	143	341	141	86	155	72	163	242	112	46	160	86	112	94	79
gene2712	608	479	417	687	312	577	854	1226	1230	556	850	645	1015	668	609	640	663	682	350	881	659	475	571	687
gene2713	608	154	131	265	99	252	166	720	357	175	361	168	475	321	411	351	276	226	146	465	299	125	393	284
gene2714	32	30	42	18	17	17	32	84	36	57	27	19	47	89	21	37	56	46	17	32	63	16	26	31
gene2715	234	103	28	145	39	73	69	89	55	177	161	36	52	41	55	23	92	29	25	100	67	43	70	73
gene2716	44	20	19	20	22	46	48	52	56	24	126	18	18	59	37	13	60	20	8	24	16	16	31	13
gene2717	5	0	3	10	1	12	13	13	5	21	17	4	3	13	15	3	30	8	5	4	7	11	3	8
gene2718	170	71	53	65	70	57	114	110	210	91	156	38	108	57	120	59	54	58	65	199	41	62	17	45
gene2719	405	298	224	250	140	178	327	551	418	466	436	251	579	448	406	326	274	389	136	307	164	128	170	279
gene2720	62	28	47	63	35	29	83	62	54	108	132	42	74	62	72	44	72	55	30	91	42	10	76	42
gene2721	350	237	282	240	167	196	249	459	294	302	293	233	556	514	502	210	276	285	185	239	280	113	204	196
gene2722	516	260	141	528	355	504	614	507	354	366	325	899	761	465	313	254	274	438	184	738	895	255	136	216
gene2723	101	127	72	127	124	96	89	156	144	92	86	71	95	123	77	46	153	64	64	150	121	57	60	76
gene2724	82	27	36	57	24	97	63	119	37	36	61	70	43	45	101	22	98	87	53	67	41	37	43	114
gene2725	17	47	32	16	29	85	29	52	118	76	42	49	45	84	51	17	20	53	23	99	36	24	51	17
gene2726	72	65	93	48	44	87	63	126	183	70	115	36	166	91	61	82	105	75	60	89	41	50	40	49
gene2727	2146	955	924	1051	1258	1010	1372	2550	2263	1804	2102	993	2642	1975	1449	801	2358	1346	1101	1889	1465	853	1393	902
gene2728	76	88	154	84	127	198	182	187	138	100	393	115	83	111	89	176	253	326	54	158	169	18	85	140
gene2729	34	26	89	28	40	68	26	93	35	91	60	67	79	13	97	123	18	74	76	21	69	67	30	51
gene2730	52	41	96	46	57	68	27	72	245	30	150	26	61	175	116	43	122	81	46	34	47	18	81	40
gene2731	198	87	158	121	80	155	182	194	287	180	160	52	104	335	135	169	142	188	113	222	137	152	86	113
gene2732	169	130	78	139	98	165	151	189	233	195	292	110	193	261	145	123	171	127	50	316	225	52	81	105
gene2733	1504	917	619	1015	1011	1026	1339	1305	1455	1205	1411	879	1277	1012	827	1266	1594	1305	707	1389	1115	744	895	838
gene2734	49	27	64	61	48	95	28	170	71	51	34	53	101	53	91	32	114	98	51	82	61	70	54	76
gene2735	631	386	625	403	384	268	493	1120	1099	743	765	559	541	888	410	432	759	479	393	659	509	337	290	448
gene2736	62	18	49	29	3	11	19	6	42	20	52	24	98	90	14	63	31	49	8	65	10	11	33	32
gene2737	123	125	164	151	129	241	89	335	271	96	161	86	214	202	284	78	67	33	37	91	49	34	21	37
gene2738	96	68	20	72	77	48	35	107	291	115	54	26	44	74	13	53	128	52	89	65	64	38	67	127
gene2739	724	526	943	423	326	655	561	1055	909	705	706	398	769	693	356	512	444	510	357	656	524	188	417	324
gene2740	796	389	1180	1024	898	733	1355	2245	2575	1177	783	1109	1977	1283	1832	1050	880	2954	785	2483	1761	527	569	533
gene2741	2116	1182	1252	1145	754	1509	823	3219	2809	1117	1799	1047	1950	1659	1807	1205	1801	1500	686	2011	1756	760	1383	1263
gene2742	182	696	121	287	151	347	100	1244	374	167	297	130	413	137	774	202	481	159	156	306	189	385	306	286
gene2743	34	56	39	8	19	50	17	39	42	86	108	43	32	43	59	60	91	63	21	49	73	46	23	39
gene2744	189	83	42	41	68	67	79	193	58	163	168	92	207	114	78	91	46	99	68	212	145	58	53	56
gene2745	122	178	124	202	140	110	143	534	262	188	299	224	510	282	181	279	167	227	195	582	166	109	97	131
gene2746	2	2	4	0	1	0	2	18	5	7	2	0	1	0	14	2	1	7	2	17	0	2	3	0
gene2747	1292	823	1250	944	1028	650	1296	2301	3288	701	2145	920	3027	955	1749	732	899	2608	404	2129	964	1083	293	526
gene2748	16	28	13	26	17	42	8	27	23	31	26	17	18	55	24	20	48	15	25	21	26	15	16	11
gene2749	46	37	29	36	30	26	45	116	181	82	60	65	226	47	42	43	41	52	23	61	32	47	67	30
gene2750	1034	993	692	789	767	901	1132	1326	2485	1720	1032	778	1708	1133	1825	1497	1927	723	726	653	1081	302	642	1261
gene2751	283	250	208	251	166	169	266	531	180	114	194	58	85	133	98	76	482	506	312	693	400	221	244	423
gene2752	203	116	229	267	297	249	194	465	497	365	232	85	267	226	217	252	519	399	137	245	458	263	130	128
gene2753	55	19	27	45	24	36	49	41	83	61	28	22	38	32	67	51	47	32	19	54	33	14	34	17
gene2754	1	4	1	1	20	22	4	30	14	2	0	6	7	11	0	35	13	8	19	48	11	3	4	10
gene2755	48	31	23	12	36	34	37	26	79	68	55	35	44	70	22	30	69	60	15	50	59	26	21	18
gene2756	285	430	314	203	312	125	169	736	303	293	304	352	595	446	269	211	307	163	177	229	528	51	195	226
gene2757	377	247	382	397	252	224	390	447	763	326	345	434	502	548	504	187	350	600	201	382	538	205	160	233
gene2758	178	135	121	105	67	79	199	191	506	122	273	162	254	193	212	172	87	134	90	156	97	83	164	54
gene2759	150	25	73	32	12	20	41	69	187	22	282	16	71	26	122	76	44	37	32	176	42	25	17	65
gene2760	128	128	270	198	275	52	335	934	86	329	396	118	94	364	319	169	398	302	134	516	162	75	423	237
gene2761	25	21	36	7	10	101	107	42	104	15	115	38	62	60	33	41	85	5	18	49	40	12	74	32
gene2762	241	227	177	235	184	353	588	376	499	369	357	223	357	279	421	308	311	216	164	370	523	146	303	322
gene2763	21	46	24	19	5	27	33	45	37	42	25	3	75	47	34	17	6	5	8	25	45	25	20	22
gene2764	2082	2064	3095	2921	1158	2189	2734	7601	6389	2310	5500	3524	4165	3828	4047	2798	1744	3057	1645	3200	1673	933	1464	1953
gene2765	0	1	4	0	3	2	3	0	4	0	2	0	0	0	2	2	8	4	0	1	0	12	0	0
gene2766	1701	749	968	896	572	1007	1089	2129	1483	1037	1580	802	871	1644	1035	648	1534	1575	668	1320	1747	703	613	689
gene2767	67	49	42	25	9	28	57	68	58	60	71	17	56	43	55	30	34	14	33	38	50	9	8	25
gene2768	1332	636	645	731	715	721	964	1491	1139	958	912	674	1398	987	834	530	960	1185	628	993	612	542	734	911
gene2769	6	12	14	16	10	8	9	17	44	10	8	7	12	3	8	18	12	30	12	21	18	6	10	11
gene2770	57	83	125	28	20	111	46	75	215	44	133	61	62	98	51	44	78	87	70	117	116	29	123	39
gene2771	292	202	192	190	156	123	228	392	389	227	192	107	181	211	251	301	286	239	130	144	285	124	177	152
gene2772	8	21	13	7	16	18	13	81	79	9	70	15	24	29	41	5	103	25	10	29	7	5	26	22
gene2773	38	40	63	44	12	29	16	136	66	39	90	31	24	54	74	55	52	115	19	28	49	17	31	46
gene2774	267	172	167	186	156	247	155	261	476	178	289	163	331	322	318	264	264	291	93	307	255	134	185	86
gene2775	590	396	287	385	218	154	238	342	225	64	116	142	164	119	163	431	399	416	111	43	232	19	186	34
gene2776	17	14	26	9	16	6	20	41	2	38	45	2	33	39	21	14	18	22	6	25	25	14	9	16
gene2777	58	11	20	3	23	34	43	27	49	45	26	46	16	21	80	18	49	10	10	23	20	19	11	1
gene2778	383	247	94	99	121	233	128	180	186	224	424	205	386	118	225	186	489	298	52	224	216	81	218	71
gene2779	1249	949	857	1145	807	1371	911	1708	1502	1938	1224	952	1803	1833	1125	878	1421	1403	579	1420	993	881	645	793
gene2780	112	125	408	344	340	1065	408	974	292	38	1000	90	1330	323	782	166	287	252	513	206	124	120	278	229
gene2781	31	3	27	0	8	7	32	1	14	15	6	11	9	9	28	16	3	2	6	22	5	1	8	8
gene2782	34	19	56	37	16	22	56	136	115	8	69	20	19	40	17	37	23	64	29	33	12	32	15	42
gene2783	15	8	2	2	7	12	20	9	11	4	2	15	2	3	5	3	7	1	13	5	42	4	3	1
gene2784	653	319	312	325	359	331	418	989	616	707	653	426	661	877	626	408	292	746	176	449	346	244	353	338
gene2785	27	46	36	25	12	35	14	67	59	4	86	18	5	43	55	45	88	85	27	129	33	64	18	35
gene2786	122	72	119	133	82	208	123	189	131	94	134	59	187	205	130	72	164	165	73	226	125	77	105	79
gene2787	386	240	412	600	108	263	321	501	917	125	158	190	275	315	356	167	527	350	128	337	227	83	366	332
gene2788	243	32	56	121	30	107	64	199	146	44	144	50	220	78	143	9	317	28	50	93	81	74	86	104
gene2789	24	22	19	34	19	23	13	90	21	17	10	9	8	11	6	1	45	34	8	41	52	39	16	16
gene2790	340	130	50	157	58	14	134	153	309	119	131	123	231	199	47	38	106	208	48	172	731	69	132	102
gene2791	23	6	20	0	9	8	1	9	9	10	20	19	29	11	8	19	66	23	5	34	9	1	10	22
gene2792	9769	4299	3160	3260	4417	3151	5981	8215	11210	4486	5230	2286	4260	5804	3809	3589	5001	7613	2896	4747	9403	2788	3088	2370
gene2793	7	0	0	0	0	5	0	10	15	6	0	2	1	0	0	9	11	0	2	1	6	0	3	2
gene2794	4866	3006	4001	5599	1303	5540	4935	13773	6344	2397	7192	4342	4005	5700	3414	3394	4814	4528	1802	5287	11444	1361	3891	2794
gene2795	216	207	263	264	88	250	336	294	369	209	640	215	110	233	115	218	309	337	264	296	130	139	129	156
gene2796	66	34	15	10	33	49	28	75	88	35	7	100	7	71	53	19	44	55	26	123	102	63	35	58
gene2797	195	123	149	106	104	255	376	218	277	193	418	106	154	199	384	169	279	159	75	268	240	90	140	219
gene2798	122	99	106	86	66	72	102	187	121	122	110	77	151	106	131	93	139	112	80	165	66	57	77	110
gene2799	6418	2765	4088	5259	2214	4471	3005	6801	7647	3993	5412	2101	7729	4678	4809	2776	3237	9857	2128	6918	6032	1582	1959	2638
gene2800	5693	3405	1795	3770	1443	2021	4753	9355	12220	7606	3014	2739	9848	4754	8013	4079	3019	4559	3861	2702	2785	2112	1968	2903
gene2801	721	369	265	141	270	911	376	821	373	808	1393	131	397	590	199	331	651	513	268	115	416	190	316	411
gene2802	180	63	67	32	102	94	155	128	66	68	238	85	136	89	89	62	75	37	74	56	61	21	63	77
gene2803	119	146	238	180	33	190	157	44	298	112	145	194	170	54	77	0	201	74	48	232	55	45	110	164
gene2804	44	23	21	51	5	63	17	8	43	15	63	64	38	101	26	27	11	56	11	35	90	9	16	35
gene2805	28	9	8	14	14	6	15	19	32	18	46	8	48	27	25	22	42	10	8	46	20	10	26	18
gene2806	88	29	86	47	48	78	67	47	56	151	30	34	136	69	69	82	112	122	39	122	38	31	24	55
gene2807	1571	588	648	907	571	2283	1409	2672	1815	954	1673	1830	3087	1562	1257	970	1845	988	816	2121	1327	945	551	1029
gene2808	48	44	44	13	38	54	48	40	18	77	91	28	115	51	54	45	113	94	29	82	63	14	41	43
gene2809	300	276	353	177	58	70	150	235	164	229	365	99	269	78	82	48	210	143	54	178	142	89	142	256
gene2810	1086	861	616	555	514	780	1234	2009	1584	866	1262	538	1195	964	915	497	1862	2311	827	1755	1769	1000	1780	1371
gene2811	125	132	165	265	260	263	300	394	373	213	251	183	504	215	303	200	289	172	169	301	360	99	165	127
gene2812	209	260	199	466	373	244	238	875	1161	215	143	157	417	164	333	169	353	274	184	188	301	153	93	136
gene2813	94	18	24	31	23	59	57	55	78	63	82	26	58	35	38	18	86	24	13	77	67	25	62	27
gene2814	215	192	93	71	149	161	115	299	234	115	208	85	165	143	248	137	321	134	68	239	156	53	140	89
gene2815	42	27	51	35	18	14	20	51	47	22	41	39	11	34	16	43	60	20	18	46	31	16	28	26
gene2816	30	28	22	65	14	23	43	30	61	17	53	66	19	19	75	8	9	33	31	21	35	14	17	15
gene2817	17	15	22	12	7	21	16	17	31	8	40	20	24	38	23	19	9	22	20	2	13	24	8	4
gene2818	38	30	29	94	30	87	95	76	118	56	48	60	162	47	77	19	130	32	23	117	159	24	19	20
gene2819	203	270	182	112	134	166	243	360	423	261	403	164	264	156	252	170	286	143	126	344	124	65	132	172
gene2820	105	74	91	123	111	82	104	120	211	93	97	92	129	321	99	70	82	91	65	391	136	62	54	56
gene2821	37	6	21	58	22	34	4	25	49	17	52	28	37	67	37	13	29	18	17	34	50	15	21	29
gene2822	32	18	38	28	14	28	36	88	39	12	41	21	50	43	28	21	37	19	10	62	19	11	22	6
gene2823	33	20	22	19	2	20	20	12	34	16	21	17	37	8	39	11	9	18	15	1	10	1	10	23
gene2824	251	200	365	248	181	415	365	364	327	143	215	222	580	171	209	295	301	240	61	298	137	98	174	124
gene2825	336	208	180	55	93	155	145	381	788	377	598	391	571	474	561	141	355	154	129	406	140	106	126	207
gene2826	29	15	4	5	2	17	16	13	12	18	10	5	5	18	18	13	7	25	6	20	9	1	22	2
gene2827	19	0	1	4	1	1	11	9	7	13	20	2	7	4	8	6	11	3	2	11	7	3	3	6
gene2828	122	27	81	83	79	95	77	145	287	140	193	70	81	164	82	80	100	108	41	78	140	49	59	76
gene2829	66	45	42	85	47	82	102	167	96	31	42	58	113	80	54	47	93	82	87	158	38	22	24	55
gene2830	46	46	24	4	5	47	64	32	20	43	30	11	42	0	21	25	10	18	2	78	19	7	4	14
gene2831	1003	439	1574	416	1296	676	697	687	1369	444	1161	809	1568	1016	491	388	1334	1427	446	688	1456	416	851	443
gene2832	160	141	65	85	97	100	111	144	212	163	189	105	124	110	98	200	70	21	21	25	48	19	25	25
gene2833	121	109	73	119	97	52	104	148	243	173	144	108	107	180	140	103	79	127	51	94	109	62	71	95
gene2834	324	330	249	280	289	264	202	664	681	322	456	179	448	397	210	169	328	350	161	437	502	166	216	254
gene2835	378	237	156	215	81	179	214	448	398	225	337	130	374	223	257	148	353	308	84	289	206	80	178	109
gene2836	152	62	52	21	36	76	38	195	51	59	68	26	37	159	34	176	147	59	42	139	58	36	65	48
gene2837	25	14	17	6	2	5	21	18	52	23	41	16	7	8	13	5	6	4	17	16	20	4	11	5
gene2838	1289	466	522	620	397	452	582	1755	1781	620	1023	578	560	611	1027	690	1113	1158	468	1298	1095	458	383	365
gene2839	4	3	9	1	4	4	30	10	21	3	43	10	9	71	15	17	6	4	1	1	10	2	10	14
gene2840	2738	1833	347	847	700	846	951	780	1606	688	2528	744	698	777	822	387	2727	1556	2876	4802	1235	1007	2200	1842
gene2841	41	63	9	155	47	27	38	85	118	42	36	84	100	76	5	155	64	7	11	7	11	20	59	4
gene2842	5993	1662	518	4212	2103	4822	3411	3873	3819	6110	2727	4466	5168	2238	11331	11403	1858	5306	1398	4923	2990	1359	2225	2797
gene2843	93	53	196	36	46	124	160	216	72	38	135	64	152	132	85	60	7	136	66	103	30	18	65	77
gene2844	57	28	26	52	27	50	24	123	39	63	38	42	41	29	28	30	20	67	49	51	44	54	35	45
gene2845	83	63	132	119	161	229	243	434	197	134	195	129	172	207	199	43	90	167	112	273	226	144	77	40
gene2846	2022	866	583	1038	1170	1064	1261	1236	785	646	2046	1293	4274	1855	669	403	968	557	1047	2626	1114	1002	764	490
gene2847	0	2	1	4	9	3	17	8	2	3	12	12	12	21	1	0	11	13	2	2	3	4	4	9
gene2848	124	37	44	52	44	84	60	119	152	100	208	57	116	139	94	74	79	120	85	116	158	44	43	56
gene2849	236	157	203	143	133	198	280	338	379	196	211	184	306	200	284	192	320	232	150	216	203	86	125	136
gene2850	367	218	199	115	149	112	241	106	362	110	280	80	277	318	83	50	263	170	72	278	404	69	181	75
gene2851	232	60	106	127	82	110	82	191	337	171	236	111	101	305	137	143	206	175	84	212	171	76	101	130
gene2852	38	69	108	121	98	161	59	119	133	74	114	82	113	65	102	34	47	17	79	62	62	44	32	61
gene2853	29	16	4	21	17	13	16	15	64	14	24	18	33	22	15	21	17	14	11	19	43	6	10	20
gene2854	14328	9003	14785	6076	3541	6593	15084	23182	19301	14526	13121	7271	14949	16993	16817	7788	19974	11779	7053	12193	15304	3339	6973	5058
gene2855	24	3	6	0	1	4	0	11	8	1	3	2	1	18	34	26	4	20	13	0	1	24	29	14
gene2856	935	463	506	477	342	821	544	1455	908	723	1276	448	907	888	788	342	530	578	461	504	465	280	464	496
gene2857	26	12	5	51	23	12	19	28	8	40	35	39	67	67	6	13	17	37	8	62	29	24	17	9
gene2858	1	13	0	3	8	5	5	17	1	1	3	2	10	3	1	2	11	0	6	5	3	5	3	1
gene2859	167	166	149	98	190	100	164	167	268	215	317	104	218	156	184	83	148	160	90	238	151	67	210	134
gene2860	2726	2646	2783	3237	2503	3132	4509	4754	3586	4140	3893	2496	5423	3114	5385	2063	3159	4736	3376	6470	5429	3075	3665	1129
gene2861	742	471	497	589	321	515	299	454	142	157	353	484	457	268	406	188	505	904	1048	1611	448	483	968	352
gene2862	10	12	5	1	6	5	9	18	14	6	15	18	8	19	10	1	4	10	8	15	9	2	3	4
gene2863	8	46	22	19	11	23	61	47	20	22	95	11	55	36	6	68	18	49	16	6	59	22	49	25
gene2864	22	9	45	38	33	28	47	121	46	50	66	16	39	3	27	48	49	26	20	43	45	16	28	21
gene2865	59	20	13	6	24	22	9	19	6	33	5	25	65	85	22	15	36	18	15	9	18	7	17	22
gene2866	599	292	494	637	438	561	729	1079	1085	824	469	532	715	807	763	488	173	146	96	257	132	64	122	93
gene2867	17404	7115	5823	5060	3840	4064	8282	7656	9371	3874	3350	4370	3592	3624	2564	2553	8137	7911	1335	13237	3603	9241	1575	2088
gene2868	21	31	5	3	1	5	10	2	27	4	3	1	14	16	9	9	16	17	4	26	10	0	2	7
gene2869	775	316	412	189	124	779	378	654	974	354	729	801	640	357	739	286	251	405	157	392	237	273	203	545
gene2870	63	14	29	9	13	19	21	38	55	30	29	13	16	12	28	25	13	25	19	87	24	10	6	25
gene2871	860	403	344	404	438	582	821	937	1417	852	979	404	930	365	807	477	760	1077	83	1340	2402	362	271	745
gene2872	204	130	232	84	266	102	183	190	361	174	370	198	180	308	353	219	344	135	112	339	340	66	79	154
gene2873	90	29	71	70	49	83	48	97	1153	480	1106	328	755	584	513	505	47	75	48	151	122	29	61	34
gene2874	288	267	364	648	290	450	312	609	1083	527	528	181	416	247	579	224	621	411	140	359	353	104	313	279
gene2875	2709	4241	3390	3966	1839	3242	4890	4706	6379	4143	11668	3066	5138	4653	2624	2260	9043	788	1651	5893	1672	3387	5524	6317
gene2876	834	811	727	823	611	779	1190	1758	2203	1344	2124	688	1051	1065	1203	841	1474	1179	671	1183	1102	471	843	737
gene2877	53	133	157	97	58	49	223	142	152	139	49	120	9	75	40	86	33	29	23	89	52	9	29	17
gene2878	382	620	328	311	512	205	398	571	339	775	718	241	720	432	635	249	487	530	118	997	670	234	302	237
gene2879	26	6	7	5	17	35	24	14	16	18	9	13	79	29	50	21	78	43	4	33	42	4	29	13
gene2880	111	113	127	114	70	132	147	635	380	306	329	163	300	97	257	182	163	209	187	1010	285	170	104	159
gene2881	681	497	457	614	589	570	474	866	999	535	631	275	1153	696	586	564	936	648	313	861	335	358	419	335
gene2882	345	277	152	283	161	307	307	594	579	267	235	232	341	345	157	280	202	303	161	373	311	160	191	205
gene2883	52	38	55	37	36	43	26	85	86	23	82	42	23	49	67	23	25	47	18	55	27	25	41	43
gene2884	192	94	84	127	113	54	153	285	96	96	59	34	99	52	44	49	200	100	30	108	128	69	62	178
gene2885	45	31	33	29	21	44	29	86	64	24	55	17	33	40	27	27	60	102	46	39	43	15	53	28
gene2886	407	360	183	135	102	543	218	267	200	271	159	232	382	280	271	264	329	425	139	489	508	135	107	90
gene2887	73	126	50	31	28	40	43	141	224	55	77	24	53	35	38	51	66	42	25	88	43	66	75	24
gene2888	189	62	15	32	47	162	100	166	171	154	125	39	105	79	126	40	122	87	31	84	128	46	74	136
gene2889	101	25	50	52	27	27	40	76	66	45	102	22	31	23	32	33	28	17	27	43	21	24	23	33
gene2890	1042	433	637	536	541	853	803	2022	931	701	930	564	761	365	1213	952	1397	611	402	597	922	277	491	399
gene2891	289	126	141	157	116	157	282	420	614	304	325	238	542	389	565	252	271	183	109	279	213	107	132	167
gene2892	24	17	18	54	14	5	27	63	51	32	41	6	53	27	33	23	127	128	38	41	63	32	12	65
gene2893	241	117	125	126	108	194	161	184	200	190	411	181	261	293	193	67	169	244	149	182	184	142	122	175
gene2894	49	72	71	24	18	37	92	80	102	24	106	16	53	63	90	76	48	109	12	68	29	32	56	45
gene2895	201	90	138	151	108	77	159	275	278	190	177	128	73	232	155	104	178	227	111	242	106	175	48	102
gene2896	2505	1818	2417	2378	2098	2594	2284	2337	2990	2728	3160	1474	2941	2983	3437	1907	2376	2895	1261	4715	2102	1224	1500	1068
gene2897	44	8	18	55	29	12	23	77	48	24	18	19	59	12	17	31	5	3	18	35	41	4	19	20
gene2898	254	252	137	184	152	176	132	336	313	177	392	198	249	153	279	67	260	102	117	218	253	128	170	169
gene2899	3	3	7	23	8	11	9	19	42	17	0	4	18	10	8	4	25	7	10	5	4	2	2	1
gene2900	710	1142	118	893	270	647	150	966	1085	319	393	205	848	101	149	419	275	209	228	323	190	354	83	193
gene2901	25	14	0	4	9	22	6	29	29	17	25	5	22	6	13	5	8	14	9	8	3	15	8	1
gene2902	2	1	1	4	5	2	2	28	26	2	6	0	7	5	24	28	17	7	2	14	14	1	0	0
gene2903	350	371	206	199	158	204	30	125	344	186	429	99	142	96	512	154	680	341	176	349	550	157	386	354
gene2904	35	18	41	44	31	48	29	72	26	28	65	14	34	28	48	34	43	24	36	44	33	23	28	17
gene2905	8	5	15	1	0	1	4	6	9	4	0	0	2	2	2	0	6	2	1	15	16	1	1	1
gene2906	45	5	3	32	2	8	27	17	42	34	18	11	45	25	10	13	15	18	10	7	36	4	12	37
gene2907	415	1018	524	149	318	347	848	1399	1015	277	1258	536	1374	1229	517	174	639	498	496	1301	460	531	239	547
gene2908	175	120	233	115	119	163	108	299	260	131	311	131	162	131	181	120	117	196	103	294	222	103	136	78
gene2909	222	106	123	269	57	154	164	600	260	146	423	104	62	255	187	107	176	193	99	232	119	122	125	165
gene2910	722	223	375	420	256	375	663	599	1053	597	1026	517	601	455	698	746	403	735	265	845	345	177	304	174
gene2911	174	95	78	280	180	293	210	663	214	86	164	81	295	188	239	167	35	97	14	157	39	31	58	22
gene2912	0	0	0	0	0	0	0	2	0	1	0	0	2	0	0	0	1	0	0	0	0	0	0	1
gene2913	134	101	80	76	93	89	82	114	28	22	44	14	40	29	6	19	75	76	65	154	77	40	46	32
gene2914	16	20	8	5	5	25	9	45	4	19	8	2	41	20	15	19	11	13	3	20	13	5	6	3
gene2915	19	14	27	38	114	70	45	85	61	74	36	16	15	33	26	73	42	55	37	41	69	11	41	23
gene2916	2	4	1	2	17	2	2	30	18	0	17	13	22	39	6	22	24	7	5	5	3	0	4	0
gene2917	553	92	111	87	107	229	139	123	274	233	1113	53	227	354	181	299	168	264	23	457	177	86	162	89
gene2918	4444	3699	4882	2638	1876	3224	3505	5805	5906	6000	7461	2588	3730	3421	3490	2868	4743	5309	2577	3782	3679	1844	2544	2778
gene2919	373	63	204	92	52	299	168	377	114	113	496	199	349	176	731	363	903	342	62	296	387	189	13	214
gene2920	2600	2275	3378	3727	1460	2828	1516	3312	3735	2404	2725	2739	3424	2731	2075	1730	3822	3027	1761	2605	2937	1780	1651	1495
gene2921	188	67	71	26	81	95	60	192	193	53	142	83	263	114	77	71	158	45	39	195	68	45	72	58
gene2922	66	49	63	53	16	72	44	96	127	47	125	36	46	110	45	65	15	44	81	129	102	41	11	5
gene2923	331	276	246	183	225	570	213	1122	471	409	596	348	309	279	704	675	686	425	370	301	706	221	391	259
gene2924	5	21	18	26	3	11	15	25	30	24	19	9	7	19	28	28	27	26	21	21	8	4	5	10
gene2925	28	9	7	7	32	29	13	21	15	7	12	8	95	58	6	22	13	53	4	17	24	2	17	3
gene2926	0	0	9	1	0	0	4	1	1	1	0	0	1	1	2	0	2	5	0	2	0	0	0	2
gene2927	6	4	1	3	1	2	2	3	17	1	32	2	2	0	2	0	0	3	0	0	3	2	4	2
gene2928	164	14	89	43	18	83	32	63	170	55	90	19	180	101	95	36	77	78	29	74	18	39	45	58
gene2929	162	175	139	107	167	102	136	354	292	169	205	96	167	203	233	155	98	109	63	293	142	53	78	79
gene2930	73	32	85	18	56	111	115	121	152	41	105	40	112	32	48	80	109	24	43	79	229	92	26	12
gene2931	5	1	5	0	0	4	6	10	7	6	16	0	4	0	0	2	1	16	0	1	1	1	0	1
gene2932	14	17	1	3	1	3	60	37	11	31	40	0	3	41	8	11	16	45	19	4	27	12	1	9
gene2933	36	8	53	25	25	35	40	53	50	36	71	15	41	18	100	28	32	45	15	14	32	20	12	16
gene2934	860	578	272	612	340	430	1095	1205	794	522	795	420	857	505	559	742	846	735	225	1032	793	280	416	327
gene2935	271	176	174	176	104	171	79	260	940	392	611	204	507	356	354	221	421	369	335	444	502	122	107	201
gene2936	92	31	35	40	22	26	15	64	126	33	49	18	22	35	40	38	26	35	16	32	16	12	20	12
gene2937	6	6	11	2	9	11	10	16	38	3	1	8	29	16	12	7	26	25	0	22	1	5	14	2
gene2938	87	130	69	92	50	67	89	208	157	60	166	71	111	79	151	73	83	125	31	139	92	33	78	67
gene2939	3	10	16	4	8	26	25	27	7	16	0	13	4	6	3	4	0	6	2	13	17	1	0	1
gene2940	45	19	26	49	24	96	59	80	71	20	39	22	71	25	94	23	30	23	9	163	40	12	40	73
gene2941	50	36	84	31	36	96	42	197	120	57	92	39	95	83	126	42	104	52	41	65	71	29	75	51
gene2942	983	737	804	942	552	792	980	1709	1693	917	1261	673	1261	1111	881	776	1534	1404	747	1187	932	573	771	576
gene2943	491	317	376	462	375	224	263	1247	1774	988	1421	726	1224	1160	605	459	494	655	194	474	512	291	440	183
gene2944	219	119	190	177	92	232	143	262	262	145	211	164	212	159	191	156	236	235	98	192	165	95	138	137
gene2945	98	69	103	39	47	74	147	189	229	76	180	47	55	43	63	83	200	100	23	172	71	57	75	68
gene2946	43	78	26	32	56	55	50	71	123	68	80	35	48	61	85	60	62	77	41	25	70	38	43	22
gene2947	528	254	369	172	111	285	348	1086	899	219	468	394	238	299	230	387	496	210	78	255	253	138	329	374
gene2948	36	11	4	19	16	12	21	22	9	12	9	2	15	22	31	10	13	15	11	31	17	3	2	4
gene2949	190	98	77	59	28	24	10	135	54	141	181	28	69	36	8	117	120	104	55	94	107	46	104	67
gene2950	872	754	548	539	469	1075	857	1380	1394	1022	1522	532	989	925	944	789	876	1032	380	1015	823	353	398	398
gene2951	50	46	33	55	27	23	16	78	41	12	23	20	26	23	34	23	34	32	22	33	31	17	23	12
gene2952	62	3	7	9	5	16	8	11	16	5	3	4	2	0	26	6	18	13	5	16	3	1	0	0
gene2953	167	38	111	84	68	102	138	264	231	102	270	70	153	217	181	96	110	81	59	167	57	47	72	35
gene2954	239	117	142	225	243	295	123	221	324	203	346	195	447	250	161	187	303	328	107	261	169	188	140	108
gene2955	2964	225	1043	1876	1289	2273	2102	1278	3210	1501	5188	1747	1211	737	2724	1651	4342	2031	553	1995	2009	1179	507	1237
gene2956	22	16	21	51	37	15	9	71	61	64	35	55	20	27	34	52	14	19	25	41	9	17	9	32
gene2957	39	47	23	24	15	63	125	107	59	57	45	50	85	53	38	71	16	24	13	4	10	18	23	16
gene2958	533	1923	833	622	65	207	805	3237	1665	551	1240	888	350	727	1530	503	884	281	760	2645	443	450	298	312
gene2959	105	91	59	28	32	112	74	114	187	60	106	59	117	102	81	35	40	116	22	94	81	87	34	61
gene2960	527	194	18	92	115	61	29	264	97	333	362	312	214	469	185	84	258	176	102	956	307	207	29	121
gene2961	155	136	170	314	174	287	266	428	368	321	198	188	433	350	305	264	265	179	159	328	159	219	83	210
gene2962	1024	448	751	949	726	1176	1074	2062	1149	611	1075	838	1069	1222	1244	814	1767	981	622	819	1562	312	924	800
gene2963	886	476	511	609	483	739	438	881	876	439	498	692	1028	941	853	531	1047	482	193	985	928	536	193	318
gene2964	120	116	95	86	106	136	82	155	153	86	166	114	120	250	130	120	144	169	77	173	144	102	141	29
gene2965	9	24	30	9	21	19	28	17	36	20	28	25	7	17	21	1	21	37	18	11	4	13	16	1
gene2966	124	134	130	143	103	121	176	115	102	172	100	135	118	65	116	158	122	150	113	162	105	85	46	49
gene2967	468	287	277	396	336	434	490	823	788	293	452	397	413	438	419	312	519	392	268	449	398	277	293	325
gene2968	1239	602	981	739	796	1160	629	1527	1458	932	1084	805	1369	984	894	738	919	1436	492	1135	1230	571	683	870
gene2969	316	275	486	444	459	604	316	654	482	231	614	263	370	526	211	204	411	229	247	523	1090	158	171	134
gene2970	19	17	30	16	16	6	8	7	31	14	6	0	22	7	4	2	16	16	1	24	12	6	21	12
gene2971	219	141	118	189	106	171	97	148	152	302	138	163	65	278	119	109	72	112	98	230	155	95	116	88
gene2972	17	22	12	13	9	8	50	61	25	17	14	3	59	16	12	40	15	28	0	72	34	6	13	12
gene2973	65	48	40	66	39	27	88	86	30	39	43	22	52	36	35	18	27	55	50	76	56	49	64	27
gene2974	19	16	24	11	23	11	18	19	40	20	183	35	60	21	9	19	12	47	9	23	47	7	20	12
gene2975	1947	896	1101	1269	774	987	2174	2857	3671	1597	1967	2162	2793	1722	2088	2697	8070	2081	3323	12950	6824	2059	5224	7130
gene2976	59	29	100	29	64	26	104	123	44	63	75	47	105	135	95	79	130	106	28	84	145	112	50	93
gene2977	1008	2732	3409	2840	1926	3173	2325	4583	1718	1596	3121	1435	2360	3354	1277	2625	3559	2871	2084	2077	2553	1864	4270	2932
gene2978	4	2	12	5	0	17	8	14	8	10	15	3	2	3	5	1	6	1	0	7	7	2	4	4
gene2979	15	14	20	49	11	43	12	35	44	66	60	45	45	41	21	28	53	23	16	34	57	25	9	23
gene2980	86	362	280	345	124	389	737	898	286	182	592	283	399	977	238	405	441	478	280	353	716	184	401	809
gene2981	347	51	8	65	5	8	76	140	48	101	57	16	55	87	104	10	8	6	17	54	9	15	22	12
gene2982	1479	1539	2272	2850	2322	4782	4168	2519	4997	3210	2717	2549	4558	2202	4024	2231	2830	3228	1680	6014	4546	1142	1744	1471
gene2983	76	60	45	19	22	45	20	75	76	78	77	50	45	45	32	36	25	22	13	62	16	21	17	42
gene2984	13	2	1	4	3	4	0	2	13	0	1	12	1	1	2	0	7	16	0	0	4	5	0	0
gene2985	92	77	61	114	86	64	99	109	191	137	130	90	144	140	170	108	182	77	73	108	88	45	101	94
gene2986	99	33	65	122	59	59	51	94	13	14	25	13	30	22	23	31	85	92	33	109	86	38	39	36
gene2987	42	111	77	106	31	108	81	167	143	117	146	65	155	132	165	62	136	81	57	179	95	32	59	122
gene2988	15	19	29	41	11	32	34	63	57	42	28	33	49	52	19	20	10	38	33	29	45	6	39	25
gene2989	79	22	16	25	9	29	41	81	56	55	40	15	28	35	19	28	79	46	16	40	30	15	40	18
gene2990	96	36	16	72	20	33	37	28	30	33	42	68	35	54	16	68	69	53	8	106	36	15	26	32
gene2991	67	185	86	60	11	39	50	110	144	30	19	61	48	42	70	63	47	6	63	110	24	43	93	33
gene2992	9	28	9	6	20	6	27	97	14	25	30	32	19	27	19	10	26	6	5	39	16	14	22	12
gene2993	310	838	315	806	728	531	569	3875	1545	912	303	688	710	522	677	824	499	1210	664	820	1411	300	551	239
gene2994	202	129	16	16	19	11	17	87	48	7	136	1	0	39	15	83	9	46	7	27	35	14	23	9
gene2995	751	804	662	432	411	529	1082	930	2089	1518	1119	613	1227	773	779	574	806	1143	464	658	1013	328	569	449
gene2996	30	18	8	3	8	35	4	27	17	5	36	10	12	40	14	7	25	2	2	16	35	2	1	3
gene2997	583	67	78	304	50	146	209	1852	1051	202	618	226	626	420	815	240	300	412	279	647	60	421	391	154
gene2998	58	52	25	38	15	34	58	56	63	45	124	25	66	45	58	35	63	37	29	49	25	14	16	19
gene2999	114	127	164	110	86	167	163	348	237	102	170	120	258	135	253	101	119	121	91	281	110	71	111	101
gene3000	461	349	174	301	518	117	199	691	258	157	464	330	294	290	55	286	752	302	290	604	257	161	198	80
gene3001	28	47	24	7	20	16	29	50	85	26	35	20	17	35	33	24	42	47	10	45	34	9	4	6
gene3002	165	66	208	181	146	203	114	193	623	239	159	92	140	113	246	136	128	219	95	271	128	136	51	89
gene3003	95	135	104	96	112	139	88	240	196	69	174	85	169	173	80	103	84	159	92	140	136	55	65	66
gene3004	19	5	10	19	6	13	33	47	25	32	34	26	12	10	17	11	36	37	23	53	30	9	14	11
gene3005	266	226	170	194	263	314	205	440	630	307	364	376	331	414	202	221	446	325	314	517	262	269	255	164
gene3006	4	5	5	1	0	1	0	0	0	2	0	1	1	1	5	2	1	0	4	13	4	1	1	0
gene3007	2135	1237	889	987	959	1571	2021	2096	2924	1517	2610	816	2447	2105	1855	1098	1900	1885	829	1810	1676	830	981	986
gene3008	1597	1216	359	890	729	969	573	1511	1683	997	1813	652	836	906	1062	809	1483	1107	527	581	1028	605	898	519
gene3009	71	107	59	33	103	203	125	157	344	181	156	83	158	80	31	52	63	172	45	292	98	60	31	51
gene3010	90	16	91	15	116	11	97	43	52	67	161	51	74	77	43	74	17	55	39	17	63	48	54	23
gene3011	163	50	147	152	112	195	122	285	207	567	157	226	211	141	438	60	532	115	143	135	189	48	138	27
gene3012	58	74	43	58	30	63	47	85	127	51	74	28	61	84	37	11	72	54	25	44	51	29	81	34
gene3013	213	70	29	95	40	115	97	83	314	43	202	21	79	55	80	87	93	94	59	44	54	34	109	104
gene3014	219	185	109	168	81	141	270	198	220	123	172	87	185	199	374	106	160	227	45	309	190	55	186	153
gene3015	152	96	88	76	57	81	102	337	204	83	100	53	83	58	145	57	154	114	109	86	91	41	86	71
gene3016	1460	1054	1898	1156	1408	1901	1887	1417	2388	956	4009	2058	1631	3071	1256	2276	664	2560	393	3764	1464	1704	1243	655
gene3017	81	55	71	117	61	81	70	94	127	61	118	68	105	58	139	79	44	79	35	70	136	52	55	38
gene3018	51	19	11	17	20	24	14	94	46	29	26	26	52	36	51	12	31	30	13	48	33	22	21	16
gene3019	6	9	16	17	24	18	27	42	44	3	31	10	22	40	9	16	9	32	12	23	54	10	12	10
gene3020	69	24	26	82	16	61	51	121	78	82	101	26	90	122	42	29	44	52	42	96	66	33	41	26
gene3021	28	18	38	38	12	2	11	46	39	30	26	18	36	39	35	12	15	41	17	72	23	29	14	29
gene3022	638	561	511	312	401	485	602	1094	870	476	866	418	673	676	736	587	901	638	262	1004	777	261	547	304
gene3023	384	60	54	78	94	182	352	377	169	181	235	156	381	318	245	77	174	164	38	200	62	98	166	148
gene3024	129	78	82	115	60	129	52	194	191	87	125	62	205	195	140	87	112	135	57	233	77	73	70	39
gene3025	125	80	44	127	65	105	57	242	302	66	82	88	49	189	185	158	58	263	90	215	269	100	37	137
gene3026	74	23	25	14	55	33	27	84	33	20	43	32	93	67	24	41	59	32	26	49	86	29	17	37
gene3027	13902	5461	2151	10564	3139	4472	3950	6972	9463	5793	5991	9002	8420	7053	4577	6156	3286	4055	1361	13387	5818	1548	8200	3921
gene3028	691	331	341	274	252	266	232	918	951	200	622	224	555	557	894	384	519	498	233	701	512	212	240	369
gene3029	142	483	40	347	121	240	456	335	1070	302	792	562	347	751	1016	242	639	557	242	1250	171	76	130	185
gene3030	162	157	172	95	18	449	58	364	189	12	387	73	263	93	346	223	111	335	61	367	157	125	26	58
gene3031	265	111	81	191	98	264	155	183	239	216	251	128	161	114	227	201	205	102	95	163	170	66	99	140
gene3032	504	332	358	494	200	477	360	711	746	231	626	199	387	635	455	311	370	481	254	525	411	147	312	266
gene3033	295	195	177	208	264	207	113	425	244	302	315	182	338	367	257	135	217	216	112	338	318	140	167	79
gene3034	378	215	294	240	276	388	314	660	717	577	769	283	431	743	653	208	176	373	144	264	441	97	319	351
gene3035	54	75	28	59	44	34	75	104	106	22	37	34	34	59	65	34	87	110	26	55	77	25	41	33
gene3036	892	370	854	637	877	577	1114	1409	875	1360	903	570	930	1257	850	455	1056	1138	831	596	403	591	812	455
gene3037	76	8	6	3	1	3	9	16	34	3	31	2	4	15	30	0	6	12	0	41	22	4	6	3
gene3038	2550	1751	1193	3732	2734	2990	2676	5774	4069	2656	2929	2688	4247	4887	3178	1784	2555	2398	1330	4456	2939	1554	2306	1932
gene3039	136	80	76	115	88	79	87	128	201	92	188	59	120	139	241	92	63	233	80	129	119	72	42	46
gene3040	229	167	110	30	102	177	226	223	23	540	261	96	149	172	207	25	138	65	276	613	128	8	112	39
gene3041	166	71	196	44	125	76	133	245	306	145	111	93	238	103	158	53	182	82	96	110	87	85	68	40
gene3042	54	30	53	19	13	36	24	22	40	27	53	4	8	88	15	17	26	39	12	32	42	14	27	15
gene3043	79	27	29	44	73	40	72	87	94	33	93	33	49	67	54	31	97	72	64	69	82	42	52	30
gene3044	3896	885	1281	1275	462	3039	1765	439	1695	1548	1423	1345	2932	1798	2684	1094	3244	2370	2077	5094	1610	2621	2462	1122
gene3045	3840	2271	2951	3686	2846	3197	3688	4124	6376	2626	4437	1890	3874	2909	2947	2227	3930	3824	1655	5045	3229	1861	2230	1849
gene3046	11	10	17	8	12	25	25	93	73	4	11	8	21	25	14	26	77	47	50	87	30	15	73	34
gene3047	236	78	259	132	102	142	140	312	323	227	361	146	140	162	254	145	143	340	99	208	147	101	55	124
gene3048	54	74	42	43	91	49	12	133	66	99	60	60	58	101	138	67	48	44	6	52	64	23	50	41
gene3049	188	141	126	146	59	175	104	207	350	169	113	141	230	175	133	136	111	116	83	223	158	58	100	97
gene3050	114	98	78	309	109	474	315	1004	192	187	450	193	192	142	336	197	342	89	23	316	478	219	245	234
gene3051	44	43	43	23	12	75	43	197	45	52	32	33	34	39	122	68	37	72	132	79	110	41	24	34
gene3052	104	126	197	201	77	93	94	373	669	129	439	223	672	123	184	94	292	160	80	300	278	89	135	67
gene3053	2074	1650	1392	2176	1188	1161	638	5800	3422	2389	2928	4379	2353	2223	2923	804	3085	1780	701	1468	1696	830	3244	211
gene3054	17	30	8	36	7	33	16	53	23	42	30	31	68	2	36	23	50	33	4	24	12	14	39	34
gene3055	60	53	23	62	42	51	108	95	163	64	74	99	178	56	73	36	139	137	75	173	59	49	21	32
gene3056	213	143	141	102	84	210	111	260	404	254	191	89	260	166	141	133	123	221	151	199	270	73	114	72
gene3057	372	85	107	191	35	204	202	89	164	82	183	66	302	174	212	43	253	63	55	236	278	121	125	152
gene3058	197	107	128	129	118	50	157	303	204	111	210	70	139	92	167	71	233	145	53	163	122	127	63	62
gene3059	162	90	219	125	154	85	160	622	421	374	309	129	262	385	207	104	177	227	192	499	151	133	109	107
gene3060	96	78	88	86	94	85	84	134	175	121	226	148	146	393	41	120	120	145	76	103	106	48	48	75
gene3061	238	135	157	143	91	138	163	444	205	104	220	127	212	87	242	149	184	156	102	187	89	41	103	152
gene3062	70	122	90	72	124	67	165	239	121	62	173	76	320	88	70	66	86	71	57	85	136	44	108	54
gene3063	570	549	251	377	349	700	625	945	808	341	559	510	531	755	464	375	343	478	346	735	700	316	264	422
gene3064	680	298	207	343	439	281	342	590	1193	653	470	216	1118	500	647	318	560	283	219	436	660	214	198	262
gene3065	84	69	95	92	108	203	202	304	180	90	43	82	188	106	75	127	52	95	35	92	42	59	87	159
gene3066	853	716	597	806	811	1034	790	1478	1806	1061	525	1427	1230	1073	963	629	727	1724	423	801	1000	832	568	594
gene3067	270	63	58	180	80	173	44	224	140	88	198	199	253	119	246	87	242	350	93	191	96	75	76	84
gene3068	286	141	208	539	209	248	172	788	562	275	214	359	785	334	339	219	217	193	369	368	480	285	537	173
gene3069	343	156	133	177	162	245	136	219	196	204	236	163	465	151	206	218	309	129	108	216	191	60	202	127
gene3070	33	24	30	61	19	47	67	59	91	36	68	53	73	66	25	77	56	20	19	52	62	20	60	29
gene3071	475	361	253	230	192	342	790	675	768	561	651	239	583	501	530	400	604	308	197	467	388	190	346	268
gene3072	6	7	6	1	4	6	7	15	9	3	10	6	0	10	14	5	7	7	3	1	3	3	4	0
gene3073	28	8	41	9	3	17	37	59	24	14	57	18	20	72	7	27	54	22	5	96	59	6	26	14
gene3074	636	301	231	215	162	438	388	353	491	236	505	257	392	526	364	338	502	433	140	541	401	195	319	209
gene3075	975	805	674	1123	691	908	1164	2218	1701	882	810	842	1379	1174	2107	880	701	829	326	1283	1180	548	384	609
gene3076	7	3	4	7	4	6	2	5	11	12	25	2	12	28	3	21	14	5	2	18	2	6	9	5
gene3077	1065	1084	598	766	512	721	931	1162	1256	809	1364	482	1049	858	1112	853	1352	960	548	1200	829	385	728	481
gene3078	23	14	14	12	4	26	24	47	31	21	14	7	29	25	6	5	0	25	6	12	12	7	18	11
gene3079	107	19	24	14	50	32	4	99	122	26	149	33	21	44	21	27	27	52	21	54	57	81	33	14
gene3080	29	5	7	8	5	16	16	41	18	20	31	6	5	9	16	12	6	13	2	10	12	4	13	6
gene3081	133	112	71	86	78	78	69	111	121	101	132	67	114	72	100	97	145	112	100	193	70	27	72	102
gene3082	89	93	59	200	76	126	180	211	305	228	356	143	114	72	262	236	120	152	52	152	114	35	91	95
gene3083	743	99	33	394	118	57	263	183	202	330	314	308	405	125	163	105	245	276	194	353	427	210	159	57
gene3084	47	27	88	91	39	63	37	124	59	72	42	58	106	96	56	36	129	52	35	115	83	20	58	74
gene3085	60	85	54	66	62	127	170	173	199	126	129	82	178	145	115	121	155	195	82	210	142	63	214	118
gene3086	199	196	157	183	78	213	170	276	495	95	466	151	245	264	153	154	248	250	83	307	228	97	144	107
gene3087	5	18	11	18	18	30	28	50	45	47	23	8	25	14	17	8	44	14	1	61	15	14	10	13
gene3088	28	28	37	14	35	15	36	110	31	69	52	24	45	72	72	38	46	56	13	43	37	11	42	32
gene3089	1029	1191	982	1158	560	936	1182	1591	1633	1173	1444	937	1556	1128	1234	872	1174	1203	685	2057	1655	534	660	770
gene3090	0	8	1	0	0	0	1	0	6	0	0	0	0	0	0	1	1	0	0	0	1	2	1	0
gene3091	644	855	412	390	419	655	272	1954	1219	329	526	429	708	622	451	217	658	912	328	692	845	194	307	106
gene3092	484	633	219	534	378	803	1393	808	6712	3119	774	2948	1794	1663	2713	2934	140	404	336	810	885	376	1010	89
gene3093	1417	702	950	862	390	1883	1211	1654	1160	652	579	1011	1623	611	1081	1143	1332	1237	962	1439	1285	639	806	611
gene3094	63	102	37	44	122	39	85	43	257	78	199	43	43	59	88	29	120	80	15	144	111	18	25	36
gene3095	784	318	480	524	406	1100	466	1080	807	275	716	474	1120	767	1011	231	635	327	267	961	799	128	178	436
gene3096	198	83	128	179	113	84	157	233	246	233	249	211	113	148	136	126	127	268	84	241	193	63	103	113
gene3097	48	53	36	54	13	75	61	65	12	51	74	23	56	29	18	14	9	42	19	50	128	11	23	45
gene3098	452	129	366	258	284	442	268	758	787	206	688	252	758	567	312	526	415	408	91	570	295	202	123	284
gene3099	239	149	136	240	188	188	219	358	298	126	500	339	324	173	89	177	246	293	191	307	237	77	75	151
gene3100	133	55	74	68	45	113	84	102	48	39	30	30	41	32	61	27	28	10	10	21	19	6	21	7
gene3101	75	43	65	46	38	76	19	77	226	153	145	56	132	153	41	88	75	82	21	83	30	67	19	23
gene3102	95	96	64	96	26	68	21	84	126	52	135	97	179	98	67	65	69	52	40	79	53	35	66	98
gene3103	228	130	208	239	190	302	238	422	555	255	388	170	690	247	489	177	323	260	137	273	323	162	192	188
gene3104	145	133	66	141	66	74	108	94	202	131	144	72	241	119	112	110	156	120	59	157	180	49	118	59
gene3105	21	21	43	9	14	24	15	8	41	2	8	15	34	16	56	8	12	22	2	1	0	6	2	13
gene3106	185	115	146	191	191	215	213	145	231	187	424	168	268	161	206	241	139	203	119	178	280	164	149	115
gene3107	97	89	45	90	21	57	95	67	59	48	74	29	111	107	138	76	28	69	25	57	70	82	10	17
gene3108	487	415	452	379	457	394	225	657	522	660	327	367	476	485	383	358	417	360	241	547	343	169	192	222
gene3109	48	2	3	6	9	10	13	59	28	10	57	14	28	13	15	15	21	26	20	9	22	17	9	8
gene3110	10	3	6	0	9	10	18	16	1	5	1	2	4	1	14	4	5	7	1	5	0	4	2	12
gene3111	33	30	42	58	31	35	48	95	67	69	99	20	47	45	49	15	19	94	40	40	66	29	44	82
gene3112	16	45	28	59	33	56	44	75	35	24	40	39	80	66	40	22	11	46	12	62	3	16	12	2
gene3113	620	433	314	322	86	165	362	858	640	575	805	274	575	784	337	384	469	156	81	327	436	171	153	191
gene3114	10	7	2	15	7	12	0	21	17	58	0	24	1	20	10	20	4	0	0	0	1	4	7	1
gene3115	17	9	14	22	2	9	26	15	52	23	23	5	47	33	33	3	29	13	18	28	33	22	12	5
gene3116	125	86	53	57	82	62	87	95	157	182	140	69	122	99	145	138	58	145	61	200	122	53	54	63
gene3117	85	69	50	90	44	42	19	56	48	79	123	22	84	50	49	22	15	25	20	39	80	13	31	9
gene3118	121	60	66	90	59	127	63	143	147	86	128	116	82	158	86	45	257	74	34	80	88	28	67	70
gene3119	5	15	13	10	14	47	9	7	38	8	24	17	34	8	12	7	7	2	6	44	14	2	6	6
gene3120	47	25	36	78	13	22	50	56	63	37	45	5	105	25	12	11	33	30	9	46	19	10	13	8
gene3121	20	15	10	21	36	18	39	22	37	18	96	42	77	7	33	46	4	44	16	70	25	7	19	28
gene3122	4	2	4	10	5	3	3	56	8	3	34	3	26	9	8	6	9	2	2	1	1	2	3	4
gene3123	177	209	151	115	76	95	186	384	284	246	354	114	216	144	134	187	355	232	172	161	146	87	185	145
gene3124	30	62	44	40	20	68	66	92	76	50	78	56	46	56	73	62	130	28	45	49	36	24	47	41
gene3125	117	21	74	40	16	6	195	135	41	43	23	8	12	96	6	24	27	51	41	98	69	7	48	34
gene3126	873	445	308	1850	1301	539	703	1186	737	299	1176	1487	1361	1682	863	345	1104	1257	263	840	769	481	659	431
gene3127	623	74	749	375	451	263	476	315	761	538	682	278	376	907	410	401	556	579	128	395	645	163	225	242
gene3128	35	18	24	40	38	43	56	118	67	39	29	29	38	36	48	5	19	53	11	46	62	28	33	31
gene3129	563	579	513	325	459	798	739	910	851	322	612	595	841	1523	1009	421	392	445	206	957	902	305	435	289
gene3130	124	39	65	13	13	58	58	187	184	27	167	11	84	65	146	45	58	73	25	123	67	21	17	43
gene3131	63	73	12	57	40	4	100	129	129	70	174	42	119	80	77	61	99	47	12	79	100	36	33	50
gene3132	276	194	59	94	65	79	121	491	358	50	180	108	149	151	265	81	112	301	130	109	70	76	57	148
gene3133	187	219	43	147	138	78	218	149	144	125	77	58	238	134	146	85	133	125	191	331	225	84	97	99
gene3134	158	62	83	118	54	152	84	217	184	119	106	61	135	176	116	113	189	94	35	164	96	84	79	49
gene3135	159	37	228	76	89	35	51	205	85	148	75	71	106	117	24	84	49	32	90	64	46	54	11	95
gene3136	169	183	145	254	266	343	341	212	387	314	352	175	322	318	293	173	336	157	152	186	346	85	121	86
gene3137	744	323	470	722	316	668	913	1195	857	797	889	588	728	851	845	619	401	184	85	161	332	107	343	254
gene3138	59	67	90	100	21	27	68	74	257	74	28	31	89	63	89	72	63	31	11	149	89	34	84	40
gene3139	1065	2189	707	1165	997	976	1120	2091	1843	1698	2023	528	1947	1246	1301	1350	3156	3915	1091	3401	3094	1473	2119	1598
gene3140	25	24	10	44	17	46	54	40	86	21	80	32	33	15	22	44	83	137	70	110	110	46	50	99
gene3141	3858	2784	2002	1851	1373	3069	1716	5201	5446	3371	2939	2385	3729	3847	3264	2954	2824	2902	2159	3339	4156	1853	1879	1610
gene3142	554	263	355	446	639	586	375	798	678	469	617	520	1003	934	332	550	364	477	300	953	715	319	312	423
gene3143	50	9	44	50	73	12	18	110	50	71	199	17	49	138	105	18	1	21	40	75	38	52	27	14
gene3144	0	0	1	3	4	9	0	0	1	6	1	7	3	14	4	6	3	0	1	11	11	3	8	0
gene3145	77	89	62	39	35	64	45	120	63	24	63	21	72	36	62	26	88	62	54	97	108	25	57	31
gene3146	145	40	69	80	75	47	85	129	67	46	129	34	127	141	85	77	78	71	28	64	89	58	43	55
gene3147	1205	172	1668	520	333	1116	501	2168	1210	1429	269	276	406	1237	1528	769	258	250	923	1912	4191	2524	511	1390
gene3148	176	128	135	206	136	111	311	629	105	281	439	168	267	441	190	125	220	176	106	429	130	162	96	119
gene3149	17	28	2	19	0	4	8	15	31	14	2	8	2	8	0	23	6	9	3	16	3	7	3	2
gene3150	170	158	128	225	87	166	176	355	294	208	259	101	306	131	214	152	185	159	109	305	164	93	111	108
gene3151	25	6	33	4	5	11	35	70	65	131	23	15	40	2	13	31	45	8	22	25	15	5	42	19
gene3152	14	1	0	9	11	16	9	9	7	33	15	3	8	2	2	2	1	14	2	3	39	5	1	11
gene3153	976	280	341	421	366	281	1159	1008	960	898	979	161	658	811	360	377	1383	704	292	389	160	147	398	251
gene3154	344	283	266	268	259	266	243	216	549	305	338	100	428	332	261	238	396	415	172	259	246	185	240	134
gene3155	50	90	30	70	24	53	99	35	21	80	39	39	85	57	31	39	71	53	123	90	108	28	76	31
gene3156	1960	760	1482	1137	493	1847	1114	1899	2148	1253	1118	692	2210	1171	998	933	617	1610	875	2445	1558	859	1528	675
gene3157	199	31	111	113	22	6	70	122	176	73	230	25	63	50	81	34	29	50	3	59	34	29	23	33
gene3158	5	2	2	7	6	5	5	38	5	8	104	12	3	11	25	8	1	13	11	20	8	5	5	16
gene3159	569	531	229	816	337	532	320	752	823	578	878	526	887	720	611	457	511	579	255	876	453	344	344	318
gene3160	57	47	13	24	28	52	31	79	72	37	127	31	27	56	41	24	25	18	18	42	39	4	11	38
gene3161	164	100	135	174	126	95	103	256	163	162	258	61	190	199	149	87	165	177	104	101	127	95	90	122
gene3162	15	23	59	32	24	49	10	65	65	38	83	32	18	68	30	49	39	18	21	55	47	12	48	10
gene3163	21	9	7	2	5	15	3	24	43	31	39	13	22	44	12	7	16	26	9	31	20	17	1	3
gene3164	372	216	176	321	140	163	268	721	645	213	417	181	144	235	439	182	287	541	202	319	232	208	153	164
gene3165	41	15	36	34	7	18	14	51	36	34	80	17	91	20	24	6	21	21	9	34	26	16	10	6
gene3166	64	43	32	49	29	50	40	89	121	78	55	29	45	123	24	68	38	29	40	82	74	47	26	43
gene3167	575	388	293	401	364	418	343	795	374	212	228	208	355	228	203	148	412	436	134	684	569	258	215	286
gene3168	2	4	0	1	0	5	2	0	1	0	2	0	0	0	0	1	0	6	2	14	11	3	0	1
gene3169	57	17	8	16	2	18	11	60	69	20	38	17	21	40	14	23	42	16	23	21	22	13	56	7
gene3170	3732	2063	1256	1125	656	2126	560	2399	2205	2138	1824	623	1224	1632	2507	656	559	638	469	3940	1216	826	1158	344
gene3171	137	111	108	100	45	147	81	142	297	179	273	121	203	58	75	135	132	52	87	162	101	30	77	37
gene3172	32	12	3	8	1	17	10	3	18	16	20	1	15	20	12	9	0	7	2	1	4	8	0	8
gene3173	123	52	97	145	87	118	113	201	162	149	133	72	120	119	59	98	187	197	73	192	100	67	53	68
gene3174	193	41	105	221	24	62	313	189	333	92	242	34	94	200	146	151	99	307	79	91	151	80	209	200
gene3175	33	23	11	58	23	16	23	28	56	28	28	27	22	12	28	29	62	42	9	40	15	21	17	64
gene3176	72	23	24	6	27	37	28	46	17	36	60	18	34	40	38	26	45	64	30	62	16	29	22	26
gene3177	68	51	101	67	84	88	254	412	187	196	179	85	101	140	166	204	261	98	15	221	120	33	93	58
gene3178	512	312	546	654	367	408	333	876	985	545	838	540	588	802	614	499	389	608	329	819	524	268	256	363
gene3179	4	31	35	25	5	52	41	66	15	6	68	32	31	19	26	2	33	42	12	26	16	27	19	31
gene3180	172	79	210	306	214	217	430	754	953	439	675	741	340	960	429	320	272	631	303	713	247	209	124	436
gene3181	3	6	0	12	17	29	1	2	0	4	1	9	29	0	8	1	5	17	2	5	39	16	11	18
gene3182	4392	3644	1389	3987	1780	6806	2011	2819	3749	3657	3958	3133	2907	3928	1555	3071	2196	2162	1035	6193	2382	1419	1590	2025
gene3183	955	391	290	464	82	665	308	389	206	780	231	622	699	296	521	167	658	329	411	348	902	385	115	132
gene3184	83	44	24	50	51	21	65	75	42	35	34	26	49	46	25	88	44	43	19	125	99	19	26	39
gene3185	59	92	102	41	167	121	135	257	166	136	281	95	117	110	158	157	119	46	60	263	55	67	160	10
gene3186	19	45	50	41	7	44	42	36	22	15	20	10	23	28	8	5	13	8	11	29	2	10	32	12
gene3187	9	30	13	12	29	8	16	75	34	22	60	39	38	67	16	30	40	33	12	13	91	23	28	22
gene3188	261	135	132	120	98	121	122	465	337	160	194	112	182	196	269	158	268	224	106	199	170	57	195	104
gene3189	25	0	2	1	1	3	5	3	30	4	3	2	1	1	9	0	12	1	0	5	3	2	4	2
gene3190	351	413	353	321	218	350	140	566	638	344	469	383	176	502	444	267	255	450	162	400	483	209	338	250
gene3191	476	640	95	719	110	160	361	846	1279	383	409	437	1186	1103	321	172	1645	178	401	747	280	239	663	165
gene3192	323	72	139	163	90	273	318	315	231	78	242	125	114	105	226	121	262	179	83	161	213	63	132	165
gene3193	54	28	22	14	18	30	20	107	84	67	43	55	24	63	35	46	39	30	10	27	27	39	31	14
gene3194	643	334	239	247	260	398	207	537	483	341	402	268	391	448	492	199	454	429	255	264	538	94	151	158
gene3195	162	59	93	68	107	40	77	187	258	59	81	48	66	115	166	113	18	54	24	92	63	60	93	94
gene3196	2549	2229	1975	1907	1165	2005	1867	3659	1757	1982	1807	1446	3472	4804	1763	2472	4218	1813	1054	4360	1730	1248	2018	1135
gene3197	177	382	145	399	388	256	378	934	418	688	865	143	406	708	315	119	91	49	49	50	12	16	58	42
gene3198	3753	1820	1989	1987	1082	1591	815	3076	3911	2693	5799	750	8545	1630	2285	602	4375	1569	1713	3837	686	320	745	1238
gene3199	36	39	42	37	53	42	30	104	84	56	45	27	19	29	63	44	79	56	27	46	49	43	19	32
gene3200	679	559	628	929	998	650	1014	1405	482	751	637	645	1067	767	403	1199	618	764	205	957	1464	532	1189	487
gene3201	1094	524	314	753	52	508	384	1025	1072	685	846	329	610	548	703	195	1102	610	455	790	267	445	493	412
gene3202	290	162	348	354	295	384	329	1205	441	278	790	242	646	233	226	216	335	395	209	627	191	147	257	174
gene3203	1655	1561	1736	1296	774	1976	1640	5439	4427	1740	3641	900	1343	2067	1585	1469	2536	1197	1332	2733	1876	1112	1444	1175
gene3204	1785	1022	447	848	762	1064	385	1775	1116	588	1317	449	1510	620	890	480	1014	589	666	633	889	305	673	202
gene3205	706	811	526	446	322	482	626	1595	220	138	234	77	153	154	240	143	746	705	382	857	489	286	420	383
gene3206	1112	807	1474	320	484	1363	846	1232	2309	1225	1427	1007	2086	738	1138	794	1307	1805	1634	409	1114	904	1504	522
gene3207	42	54	13	78	17	14	36	54	116	30	41	24	66	91	31	41	40	73	46	42	51	16	26	41
gene3208	348	271	561	477	184	363	248	646	210	387	684	653	376	207	352	527	997	173	83	610	314	305	408	741
gene3209	1230	710	777	392	432	486	1740	1942	2137	1071	1725	408	963	654	1713	1537	929	915	388	835	280	421	361	1261
gene3210	2	1	0	9	7	13	16	3	1	5	5	2	10	0	3	3	4	0	14	5	5	1	0	10
gene3211	1357	787	681	1203	327	1046	1079	1114	2154	698	1167	695	1120	1425	950	441	1301	1592	693	2314	1489	862	418	613
gene3212	19	9	18	16	16	21	22	39	71	14	37	8	21	27	25	9	29	26	18	18	12	15	11	10
gene3213	16	11	9	15	24	46	5	1	37	0	63	2	13	33	21	19	13	3	9	14	16	0	6	10
gene3214	169	124	60	81	55	78	104	119	58	84	153	61	84	274	195	185	224	94	56	164	71	70	146	115
gene3215	4	2	5	5	5	8	3	19	8	0	21	6	4	22	20	28	4	9	0	0	0	1	15	10
gene3216	41	14	40	33	17	61	40	117	53	42	41	43	27	55	32	29	28	24	31	48	23	18	14	21
gene3217	600	420	335	381	312	714	413	1311	969	682	482	352	281	614	673	338	385	782	229	324	412	232	415	353
gene3218	148	59	136	126	42	139	142	279	208	148	215	77	82	178	217	101	132	174	73	133	158	73	89	107
gene3219	1198	904	1048	1419	414	810	1048	1788	1490	621	1421	919	1055	1455	1245	566	1415	785	480	1612	2463	396	787	1161
gene3220	384	294	353	5	89	40	566	81	430	74	104	86	209	181	306	836	177	65	115	77	345	88	283	289
gene3221	4	4	11	6	9	5	2	0	24	6	6	6	14	13	8	5	31	9	1	21	5	8	4	8
gene3222	13	13	2	55	11	8	13	66	31	40	7	11	21	49	7	7	36	30	9	25	8	23	11	12
gene3223	238	225	110	98	119	157	102	463	217	129	196	141	244	255	234	164	210	225	125	205	179	83	100	95
gene3224	39	73	50	33	55	68	51	95	44	35	112	27	78	62	86	19	41	69	51	58	134	15	72	27
gene3225	175	590	456	808	858	231	418	935	462	84	814	229	1543	665	450	417	1148	1281	312	216	378	292	439	105
gene3226	229	71	162	219	104	246	137	326	395	77	179	236	509	208	209	97	143	146	75	226	247	145	85	100
gene3227	24	11	16	12	21	15	10	28	159	125	160	19	291	230	129	26	7	38	20	15	18	9	18	11
gene3228	151	21	34	84	48	15	49	62	95	50	38	15	53	34	41	55	54	43	17	74	46	21	15	19
gene3229	418	652	717	1263	512	1330	570	2094	108	218	230	259	89	20	253	66	326	416	386	1805	1561	635	862	278
gene3230	84	10	13	43	33	39	17	31	70	10	32	19	13	27	36	29	44	25	5	63	28	21	21	4
gene3231	12	1	18	8	20	23	5	13	2	1	6	2	4	1	2	0	10	19	5	12	18	11	3	5
gene3232	278	432	145	354	196	186	127	684	685	212	317	335	203	266	483	338	228	295	106	277	353	119	158	219
gene3233	194	150	82	174	111	165	200	259	120	188	272	121	218	176	246	268	138	129	152	170	153	71	132	180
gene3234	30	32	44	4	8	15	22	32	22	9	14	7	36	5	56	47	82	11	25	59	48	6	11	31
gene3235	153	38	62	150	209	95	126	220	146	80	160	83	208	181	151	216	189	120	57	119	100	118	94	94
gene3236	187	110	103	121	93	142	260	412	280	188	315	129	207	182	285	159	126	192	127	238	150	85	97	141
gene3237	48	29	34	35	37	13	20	97	32	41	66	4	50	35	18	22	23	65	13	49	38	8	12	20
gene3238	371	158	155	235	184	146	181	337	258	210	278	209	269	215	281	177	236	271	91	292	400	110	210	143
gene3239	32	39	7	29	6	41	36	108	21	63	38	18	129	44	45	52	64	23	14	57	54	20	13	27
gene3240	203	27	56	15	128	43	91	232	92	80	128	57	170	139	119	23	260	67	62	345	265	26	195	68
gene3241	714	625	397	522	339	313	558	846	767	426	373	317	963	277	508	341	716	713	265	511	480	141	313	417
gene3242	81	58	71	55	49	86	153	192	82	177	137	83	81	78	149	68	64	77	30	52	48	17	72	32
gene3243	10	16	3	7	10	0	4	8	12	12	7	4	19	35	6	5	24	6	1	5	13	2	6	3
gene3244	120	86	98	86	37	73	96	161	140	71	97	96	139	94	96	82	85	79	46	107	91	59	54	77
gene3245	7	4	8	7	13	8	13	19	10	16	15	2	16	11	26	5	4	1	1	11	6	4	2	9
gene3246	180	51	43	64	20	55	40	145	109	32	94	38	65	88	112	50	43	16	48	43	93	42	33	26
gene3247	67	17	32	16	28	39	30	86	44	25	64	19	46	47	87	23	31	51	34	60	24	37	12	34
gene3248	21281	17190	15485	17513	11019	22075	36513	46332	43875	23249	34304	12409	28076	24621	35253	24109	28528	22669	9854	25723	19647	10870	17477	16981
gene3249	441	201	164	180	107	168	282	481	566	259	355	113	256	175	404	310	309	284	163	248	251	75	205	226
gene3250	275	175	300	190	222	288	215	535	336	235	301	68	229	122	391	141	170	49	89	340	391	270	80	216
gene3251	169	173	220	200	130	189	172	146	319	178	275	123	222	176	172	162	210	140	78	157	213	99	95	129
gene3252	104	38	53	25	50	39	82	78	51	130	41	11	15	82	62	47	33	97	27	23	30	50	51	26
gene3253	1	1	0	0	0	0	0	2	0	0	0	4	15	0	1	1	0	1	1	4	0	2	1	0
gene3254	1954	366	1341	3292	3329	1562	900	3315	5981	896	3582	428	5397	2726	1608	2340	1313	1368	1094	3008	1580	2698	3992	1878
gene3255	96	36	47	74	28	53	76	62	92	34	40	25	86	34	17	52	25	59	38	64	49	23	57	46
gene3256	29	23	56	50	14	43	26	36	44	39	46	41	54	16	45	12	61	12	27	15	13	11	36	19
gene3257	31	38	53	88	26	38	105	36	80	40	78	20	45	32	25	42	21	27	28	131	50	28	39	20
gene3258	1483	244	596	720	187	843	1096	1281	1099	166	468	433	552	2021	1803	445	2576	1241	468	484	279	237	378	100
gene3259	383	441	460	315	286	215	396	796	606	817	419	414	465	498	527	792	136	497	300	475	684	267	241	133
gene3260	1132	685	353	1301	552	1213	844	2521	1585	604	1344	582	1740	643	1106	2020	622	1241	654	2650	1024	865	354	1343
gene3261	267	302	217	529	69	210	117	237	773	329	120	181	288	219	450	200	433	107	131	146	118	44	99	72
gene3262	177	104	77	268	68	26	37	244	171	165	86	143	134	178	84	62	294	30	92	141	8	55	57	14
gene3263	91	35	62	58	54	111	55	130	124	135	88	40	49	112	82	90	140	94	52	119	123	103	56	48
gene3264	7	11	4	13	5	3	24	2	17	13	55	14	23	17	26	0	6	6	7	11	25	12	6	9
gene3265	279	191	168	155	61	174	185	517	109	301	504	155	171	111	190	185	184	191	84	186	93	125	185	138
gene3266	132	78	32	84	67	66	53	148	163	58	134	72	148	65	110	29	81	83	25	99	101	49	50	49
gene3267	101	89	71	67	59	90	33	186	103	48	145	60	38	99	77	60	97	67	20	56	47	45	45	26
gene3268	799	252	656	736	392	591	445	837	911	681	994	365	698	894	699	603	1243	706	337	939	717	238	605	663
gene3269	497	960	525	266	576	936	789	581	1191	789	924	821	1166	764	492	599	665	793	420	520	1184	617	836	649
gene3270	6156	4158	4028	2584	3395	11333	5972	8350	11736	6105	8094	8470	21002	9314	5226	2367	7578	5246	1612	9535	9411	3447	3906	3480
gene3271	826	136	217	325	133	25	751	454	502	59	120	64	639	557	449	348	243	67	234	216	234	205	225	201
gene3272	164	90	124	84	28	118	30	104	159	98	111	95	156	100	82	72	78	109	66	110	131	77	31	79
gene3273	27	25	40	46	54	21	31	84	18	15	18	42	47	9	36	28	54	35	9	44	69	16	8	15
gene3274	252	56	191	142	45	136	116	220	160	156	149	156	262	189	204	78	233	60	79	184	145	57	22	12
gene3275	4098	1980	716	634	3246	2405	1792	2820	3553	1462	3300	1774	1339	3310	1287	944	1685	1562	805	2692	1054	705	510	578
gene3276	119	94	84	90	51	20	58	106	78	146	114	32	100	71	86	98	121	121	56	146	106	31	87	58
gene3277	2473	1196	1869	1620	1700	898	1822	3217	3530	1737	3586	1236	2023	2445	2632	1897	2679	2184	1766	2946	1611	1140	1170	1238
gene3278	116	61	16	136	74	74	252	357	98	30	355	68	47	79	90	0	54	84	85	226	33	16	27	30
gene3279	309	164	118	261	117	184	175	281	146	218	188	187	230	263	226	175	304	319	239	445	397	212	147	206
gene3280	8033	5730	4613	7065	4086	8433	6344	13737	10697	6152	9933	5596	7168	9388	10105	6498	8033	8968	3572	8361	7952	4218	7041	5559
gene3281	264	106	162	73	68	159	142	156	352	232	202	86	169	105	142	141	172	146	23	191	89	56	119	34
gene3282	4	31	1	0	11	26	19	34	6	4	43	16	14	13	21	4	4	35	10	20	44	0	12	13
gene3283	41	23	12	43	14	46	54	35	47	49	30	25	98	33	49	62	42	37	11	72	71	13	16	25
gene3284	13	41	4	26	13	14	19	40	47	30	26	11	31	35	69	5	28	25	18	21	11	7	23	17
gene3285	141	154	129	176	64	117	101	240	208	189	137	100	96	121	106	109	93	195	33	253	149	96	171	53
gene3286	57	45	24	48	12	71	72	51	60	98	25	30	18	82	62	9	143	50	15	83	53	13	45	26
gene3287	269	136	171	123	241	303	437	398	396	269	274	313	307	232	245	293	249	99	77	293	415	165	121	166
gene3288	1639	1888	2376	246	1894	1268	1393	852	4122	1486	2969	1442	2634	2485	1472	805	1571	2515	1060	3188	2610	1049	1231	738
gene3289	23	16	20	10	12	22	14	49	20	44	16	3	26	58	44	25	44	64	11	26	22	17	12	17
gene3290	27	11	44	29	24	65	2	43	24	113	0	15	17	69	28	16	50	54	34	7	18	3	3	29
gene3291	163	39	72	41	71	151	60	163	83	75	148	48	78	33	57	123	72	62	32	79	109	77	53	44
gene3292	640	412	408	645	625	649	780	994	1057	446	502	469	1086	560	828	498	766	673	337	797	503	272	488	431
gene3293	394	228	178	160	183	207	388	401	301	164	322	248	269	315	210	236	207	291	118	355	140	114	123	95
gene3294	145	68	117	198	96	223	263	180	193	230	260	122	199	123	173	51	124	161	64	202	99	180	70	88
gene3295	2465	3056	578	1332	1454	1116	1319	4799	2054	1774	3338	1290	649	1003	1563	2374	2711	2314	311	2500	2278	909	463	1370
gene3296	96	60	54	62	25	85	62	161	54	63	190	118	55	84	87	52	32	39	13	21	19	31	20	9
gene3297	5184	2271	1332	1734	1301	1433	5630	2378	7983	1643	2587	1966	2946	2540	1825	2298	2292	2954	1055	3870	3215	991	1578	1058
gene3298	5	13	18	17	5	30	4	25	9	14	15	11	7	7	2	13	24	5	11	5	13	8	13	4
gene3299	304	140	178	140	200	271	180	233	381	274	322	147	355	282	158	124	301	181	132	267	233	121	124	153
gene3300	817	756	735	508	222	479	667	681	869	455	724	356	413	704	527	328	581	492	408	546	397	287	467	175
gene3301	1098	801	853	1040	650	827	486	1587	2147	812	1269	850	1250	1217	982	494	645	1142	258	1453	1166	331	598	517
gene3302	10	3	10	16	1	2	5	28	9	18	32	2	25	5	7	11	6	15	10	6	3	4	1	11
gene3303	88	42	32	71	31	32	42	122	153	61	72	27	54	41	64	45	51	22	13	86	20	15	14	15
gene3304	2	2	0	0	1	1	13	20	6	1	6	0	0	0	5	0	18	7	1	6	4	6	3	2
gene3305	62	60	71	60	52	78	109	185	43	81	181	26	100	81	167	141	97	131	48	25	71	29	19	102
gene3306	73	61	50	48	211	68	107	108	97	72	43	73	84	40	52	23	187	197	56	265	120	89	81	55
gene3307	357	646	203	981	376	508	264	1145	346	1437	295	381	764	1106	259	269	1046	629	137	37	30	435	193	1173
gene3308	372	146	226	198	198	297	278	388	388	203	452	154	409	247	207	293	396	260	112	365	206	196	133	100
gene3309	106	60	51	36	12	41	109	174	134	150	128	21	27	47	52	57	148	93	61	54	36	25	67	61
gene3310	1300	1061	705	1514	796	811	986	1413	1671	1429	1431	922	1984	2148	1201	728	1521	1478	549	1401	1625	415	611	923
gene3311	196	62	86	128	57	86	135	154	185	85	141	152	174	67	132	73	100	190	48	57	42	75	118	42
gene3312	1165	889	720	1059	574	1476	971	2295	1618	1108	1616	788	1728	1724	1845	949	1177	1018	674	1217	855	616	827	713
gene3313	228	251	166	240	219	377	291	721	498	391	240	273	348	384	347	411	517	363	215	378	475	165	212	229
gene3314	602	216	362	364	115	260	257	288	614	657	598	334	343	330	364	400	535	259	198	311	294	127	201	254
gene3315	679	265	650	573	237	600	444	1248	1002	403	568	302	501	948	502	343	652	611	359	804	412	544	253	265
gene3316	23	3	37	24	25	30	4	28	38	46	86	75	10	64	47	15	18	68	23	43	14	29	39	5
gene3317	16	6	10	19	4	18	13	28	11	22	44	5	11	15	7	6	26	20	10	33	10	14	6	17
gene3318	605	285	375	409	169	274	562	548	941	457	459	263	698	606	504	404	399	515	194	643	362	353	316	446
gene3319	25	12	18	10	4	10	20	37	34	16	8	7	18	13	16	7	45	19	2	31	14	2	12	6
gene3320	41	30	1	14	13	53	26	9	7	15	22	16	27	64	29	25	42	37	9	10	24	23	40	61
gene3321	139	55	93	104	41	62	109	125	109	138	156	71	133	47	53	123	114	44	50	164	80	40	89	29
gene3322	335	187	205	184	190	421	216	385	288	283	515	270	317	343	290	304	464	323	199	509	436	143	233	209
gene3323	293	168	210	476	293	319	487	490	613	363	362	221	421	493	415	244	969	439	142	576	194	114	244	163
gene3324	4	5	4	2	6	9	1	18	6	14	11	5	20	10	15	1	18	3	1	46	18	11	6	8
gene3325	342	181	20	306	43	102	259	488	514	168	262	60	195	465	245	46	146	285	95	262	233	145	64	212
gene3326	5	8	1	0	8	25	1	18	15	11	11	0	14	5	8	11	4	18	2	3	10	1	1	0
gene3327	6886	4020	3623	6403	4232	4846	5428	5926	6087	4938	6822	4071	6397	4193	4542	4124	4305	4892	3213	6999	5539	2003	3670	3532
gene3328	28	1	12	28	61	20	48	89	111	17	14	1	7	2	7	24	18	87	5	19	17	58	23	16
gene3329	2228	1661	1436	2211	1193	2090	4509	3598	2859	1710	3113	1487	1309	4121	2789	2432	2913	2163	932	2857	1869	1017	815	1001
gene3330	118	82	48	43	23	66	86	133	210	89	91	55	37	96	82	80	58	65	35	97	56	15	39	79
gene3331	529	272	366	149	88	245	260	452	652	230	357	271	457	342	222	276	395	472	92	323	329	199	261	453
gene3332	27	51	86	32	20	49	12	133	26	29	28	23	22	20	11	27	11	8	2	12	21	2	16	0
gene3333	221	190	165	207	98	158	114	253	447	190	135	77	192	268	168	173	231	117	101	197	274	114	101	114
gene3334	177	141	298	248	156	339	147	410	45	24	61	41	29	75	33	41	272	396	156	802	209	210	135	250
gene3335	1353	852	1785	1529	1200	1539	2308	4823	2209	1419	1273	1173	1826	2578	2677	2097	2179	1521	1069	1576	1270	772	1092	1418
gene3336	27	17	46	38	49	40	56	174	53	65	46	77	83	57	55	47	49	62	18	115	58	104	11	27
gene3337	7	2	9	8	4	4	46	6	17	2	8	1	18	33	10	10	30	3	0	9	7	1	5	2
gene3338	15	16	18	33	7	18	3	12	16	24	25	14	21	44	23	27	9	30	15	31	1	16	36	13
gene3339	194	138	104	58	122	117	125	280	369	151	110	84	107	153	195	115	154	163	57	210	209	70	98	156
gene3340	404	162	130	95	126	427	172	142	351	167	274	296	405	281	211	82	57	54	34	125	78	31	27	47
gene3341	131	57	39	114	23	22	115	30	525	62	74	54	579	19	71	75	184	88	25	106	41	10	51	123
gene3342	130	52	155	128	117	92	100	343	307	137	155	42	404	67	112	246	236	228	43	271	91	56	90	95
gene3343	153	11	8	156	52	21	133	36	48	18	98	66	98	18	31	11	299	46	55	33	14	33	71	52
gene3344	31	82	97	55	34	54	71	74	53	64	100	49	83	75	47	28	70	116	33	53	71	35	38	37
gene3345	6747	5446	2507	4963	3849	2637	6748	5827	11251	8566	7434	4677	7822	2971	5196	4368	9044	3214	2618	6397	7486	2126	5372	3341
gene3346	151	143	132	112	58	192	113	376	174	91	150	90	195	353	156	50	112	97	123	219	139	59	128	106
gene3347	702	537	770	901	862	1185	783	1432	1329	623	1403	497	954	997	1366	582	357	800	118	628	388	228	218	256
gene3348	12601	9271	7671	4233	6899	10042	8435	15003	14729	3533	16955	3645	10746	5419	6297	6817	5596	8792	2979	3549	10061	3527	3657	4495
gene3349	10	13	5	16	11	18	5	62	21	6	9	21	56	1	7	7	18	24	4	26	16	10	18	32
gene3350	62	88	59	22	80	47	97	152	108	27	212	70	49	155	126	242	125	91	60	73	149	31	78	35
gene3351	146	113	92	97	116	65	87	192	248	196	183	77	137	119	97	180	404	68	121	529	243	148	141	51
gene3352	341	601	1322	1366	1247	1369	1101	679	2420	2116	928	1240	2654	2107	484	396	978	249	673	896	1464	401	1083	226
gene3353	110	111	79	104	51	109	62	39	98	73	98	36	93	62	48	67	65	105	60	69	108	37	28	32
gene3354	146	197	178	107	248	216	70	126	420	97	68	309	148	137	281	31	378	323	82	117	344	146	69	58
gene3355	286	39	106	217	76	175	222	180	375	121	216	87	153	372	169	97	255	258	177	166	65	63	62	47
gene3356	391	262	245	278	297	249	264	617	395	163	252	175	473	388	301	148	212	340	161	307	103	239	194	203
gene3357	110	30	31	64	23	10	33	83	146	92	59	46	104	37	23	34	20	31	9	33	8	41	49	22
gene3358	9048	6287	6208	6522	6085	8315	5986	13355	11123	8300	8839	4985	7505	11002	7338	5946	9950	9236	5225	9633	9457	4233	5224	7000
gene3359	12	10	12	29	23	26	20	28	22	61	17	25	40	30	13	12	18	11	3	56	16	8	4	7
gene3360	76	56	59	48	56	73	41	87	113	88	108	69	65	85	84	39	91	61	59	179	49	39	40	46
gene3361	338	191	156	209	134	322	279	408	391	207	470	173	389	181	205	192	250	279	101	178	251	128	129	128
gene3362	337	181	237	285	210	228	206	336	513	282	288	169	346	499	269	178	313	208	129	485	425	170	250	128
gene3363	30	2	7	13	7	10	10	30	24	13	4	12	5	26	25	7	7	31	17	60	25	18	8	27
gene3364	89	62	76	115	70	138	60	108	173	144	115	61	153	168	120	74	97	76	113	153	101	56	55	61
gene3365	7	19	14	8	16	30	39	35	22	31	38	15	28	12	10	11	23	11	0	17	10	0	17	5
gene3366	1008	549	320	520	372	342	940	2172	758	591	568	261	450	645	465	568	687	805	353	1221	699	374	408	479
gene3367	32	4	15	28	30	46	18	30	73	35	30	46	46	29	12	29	23	16	17	34	50	14	10	15
gene3368	26	8	26	17	20	17	11	43	22	22	29	9	13	21	4	14	19	39	10	32	31	29	21	6
gene3369	77	69	145	78	86	241	147	379	345	135	308	72	49	104	233	71	42	114	62	274	77	49	119	18
gene3370	16	7	10	8	13	20	1	10	5	15	25	31	19	36	20	18	38	30	12	14	15	20	0	15
gene3371	109	93	158	102	76	166	527	297	267	150	240	104	213	197	197	103	244	140	100	167	210	95	78	124
gene3372	68	18	34	37	11	112	32	100	25	65	128	60	49	145	130	107	59	26	21	38	68	22	14	47
gene3373	81	19	32	40	24	47	17	66	76	113	87	27	78	70	53	14	13	63	6	72	63	20	24	29
gene3374	31	7	5	8	1	13	2	4	10	6	17	3	3	7	6	6	10	3	1	4	3	2	2	8
gene3375	5	0	4	0	5	1	2	0	6	0	5	0	2	0	0	4	1	12	2	1	4	0	0	0
gene3376	261	1347	454	77	946	939	329	595	393	596	416	1774	549	26	1728	94	927	599	187	1304	597	601	26	540
gene3377	2509	1942	555	1298	1105	1712	1455	2843	1806	1072	1750	553	3545	4065	1318	1005	1862	1337	1302	2585	1095	1139	830	872
gene3378	891	802	664	602	741	1244	1340	489	654	1168	1178	516	277	1361	400	494	964	915	922	1399	750	383	477	501
gene3379	119	94	66	92	49	139	61	108	113	140	82	66	117	145	148	81	89	70	65	129	61	37	98	38
gene3380	171	173	88	133	135	244	126	300	320	188	174	156	124	298	194	107	174	219	80	271	157	96	142	154
gene3381	355	85	72	102	52	343	166	148	249	142	206	162	303	183	430	166	351	435	115	469	363	225	71	113
gene3382	48	61	36	139	45	110	92	144	138	47	44	14	138	305	150	93	65	130	57	15	130	49	82	112
gene3383	226	148	238	188	229	180	64	523	672	193	402	275	37	327	502	436	340	244	107	272	157	91	198	101
gene3384	403	382	229	909	342	595	626	1436	615	552	914	432	488	468	845	514	477	1132	900	1038	1072	341	434	926
gene3385	1104	385	320	287	354	794	388	1164	1329	393	1188	528	821	677	798	450	634	886	273	834	727	203	651	708
gene3386	494	598	520	729	257	743	741	1220	1387	689	1011	651	857	873	948	464	1179	1195	621	995	782	494	619	439
gene3387	83	85	33	51	64	69	79	160	111	59	114	41	101	86	113	34	68	76	18	50	59	26	20	17
gene3388	443	173	295	148	157	151	195	373	283	161	450	105	250	264	162	152	183	298	154	218	289	97	174	114
gene3389	91	161	48	63	87	76	84	83	188	121	153	100	179	121	203	68	142	175	35	148	109	44	107	153
gene3390	31	12	5	4	6	13	27	11	64	24	11	2	20	9	17	20	15	16	22	11	5	6	18	28
gene3391	70	6	33	89	31	31	1	15	47	3	71	51	20	61	42	17	10	36	9	70	74	22	15	24
gene3392	64	76	27	43	108	63	45	200	124	20	71	33	115	75	87	68	165	11	6	307	41	49	97	33
gene3393	231	234	414	106	36	230	128	100	481	400	385	60	186	193	271	114	338	150	150	167	419	109	243	240
gene3394	649	264	633	1419	432	461	1677	2140	1817	1058	908	510	1080	1552	756	899	1077	1060	559	784	1047	222	305	450
gene3395	875	389	379	246	252	370	395	1347	463	296	506	562	351	530	596	1382	1157	313	177	536	460	252	437	349
gene3396	9	11	5	20	13	15	17	65	4	20	7	5	33	32	7	23	10	4	4	96	2	3	4	1
gene3397	349	78	597	276	156	193	351	372	377	431	526	170	233	615	246	272	319	505	153	546	414	215	143	290
gene3398	17	8	14	43	35	38	6	72	522	122	402	92	123	112	395	243	24	31	22	17	49	11	27	47
gene3399	439	265	460	529	217	722	911	1785	1361	648	806	464	1092	410	654	381	510	392	487	815	394	216	458	287
gene3400	13	22	13	69	33	23	5	29	44	9	46	48	20	20	49	27	25	21	6	26	40	4	48	14
gene3401	37	12	4	5	20	15	2	3	65	8	38	1	12	48	6	13	8	11	3	7	5	2	1	12
gene3402	128	239	42	62	134	91	90	432	220	130	213	76	184	251	137	277	115	190	47	107	136	96	122	105
gene3403	56	30	27	47	5	102	50	31	33	35	3	24	55	106	40	18	97	103	10	50	9	35	45	14
gene3404	662	449	645	770	421	842	577	694	988	505	803	752	964	1798	1014	495	751	984	370	422	887	457	410	651
gene3405	15	29	15	9	38	20	50	25	13	30	32	3	30	8	19	32	28	40	3	34	20	1	11	12
gene3406	516	230	250	393	196	295	317	464	473	142	404	289	498	485	114	243	310	250	159	473	412	287	98	156
gene3407	602	378	381	590	469	738	494	790	970	745	888	294	564	996	825	374	807	526	277	542	492	641	380	523
gene3408	54	43	32	93	74	69	51	149	139	29	47	47	100	117	91	43	106	57	29	86	69	13	37	39
gene3409	335	258	260	280	207	213	307	432	623	524	277	181	387	203	384	178	471	273	178	325	529	147	285	166
gene3410	90	40	44	57	40	24	75	95	122	21	81	76	108	77	47	45	45	97	13	65	70	16	32	41
gene3411	48	23	6	2	13	19	28	94	40	12	24	5	45	20	10	1	48	25	2	40	45	3	4	27
gene3412	12	1	0	11	2	0	0	1	25	0	0	0	2	0	4	0	0	10	0	0	0	1	0	0
gene3413	23	9	26	36	8	24	22	39	83	27	15	5	30	62	63	16	37	18	6	32	77	28	11	14
gene3414	410	234	218	202	133	328	203	220	351	156	264	211	337	160	320	268	311	247	132	315	294	122	192	179
gene3415	175	123	76	154	114	161	155	305	194	169	119	104	89	136	127	75	158	86	87	183	216	84	77	180
gene3416	32	21	4	4	10	45	62	108	19	20	85	7	10	18	20	14	104	45	11	11	5	10	2	8
gene3417	128	81	78	83	53	68	102	136	200	117	140	83	157	197	72	119	455	638	176	575	631	522	443	422
gene3418	0	0	2	1	0	1	1	15	0	1	1	1	12	4	4	5	1	3	6	1	1	0	0	0
gene3419	653	348	304	209	197	407	513	808	791	588	541	492	767	866	256	609	559	681	278	777	344	242	280	430
gene3420	7	21	44	14	32	69	24	65	67	28	47	10	26	23	20	14	42	29	22	72	68	25	7	42
gene3421	96	46	74	38	91	197	38	129	101	153	162	62	88	75	99	117	164	62	60	186	60	59	143	65
gene3422	271	126	145	390	34	155	205	311	114	358	508	70	380	345	324	188	187	315	129	225	129	110	119	133
gene3423	28	25	42	33	9	12	37	16	18	59	93	14	25	30	7	15	41	37	22	41	22	5	44	32
gene3424	1563	993	965	930	1136	2275	1330	1630	2585	1121	1711	1700	1839	1623	1064	1051	3050	878	1062	2723	2319	1028	962	891
gene3425	177	152	83	117	65	93	110	243	357	159	308	183	246	227	147	163	342	230	119	482	281	66	181	89
gene3426	236	134	221	211	260	320	239	381	512	289	326	124	289	263	123	122	407	282	159	427	520	174	237	160
gene3427	454	552	398	167	213	244	314	839	586	508	742	135	868	552	349	580	396	673	154	209	213	87	486	406
gene3428	990	685	503	656	394	596	423	560	798	436	710	340	576	452	363	464	759	647	365	1105	463	250	261	210
gene3429	332	144	271	258	221	982	532	535	3793	1173	2212	3036	2345	1266	2999	1515	721	312	324	218	164	159	215	254
gene3430	9035	5649	6845	6711	3580	4344	5757	10302	4509	5960	9499	6300	5399	3413	3076	4394	5764	7568	1643	5600	3869	3529	1338	2120
gene3431	94	27	27	38	12	82	10	147	131	65	84	9	119	8	97	11	79	21	50	265	98	14	35	39
gene3432	1482	875	1094	1638	677	1681	1394	2865	2316	2551	2242	1360	3170	1797	1152	579	2545	1326	1243	2801	1124	1015	1033	1165
gene3433	9	16	20	20	8	16	6	19	8	30	12	16	7	7	13	15	17	13	6	6	35	10	17	19
gene3434	71	36	28	65	72	50	49	48	139	17	133	55	124	88	58	46	38	50	45	30	113	58	59	30
gene3435	59	41	25	41	33	77	58	139	16	10	166	39	40	24	104	31	33	32	13	44	128	22	55	35
gene3436	33	57	20	20	5	12	24	14	64	54	51	44	59	14	21	23	31	32	5	29	48	10	16	24
gene3437	255	138	55	126	112	246	183	287	178	136	166	125	247	160	87	132	250	149	55	266	143	50	115	74
gene3438	639	286	226	320	267	382	436	677	584	451	525	389	714	555	445	298	406	293	216	519	536	140	295	274
gene3439	39	19	30	33	27	40	13	73	72	12	10	35	7	91	69	24	62	35	2	61	82	28	10	46
gene3440	181	256	121	104	165	220	293	241	586	281	431	90	386	283	365	124	208	233	113	449	354	142	102	132
gene3441	1132	144	243	684	112	161	182	434	511	159	367	315	183	238	387	336	736	286	219	249	592	399	103	339
gene3442	229	130	151	172	127	162	168	186	134	109	283	94	204	125	131	97	178	117	48	141	270	65	111	128
gene3443	34	31	16	18	10	21	37	51	70	21	57	25	32	39	43	28	32	57	12	23	29	27	24	37
gene3444	22	22	3	38	23	25	10	54	9	35	45	8	11	22	16	20	56	5	19	64	13	19	15	13
gene3445	34	7	6	47	9	36	9	54	44	20	20	48	60	54	34	22	19	33	25	112	37	22	20	15
gene3446	868	310	136	321	126	56	574	754	327	275	510	348	489	375	424	208	275	450	133	682	498	128	151	137
gene3447	3547	1468	2005	1911	1489	1969	1556	2250	3951	1352	2826	904	3216	2207	2654	1872	1957	1650	1145	2387	1785	582	782	598
gene3448	54	55	8	15	25	4	21	20	156	35	71	0	18	7	44	14	26	42	9	45	54	13	24	109
gene3449	1893	1228	1118	1053	484	1445	1105	2943	2442	1345	1725	948	1378	1534	2081	1173	1202	1419	629	758	1556	711	810	617
gene3450	10	17	16	13	9	16	41	4	38	47	46	34	14	16	49	55	23	32	3	27	41	2	12	2
gene3451	55	23	48	40	83	47	60	82	89	60	39	40	40	91	63	39	61	36	20	43	66	11	34	24
gene3452	180	45	18	91	91	81	52	227	227	174	123	135	169	172	219	124	173	200	52	144	103	53	66	102
gene3453	94	44	54	60	34	109	96	109	290	69	188	43	116	181	109	74	69	49	23	36	70	23	36	29
gene3454	266	73	90	43	145	193	119	164	114	28	90	133	64	218	152	62	203	158	212	267	261	23	110	239
gene3455	506	297	429	176	316	314	378	619	812	535	484	222	543	741	709	301	785	538	232	520	474	230	303	188
gene3456	926	818	400	1044	388	329	449	1286	592	833	2360	339	685	784	655	430	308	158	174	686	1163	388	243	352
gene3457	490	356	370	692	120	98	662	330	534	472	894	82	379	175	796	1062	365	311	96	581	252	181	153	178
gene3458	18	8	4	4	1	25	8	41	26	12	12	7	17	20	11	19	9	23	8	14	22	3	4	17
gene3459	67	19	18	88	13	66	58	19	58	78	17	85	180	59	30	48	75	63	27	235	112	51	99	99
gene3460	26	51	56	118	62	58	21	81	96	102	63	32	35	46	147	45	83	49	52	71	100	58	144	47
gene3461	488	441	166	402	183	350	281	517	746	331	447	296	229	357	541	501	394	493	189	407	312	254	209	161
gene3462	1	6	9	0	1	40	12	5	17	8	44	1	4	10	14	10	8	2	8	24	4	2	4	1
gene3463	36	27	18	18	20	49	63	87	71	35	65	21	59	34	46	42	34	69	28	38	33	15	25	56
gene3464	727	240	290	415	181	268	255	146	458	353	376	222	141	541	288	345	120	613	258	498	729	121	301	314
gene3465	639	803	636	206	370	340	492	672	1140	766	956	327	805	910	734	765	954	433	332	762	608	369	314	331
gene3466	199	153	136	196	182	235	196	275	311	192	219	71	241	195	215	118	201	184	116	350	196	76	180	123
gene3467	2452	1902	1685	1602	1174	1819	1029	2839	3408	2297	2442	1374	2143	2407	1970	1114	2823	1555	1036	3080	3138	844	994	870
gene3468	1	1	0	2	0	0	3	4	0	2	1	9	11	0	6	3	2	0	0	1	0	1	0	0
gene3469	51	350	128	106	118	151	181	347	303	105	57	65	20	43	109	186	253	80	17	134	92	94	24	49
gene3470	73	169	38	47	37	89	43	140	202	174	128	94	260	121	129	74	91	149	28	206	85	54	52	22
gene3471	59	39	15	24	19	39	24	54	5	10	27	43	18	23	7	26	20	12	5	46	66	8	8	19
gene3472	50	15	23	86	23	93	49	74	78	24	106	50	30	94	56	16	27	32	41	165	100	43	14	25
gene3473	193	266	119	162	158	132	130	250	187	160	472	166	208	314	221	231	120	146	100	248	250	156	136	107
gene3474	1196	793	799	243	704	467	876	1585	2185	1599	1877	796	732	1092	862	471	1073	1421	156	807	669	481	398	424
gene3475	190	100	301	149	122	243	343	279	251	197	153	75	405	250	287	144	168	190	63	203	134	65	69	195
gene3476	542	339	448	306	250	391	175	720	941	701	405	575	375	568	565	322	589	503	208	327	388	80	165	229
gene3477	8	35	21	22	11	17	32	33	102	24	39	12	16	42	41	11	33	8	15	13	10	17	27	20
gene3478	89	63	31	98	31	35	76	38	59	65	105	43	58	55	78	28	29	17	30	73	122	27	30	46
gene3479	229	86	78	103	75	119	238	220	144	248	97	50	62	109	102	97	171	109	50	98	221	67	43	95
gene3480	281	126	43	280	125	171	141	253	410	177	177	138	138	229	114	134	233	149	95	291	180	91	172	97
gene3481	215	306	294	295	147	203	188	441	486	343	238	347	344	345	293	171	433	273	199	536	437	129	208	97
gene3482	160	157	114	52	56	94	98	93	75	94	225	93	85	76	67	93	115	68	88	64	92	72	63	71
gene3483	527	239	222	263	167	252	328	543	532	567	689	296	534	350	504	373	284	417	226	365	344	92	320	324
gene3484	178	148	22	246	94	179	181	343	192	174	348	104	343	201	153	397	138	229	117	161	338	50	106	267
gene3485	25	2	14	5	10	21	10	4	7	8	4	23	0	20	4	1	2	13	7	35	21	10	21	4
gene3486	115	188	107	132	21	262	137	993	606	124	232	150	311	170	215	179	196	67	74	427	517	112	196	213
gene3487	13	2	10	4	12	1	2	7	3	10	43	3	13	8	23	8	19	3	6	9	4	1	0	2
gene3488	59	27	47	26	31	61	40	99	102	61	75	35	99	56	30	22	51	38	41	55	84	46	33	42
gene3489	179	215	185	265	130	167	144	318	235	198	242	132	371	336	193	145	154	185	93	211	240	127	167	130
gene3490	14	4	3	10	6	4	26	27	12	11	27	4	11	19	22	24	8	13	17	11	24	1	45	1
gene3491	133	43	94	137	69	45	32	191	155	115	207	119	169	124	94	83	192	64	84	124	95	79	104	41
gene3492	170	65	85	77	55	105	137	96	270	173	129	77	96	65	116	114	100	212	17	171	126	47	82	86
gene3493	105	93	132	129	22	184	147	20	261	36	111	31	151	394	134	77	70	43	54	185	25	114	77	72
gene3494	19	22	38	21	36	30	33	81	28	51	25	33	39	33	55	15	46	42	34	20	12	15	10	16
gene3495	214	281	247	313	293	203	646	194	91	187	123	47	82	136	299	267	66	397	26	1307	133	256	257	179
gene3496	839	506	174	300	246	193	284	606	1125	153	904	230	595	413	298	175	268	558	216	267	246	432	644	251
gene3497	34	109	51	35	71	29	53	50	248	64	89	36	29	56	27	91	186	71	46	13	20	24	62	61
gene3498	273	327	195	190	305	255	194	367	748	293	317	218	287	263	345	178	306	268	169	268	238	84	224	116
gene3499	31	15	31	12	18	34	26	94	24	37	41	9	34	22	26	25	35	21	12	36	60	11	14	16
gene3500	198	94	119	99	64	85	79	189	200	158	99	50	115	147	130	111	137	134	87	197	275	73	114	78
gene3501	464	118	576	135	254	818	290	1516	194	217	606	531	225	781	578	230	663	213	103	905	368	239	85	323
gene3502	129	102	89	333	137	117	147	210	264	255	318	183	435	161	42	72	194	445	109	172	161	84	236	43
gene3503	233	87	150	73	74	87	114	119	242	146	84	168	338	420	232	78	184	162	64	205	183	25	87	73
gene3504	1196	928	839	1482	844	850	1282	2280	1594	861	1919	1032	1712	1929	1176	887	1863	928	340	1007	936	564	742	1013
gene3505	12	23	17	8	9	11	28	66	103	39	64	7	51	32	18	23	58	44	23	59	44	33	24	26
gene3506	360	393	152	140	171	801	23	225	172	245	234	231	674	301	163	292	104	165	134	263	122	57	26	206
gene3507	304	126	105	352	78	80	28	359	382	309	370	173	446	202	363	70	118	161	100	109	134	60	167	116
gene3508	23	12	21	32	32	46	42	65	116	15	33	37	36	30	51	9	11	56	13	13	42	6	15	25
gene3509	70	63	102	74	32	175	108	115	120	195	110	83	281	151	98	110	121	127	27	138	128	113	23	78
gene3510	41	120	52	64	42	83	80	45	139	67	79	51	106	77	119	58	52	123	19	108	50	33	58	24
gene3511	486	100	193	676	54	438	882	225	502	447	418	153	762	158	527	93	1238	53	57	851	222	208	232	504
gene3512	317	111	192	275	186	296	333	303	390	467	598	245	246	350	339	209	352	316	120	222	310	144	142	129
gene3513	12	2	3	21	3	4	4	8	8	0	41	2	6	9	31	5	33	9	2	7	4	2	5	5
gene3514	2084	919	1132	1020	807	1589	1307	4778	2486	1548	2396	1096	2174	1649	2014	1630	2129	1464	1260	3015	1254	1271	963	695
gene3515	2	0	0	2	0	1	1	14	4	2	1	10	79	6	24	9	2	8	0	2	6	0	8	0
gene3516	554	385	209	401	251	283	448	676	570	303	474	432	566	399	387	164	425	489	235	447	257	243	148	243
gene3517	85	36	39	46	22	69	37	57	144	20	64	29	63	26	37	8	42	32	20	23	53	41	15	26
gene3518	978	538	355	581	379	320	839	1533	921	850	1034	401	519	1598	706	415	451	1440	539	545	396	620	358	218
gene3519	216	252	295	232	102	190	295	925	210	221	363	252	240	388	320	152	192	161	108	306	125	99	245	81
gene3520	2648	1190	295	670	691	1748	1012	7811	1693	508	484	588	708	3532	1801	951	1488	1335	842	1448	824	120	739	148
gene3521	83	109	65	88	68	74	98	130	161	90	187	71	66	141	140	75	59	134	31	234	115	56	71	54
gene3522	4	0	1	0	10	3	0	0	2	1	0	0	14	0	7	0	15	0	0	2	0	0	0	4
gene3523	101	74	112	71	64	150	58	61	131	151	133	59	126	57	70	60	65	38	39	136	160	62	40	28
gene3524	214	81	105	192	167	127	104	83	244	121	231	178	202	114	265	144	168	193	158	412	218	24	87	83
gene3525	1962	474	740	588	355	939	864	1691	1078	150	1071	259	603	915	414	283	1420	2810	109	538	965	691	958	910
gene3526	34	14	10	11	8	9	6	53	6	19	42	15	28	13	16	22	11	13	12	34	26	6	5	13
gene3527	63	105	100	86	56	117	98	120	93	31	125	133	119	242	56	25	124	92	82	176	92	61	26	77
gene3528	40	65	47	90	43	45	108	87	47	48	130	58	81	81	30	146	76	74	57	101	57	29	50	87
gene3529	2569	2311	646	610	831	975	2206	805	2233	1962	1009	718	2109	1152	1441	3188	1309	1098	685	4338	2534	445	1244	760
gene3530	12	8	13	6	4	1	22	12	4	1	3	4	14	19	4	15	15	7	7	23	4	12	9	17
gene3531	719	980	362	292	443	614	597	1571	1463	566	302	593	1679	535	537	241	761	324	325	736	703	570	346	258
gene3532	894	727	1076	610	805	360	1300	1219	1037	1068	592	311	258	572	190	802	855	674	544	316	889	85	307	169
gene3533	80	106	118	117	37	46	78	150	170	73	152	78	115	126	65	57	118	103	63	136	120	67	75	54
gene3534	436	209	338	376	469	299	278	720	924	893	645	411	885	515	223	388	413	690	119	729	183	96	207	221
gene3535	475	118	144	202	243	343	169	175	475	313	571	218	175	238	173	130	134	169	182	292	357	102	99	235
gene3536	52	34	38	31	17	40	27	50	89	31	51	18	61	65	19	39	53	45	21	36	114	11	56	54
gene3537	120	28	30	30	27	6	50	52	85	46	78	25	23	35	22	53	31	52	22	39	19	17	44	46
gene3538	13	1	7	4	0	1	29	25	3	9	2	0	2	1	8	11	18	9	0	0	0	0	3	3
gene3539	887	981	1112	701	1241	1085	1332	3018	1342	3567	1971	2131	2222	2919	2389	1831	979	2232	1692	2185	3746	948	1223	1511
gene3540	1649	481	795	1513	904	1211	1056	1627	492	588	631	173	906	496	665	500	808	1136	661	1459	1769	1088	944	712
gene3541	1726	589	300	424	414	1522	2626	870	903	1259	2292	1281	2452	654	881	357	1462	2656	127	718	2205	1535	242	896
gene3542	115	117	129	123	60	82	91	273	197	120	182	46	108	147	94	102	155	58	53	155	58	83	58	61
gene3543	39	3	25	36	25	71	61	155	25	62	22	40	50	29	30	47	65	60	28	44	33	11	12	4
gene3544	13	2	9	1	5	14	7	33	2	1	16	1	15	27	2	6	28	4	0	12	13	0	19	10
gene3545	44	63	26	40	33	73	61	149	35	12	32	19	68	54	96	32	10	19	2	40	32	9	3	17
gene3546	31	22	10	11	12	20	29	36	36	24	54	37	33	25	10	30	16	19	10	24	14	27	13	23
gene3547	55	6	3	17	8	13	8	31	41	0	3	14	10	5	2	19	23	0	8	22	17	8	6	5
gene3548	330	116	154	202	69	78	173	292	275	80	279	135	252	194	330	191	215	304	101	170	98	129	114	97
gene3549	25	51	68	43	38	37	34	77	109	47	67	36	72	41	33	14	47	11	38	34	22	34	36	33
gene3550	174	117	239	500	246	321	221	1019	429	387	240	252	209	688	195	301	509	135	85	325	145	179	178	159
gene3551	24	59	20	24	49	34	46	29	46	19	101	34	41	9	80	41	54	26	1	26	37	14	20	11
gene3552	2872	1858	3170	2361	1442	3650	4306	7838	4536	2944	4557	2279	1802	3746	6175	2393	2415	6995	1997	2753	1788	1802	1685	1749
gene3553	7408	4722	14767	4343	8206	11667	7393	3162	6323	6121	4323	3658	7185	5744	4158	8737	7977	22053	2346	12818	11626	946	14386	3454
gene3554	12	821	492	645	956	952	1849	517	243	412	337	859	3192	3233	2362	508	1919	299	391	1590	2053	1099	394	320
gene3555	163	127	72	80	50	108	120	117	210	82	111	67	181	166	96	84	124	76	36	73	128	61	68	96
gene3556	471	75	634	115	293	8	223	888	347	6	572	370	482	336	298	559	480	268	250	47	456	47	165	348
gene3557	12	7	4	11	17	10	11	10	19	22	12	3	30	43	5	8	15	9	8	31	8	11	5	8
gene3558	14	21	21	10	6	14	30	48	13	26	10	31	24	60	14	1	23	20	5	19	6	7	6	29
gene3559	91	106	58	60	21	59	49	39	247	75	102	60	117	155	19	56	143	351	70	78	52	28	37	61
gene3560	1495	1190	698	779	1191	1320	2297	4091	3484	3220	2813	597	619	912	1606	1189	2654	1112	492	844	743	936	1787	2757
gene3561	51	85	48	93	75	70	87	92	249	42	142	54	70	83	63	63	31	92	70	118	86	49	59	66
gene3562	515	598	384	339	413	507	715	1130	851	682	1006	369	854	801	823	609	964	416	351	670	830	165	568	736
gene3563	115	117	67	126	46	133	52	221	186	93	204	90	33	173	49	99	286	86	127	136	127	63	82	89
gene3564	72	78	23	57	53	85	89	130	124	151	45	83	116	119	53	73	83	118	48	64	141	25	102	100
gene3565	211	80	177	235	241	259	169	388	432	92	165	149	161	179	134	160	140	177	60	355	161	153	160	139
gene3566	153	3	73	184	15	203	347	259	575	142	599	28	273	8	71	104	89	134	16	153	101	31	38	22
gene3567	1592	1471	1354	1076	450	815	588	1644	3190	2425	1389	1425	3499	2016	736	277	2640	855	732	1168	1678	477	529	1331
gene3568	19	14	4	10	7	22	31	6	28	4	3	15	9	12	33	30	30	23	6	43	6	6	6	5
gene3569	227	148	138	159	32	231	149	355	129	151	315	123	165	198	199	77	78	122	132	170	153	69	109	109
gene3570	183	73	102	51	40	25	130	293	116	149	98	66	82	103	224	58	185	164	34	124	69	29	41	44
gene3571	117	118	92	102	15	117	113	208	139	124	87	59	143	134	92	98	104	116	57	156	84	48	78	76
gene3572	99	41	24	34	9	52	15	87	54	37	80	31	62	75	104	67	35	85	24	59	32	29	25	32
gene3573	847	494	117	306	52	430	251	1041	404	1028	744	124	1941	1163	381	236	395	730	172	411	253	129	312	372
gene3574	15	7	23	10	11	7	19	21	27	10	6	3	16	6	20	17	3	19	10	5	20	6	9	2
gene3575	508	400	336	529	414	332	289	928	659	528	769	502	977	555	400	402	733	394	150	396	450	315	269	266
gene3576	3	8	3	2	0	17	1	6	4	19	0	2	3	2	2	3	1	2	8	0	5	2	3	3
gene3577	1609	1267	1425	1389	632	1002	1617	2280	2630	2842	2416	1416	2423	2584	1122	1644	2095	1579	789	1487	2029	763	731	1203
gene3578	518	353	341	443	244	405	379	580	437	351	412	342	707	533	617	322	601	353	176	413	377	285	262	251
gene3579	170	129	75	134	135	130	99	149	231	171	177	118	274	215	181	80	133	224	60	211	268	72	113	98
gene3580	0	0	12	1	0	1	3	4	1	0	4	1	3	2	0	0	0	1	0	2	1	0	4	3
gene3581	100	113	90	65	68	61	105	365	135	75	187	84	123	69	94	65	152	262	118	208	47	138	152	40
gene3582	23	26	18	55	34	64	60	86	40	24	15	23	42	45	15	30	62	95	29	92	81	12	30	66
gene3583	1051	719	919	702	385	848	756	1859	833	500	945	459	2225	713	916	1361	585	870	820	1475	278	104	612	534
gene3584	35	6	0	4	0	21	5	6	56	47	73	10	41	6	16	30	2	16	3	2	0	3	3	0
gene3585	0	3	8	16	5	1	0	2	3	9	36	16	12	2	3	4	28	12	8	48	17	13	1	0
gene3586	97	64	79	83	29	55	111	111	111	64	69	71	101	107	94	42	116	126	34	92	115	10	39	33
gene3587	161	102	64	70	125	155	127	172	254	165	90	88	100	175	77	93	133	202	85	134	103	38	121	43
gene3588	81	11	45	27	28	49	40	90	92	27	56	17	73	42	79	17	37	48	19	41	24	25	12	31
gene3589	57	54	149	77	56	58	86	189	137	35	209	23	55	157	131	71	10	35	24	41	32	11	11	14
gene3590	125	35	62	92	117	209	15	221	169	109	48	71	120	67	63	85	228	60	55	139	68	98	37	26
gene3591	54	30	52	70	11	41	78	52	49	33	93	54	49	104	66	47	57	68	23	94	46	44	51	19
gene3592	45	23	20	42	29	51	16	49	109	42	33	41	36	75	25	25	67	33	5	89	27	25	29	30
gene3593	146	79	97	94	107	77	144	207	154	140	178	55	93	71	118	107	93	56	61	57	59	44	106	83
gene3594	531	507	281	772	366	916	698	1264	652	926	876	414	789	1253	932	463	456	759	69	1341	289	374	352	430
gene3595	3159	1614	2338	3600	863	2094	1719	4908	3252	2437	3765	601	4795	4310	1077	2224	2931	2472	873	5189	2267	1543	2267	1312
gene3596	741	615	740	663	365	517	482	789	883	831	1318	605	807	1082	792	727	668	650	358	947	711	327	555	361
gene3597	80	115	239	79	91	158	280	308	199	105	117	40	143	216	261	56	105	148	20	102	117	61	44	118
gene3598	26	16	19	23	13	12	33	74	14	22	17	30	8	24	33	18	31	13	9	28	7	18	6	8
gene3599	341	276	521	474	308	862	225	1050	643	719	718	335	388	736	636	315	593	1090	301	405	346	177	214	233
gene3600	1086	444	955	1091	874	1321	2279	1004	2080	1343	625	1289	1165	1684	669	1865	351	495	278	912	420	336	327	316
gene3601	169	52	118	84	54	65	94	72	141	102	77	38	126	213	96	9	100	81	55	76	145	34	57	117
gene3602	155	53	61	44	15	157	14	67	149	69	265	87	76	90	130	155	39	35	11	80	21	30	18	26
gene3603	744	800	1062	692	506	680	757	1784	974	1037	716	650	1189	856	741	949	1387	560	539	1387	705	555	1123	1146
gene3604	142	132	157	187	67	194	109	259	265	166	225	116	156	193	224	158	250	146	109	161	171	61	111	171
gene3605	5026	7627	3539	6564	2304	3457	6388	17641	5829	3595	6914	2784	8483	4721	4767	5747	2975	8504	2217	8495	8226	5898	3667	2328
gene3606	169	75	129	66	135	101	122	226	123	79	205	17	203	182	183	33	130	309	142	234	287	65	49	197
gene3607	17	11	9	9	13	6	12	10	19	10	9	2	15	15	22	8	7	14	12	25	9	5	0	5
gene3608	1168	542	440	504	293	735	429	884	913	849	946	897	729	1036	703	450	771	738	245	593	330	239	612	273
gene3609	585	116	151	99	99	85	243	209	376	155	173	189	55	206	70	190	57	79	170	61	110	237	5	43
gene3610	133	47	97	51	36	50	59	125	106	120	108	94	54	235	94	72	52	154	45	118	137	37	56	62
gene3611	27	12	14	10	16	1	20	8	3	13	2	3	29	25	34	19	9	17	15	31	19	2	1	23
gene3612	462	406	589	735	328	521	439	913	952	534	798	358	722	736	461	329	726	617	345	778	475	266	424	432
gene3613	413	368	293	194	162	221	334	285	484	304	458	149	316	313	266	182	311	409	159	322	168	138	375	256
gene3614	287	84	159	164	283	175	88	296	283	218	350	72	263	192	107	136	214	199	81	238	201	131	56	107
gene3615	1628	768	985	1377	1231	735	782	2069	1439	1950	1391	923	2018	1606	1591	1375	1625	1467	1159	1955	1849	632	702	734
gene3616	13	16	15	47	6	7	10	67	60	38	18	18	50	36	16	0	78	52	18	245	122	5	15	77
gene3617	443	106	183	128	109	318	136	195	132	141	97	112	169	150	185	151	130	181	71	187	81	54	127	85
gene3618	65	103	58	143	50	42	81	106	262	71	99	85	158	87	119	98	18	12	19	28	37	11	18	8
gene3619	492	178	184	158	242	170	213	421	478	310	444	173	315	347	232	221	260	323	114	352	485	117	255	259
gene3620	264	234	287	46	61	231	111	597	956	213	145	270	123	387	78	151	464	145	234	281	210	55	189	165
gene3621	128	26	52	97	43	2	107	83	258	186	207	61	79	115	29	51	103	42	73	40	89	99	53	78
gene3622	14	8	11	0	12	4	4	23	9	8	27	30	23	15	5	14	8	9	3	5	8	6	9	4
gene3623	229	79	94	140	138	156	153	229	188	108	222	178	262	174	189	162	154	153	55	212	146	68	135	108
gene3624	1731	567	593	840	425	1506	1249	1725	2474	1400	2001	827	3490	863	1041	589	1864	1397	959	649	1713	1732	1432	747
gene3625	6	7	6	1	3	1	2	1	1	7	3	3	7	4	3	0	2	0	1	18	0	0	6	9
gene3626	81	49	42	47	16	54	69	48	92	45	69	39	47	59	50	18	51	71	25	41	32	28	44	14
gene3627	420	240	178	265	286	221	373	522	769	319	263	193	288	229	382	233	287	250	180	424	307	180	164	229
gene3628	32	9	9	14	15	15	23	34	31	131	120	15	65	133	95	25	20	20	5	44	18	15	3	29
gene3629	20	14	19	30	0	14	23	16	19	14	31	16	66	18	23	49	10	9	41	19	37	12	26	26
gene3630	12	20	30	44	13	5	44	40	36	30	86	17	14	33	15	38	24	27	11	23	28	17	16	14
gene3631	17	1	17	46	26	65	31	110	145	45	77	18	62	11	3	17	6	26	21	84	68	17	36	18
gene3632	326	265	159	215	149	209	152	407	434	285	188	171	260	198	176	217	245	147	117	172	248	76	147	93
gene3633	2854	2745	1809	4780	2080	2485	3153	8288	3916	5412	3140	748	4341	2739	5675	2467	1958	3020	1044	1543	2060	858	672	1504
gene3634	256	219	228	296	134	355	313	807	588	254	318	306	490	380	392	220	354	412	179	501	465	127	224	204
gene3635	26	57	23	26	8	43	42	50	91	32	44	28	86	35	25	28	78	49	35	34	27	22	36	27
gene3636	12	50	58	38	28	94	54	119	164	83	15	43	35	60	102	33	49	115	13	28	60	14	0	17
gene3637	68	14	16	22	29	5	11	13	20	22	6	37	28	21	10	0	83	28	9	17	19	3	12	7
gene3638	69	10	20	24	20	15	13	19	26	3	33	9	4	42	19	13	60	48	35	37	67	17	19	31
gene3639	42	22	56	38	13	33	80	145	83	42	51	29	27	49	83	20	21	55	16	14	21	20	19	28
gene3640	735	581	777	619	1308	1023	1008	2138	2674	1383	2374	731	1359	1493	1175	1005	1523	489	607	4572	1095	1265	564	572
gene3641	346	136	276	323	194	473	229	481	620	394	482	236	279	485	292	238	370	577	296	496	321	217	151	142
gene3642	9	2	7	2	2	2	2	13	2	17	0	13	11	11	24	12	4	5	3	11	16	8	2	0
gene3643	472	458	368	491	145	546	278	1576	766	684	1123	770	560	650	765	1173	313	411	556	412	561	115	733	275
gene3644	1048	780	1125	883	987	621	1445	2368	1006	1327	1062	1062	680	1434	1047	859	1116	1143	407	1138	940	431	742	1007
gene3645	153	30	77	66	65	91	99	160	245	193	292	99	241	371	298	76	154	94	47	101	66	51	63	27
gene3646	729	349	1321	1829	591	692	791	1382	1031	1008	597	348	1998	1106	1141	2596	1132	1658	724	1363	1447	596	1161	798
gene3647	322	171	207	173	115	180	115	381	256	184	259	141	354	178	251	151	142	159	63	361	147	134	170	170
gene3648	419	480	136	483	180	509	170	424	553	408	513	216	154	221	332	112	330	525	273	260	327	253	367	250
gene3649	44	57	82	47	27	44	67	174	92	56	103	60	87	99	72	82	134	117	45	150	90	32	86	41
gene3650	1499	1010	1247	1457	667	1227	1136	2662	3231	2044	2782	1639	2449	1523	2251	1281	1494	1496	867	1812	1436	502	842	1010
gene3651	111	47	143	20	43	116	80	91	225	26	226	57	58	128	79	86	317	250	35	255	128	11	110	33
gene3652	106	79	39	123	85	75	40	187	51	139	122	59	104	99	136	43	75	24	43	73	63	22	48	49
gene3653	293	155	266	163	75	271	191	515	941	183	637	204	493	111	210	282	182	430	254	402	142	199	246	165
gene3654	153	91	86	158	160	111	68	105	182	83	144	49	158	154	130	87	116	69	58	132	103	37	44	73
gene3655	117	83	44	56	86	69	99	95	105	66	160	61	175	82	121	120	106	214	64	145	69	40	59	81
gene3656	527	480	264	345	198	335	295	552	626	373	696	288	669	508	451	192	501	413	215	420	456	311	323	168
gene3657	230	37	57	141	52	60	97	190	156	203	98	55	133	100	168	126	165	56	107	161	35	56	33	63
gene3658	37	47	52	61	60	61	50	61	109	45	99	55	66	85	54	80	103	30	40	37	50	41	41	33
gene3659	57	76	39	30	30	45	92	88	76	46	94	49	25	88	71	65	87	68	26	82	95	19	53	32
gene3660	5	7	14	9	5	31	7	24	56	8	14	3	11	40	18	5	7	35	6	12	15	9	6	9
gene3661	2265	1150	777	1107	1406	1008	1414	2618	2905	1522	2917	1421	1655	1591	1118	1172	1943	1721	804	2341	2235	866	686	1046
gene3662	60	8	28	57	16	29	26	128	45	44	135	24	44	51	19	26	66	69	34	47	31	27	55	11
gene3663	167	34	28	106	26	93	43	40	142	61	27	34	60	57	80	41	104	119	26	40	41	34	45	27
gene3664	246	127	71	83	148	34	127	357	231	121	336	129	257	78	171	77	144	184	92	137	209	101	83	41
gene3665	86	40	32	19	7	7	43	36	20	39	27	14	38	33	54	71	46	51	17	34	34	21	43	29
gene3666	0	0	4	0	0	3	0	1	31	15	2	3	6	11	3	4	1	8	1	4	3	2	0	0
gene3667	379	254	210	165	265	258	238	255	253	256	237	299	282	409	301	145	341	292	132	317	257	101	113	114
gene3668	124	199	348	164	289	221	246	322	178	204	746	175	145	199	238	321	165	485	265	362	215	236	237	318
gene3669	69	123	48	50	78	53	83	239	143	110	23	44	108	192	150	106	116	67	60	73	92	45	110	83
gene3670	66	30	46	32	47	36	47	57	86	100	61	44	81	76	36	26	33	30	42	89	40	19	41	48
gene3671	39	21	42	26	14	29	44	42	54	19	102	9	26	54	85	32	11	41	14	86	12	26	22	22
gene3672	3225	3177	1208	4774	1320	2143	3407	1575	2625	4257	3191	2679	5259	3033	1966	1558	4336	4615	1383	5630	5105	1434	3762	1368
gene3673	53	51	50	50	53	94	27	74	132	58	67	35	66	157	38	59	132	90	94	96	49	15	56	43
gene3674	191	92	146	66	37	165	169	205	214	102	176	101	189	159	266	114	122	146	85	279	322	84	119	139
gene3675	91	104	88	213	59	113	138	230	81	35	62	25	34	56	55	35	172	196	82	151	170	43	158	102
gene3676	163	114	81	60	47	82	107	525	151	126	206	92	101	24	174	63	134	81	65	191	145	58	22	58
gene3677	7882	4620	3755	5121	8128	8092	8680	8476	10021	3822	13131	3751	14187	10468	6970	6199	2282	2917	1573	7492	6421	1775	2872	2221
gene3678	162	75	84	133	110	128	114	167	209	127	144	153	302	229	101	105	112	147	60	211	279	24	87	64
gene3679	5	4	24	20	16	17	37	23	24	26	8	8	22	25	23	8	17	15	31	11	16	31	11	11
gene3680	287	223	87	94	157	172	230	1062	627	148	227	233	433	109	69	20	465	190	156	67	291	75	190	502
gene3681	1048	700	435	1063	484	666	596	1265	1688	627	783	425	910	964	1232	484	658	1212	356	816	456	536	485	670
gene3682	14	6	11	11	16	19	16	84	25	40	41	72	37	39	7	52	38	54	6	28	12	10	27	17
gene3683	2639	1418	1422	1566	907	1922	1290	2594	1435	624	1160	632	1079	1294	801	615	2346	1846	978	1926	1803	902	1021	1214
gene3684	107	174	68	100	94	179	192	211	684	215	219	228	237	322	316	148	287	162	121	271	223	57	65	125
gene3685	134	47	85	75	49	120	82	145	177	108	138	54	85	62	171	108	129	75	62	180	135	60	55	91
gene3686	535	610	295	535	401	496	387	1124	915	530	587	437	1000	397	469	444	370	487	221	427	554	316	387	188
gene3687	8	5	19	2	1	9	2	24	31	7	22	10	39	13	2	9	18	0	3	3	11	3	10	3
gene3688	1668	1275	960	1142	1082	1358	951	2294	2371	1462	1462	897	1800	2136	1430	1295	1957	1809	838	1924	2100	738	1155	1025
gene3689	76	47	27	22	13	52	48	123	79	110	48	26	86	59	100	92	39	75	29	36	61	18	23	19
gene3690	46	14	36	30	19	25	35	61	36	20	27	15	43	20	45	24	45	22	26	45	16	15	14	15
gene3691	76	8	15	63	43	105	10	14	139	158	18	42	132	83	103	20	63	67	59	33	33	6	33	39
gene3692	76	78	113	111	45	224	105	188	222	86	215	101	156	111	171	134	110	121	50	284	127	74	75	92
gene3693	36	48	40	23	13	16	41	26	9	24	40	13	22	9	22	17	23	26	7	23	12	20	63	11
gene3694	0	2	3	0	0	4	4	19	0	0	2	3	3	0	0	0	1	0	0	6	5	0	0	0
gene3695	144	170	178	207	142	149	184	286	248	211	194	92	233	263	176	90	106	125	136	266	93	75	67	82
gene3696	705	324	361	750	358	365	609	652	697	437	641	193	738	412	595	285	707	403	260	474	412	175	332	367
gene3697	139	72	49	56	98	117	62	126	122	80	176	84	150	108	45	47	106	74	64	177	146	32	50	53
gene3698	393	558	138	125	216	582	156	718	286	325	312	183	448	342	203	38	136	267	66	400	209	65	251	184
gene3699	794	273	290	278	239	63	227	412	323	562	399	151	363	585	376	286	482	253	372	571	355	252	171	417
gene3700	18	12	14	18	7	12	36	32	53	18	14	8	15	14	12	0	17	1	19	8	29	11	18	7
gene3701	1835	1208	1333	846	1269	2316	2580	5768	2372	1033	3972	1689	1531	1973	2249	1580	2524	1934	1755	2324	1310	1176	1992	2132
gene3702	20	21	45	26	18	12	19	31	36	15	82	29	11	59	19	43	41	44	41	17	18	23	20	41
gene3703	132	90	63	117	118	124	84	230	9	17	20	10	44	25	12	3	182	234	135	208	129	60	43	100
gene3704	2142	531	2209	2329	2394	3368	2300	5665	2785	776	2762	1373	3097	1686	2528	3788	4442	2177	1415	2820	3382	1143	1197	2314
gene3705	270	267	114	285	61	216	165	255	222	207	211	151	252	314	192	94	197	208	145	180	171	153	82	110
gene3706	110	63	83	64	87	130	141	207	246	84	176	133	118	170	171	141	140	151	68	194	111	72	60	54
gene3707	2	13	7	13	2	19	14	38	18	5	100	12	37	17	39	8	18	50	7	65	52	11	9	17
gene3708	40	3	18	13	15	1	16	78	40	23	31	16	13	19	24	22	8	19	12	25	22	12	11	12
gene3709	44	25	48	32	16	51	27	43	84	61	30	48	74	107	78	31	193	23	25	90	60	34	28	37
gene3710	38	54	21	22	18	76	75	125	86	46	81	83	122	58	121	49	80	53	37	55	66	35	75	48
gene3711	1877	2165	1815	362	1718	1450	929	2507	3888	1192	2049	1498	1408	2210	954	1194	427	251	114	378	261	114	150	221
gene3712	63	43	15	33	33	81	46	114	106	76	122	41	40	83	73	57	50	64	35	68	109	22	34	71
gene3713	14	13	0	8	20	4	25	54	39	29	13	21	17	14	30	10	10	20	11	34	10	8	2	12
gene3714	401	231	326	351	225	400	592	639	524	462	576	371	479	468	494	419	405	440	187	211	340	203	246	268
gene3715	253	94	88	113	67	256	99	95	56	143	260	214	218	211	171	90	79	182	65	121	284	59	143	55
gene3716	228	95	121	103	76	110	130	395	177	159	98	99	181	128	238	103	259	164	93	214	118	68	104	74
gene3717	1354	921	1003	1430	889	1179	1895	2607	1246	1732	1531	1207	2097	1336	1656	1201	5922	7400	2715	6308	7595	3344	3572	2711
gene3718	1069	611	371	510	499	305	954	825	785	873	771	659	571	880	539	552	998	450	310	708	566	229	388	291
gene3719	625	750	376	826	318	769	825	484	1001	331	1233	799	2756	1075	1185	291	262	249	146	856	311	49	148	268
gene3720	112	119	54	6	58	63	148	212	173	133	237	28	96	89	191	92	39	94	16	63	45	68	79	44
gene3721	43	59	88	132	80	116	48	177	169	78	36	56	169	73	69	39	145	83	47	125	60	63	96	70
gene3722	121	92	238	84	124	153	82	223	300	90	157	71	86	81	115	83	69	38	113	293	75	45	70	64
gene3723	34	29	54	29	32	14	27	50	96	48	63	49	30	19	34	25	24	19	11	45	30	20	55	19
gene3724	24	9	22	3	15	12	5	32	17	2	25	6	19	12	4	8	6	51	8	45	27	8	5	14
gene3725	233	145	332	88	119	184	681	911	1391	321	265	98	580	621	219	121	56	26	90	69	130	17	63	67
gene3726	154	125	37	31	46	116	71	72	72	72	90	53	230	236	161	63	135	89	47	114	88	57	66	41
gene3727	141	94	93	129	155	132	129	76	212	55	211	175	228	291	212	92	165	129	38	126	205	31	130	78
gene3728	1390	491	545	543	231	377	1074	1403	1581	625	1580	432	1173	497	486	1056	1144	1044	362	1620	838	322	518	593
gene3729	40	57	29	58	26	40	33	133	46	39	26	21	36	22	44	62	55	47	18	45	56	12	39	25
gene3730	3022	2272	3361	2707	1782	3693	2976	5090	3028	3431	3705	2820	4288	3040	2445	2104	2482	4153	1548	5409	3232	1788	2147	2348
gene3731	43	66	61	39	63	27	93	92	114	85	108	64	64	57	31	52	42	105	50	128	70	9	51	16
gene3732	293	280	559	155	265	232	549	1303	793	591	861	545	475	715	1021	540	496	866	219	221	353	332	468	287
gene3733	17	30	15	15	19	6	0	31	43	25	73	17	15	36	11	12	9	21	20	13	1	12	10	13
gene3734	255	113	67	281	168	350	282	546	317	277	181	184	434	181	149	95	362	131	108	333	293	106	127	211
gene3735	72	54	35	32	12	34	48	105	17	42	29	15	26	28	40	28	94	46	29	7	54	23	30	21
gene3736	23	26	69	11	23	44	55	70	16	60	49	10	38	3	53	10	32	39	18	52	36	28	12	21
gene3737	12	24	10	6	11	10	15	42	19	28	16	12	20	15	15	28	24	10	8	12	10	4	10	16
gene3738	217	85	167	116	58	109	143	95	167	91	187	76	188	124	173	64	146	100	49	163	160	92	42	40
gene3739	380	453	254	311	150	284	306	389	557	525	736	249	271	424	272	421	552	473	232	420	310	178	255	364
gene3740	229	91	40	47	61	104	116	163	99	80	121	106	42	61	136	48	97	152	47	56	128	34	29	81
gene3741	139	65	54	61	24	86	95	166	128	64	175	61	131	160	131	89	143	124	43	128	116	33	36	85
gene3742	26	44	26	27	43	72	61	81	39	50	48	52	121	73	21	20	72	56	21	48	37	31	55	34
gene3743	274	416	251	301	173	289	269	267	606	262	625	435	288	729	152	194	398	411	297	570	769	57	314	151
gene3744	1045	450	571	915	358	694	688	954	784	821	968	571	653	968	792	417	708	782	390	866	775	288	278	396
gene3745	3	0	0	0	1	0	2	0	1	6	0	1	10	2	0	0	0	7	5	0	0	0	3	0
gene3746	88	26	61	51	28	12	35	107	66	39	68	14	61	159	43	37	48	62	21	74	67	13	30	55
gene3747	518	274	349	674	578	451	545	439	2858	292	1085	548	582	364	758	735	656	262	230	550	670	459	308	244
gene3748	1892	1293	1028	2108	1275	1624	1507	2683	3043	1617	2902	1841	3482	2287	2289	1615	1203	1537	897	2121	1795	997	1151	1023
gene3749	144	340	121	346	296	61	198	425	517	509	308	425	399	241	707	87	189	753	342	210	695	398	78	50
gene3750	115	130	110	125	20	145	141	163	170	74	123	85	145	140	188	80	280	70	34	151	124	64	44	71
gene3751	854	327	245	252	219	158	357	272	377	480	316	300	370	488	436	343	541	630	161	572	199	193	112	256
gene3752	402	113	153	113	93	167	185	434	345	137	250	88	127	260	241	102	306	211	137	405	288	108	92	81
gene3753	552	199	270	259	219	207	347	473	804	306	365	247	372	231	395	310	660	443	399	346	622	235	484	613
gene3754	170	241	175	221	170	290	132	282	579	177	152	145	192	220	168	170	277	195	154	354	349	146	271	225
gene3755	980	1236	975	1994	896	1987	978	2057	2390	1429	1927	1199	2176	1545	919	863	1420	1489	826	2218	1809	860	698	653
gene3756	166	236	296	208	114	339	108	349	234	132	466	187	255	270	259	95	280	405	139	391	205	219	94	183
gene3757	52	72	40	36	30	82	88	73	217	91	68	96	94	52	112	38	58	86	14	40	90	41	72	21
gene3758	716	658	171	653	354	624	441	961	1649	572	1373	529	575	330	539	644	645	800	221	635	716	215	520	543
gene3759	53	37	50	57	18	9	35	69	21	35	85	22	56	17	67	17	52	15	14	59	5	16	48	52
gene3760	46	50	104	51	71	104	147	65	148	33	101	53	89	120	60	25	27	97	52	147	86	34	41	44
gene3761	13	1	0	7	2	19	2	0	1	1	0	1	0	0	0	3	1	1	1	1	2	1	0	3
gene3762	242	169	146	143	84	148	124	121	354	105	165	166	144	165	206	143	124	137	122	254	305	108	159	118
gene3763	486	637	236	481	353	185	436	174	463	394	334	168	371	273	412	307	334	220	146	1076	435	261	451	162
gene3764	16	6	13	4	17	9	10	28	9	29	6	5	6	9	11	1	24	12	3	18	3	1	5	31
gene3765	7496	5313	7805	9970	4845	7767	9456	11887	17269	8604	7383	7259	8391	10121	9109	6933	9119	8982	3593	9776	10315	5098	5661	4940
gene3766	25	12	20	15	28	41	27	42	67	17	63	51	65	24	39	17	26	11	15	20	26	23	24	10
gene3767	17	18	7	8	22	16	24	27	9	5	14	16	23	16	41	3	12	14	15	24	14	14	10	8
gene3768	92	83	41	82	27	80	83	95	120	98	106	29	108	116	78	46	117	67	36	99	73	59	64	56
gene3769	275	231	141	211	225	92	230	443	301	284	262	133	369	168	258	194	208	283	83	389	159	113	144	336
gene3770	131	27	43	64	42	41	45	95	58	30	66	54	83	88	45	44	78	58	29	62	141	50	22	28
gene3771	528	269	377	439	119	318	376	814	236	463	389	104	221	64	621	441	136	434	296	266	416	218	551	314
gene3772	19	34	10	9	22	14	20	27	80	25	57	30	43	15	53	35	56	6	34	21	66	20	12	10
gene3773	393	168	283	828	318	380	447	497	124	682	412	237	386	722	434	174	279	718	311	1647	480	256	260	140
gene3774	347	109	127	37	33	116	147	574	84	202	173	111	7	40	382	76	21	223	206	272	5	7	446	57
gene3775	4510	2660	1604	3867	2411	1440	2210	3898	3931	3561	2593	2510	3972	4174	3213	1501	3121	2364	931	2264	6213	1135	1957	1754
gene3776	200	131	195	187	112	162	186	505	350	184	206	112	337	159	277	240	260	311	169	194	220	72	303	97
gene3777	50	126	88	106	48	55	81	149	178	123	175	87	148	166	214	77	204	114	48	52	74	15	83	111
gene3778	185	131	115	65	105	175	136	151	1134	925	793	542	925	950	469	223	107	92	71	201	198	50	72	131
gene3779	415	190	181	474	119	461	346	372	480	258	230	249	369	416	248	259	343	204	217	488	253	156	329	272
gene3780	37	19	14	22	16	36	25	82	63	30	24	41	31	32	18	24	51	51	21	61	54	20	41	18
gene3781	67	28	19	44	17	15	6	18	44	38	54	54	17	10	46	2	29	18	14	26	49	12	5	12
gene3782	566	619	285	542	287	550	525	732	1060	392	668	327	588	452	557	418	505	496	303	621	678	207	505	442
gene3783	261	59	57	251	138	87	235	291	181	182	136	101	241	63	125	130	110	102	62	40	181	86	29	107
gene3784	7	2	1	13	9	3	11	32	38	13	2	9	16	9	21	5	3	0	8	11	30	21	3	24
gene3785	22	19	45	7	11	13	36	34	186	125	211	108	188	104	50	99	26	9	9	50	15	24	16	17
gene3786	208	195	118	148	113	135	84	293	170	132	57	67	107	79	160	65	159	171	115	116	186	77	53	72
gene3787	1126	550	767	1068	743	768	630	2037	1813	644	1103	1027	1307	1196	1404	702	619	534	506	1009	1414	950	397	541
gene3788	261	138	132	157	93	79	98	315	188	139	125	65	108	123	64	71	167	176	80	289	128	110	128	134
gene3789	102	72	160	64	65	191	86	356	287	38	149	12	116	123	138	33	106	47	85	27	181	40	28	46
gene3790	97	25	55	52	29	63	30	137	151	80	64	28	62	64	38	56	56	83	32	102	14	26	56	14
gene3791	23	11	16	30	26	26	22	51	95	21	60	48	19	67	35	22	17	27	14	40	55	17	18	28
gene3792	48	52	39	23	33	51	44	120	97	30	64	45	42	111	41	17	37	71	5	81	27	66	11	35
gene3793	195	134	115	245	101	180	139	885	635	224	312	215	139	376	160	97	184	622	116	119	306	159	60	178
gene3794	60	34	41	53	33	51	79	88	85	23	44	70	126	49	61	55	35	44	33	48	23	26	10	23
gene3795	357	135	167	200	107	151	548	526	232	137	240	165	154	252	270	170	251	101	66	222	154	79	154	107
gene3796	146	17	102	138	25	63	50	94	152	60	48	65	113	56	80	65	141	40	23	71	54	47	48	50
gene3797	200	165	137	135	58	104	106	298	375	319	257	146	191	145	81	81	216	240	56	204	187	148	189	90
gene3798	685	390	426	574	568	313	757	820	1091	741	481	699	615	705	785	523	897	738	395	675	898	345	555	347
gene3799	803	327	477	369	383	479	500	803	801	503	792	443	707	380	543	351	792	756	226	540	633	277	233	237
gene3800	111	54	100	163	101	100	89	108	114	105	72	144	164	222	110	99	148	87	58	161	177	114	89	102
gene3801	23	9	21	19	25	33	11	45	56	30	60	29	34	45	28	25	14	32	1	9	17	9	42	12
gene3802	308	300	408	200	198	508	268	553	583	321	382	195	709	350	216	124	252	283	182	471	352	159	241	118
gene3803	134	105	146	120	121	163	115	225	247	110	247	155	152	233	183	86	183	259	77	246	145	89	99	101
gene3804	21	12	12	22	7	29	19	28	41	41	57	20	26	14	6	16	20	7	6	2	8	7	2	5
gene3805	683	565	886	552	298	383	397	1284	869	856	1019	396	577	548	631	284	1060	938	286	1100	535	267	427	362
gene3806	403	630	723	313	340	717	439	934	1135	1092	419	438	283	1087	596	457	642	260	214	977	483	249	274	412
gene3807	21	59	38	28	45	51	65	10	128	54	35	23	44	28	3	34	63	33	43	105	17	24	5	13
gene3808	16206	10179	6743	4801	9308	3260	8531	13547	23478	12261	15243	3446	14592	10406	11833	8466	12918	7476	5438	13084	9649	4633	7207	6392
gene3809	0	0	0	1	0	2	1	0	0	2	2	0	2	0	5	0	5	0	0	0	0	0	1	4
gene3810	408	31	386	38	170	42	515	714	178	288	1054	64	128	843	207	212	67	1393	44	204	53	1341	352	213
gene3811	28	62	39	87	41	40	50	121	120	41	60	48	165	94	81	75	54	58	59	45	42	34	53	43
gene3812	137	228	220	243	119	135	262	292	301	135	228	66	170	353	191	178	213	281	85	223	383	83	108	175
gene3813	19	10	18	6	21	16	44	68	29	16	36	12	28	13	23	41	15	27	25	39	5	28	25	16
gene3814	7	72	97	51	63	57	98	58	26	83	90	45	222	29	23	43	4	17	22	9	4	2	3	5
gene3815	15	35	20	77	47	48	66	74	155	135	11	15	35	73	92	16	31	35	26	31	19	6	24	40
gene3816	419	154	337	131	160	255	163	654	152	251	236	218	216	448	221	618	782	502	291	278	234	178	366	314
gene3817	161	90	221	158	341	307	337	427	373	205	528	56	700	399	319	117	719	366	116	237	168	246	228	148
gene3818	620	318	206	336	260	351	480	836	563	574	665	279	543	394	462	500	355	469	283	587	370	218	194	378
gene3819	392	179	117	259	173	238	162	844	478	117	241	232	225	205	331	344	260	178	156	166	167	92	134	150
gene3820	118	116	52	174	73	69	163	230	116	93	191	113	182	201	142	63	117	190	54	215	122	50	82	111
gene3821	103	116	63	56	82	120	51	57	106	166	217	157	218	102	231	105	211	98	41	167	61	34	74	76
gene3822	3690	1278	2266	2485	1753	1913	1997	3059	4184	2446	3654	2133	4298	3582	2118	2354	1618	3202	2201	5185	3577	1570	2159	1834
gene3823	617	465	375	310	351	531	383	436	748	539	799	612	644	403	773	588	555	547	264	579	532	324	420	376
gene3824	152	113	62	125	84	65	167	116	251	110	199	67	186	149	126	70	193	63	67	134	219	48	86	123
gene3825	2100	1058	942	2011	1423	905	984	2860	2175	1213	1943	1979	2132	2716	1842	1479	1358	1700	907	1724	1672	712	955	878
gene3826	458	338	160	208	96	279	390	387	485	337	409	132	286	275	152	183	225	141	204	158	206	114	116	136
gene3827	121	13	193	179	99	85	45	121	268	80	217	123	135	174	41	120	145	125	66	154	486	44	62	44
gene3828	22	5	27	22	3	0	23	81	16	17	38	16	30	13	37	5	39	6	15	5	5	11	11	8
gene3829	306	214	121	210	178	102	358	254	259	78	183	145	172	186	89	122	306	91	130	252	217	54	157	100
gene3830	767	486	153	147	267	214	243	381	276	177	636	172	81	377	613	373	610	244	290	535	409	197	242	265
gene3831	28	73	10	27	15	90	15	55	42	52	43	33	86	33	11	24	55	63	12	119	37	21	48	55
gene3832	29	14	11	21	18	14	32	10	21	28	92	22	22	15	29	17	31	14	17	70	27	2	20	9
gene3833	22	14	7	32	13	24	14	47	11	18	28	14	33	3	15	60	48	56	26	7	41	5	67	38
gene3834	43	22	27	22	24	21	19	12	58	30	68	24	39	42	52	41	21	26	35	53	35	10	29	11
gene3835	446	298	552	573	358	571	949	1428	1153	677	1014	485	644	595	690	497	807	854	443	1128	686	263	636	412
gene3836	392	139	124	379	122	121	79	400	437	349	577	185	301	496	185	125	348	103	74	327	112	118	46	124
gene3837	36	33	20	37	31	33	35	30	74	31	31	31	66	32	33	30	46	62	24	21	52	9	46	8
gene3838	13	24	9	4	3	2	6	8	19	1	14	17	42	8	28	2	7	5	10	13	3	8	1	18
gene3839	0	2	0	0	0	2	0	3	7	0	2	0	6	0	0	0	0	2	8	1	4	1	0	1
gene3840	27	6	24	34	21	22	29	53	46	47	31	10	27	77	19	10	25	26	9	45	35	14	13	20
gene3841	636	211	236	267	226	230	367	772	273	334	516	155	158	133	437	397	226	261	140	388	381	175	323	311
gene3842	16	8	13	4	4	10	10	41	19	13	18	13	25	14	15	29	13	54	10	20	48	33	20	13
gene3843	231	152	217	340	141	209	219	299	319	278	304	142	298	429	233	129	203	195	107	255	372	170	115	140
gene3844	3664	1922	1504	1907	1441	2369	2383	5246	2498	1377	2290	2607	3179	2939	1839	2245	3104	2806	1389	1492	2439	395	848	936
gene3845	5	7	0	1	8	1	11	17	3	26	1	0	0	1	2	5	6	9	0	5	3	3	0	1
gene3846	86	28	108	100	52	124	97	166	164	165	135	29	113	41	73	80	59	138	82	107	137	42	39	65
gene3847	8	2	31	32	10	20	19	32	27	15	27	31	32	25	15	13	26	58	13	26	33	8	10	9
gene3848	619	645	602	836	246	504	825	586	1224	532	955	370	890	1232	480	350	580	663	407	617	801	272	468	225
gene3849	230	125	67	299	100	128	86	136	83	42	221	76	126	307	178	107	175	134	29	61	225	44	63	80
gene3850	414	153	104	240	211	195	357	384	495	125	210	262	255	361	278	82	177	79	105	345	273	81	213	63
gene3851	174	195	276	226	143	192	83	254	98	156	232	82	127	173	151	185	236	181	75	138	169	70	158	72
gene3852	199	214	118	207	131	118	219	354	278	81	104	145	259	208	84	237	252	261	118	242	285	127	88	156
gene3853	261	216	136	250	153	107	196	329	272	175	227	128	318	434	195	131	414	230	193	122	149	102	140	215
gene3854	2	11	15	19	12	20	48	11	52	29	37	8	20	16	13	24	32	21	5	33	28	22	37	3
gene3855	1992	1460	1450	1221	247	564	640	603	1166	479	1797	694	809	3113	558	1050	1248	1300	1123	1850	1129	512	244	496
gene3856	2426	381	1231	1521	640	1914	1215	5113	2281	1988	1829	985	1750	1276	1459	1059	1520	2185	358	2952	2710	883	583	1604
gene3857	55	53	86	171	61	98	107	114	98	99	127	105	108	149	60	64	105	166	52	261	150	76	40	62
gene3858	84	196	124	166	100	64	68	429	243	101	93	21	66	136	93	160	116	51	22	104	74	22	25	65
gene3859	3	3	10	1	2	14	4	1	0	20	7	3	35	4	3	3	6	4	2	3	9	2	1	2
gene3860	311	108	133	167	65	140	186	145	227	236	151	202	203	130	109	114	169	77	119	237	316	121	64	144
gene3861	1	1	2	2	2	7	1	17	8	5	0	14	1	22	1	0	1	3	0	1	0	0	5	4
gene3862	93	67	42	103	51	79	55	89	198	67	237	74	78	179	161	120	85	98	48	97	127	10	39	16
gene3863	1	19	13	5	10	5	3	5	27	0	18	0	31	12	12	2	30	11	2	11	17	0	7	16
gene3864	58	59	15	20	26	48	35	67	72	47	41	49	24	24	23	72	29	43	15	31	68	5	60	8
gene3865	119	10	94	135	168	114	76	36	430	56	126	53	265	111	14	62	100	32	36	159	217	50	119	19
gene3866	349	171	161	312	183	162	242	547	433	236	567	171	468	569	280	397	274	318	79	406	392	160	144	180
gene3867	567	1081	705	734	729	1105	1127	1983	1696	1726	1216	761	1466	1741	1288	1686	2478	1407	718	1917	1357	564	493	858
gene3868	139	23	50	64	51	109	49	47	43	61	45	1	49	99	36	59	70	37	35	162	14	26	39	38
gene3869	216	76	85	93	56	145	47	129	145	148	232	103	84	103	91	38	170	203	84	119	113	83	103	56
gene3870	107	61	48	57	51	77	77	141	129	72	180	81	44	183	61	90	76	88	29	122	122	30	33	41
gene3871	58	46	52	67	21	46	49	71	84	96	89	45	46	62	61	89	64	69	33	96	108	33	36	51
gene3872	105	58	59	216	158	158	123	123	86	40	111	60	121	102	121	84	92	49	53	161	137	70	27	72
gene3873	337	217	339	389	266	339	360	1156	488	174	709	171	311	540	530	305	331	404	478	898	490	276	127	255
gene3874	3521	2116	1428	1910	1202	2415	3636	3894	4260	2616	2371	1626	3487	2378	3435	2873	1934	1435	1071	2865	3019	1069	2604	1911
gene3875	1695	1348	1381	996	947	1331	1742	2337	1929	1494	1699	1474	2728	2028	2116	1015	1939	1666	1101	1605	1413	992	1472	1228
gene3876	151	57	85	112	60	105	91	115	140	136	126	38	155	125	136	99	66	143	25	99	90	49	38	56
gene3877	240	320	356	244	170	309	402	439	414	276	447	236	633	376	262	264	485	449	161	261	289	190	314	220
gene3878	17	47	30	11	28	43	18	47	52	64	83	21	53	7	74	102	92	80	16	67	37	4	65	15
gene3879	39	1	3	17	10	12	14	10	28	17	45	9	11	8	30	6	14	10	4	11	1	5	14	1
gene3880	483	340	194	327	206	239	452	582	356	232	385	222	544	366	560	276	408	215	105	446	403	122	394	257
gene3881	444	73	126	204	153	149	146	316	448	161	409	319	481	419	275	180	503	150	89	311	79	310	224	120
gene3882	2663	861	1471	2253	569	470	1215	3252	1203	1497	2743	1476	1664	4557	2178	1495	2167	1910	439	1117	1722	1138	1051	981
gene3883	105	133	88	89	104	96	75	129	117	70	68	107	108	132	105	94	89	83	53	130	199	73	57	75
gene3884	8	15	12	6	2	4	12	2	5	1	12	3	17	9	5	3	12	19	7	8	4	0	4	1
gene3885	132	193	199	158	123	125	160	312	629	473	124	151	275	183	265	105	195	254	94	257	227	103	177	103
gene3886	17	4	19	8	5	33	5	21	10	3	10	17	12	27	16	1	13	10	17	11	2	8	12	3
gene3887	14	10	18	16	13	14	24	22	17	35	29	18	77	75	3	20	31	20	17	10	40	32	12	18
gene3888	71	31	52	35	25	80	69	78	94	24	78	64	116	75	51	39	94	84	14	19	181	9	35	67
gene3889	20	37	24	101	5	108	156	91	197	97	14	61	53	81	73	111	160	44	23	169	87	21	64	14
gene3890	6	2	6	5	11	6	24	5	17	3	23	23	17	9	7	16	26	5	3	11	12	9	2	5
gene3891	802	517	573	913	682	787	994	1067	1156	491	751	739	992	890	666	620	1004	760	421	946	873	467	489	386
gene3892	227	85	268	392	160	195	100	158	379	157	173	186	535	277	309	151	240	306	61	275	192	169	119	93
gene3893	26	37	15	18	48	15	7	35	14	30	60	48	22	5	18	16	17	3	17	4	5	32	18	26
gene3894	24	10	40	35	10	49	19	55	55	42	17	22	28	33	39	11	36	17	5	63	74	13	4	12
gene3895	28	20	4	14	18	11	24	6	47	12	44	2	7	7	16	9	37	31	6	30	11	5	7	30
gene3896	175	346	266	250	53	232	73	84	45	117	299	101	206	93	136	263	320	107	63	355	448	160	163	145
gene3897	415	631	189	381	260	489	437	636	400	811	309	511	1274	460	951	449	403	788	306	299	867	217	294	466
gene3898	94	32	38	46	8	54	85	104	40	73	67	66	40	36	25	41	181	200	119	98	165	96	158	106
gene3899	246	413	525	1023	538	367	250	1748	502	622	839	356	688	425	398	664	900	600	169	204	951	148	362	295
gene3900	103	14	29	93	21	20	61	79	75	165	20	16	48	129	45	108	43	93	19	63	45	109	8	30
gene3901	255	177	178	106	108	120	152	237	415	250	182	126	147	192	104	104	180	243	100	231	162	69	59	74
gene3902	1613	850	401	276	79	664	1315	627	1473	620	1111	219	642	657	1359	671	753	628	544	1295	523	582	567	991
gene3903	15	14	24	17	21	25	72	23	56	45	85	50	82	48	35	28	16	73	19	39	21	24	35	48
gene3904	156	122	198	157	92	109	112	230	275	147	82	110	206	218	161	184	172	196	51	202	121	95	57	95
gene3905	342	230	196	300	162	321	291	399	498	379	288	275	303	285	332	168	242	329	175	284	238	220	180	204
gene3906	69	31	28	45	29	34	23	108	134	67	63	51	89	63	89	60	76	48	36	61	125	27	23	70
gene3907	146	201	89	279	40	126	111	130	903	293	360	31	117	279	74	190	311	306	139	150	101	80	106	140
gene3908	271	155	196	275	196	323	262	170	298	381	388	193	400	488	174	230	241	531	220	443	424	174	85	91
gene3909	1307	709	532	569	313	1133	787	1413	1416	863	913	935	796	1511	388	485	1432	4654	1892	4077	1643	1854	1789	1339
gene3910	666	622	304	440	392	525	572	519	735	636	1335	432	688	432	674	444	809	632	293	531	776	286	366	297
gene3911	121	21	47	43	69	60	40	83	95	38	112	61	95	41	162	47	65	39	39	53	57	67	65	64
gene3912	350	180	342	441	225	263	298	330	454	400	200	209	676	352	511	275	311	370	135	533	439	231	163	285
gene3913	832	635	1394	671	580	1620	761	1875	5596	1642	1376	903	2243	1349	2876	1028	1741	5484	647	2323	1586	711	382	403
gene3914	73	14	53	54	47	45	37	59	70	42	37	33	29	37	23	51	135	86	14	36	58	31	29	31
gene3915	1609	539	683	707	963	382	581	1275	733	1292	5086	912	1878	963	795	1766	65	281	151	350	142	152	118	39
gene3916	4	4	20	10	12	15	23	2	59	33	39	11	18	12	26	5	18	14	11	11	14	7	10	10
gene3917	32	8	17	22	8	24	51	14	12	17	23	27	34	7	24	2	52	4	42	10	30	11	5	11
gene3918	285	95	126	173	111	169	112	279	287	177	304	87	205	198	112	66	94	156	49	83	160	97	45	93
gene3919	3	1	3	1	4	10	23	7	3	4	2	1	8	4	3	5	10	22	1	4	8	0	8	3
gene3920	197	115	64	120	39	187	231	489	83	78	140	210	463	388	120	175	140	527	28	236	188	40	248	115
gene3921	7	1	0	2	0	4	3	1	1	5	8	0	24	3	22	15	2	3	1	6	6	1	0	10
gene3922	26	67	19	50	14	39	31	43	113	74	70	25	40	44	20	29	65	36	25	78	52	17	16	18
gene3923	1	14	25	13	10	36	18	71	51	7	6	8	37	4	16	28	9	82	23	38	57	25	12	25
gene3924	609	394	502	604	342	628	400	1096	923	498	602	456	852	499	566	488	613	520	223	1018	570	288	445	434
gene3925	15	27	15	39	25	23	14	61	35	11	40	12	10	55	56	26	7	12	7	15	7	2	9	8
gene3926	1210	609	545	197	1127	524	900	1055	1420	961	1235	555	1762	1332	599	811	565	1062	526	1258	632	485	818	972
gene3927	14	10	17	23	21	9	41	18	18	38	91	22	13	47	11	50	102	48	18	91	17	22	15	48
gene3928	75	109	40	128	46	98	19	132	116	30	106	43	56	49	70	91	261	221	35	48	222	131	64	88
gene3929	47	60	15	41	46	10	62	28	38	3	56	6	158	28	38	49	27	39	17	12	25	29	18	44
gene3930	987	488	693	515	478	1192	1116	1773	1028	686	567	514	662	841	642	390	768	1292	142	641	797	529	536	438
gene3931	9	27	19	19	9	19	23	36	28	21	47	9	14	26	4	11	29	39	4	5	5	3	1	6
gene3932	380	158	442	634	426	284	317	393	116	64	65	58	49	119	64	44	784	383	104	447	329	315	162	506
gene3933	1276	334	870	453	310	577	524	1065	1032	417	760	661	892	582	484	276	633	607	208	528	649	193	449	333
gene3934	60	69	56	34	34	37	146	124	206	36	131	26	20	119	75	108	47	96	25	92	60	32	27	30
gene3935	6	19	9	3	9	8	36	23	21	26	13	5	21	8	22	7	24	15	23	20	1	9	9	12
gene3936	591	326	334	498	500	432	242	1094	254	169	276	112	298	229	185	49	538	424	241	281	118	126	78	77
gene3937	24	28	38	28	24	13	51	40	13	31	23	28	35	11	15	11	25	18	8	9	18	5	33	5
gene3938	33	5	18	24	16	7	18	29	33	19	24	15	12	42	56	10	10	24	17	32	20	9	11	29
gene3939	113	32	47	27	23	35	28	86	178	52	61	25	76	80	36	59	51	36	8	67	74	49	37	11
gene3940	20	32	4	23	17	26	57	24	27	58	30	34	24	78	14	13	37	13	15	24	12	15	11	12
gene3941	2982	2175	849	1927	1554	4172	1551	3197	1445	1347	2457	708	2083	4125	3247	1136	4274	1335	888	5749	1887	395	1743	1302
gene3942	372	379	192	483	259	344	289	506	529	244	343	226	524	292	341	373	592	241	253	420	515	166	246	292
gene3943	254	101	108	191	185	148	266	329	279	228	203	55	305	280	227	111	87	103	234	282	271	106	138	82
gene3944	54	62	74	72	20	12	70	42	81	48	69	44	28	50	26	29	34	84	10	67	36	31	10	49
gene3945	1197	415	300	1123	384	590	748	1316	1255	289	671	283	1135	1999	645	653	1381	1350	357	796	466	140	1011	953
gene3946	63	2	37	41	2	17	46	3	41	13	43	3	8	6	22	14	42	84	38	11	24	14	10	1
gene3947	88	94	35	81	18	67	90	81	301	128	246	17	115	88	52	186	110	147	90	154	99	65	35	92
gene3948	894	705	756	614	650	940	564	1740	1443	584	1481	627	710	736	1107	566	508	857	480	879	450	244	419	356
gene3949	31	35	16	13	6	21	40	62	35	20	40	23	16	9	49	12	35	18	22	15	13	8	19	10
gene3950	182	151	77	84	35	166	90	99	110	177	334	72	68	221	184	89	133	94	79	203	64	70	60	79
gene3951	62	8	54	2	20	13	9	79	148	18	27	55	50	12	36	14	65	16	6	49	38	22	15	11
gene3952	137	56	47	57	56	26	38	70	99	76	84	14	78	120	90	27	74	103	37	46	81	43	66	23
gene3953	101	67	154	113	24	52	35	361	154	122	121	37	163	186	268	39	128	26	35	178	159	75	50	64
gene3954	109	33	96	137	55	110	57	244	141	58	210	98	102	99	92	72	62	163	73	130	86	54	75	39
gene3955	769	604	598	741	688	660	625	1182	743	600	655	442	908	673	585	236	757	593	244	677	736	143	316	513
gene3956	467	309	278	282	193	320	247	702	435	327	267	214	487	506	389	315	552	437	190	423	420	126	181	202
gene3957	349	471	226	236	197	466	460	1057	855	439	1162	403	808	332	745	992	405	754	330	547	345	101	630	356
gene3958	1009	646	259	341	457	561	444	452	1379	270	629	776	1208	623	498	300	618	400	137	855	566	198	245	279
gene3959	1344	588	793	1038	274	616	896	1812	1345	625	796	801	640	1127	1447	703	766	1066	723	685	930	618	1260	1034
gene3960	131	71	82	251	72	131	162	196	278	183	231	76	343	96	233	106	209	357	62	390	152	121	46	72
gene3961	735	175	286	343	312	330	747	846	588	470	369	258	441	307	468	355	514	319	160	510	414	117	475	240
gene3962	41	16	53	81	43	41	122	115	157	133	111	26	102	102	80	58	47	78	39	131	59	80	53	46
gene3963	118	103	35	39	54	75	59	78	123	77	107	43	94	111	60	76	128	37	30	177	92	49	84	46
gene3964	171	382	468	216	242	268	270	382	1056	373	170	223	431	557	162	98	469	114	292	383	200	188	356	256
gene3965	65	58	36	40	81	137	68	114	94	161	136	62	158	145	92	32	58	57	46	114	93	50	52	51
gene3966	89	35	42	98	72	84	106	171	113	64	91	28	55	171	40	62	73	95	54	69	192	63	55	13
gene3967	351	39	79	359	105	148	314	253	191	99	320	103	139	45	68	194	345	378	105	514	194	48	50	30
gene3968	1841	1328	1294	971	797	1465	1238	2588	2306	1316	2318	965	2535	1679	2266	959	2610	1242	646	1822	1356	548	1135	1052
gene3969	12	5	9	10	1	10	21	13	0	1	11	6	1	8	10	10	15	18	10	12	24	0	6	5
gene3970	91	26	47	49	8	45	76	118	83	54	123	30	111	49	46	60	49	45	27	74	54	29	42	30
gene3971	296	222	164	170	75	132	433	953	216	289	277	283	69	182	53	237	257	291	23	384	394	65	55	138
gene3972	414	153	203	143	130	192	222	420	408	286	240	121	198	201	320	214	208	209	110	287	229	109	167	100
gene3973	8	14	16	8	14	14	7	38	21	12	16	17	7	27	14	4	16	25	1	3	6	4	1	3
gene3974	27	66	25	13	13	25	70	40	72	202	65	69	152	125	70	71	14	43	11	78	7	15	37	40
gene3975	20	9	10	13	10	17	16	47	28	17	14	18	16	19	7	6	27	15	8	28	25	5	14	22
gene3976	133	148	126	83	81	127	53	224	165	90	204	47	157	72	189	91	116	109	65	195	186	44	121	63
gene3977	1515	400	1093	581	842	1000	859	2114	2170	1121	2094	668	863	1860	692	861	954	1191	475	1204	825	682	903	396
gene3978	125	196	81	124	10	66	76	156	302	50	155	78	34	171	140	11	51	78	41	114	95	53	35	92
gene3979	116	65	99	103	23	96	109	180	208	68	146	54	72	98	124	79	112	103	35	105	83	74	65	66
gene3980	4941	3727	2517	3028	4171	9952	5197	10195	4479	4617	5350	1279	10343	2858	4345	5058	6949	6337	3638	8767	3373	4047	2757	2146
gene3981	80	23	61	42	18	26	51	49	26	48	72	20	38	58	65	37	88	18	32	33	72	17	36	22
gene3982	337	114	69	124	69	91	56	175	120	288	298	83	290	234	225	106	257	158	105	102	142	81	357	194
gene3983	108	41	52	48	81	109	79	53	111	60	145	61	171	73	144	46	98	60	27	184	126	64	97	22
gene3984	13	21	6	62	10	32	21	68	56	27	38	70	54	23	51	33	48	16	23	95	26	10	10	24
gene3985	109	394	304	139	99	139	494	497	230	336	316	359	358	298	149	398	656	406	355	417	332	235	307	281
gene3986	14	81	23	4	52	34	35	169	248	72	124	5	100	10	34	22	48	48	12	34	82	6	40	45
gene3987	457	549	598	162	248	878	527	582	334	522	659	766	534	569	436	433	793	675	285	212	622	359	362	304
gene3988	58	28	84	23	33	41	53	43	64	67	42	48	32	64	85	83	117	82	44	79	139	44	38	63
gene3989	54	84	106	53	85	79	157	82	227	63	199	51	28	46	185	127	156	52	78	64	95	43	85	52
gene3990	24	17	25	33	10	34	29	48	60	28	36	34	37	44	35	26	36	15	26	60	14	22	13	17
gene3991	80	77	30	53	29	40	119	207	87	101	96	29	146	102	102	104	105	96	65	75	79	41	32	56
gene3992	507	325	105	219	95	281	266	517	375	324	658	323	141	256	191	170	484	141	57	287	96	57	115	182
gene3993	3	0	4	3	6	1	17	18	13	4	0	3	10	4	7	0	11	26	0	4	4	6	0	2
gene3994	45	7	23	8	9	14	76	42	15	6	7	23	53	12	6	23	21	57	5	21	9	3	21	16
gene3995	472	135	122	205	200	225	272	215	175	110	298	147	214	179	128	146	459	110	162	402	198	118	139	144
gene3996	28	21	10	53	9	13	36	42	48	12	18	32	75	13	20	28	10	8	4	40	47	2	15	17
gene3997	880	409	330	566	119	418	573	679	984	1001	377	475	661	444	679	491	258	535	339	922	686	321	703	221
gene3998	18	12	16	7	9	12	31	19	55	33	19	28	31	28	81	31	46	20	7	15	19	3	24	6
gene3999	29	22	32	16	16	36	47	6	28	44	21	7	49	71	14	35	58	31	16	37	32	44	9	51
gene4000	62	68	73	42	44	133	81	214	113	120	177	53	48	72	86	39	110	112	57	99	54	88	83	81
gene4001	95	50	41	57	74	55	105	161	163	53	165	28	57	45	147	215	92	96	39	55	41	25	79	15
gene4002	57	159	14	145	17	107	27	290	39	146	99	18	77	22	190	149	12	18	46	222	140	70	213	174
gene4003	308	270	107	219	194	228	142	403	411	287	378	231	193	292	179	141	431	216	125	410	183	132	141	158
gene4004	203	340	378	282	189	136	520	633	575	343	467	156	459	558	164	218	279	372	138	366	423	133	152	209
gene4005	4	10	7	9	7	4	14	35	6	15	4	0	7	3	10	8	10	13	2	1	2	0	9	0
gene4006	900	327	451	611	870	603	707	805	873	753	551	396	1070	715	621	640	666	838	222	599	1044	471	466	237
gene4007	734	655	510	1919	752	1190	477	2078	1912	747	1847	1437	1910	1511	1359	899	1637	574	690	1309	1662	420	447	954
gene4008	44	43	28	37	8	19	64	110	33	70	12	8	29	57	68	48	22	42	18	37	17	14	27	35
gene4009	0	12	8	5	0	6	0	15	0	10	3	2	3	13	0	3	5	3	5	11	3	9	3	4
gene4010	18	2	6	10	9	4	19	4	5	6	28	3	4	2	14	10	22	3	8	7	18	2	9	9
gene4011	6	0	5	6	4	6	1	11	11	3	2	5	2	7	15	2	4	25	1	2	5	1	5	3
gene4012	205	191	149	187	55	185	137	319	339	189	289	93	244	240	217	143	246	299	129	194	218	150	135	85
gene4013	323	308	264	434	246	411	324	512	507	250	438	476	616	520	497	401	440	411	189	666	527	201	192	323
gene4014	1169	1310	1296	2097	711	2004	610	2572	3359	1141	1675	410	877	1263	1996	612	228	267	208	370	507	439	127	156
gene4015	238	127	248	129	167	285	243	296	344	233	376	175	329	384	454	89	730	698	398	1221	637	189	221	442
gene4016	674	315	476	424	407	685	812	1003	1130	905	594	604	1684	705	720	702	761	413	298	1047	702	247	762	457
gene4017	59	24	11	63	51	32	51	128	94	10	104	4	13	36	24	60	36	19	45	28	34	23	58	18
gene4018	18	11	4	45	22	21	25	26	25	14	61	22	31	47	8	18	30	17	15	24	30	2	6	12
gene4019	155	222	117	180	123	201	135	241	401	180	305	106	217	305	201	161	227	134	142	188	201	103	90	116
gene4020	305	68	125	208	122	145	252	184	184	314	515	197	139	234	205	191	415	181	92	392	123	85	118	117
gene4021	2	5	0	1	0	5	0	0	7	1	20	0	1	3	7	0	15	8	15	5	1	3	0	0
gene4022	573	468	414	584	228	398	846	1231	751	461	825	411	725	477	586	604	920	566	302	687	546	307	494	315
gene4023	56	43	54	31	69	108	23	72	110	44	80	32	81	83	28	49	87	46	37	43	88	39	45	35
gene4024	87	131	81	21	130	126	81	141	180	87	107	29	70	48	136	89	91	112	66	184	234	115	44	22
gene4025	47	32	9	40	12	18	13	14	16	17	26	5	68	29	13	43	66	19	16	12	21	2	26	26
gene4026	245	264	353	274	206	322	246	606	517	487	562	220	320	440	298	256	361	473	226	462	267	295	210	217
gene4027	117	16	52	111	24	21	157	199	86	68	37	6	114	116	12	146	25	92	19	90	36	35	57	36
gene4028	9	0	12	2	8	9	36	5	14	18	33	2	26	5	7	0	2	23	16	5	2	6	11	26
gene4029	283	155	145	127	99	111	97	301	96	175	343	132	81	106	325	61	288	129	52	323	181	59	173	38
gene4030	8	19	4	20	3	17	5	10	0	14	2	10	12	11	13	1	6	16	10	50	1	6	17	1
gene4031	57	80	51	42	35	61	117	345	118	79	79	62	128	128	231	102	132	125	32	183	72	38	39	67
gene4032	167	58	71	113	112	185	154	270	224	159	82	121	145	132	165	82	198	105	55	224	176	58	111	61
gene4033	11579	6428	6427	7234	6076	9187	6881	16110	16193	8602	12611	5433	12568	8360	8989	7020	10908	11579	5904	15700	11323	4837	6785	8055
gene4034	554	362	176	483	252	314	338	304	430	327	173	208	315	206	180	92	608	239	164	555	386	76	202	161
gene4035	16	11	3	13	10	14	31	45	18	8	30	9	17	14	20	20	38	16	7	15	17	3	12	14
gene4036	251	146	108	163	208	224	235	488	180	124	312	152	346	282	293	172	267	212	94	263	324	128	214	100
gene4037	41	32	103	65	62	76	163	178	190	99	117	68	145	93	128	70	182	187	66	159	129	45	35	27
gene4038	73	166	134	98	131	124	111	430	472	134	223	92	194	146	313	118	260	241	83	106	183	107	89	75
gene4039	43	7	2	0	6	21	3	35	6	10	19	8	7	11	10	3	6	2	6	19	8	3	18	9
gene4040	2749	1316	1692	892	860	1803	1863	5454	2954	1225	1941	1710	2229	2400	1542	1620	2846	3087	1325	2544	2479	600	2176	1422
gene4041	465	41	539	453	147	76	653	167	465	194	82	131	500	129	943	497	817	288	81	201	55	163	442	521
gene4042	32	105	71	58	35	29	84	116	87	94	179	90	68	126	63	72	86	76	57	80	151	16	39	71
gene4043	14	1	4	18	1	26	0	0	0	3	3	7	1	1	5	4	4	1	1	3	3	3	10	3
gene4044	279	260	228	248	275	374	287	352	313	202	577	270	436	258	310	258	277	340	151	467	158	153	151	182
gene4045	1	13	2	10	6	28	4	16	53	27	12	1	22	19	12	5	4	2	4	3	0	0	0	1
gene4046	23	17	6	7	9	18	55	54	33	30	20	25	26	15	34	11	12	18	23	8	41	1	7	16
gene4047	402	181	119	317	163	298	351	341	459	244	622	248	335	350	471	185	391	419	186	547	577	123	228	276
gene4048	229	191	326	451	382	129	339	640	736	579	704	276	840	532	860	338	432	509	185	560	317	252	562	364
gene4049	44	19	113	27	20	98	101	42	57	92	83	15	14	30	96	28	84	87	32	66	84	35	30	64
gene4050	12	14	0	12	3	4	25	1	12	6	42	3	21	37	18	1	11	27	1	7	5	10	4	3
gene4051	0	1	1	0	1	0	3	9	0	1	2	11	0	3	3	2	0	0	4	6	1	3	0	3
gene4052	13	12	12	3	5	25	14	19	48	9	1	16	18	1	24	4	1	13	5	14	16	14	2	2
gene4053	37	50	61	32	17	30	43	76	46	49	34	51	10	28	56	41	64	10	42	48	37	17	13	12
gene4054	55	27	35	11	9	24	8	74	92	29	39	57	42	25	60	38	110	39	23	98	13	5	39	15
gene4055	127	168	262	104	113	271	151	444	93	204	225	186	204	270	156	240	313	269	68	216	303	101	82	124
gene4056	41	27	9	37	27	26	22	26	97	51	28	41	90	97	75	27	48	65	11	64	21	18	19	27
gene4057	563	109	134	361	149	245	93	171	321	197	206	309	411	652	224	122	439	298	101	177	650	133	125	101
gene4058	947	865	836	856	537	830	941	1062	1484	711	825	753	1070	1296	583	669	1054	1325	539	1076	951	322	495	563
gene4059	8	244	27	35	21	77	44	60	239	44	44	63	40	64	61	55	77	40	57	74	11	78	47	49
gene4060	31	1	5	12	13	18	2	3	21	5	23	16	18	9	36	14	25	26	13	21	10	2	6	12
gene4061	25	47	9	12	25	14	20	53	55	12	29	11	14	19	44	23	1	13	6	30	14	15	38	3
gene4062	604	273	334	360	338	425	441	878	869	321	561	267	412	316	357	325	1980	1722	1039	2361	2099	1021	1792	1425
gene4063	6	2	11	5	5	22	12	17	7	7	21	12	15	10	7	14	23	22	5	6	9	8	1	2
gene4064	1921	1878	653	1379	825	2009	1645	4682	1889	2527	1938	2102	1364	2341	3465	671	1833	1524	785	1209	1861	597	1327	905
gene4065	191	339	191	331	111	129	133	391	277	113	353	145	234	300	323	193	253	126	122	267	359	113	96	158
gene4066	1288	758	731	236	513	409	846	571	1361	255	747	421	846	728	414	214	676	196	209	858	766	231	188	222
gene4067	63	17	18	8	14	51	27	94	54	67	72	25	59	62	29	57	35	30	44	44	16	11	49	58
gene4068	38	42	19	60	24	37	31	62	50	46	30	22	56	65	24	21	91	51	36	43	47	7	28	31
gene4069	137	159	190	175	207	343	231	380	385	240	380	152	184	229	488	193	304	273	163	234	228	114	246	150
gene4070	108	71	70	57	45	113	84	101	124	29	304	98	102	105	59	31	197	112	52	149	40	14	45	23
gene4071	568	1005	185	688	153	173	477	771	944	128	229	274	178	250	171	159	101	311	118	593	316	29	61	65
gene4072	116	44	52	164	25	74	90	184	162	71	246	57	142	52	96	63	49	126	55	76	63	40	55	27
gene4073	150	78	110	179	29	117	76	129	140	112	73	113	92	64	113	44	74	74	84	97	146	29	63	37
gene4074	1951	4021	241	2095	541	1814	4470	4943	2992	3951	4807	1790	697	1003	2892	617	2053	557	712	2359	3182	2088	323	632
gene4075	550	175	138	631	94	448	271	538	553	99	312	142	411	188	247	121	355	264	187	402	78	81	53	147
gene4076	0	8	8	6	5	1	0	0	8	4	7	5	2	6	0	1	4	1	0	0	0	2	0	0
gene4077	523	310	258	300	152	592	179	812	1154	231	617	246	801	328	513	218	108	252	563	893	459	298	210	255
gene4078	42	49	24	58	15	19	39	90	28	25	70	17	50	28	44	23	53	17	51	63	49	24	38	12
gene4079	258	71	68	96	120	42	197	230	272	105	137	70	152	82	54	124	246	85	66	103	185	42	144	99
gene4080	1804	661	1345	1108	628	1581	1062	2072	1880	1226	1087	715	1288	696	581	1432	1314	682	112	343	1442	327	609	1046
gene4081	1312	538	561	2397	891	1287	1974	4354	7776	3011	5317	3003	4043	1385	2850	2465	3723	3527	2205	2638	1128	1400	1492	407
gene4082	20	2	0	1	0	4	0	21	16	0	14	7	0	15	5	26	12	7	4	4	6	4	1	0
gene4083	3	3	15	3	0	7	9	21	26	33	14	13	8	19	3	9	0	53	2	14	6	4	8	5
gene4084	206	229	155	182	201	381	295	522	273	169	194	112	258	206	302	93	324	246	194	329	350	132	154	132
gene4085	58	22	29	80	43	44	78	50	72	19	88	37	64	79	64	54	27	32	8	33	64	18	49	42
gene4086	47	50	55	27	30	40	114	135	96	64	54	45	44	60	41	57	108	213	121	360	312	193	52	114
gene4087	947	783	1171	749	697	566	986	1704	860	776	2234	634	1287	1413	681	778	907	1167	297	1134	941	352	695	825
gene4088	73	36	44	56	45	30	33	140	73	96	31	29	71	72	133	51	93	31	96	49	42	34	38	19
gene4089	25	9	10	20	10	5	19	4	16	23	41	13	40	14	42	3	23	26	8	38	3	17	8	13
gene4090	107	85	68	84	51	95	41	25	95	81	71	55	82	136	75	56	125	23	52	113	43	43	25	27
gene4091	456	274	397	315	196	536	304	519	790	487	703	488	799	486	539	329	652	518	323	622	429	305	208	268
gene4092	152	186	120	125	148	195	122	360	252	203	190	173	144	179	130	155	184	231	95	180	128	99	112	90
gene4093	447	424	290	334	309	298	322	468	582	439	437	282	558	699	404	392	339	760	192	466	385	271	305	315
gene4094	14	9	10	7	3	8	3	13	8	2	3	4	42	2	11	11	13	27	4	10	1	1	0	8
gene4095	172	111	147	163	80	150	98	291	251	129	204	123	162	117	195	120	121	116	67	198	159	56	139	117
gene4096	672	114	151	282	303	336	272	505	219	238	172	148	231	200	206	137	282	593	133	226	363	133	270	351
gene4097	1562	1183	878	698	689	895	916	2176	2094	964	1626	1043	1454	1395	1472	1160	1776	1368	775	1920	1474	523	862	722
gene4098	0	0	1	4	0	0	0	0	2	0	0	1	0	1	1	0	0	0	1	0	0	0	0	2
gene4099	52	19	21	14	12	22	43	85	57	18	32	33	35	36	29	11	50	64	25	27	48	29	26	13
gene4100	358	145	351	211	233	367	663	977	580	408	401	434	316	399	662	403	668	449	190	492	484	140	407	464
gene4101	277	377	133	214	160	292	239	445	484	429	499	208	695	341	245	296	385	301	154	240	427	184	186	406
gene4102	206	170	177	139	100	119	239	333	543	183	297	266	179	116	265	205	259	184	195	162	245	94	197	196
gene4103	14	11	2	24	9	3	7	34	4	8	12	3	14	14	3	0	5	8	4	19	11	0	4	4
gene4104	82	62	77	42	10	56	80	76	149	61	119	99	61	122	27	49	64	67	39	38	119	47	34	31
gene4105	3	4	1	1	0	4	0	1	13	2	7	8	10	1	9	1	14	3	0	5	1	1	1	0
gene4106	186	98	100	98	90	156	166	123	87	138	103	68	173	131	185	62	71	262	93	296	219	152	31	64
gene4107	23	8	2	8	16	12	40	59	59	71	49	15	16	16	29	32	20	22	30	26	19	13	26	10
gene4108	6	1	2	22	4	1	6	29	7	21	5	24	22	15	9	14	0	4	12	7	20	6	5	7
gene4109	239	111	98	154	148	168	148	330	229	89	217	143	256	166	268	198	151	246	69	92	270	82	99	150
gene4110	3106	1398	2819	1217	1210	1725	2043	3805	3620	2039	3366	1436	3009	1787	1442	1487	2917	2291	1400	1935	2429	953	1398	1917
gene4111	23	1	3	11	1	6	7	43	60	131	115	32	10	66	44	42	8	18	12	16	8	4	1	7
gene4112	29	8	17	22	24	36	18	37	62	28	25	18	51	53	41	12	27	30	15	32	12	15	3	6
gene4113	127	119	58	106	64	100	58	210	204	104	102	49	60	113	87	79	77	65	26	94	84	55	44	72
gene4114	22	32	40	21	35	50	57	50	33	7	41	79	45	52	23	17	65	62	5	26	44	35	36	22
gene4115	25	10	10	32	18	5	28	7	65	6	5	14	28	18	27	35	15	19	13	49	17	20	13	13
gene4116	403	190	340	229	171	171	403	560	568	432	357	174	256	204	519	250	393	295	148	228	324	141	234	198
gene4117	33	65	21	11	21	32	28	56	68	8	58	33	90	34	32	3	26	19	16	17	12	15	13	20
gene4118	77	28	224	89	33	15	226	119	375	85	488	327	85	360	217	297	93	30	61	24	72	62	58	13
gene4119	618	660	415	615	412	271	382	924	2071	413	682	423	824	773	426	1314	603	480	108	920	976	250	661	353
gene4120	425	268	223	178	118	241	168	507	319	183	484	163	320	152	198	175	289	234	90	323	185	138	139	119
gene4121	25	3	10	8	3	18	4	1	16	0	24	12	2	10	2	0	18	5	4	4	4	10	1	19
gene4122	931	1077	784	1399	1462	757	762	3161	1148	816	841	505	1729	1314	1034	803	4329	2645	355	2443	1050	1125	2566	2408
gene4123	393	328	256	216	188	265	370	667	530	314	417	267	254	309	307	206	381	347	170	398	250	116	136	213
gene4124	250	128	114	160	88	141	207	406	309	295	181	180	200	146	229	104	224	145	98	189	167	74	113	84
gene4125	102	49	46	40	76	108	194	129	116	36	58	74	128	67	238	65	83	27	62	148	120	121	80	23
gene4126	2	32	23	33	3	19	9	80	39	23	30	6	78	22	21	15	23	32	22	41	14	25	31	3
gene4127	88	25	29	27	16	48	23	55	92	27	48	31	21	106	48	25	34	54	19	27	29	16	21	36
gene4128	22	9	21	32	28	28	28	32	71	36	26	10	52	54	37	34	32	35	10	33	25	16	11	59
gene4129	43	13	15	11	1	6	23	33	19	18	16	5	32	3	14	7	36	19	5	11	15	1	5	20
gene4130	367	198	222	27	112	223	109	989	292	149	590	347	184	238	460	182	362	199	302	427	214	75	218	158
gene4131	5	9	0	13	3	15	19	11	16	26	34	1	24	7	11	7	20	17	9	3	4	21	6	6
gene4132	378	157	128	145	125	207	237	362	270	108	367	218	243	568	264	153	403	511	86	151	268	132	141	145
gene4133	31	29	16	19	21	8	41	56	44	32	25	20	27	25	32	20	16	43	24	59	14	12	20	22
gene4134	1093	425	209	929	235	1233	225	1042	636	418	534	432	859	145	458	931	442	450	32	536	328	170	717	755
gene4135	1103	424	332	1903	250	396	460	814	943	1089	690	760	1216	673	549	506	852	729	461	488	1454	204	144	335
gene4136	125	42	181	120	112	158	160	274	258	86	208	84	247	330	104	115	211	209	88	223	92	76	109	159
gene4137	141	128	115	89	123	78	185	767	456	175	40	94	756	150	338	89	417	603	57	1002	310	117	313	73
gene4138	23	341	88	85	56	187	189	312	57	72	231	91	97	278	371	210	200	243	36	270	168	78	213	54
gene4139	12	3	8	15	3	6	14	25	23	7	29	2	25	23	51	18	12	9	14	21	8	10	13	11
gene4140	432	204	683	718	701	1661	562	988	285	445	1206	422	566	1011	584	142	629	841	366	475	30	217	264	291
gene4141	880	307	372	649	16	576	428	705	330	424	148	458	1221	458	399	644	337	356	210	657	549	57	276	203
gene4142	35	28	15	35	17	34	34	43	62	35	51	8	27	45	13	36	27	31	13	39	52	25	8	12
gene4143	5	21	39	40	28	56	22	87	8	6	8	42	39	21	19	22	24	30	16	29	31	3	34	9
gene4144	323	404	103	126	131	227	285	322	544	148	253	133	159	238	267	191	380	222	110	276	373	173	181	149
gene4145	17	19	17	47	7	23	51	66	25	15	3	5	65	28	23	13	16	13	10	32	27	16	10	7
gene4146	107	111	150	98	52	191	112	185	231	99	138	108	123	280	136	129	110	304	112	289	63	130	49	57
gene4147	623	250	211	263	274	220	393	750	601	303	299	186	457	345	264	133	235	320	131	499	338	195	271	404
gene4148	248	116	80	123	62	90	47	90	184	106	77	72	152	180	51	12	82	102	46	104	99	42	10	29
gene4149	114	108	132	64	85	70	93	150	210	93	100	72	77	95	67	48	57	191	47	135	87	55	33	104
gene4150	58	19	25	33	43	53	37	84	63	11	59	17	50	38	75	32	61	24	19	45	92	21	15	20
gene4151	75	46	69	49	27	66	83	96	112	52	166	60	80	83	73	56	264	373	113	263	228	159	106	161
gene4152	112	52	27	44	34	42	33	164	55	38	67	16	35	100	62	64	53	30	30	62	73	43	24	50
gene4153	6704	6399	5519	8396	5751	3872	6995	14146	18300	7864	8160	4629	8277	4618	6064	7265	7614	5070	5126	11063	5820	2710	3952	6002
gene4154	244	253	246	114	138	62	450	502	649	357	314	370	671	362	536	308	189	176	168	653	235	380	149	137
gene4155	647	545	581	715	552	887	693	1299	1202	770	1164	598	1092	1181	511	627	1003	1209	473	923	605	282	454	679
gene4156	164	43	32	73	26	63	74	150	83	55	292	71	74	72	109	26	149	24	12	63	37	34	70	32
gene4157	114	111	88	69	28	27	53	132	148	43	150	62	65	83	61	61	145	103	72	77	29	28	41	48
gene4158	9910	16638	18460	8224	5539	7985	23178	11530	6354	15959	14299	2181	9704	5236	11125	9312	8058	11319	5696	2600	12198	9219	10777	4662
gene4159	13	12	37	36	24	55	32	106	161	120	41	14	33	15	30	28	54	34	12	76	10	24	49	19
gene4160	52	18	47	43	35	52	34	93	90	58	31	40	69	38	16	46	37	21	14	37	31	54	38	37
gene4161	108	121	47	66	52	91	75	87	122	110	167	25	130	32	141	72	101	89	84	154	131	79	63	54
gene4162	1139	637	426	1054	623	902	593	1306	875	909	1086	785	1251	932	846	427	779	962	488	1352	672	548	608	669
gene4163	0	0	0	0	0	0	0	0	0	1	0	0	0	1	3	0	2	1	1	0	4	0	0	0
gene4164	3538	2671	2724	1906	1476	2577	3312	6414	2919	1819	2845	1516	3317	2681	1259	1280	4352	4615	2739	3436	3449	1314	2597	2724
gene4165	50	3	25	27	13	14	6	1	22	14	30	18	24	47	18	21	9	7	16	26	0	9	1	8
gene4166	50	7	12	24	10	18	20	10	40	20	21	13	17	26	15	10	12	12	6	37	18	5	8	8
gene4167	76	48	92	53	90	44	67	94	97	81	100	27	73	80	65	66	67	38	59	147	61	36	28	51
gene4168	441	397	299	355	255	285	264	505	626	277	420	189	246	417	287	297	246	587	226	378	363	124	258	305
gene4169	27	31	6	27	23	35	9	41	40	39	97	60	77	61	16	41	22	32	12	54	58	28	13	32
gene4170	0	12	9	6	8	3	6	3	0	2	2	0	0	16	2	0	28	2	6	11	4	6	0	5
gene4171	110	38	55	35	23	39	132	37	106	68	42	38	64	68	27	39	74	29	62	58	107	45	14	19
gene4172	336	340	189	111	186	140	225	344	261	232	594	97	198	130	203	72	96	335	94	144	241	108	61	160
gene4173	2244	391	572	489	669	177	1215	646	701	42	985	445	453	487	388	645	1605	201	303	959	1357	5	1069	198
gene4174	2052	622	319	1249	1069	510	249	2263	1232	761	719	623	2842	897	645	586	1042	1725	365	1037	863	328	301	345
gene4175	56	52	53	91	58	61	70	36	106	49	94	31	91	85	124	142	96	110	69	95	112	10	31	47
gene4176	1086	1464	745	1504	1070	817	783	1899	1298	2221	2090	1204	2164	1103	954	2703	1344	1854	748	1371	1285	763	849	488
gene4177	917	1039	915	616	759	650	1043	1585	1181	1197	776	434	504	1388	815	550	1027	940	687	1029	777	668	287	682
gene4178	73	25	41	37	47	62	68	71	125	67	35	61	33	94	68	18	45	107	35	71	108	15	29	15
gene4179	807	360	623	405	386	418	432	989	631	342	531	437	901	602	498	271	739	570	510	889	512	337	189	362
gene4180	495	1078	647	548	314	215	353	1132	419	920	2022	362	426	1202	1061	362	809	783	267	197	341	493	121	155
gene4181	18	36	17	19	30	49	17	8	8	25	6	19	35	28	28	26	56	20	2	25	30	22	8	30
gene4182	2436	1137	1299	1579	1159	1112	1935	2151	2830	1346	1794	1537	2940	2168	1832	1057	1540	1369	829	2127	1752	872	772	700
gene4183	85	50	89	95	127	131	38	186	261	82	170	56	169	125	221	23	100	201	83	105	83	57	35	78
gene4184	597	258	247	163	129	256	91	408	385	662	949	261	253	213	383	249	545	309	245	464	112	442	62	214
gene4185	134	92	91	108	91	100	154	363	182	156	159	87	92	174	14	53	134	36	24	83	114	20	52	72
gene4186	114	64	16	25	6	20	56	73	29	52	10	34	47	32	54	31	41	18	17	68	59	13	60	8
gene4187	1184	1024	1208	1596	1727	1005	1088	1723	2517	2017	1561	1361	929	1632	1488	544	1314	962	725	4933	2049	486	682	1033
gene4188	1026	775	749	1209	883	1290	1306	1536	1719	1030	1152	739	1287	1379	1351	865	1481	1066	523	1745	1160	690	645	940
gene4189	24	32	4	16	9	88	41	34	18	56	10	5	35	25	85	8	12	24	30	17	27	21	16	11
gene4190	133	66	122	87	150	117	75	163	320	125	269	239	421	332	87	116	143	136	57	202	106	23	99	39
gene4191	259	136	278	228	143	318	316	543	642	199	426	280	276	312	372	216	234	451	124	301	276	187	263	226
gene4192	5	20	6	9	0	0	5	12	6	4	13	1	18	5	24	2	23	2	8	11	9	0	12	1
gene4193	102	27	16	89	31	31	93	91	75	71	73	55	40	44	20	79	128	108	9	24	31	42	22	37
gene4194	472	169	209	249	10	89	393	692	497	54	228	79	551	183	80	245	262	293	131	319	191	56	335	96
gene4195	127	75	65	142	36	90	82	69	242	85	114	115	71	143	61	88	106	41	28	44	124	27	31	55
gene4196	1	10	8	7	7	5	3	0	22	0	27	4	3	9	2	1	0	1	2	12	9	1	1	7
gene4197	5	3	2	9	19	4	0	16	5	14	9	6	1	2	2	2	27	6	9	38	20	6	9	6
gene4198	45	34	25	33	15	23	19	14	41	36	22	23	18	30	46	26	42	39	19	26	35	11	24	16
gene4199	86	143	58	131	105	202	96	282	179	333	286	119	289	133	245	92	146	160	158	305	115	62	158	46
gene4200	12	9	7	4	1	17	3	19	10	11	18	8	10	3	4	7	10	8	10	2	1	3	2	1
gene4201	319	130	147	216	131	348	161	283	309	252	438	183	269	168	147	181	431	395	230	306	252	67	120	133
gene4202	1976	828	669	775	747	316	786	430	1521	263	146	352	954	961	466	1062	488	477	235	1825	562	95	251	669
gene4203	16	50	31	31	24	20	82	166	75	83	64	67	25	58	125	56	103	43	31	44	67	19	27	24
gene4204	566	540	454	368	433	395	661	530	873	557	1147	620	846	569	527	272	806	522	260	629	675	323	322	367
gene4205	283	380	789	1181	485	133	735	2517	3032	405	1219	1708	2312	1387	1131	1362	1273	528	214	942	1476	313	212	429
gene4206	137	132	54	127	83	85	108	119	94	58	170	120	145	92	265	114	82	142	85	83	156	159	95	58
gene4207	61	79	38	35	23	126	64	278	210	54	145	13	136	52	43	73	198	117	30	182	133	31	62	44
gene4208	74	126	109	126	104	110	126	67	67	116	119	86	85	48	123	50	84	54	102	161	32	27	35	54
gene4209	3	6	9	3	5	19	2	0	3	0	18	0	9	7	12	0	4	8	5	1	2	5	4	4
gene4210	523	307	156	538	150	293	351	558	496	212	320	246	339	356	407	572	455	343	279	739	693	321	600	230
gene4211	430	216	240	170	100	208	92	237	318	253	533	131	349	305	199	281	95	272	143	175	120	91	99	100
gene4212	76	84	29	76	58	167	55	126	152	118	130	40	87	42	108	93	71	134	10	120	143	59	110	36
gene4213	3	0	1	0	0	6	3	1	5	0	0	1	0	0	3	0	1	1	0	2	4	5	0	0
gene4214	227	155	205	187	110	143	176	217	419	226	336	133	289	260	281	211	151	193	166	219	261	110	154	153
gene4215	393	88	103	66	202	128	80	709	650	687	1217	558	186	208	866	167	1023	659	462	1222	942	167	1535	237
gene4216	79	12	25	17	15	18	58	50	35	31	31	49	45	25	74	49	30	27	18	11	22	7	29	12
gene4217	719	567	566	749	500	795	590	845	846	777	1336	368	864	1339	532	309	671	597	396	721	990	548	269	300
gene4218	666	122	71	310	262	221	241	212	470	277	155	158	349	457	319	214	252	353	160	427	281	141	211	234
gene4219	49	3	16	16	21	17	0	13	47	22	49	16	52	21	10	15	30	38	5	18	27	2	15	25
gene4220	50	29	10	22	27	23	37	53	36	11	63	29	10	65	53	12	50	30	24	44	24	10	11	8
gene4221	82	93	78	33	25	113	61	117	256	143	176	80	150	140	165	44	118	52	89	79	75	87	48	46
gene4222	65	24	28	17	17	46	20	48	30	29	29	9	27	19	56	9	5	15	17	31	23	17	14	16
gene4223	23	42	7	29	13	29	20	54	16	5	43	8	15	43	22	14	59	35	12	35	19	6	13	10
gene4224	1722	568	499	529	979	890	1225	2912	1057	1385	875	297	1758	1092	2015	1233	1426	511	405	1683	678	457	725	1141
gene4225	19	5	27	33	21	44	33	9	14	19	36	20	33	34	45	13	16	28	1	39	27	4	6	6
gene4226	151	104	137	86	170	44	175	263	158	135	407	100	315	154	144	163	229	283	158	219	335	86	59	185
gene4227	4	2	7	6	11	10	21	5	18	26	27	5	22	13	8	0	10	14	19	39	86	10	16	33
gene4228	241	20	142	69	90	136	62	161	209	268	124	60	119	141	92	27	246	229	73	172	103	99	25	41
gene4229	515	186	240	214	123	310	201	508	186	181	323	227	419	142	421	252	281	182	270	467	348	183	214	357
gene4230	692	378	540	451	359	685	1205	3389	654	736	518	434	1026	691	1660	570	965	1347	401	1141	586	431	440	579
gene4231	3	13	15	19	14	6	34	4	24	27	6	27	17	7	13	2	4	24	3	45	31	11	20	6
gene4232	36	11	37	36	9	68	16	40	69	10	56	17	9	50	54	20	24	30	15	38	37	20	33	26
gene4233	584	392	613	251	284	486	313	1441	804	512	843	372	445	787	560	591	461	689	391	669	532	376	427	272
gene4234	461	286	347	353	214	333	532	434	761	351	407	376	493	587	482	229	482	267	184	528	590	189	385	220
gene4235	200	65	47	75	80	83	97	138	307	131	270	90	127	95	58	165	162	75	76	92	127	37	73	62
gene4236	265	237	135	121	188	110	236	170	212	211	415	76	114	323	308	90	230	165	59	208	156	36	134	170
gene4237	167	40	113	34	46	29	20	46	273	116	178	122	93	202	160	101	63	67	17	64	64	42	22	33
gene4238	490	291	170	273	228	497	239	610	915	533	576	348	473	448	474	263	645	441	229	279	430	227	287	180
gene4239	356	101	115	142	91	203	209	348	149	225	204	178	325	127	389	158	429	126	127	217	251	70	199	43
gene4240	145	45	57	133	53	214	90	121	46	58	61	96	281	68	164	69	134	71	21	233	76	43	47	45
gene4241	15	23	27	20	24	20	25	78	49	29	43	16	38	32	61	33	41	16	41	49	28	27	22	23
gene4242	231	150	155	186	154	106	216	215	262	234	179	129	227	240	190	163	186	208	74	206	220	86	189	200
gene4243	57	96	22	139	82	34	134	148	142	36	12	36	51	50	53	134	120	94	44	79	98	91	53	92
gene4244	11	2	4	17	0	8	0	3	0	2	21	1	0	0	8	10	12	22	4	30	43	5	10	21
gene4245	8	26	4	4	22	24	17	22	78	7	24	17	22	31	35	87	59	84	10	10	26	10	18	33
gene4246	0	3	11	17	2	5	13	10	2	24	6	3	15	16	1	4	5	0	3	2	6	3	8	8
gene4247	70	361	820	283	279	345	540	131	375	442	805	54	158	150	862	946	1217	384	230	1796	343	307	690	246
gene4248	2416	606	1205	1782	1471	1121	1475	1712	2252	1896	1541	1014	1395	2977	1732	658	1677	1833	775	2057	750	695	748	894
gene4249	5443	3556	5571	6852	3581	8133	2624	8000	5743	8572	5421	6449	13531	9193	5629	3924	6355	5752	3312	13179	10833	5787	3640	2051
gene4250	5537	2653	2825	2453	2252	3252	4309	8408	6362	3060	3940	3384	3772	5407	6696	3728	5606	5273	2510	8072	4722	2461	3705	2943
gene4251	48	5	12	44	21	43	39	27	128	26	30	18	13	70	34	29	98	21	23	36	59	11	25	14
gene4252	23	4	4	17	6	38	3	20	10	15	23	26	23	12	10	8	10	1	12	8	9	9	7	1
gene4253	49	45	27	35	39	55	51	91	43	67	34	31	45	61	30	33	72	31	12	51	39	43	25	31
gene4254	1179	660	672	617	653	1124	997	1575	1686	950	1090	710	1022	1267	705	1035	1195	1468	562	1630	1352	401	911	894
gene4255	19	3	34	19	11	30	28	19	4	11	48	6	27	48	14	5	24	27	22	13	26	9	9	30
gene4256	12	24	23	23	17	1	17	110	5	18	26	15	3	13	19	8	74	14	26	36	9	14	33	27
gene4257	76	34	29	7	23	20	37	75	72	26	42	23	54	59	33	43	34	33	59	35	36	36	39	11
gene4258	114	51	131	135	100	103	53	171	164	84	86	66	97	98	142	62	98	41	48	135	46	40	32	76
gene4259	350	378	297	265	186	458	532	580	363	329	261	265	206	266	308	387	352	385	137	757	413	207	323	422
gene4260	16	1	0	15	4	9	13	30	11	0	10	3	13	12	14	25	10	12	3	7	14	8	10	7
gene4261	109	179	111	91	82	73	76	695	144	173	122	113	261	120	182	69	177	61	74	175	175	36	70	167
gene4262	3	7	0	12	4	5	2	17	11	1	1	4	7	1	2	5	2	10	6	10	3	14	4	1
gene4263	613	469	367	294	240	456	469	1442	1115	641	1201	308	791	866	923	472	501	710	408	703	430	248	410	500
gene4264	530	349	467	514	477	729	508	846	864	528	570	305	691	706	675	615	695	580	251	424	459	292	345	412
gene4265	208	80	99	106	80	261	173	352	455	273	91	49	388	349	238	109	218	227	163	210	226	94	121	184
gene4266	37	79	66	88	78	70	35	20	164	105	53	35	79	47	98	23	192	210	88	161	190	23	47	54
gene4267	751	575	477	484	292	591	329	405	962	913	1491	657	560	871	523	561	304	611	355	894	1070	268	737	232
gene4268	514	142	278	241	216	199	337	244	637	422	196	314	668	488	361	342	488	417	76	401	418	108	288	206
gene4269	18	26	16	42	9	22	3	22	32	11	16	12	38	7	4	0	2	6	1	5	78	8	24	18
gene4270	7878	6889	6463	6644	2924	3625	6573	9936	9984	5234	6089	3775	9411	8549	9366	5582	11635	12657	3621	10434	14171	2437	6610	6029
gene4271	94	40	33	60	31	39	48	170	53	73	112	28	57	33	51	26	36	61	12	99	51	19	64	45
gene4272	21	21	18	17	22	45	30	43	47	29	37	89	82	154	76	48	12	15	5	32	5	24	37	5
gene4273	750	154	184	147	163	193	136	513	456	415	428	466	338	429	269	150	101	501	38	362	333	156	447	120
gene4274	145	177	97	121	137	166	133	264	273	123	202	122	271	123	203	103	274	68	188	108	196	110	193	244
gene4275	154	107	163	107	124	98	108	197	205	106	147	127	247	110	198	127	108	222	57	254	114	114	131	81
gene4276	9	7	8	18	5	9	2	17	1	17	38	6	11	58	47	12	7	21	4	19	22	9	5	13
gene4277	278	59	25	195	82	65	175	182	121	125	194	151	120	205	125	81	250	218	48	171	107	89	84	79
gene4278	344	94	189	387	180	416	18	457	387	74	29	131	182	417	41	125	143	121	182	499	1022	113	30	280
gene4279	6699	2370	3783	2653	2395	5293	4684	5651	6008	5671	5378	3112	5722	3364	3758	4115	5476	5118	1698	8007	6034	2282	2700	2233
gene4280	38	17	37	13	23	35	31	87	14	43	55	38	53	39	84	22	54	27	24	32	41	10	20	15
gene4281	450	756	315	214	232	296	324	708	467	848	436	318	505	838	456	452	666	216	299	157	378	134	297	200
gene4282	39	18	21	19	14	17	12	55	46	15	53	38	41	21	51	30	22	44	9	18	70	17	13	39
gene4283	254	98	144	302	169	287	284	434	171	151	243	348	269	286	467	273	251	169	164	365	323	185	199	122
gene4284	24	40	16	56	32	21	31	52	30	47	50	28	59	49	43	14	31	32	33	25	10	8	25	17
gene4285	1	12	3	5	1	20	8	1	0	7	9	0	2	10	2	1	7	2	11	6	1	1	3	6
gene4286	1	0	0	0	12	1	0	29	0	2	0	4	5	6	11	1	9	7	0	6	2	7	1	10
gene4287	836	405	364	528	311	533	503	979	1204	542	712	416	714	667	331	304	499	692	220	717	806	281	342	300
gene4288	185	213	187	139	69	169	110	208	194	158	283	133	240	176	161	57	1137	563	163	180	434	454	585	314
gene4289	301	184	169	207	220	208	274	484	505	276	426	205	176	252	291	124	250	344	164	251	150	94	101	143
gene4290	1	0	0	11	0	4	4	0	22	9	12	3	3	8	8	5	1	7	0	14	3	2	0	8
gene4291	81	65	42	44	58	89	104	208	199	32	59	19	72	85	97	71	328	174	191	627	410	239	252	216
gene4292	184	61	198	214	84	82	304	206	302	199	185	66	155	88	163	116	146	45	64	71	73	69	64	61
gene4293	2311	1112	1706	1147	936	1667	2539	3965	1886	2542	2290	1012	1584	1767	2681	1816	2045	2485	962	1780	1123	948	1366	1219
gene4294	54	23	22	13	36	31	26	44	61	30	43	32	87	54	26	13	36	35	31	60	34	25	33	11
gene4295	741	333	235	615	201	304	672	1132	133	1371	713	329	477	419	668	188	385	186	33	710	1388	272	206	227
gene4296	91	105	103	91	71	111	85	214	116	52	73	34	44	39	28	45	189	107	86	117	137	63	71	71
gene4297	811	638	418	472	386	470	524	677	613	468	1048	460	748	829	914	497	816	446	269	901	749	497	368	330
gene4298	173	140	97	216	147	286	146	200	281	221	326	208	210	186	144	193	204	180	122	184	247	154	100	148
gene4299	138	29	232	172	151	140	162	144	273	286	272	150	193	132	192	79	288	63	52	99	42	99	66	64
gene4300	76	72	71	50	100	117	132	235	93	41	149	165	88	61	111	78	101	83	53	100	175	74	106	88
gene4301	101	95	119	168	101	156	147	258	194	116	233	157	158	123	137	171	188	142	75	153	219	83	106	170
gene4302	168	127	119	147	107	68	110	172	249	121	176	105	164	144	191	127	161	169	73	175	87	70	69	121
gene4303	74	29	22	67	87	80	116	239	139	49	77	72	153	139	53	55	200	140	32	231	166	28	78	36
gene4304	95	58	75	65	57	83	71	181	197	83	177	113	108	67	103	67	66	93	27	81	170	83	60	66
gene4305	151	158	485	571	173	406	254	261	1320	821	939	2426	3736	3132	1329	726	698	707	344	476	570	236	436	183
gene4306	193	67	17	79	82	232	114	265	96	13	131	111	152	43	93	65	49	142	18	146	31	84	59	42
gene4307	25	30	30	20	42	22	32	74	56	36	51	9	35	12	55	35	48	32	21	50	24	18	9	20
gene4308	119	139	85	87	49	97	113	117	224	116	119	40	143	95	65	135	146	182	60	94	160	39	62	80
gene4309	39	7	7	21	14	28	5	24	13	7	22	18	22	6	12	19	12	39	11	71	33	7	16	7
gene4310	1536	1912	1901	1585	1651	1770	1047	2698	1369	1262	4514	1140	2589	1015	3697	4665	444	834	1995	1293	4054	337	1145	3759
gene4311	4005	5039	5820	225	5537	6166	2914	11283	5956	2951	1866	1732	4395	6652	8942	1903	11133	7170	2882	7870	9145	3716	14146	2949
gene4312	95	259	151	345	32	73	124	166	148	212	77	51	230	134	104	22	43	73	57	100	58	55	55	111
gene4313	133	70	145	89	36	69	129	365	182	100	198	88	158	159	208	94	193	162	83	182	104	84	54	72
gene4314	10	24	5	18	21	2	15	56	65	4	29	37	31	14	4	17	26	20	44	33	2	16	22	25
gene4315	379	141	145	69	73	154	100	319	177	191	271	52	270	261	346	238	228	247	183	259	239	136	135	198
gene4316	384	643	599	1046	581	1259	517	1547	749	471	723	693	1655	709	473	279	590	486	271	594	567	445	230	381
gene4317	207	445	83	124	242	407	252	477	390	763	482	589	905	720	794	296	401	685	191	342	871	146	539	149
gene4318	137	64	163	99	92	89	96	239	238	204	178	115	155	127	127	104	204	129	97	174	134	69	118	90
gene4319	945	887	820	495	399	445	2232	2360	1028	1108	559	1006	868	1239	647	831	1425	501	724	327	687	323	580	426
gene4320	2141	1513	1765	1641	929	1620	2277	5191	4512	1993	3256	1659	2465	2589	1999	1729	1730	2434	1632	2193	1547	1036	1481	1356
gene4321	74	77	26	65	37	63	54	77	95	152	70	82	65	95	103	34	43	113	91	84	57	20	85	73
gene4322	77	231	397	24	335	188	76	747	551	14	743	541	83	106	550	52	94	181	283	84	91	191	608	194
gene4323	1195	764	675	596	536	616	689	1610	1944	1058	1718	648	1017	882	1769	1110	1056	1109	332	756	767	350	498	448
gene4324	61	77	96	37	52	61	97	143	145	110	82	47	106	135	71	47	81	113	48	98	61	32	33	86
gene4325	49	106	157	124	39	68	129	129	145	157	231	329	195	142	226	130	260	150	43	376	134	153	193	227
gene4326	28	20	21	20	6	34	5	42	79	24	39	51	55	17	10	49	11	10	10	15	27	19	23	16
gene4327	16	42	26	50	33	46	39	57	39	45	8	33	27	22	27	19	53	24	25	19	30	14	30	10
gene4328	1	2	2	2	6	1	5	7	1	1	0	0	1	1	0	0	14	4	0	0	0	0	6	0
gene4329	65	35	59	59	15	35	65	37	72	24	59	40	94	101	48	42	30	38	26	105	46	27	20	25
gene4330	66	26	45	37	20	70	45	125	69	66	6	13	33	98	48	12	189	46	37	28	50	55	25	59
gene4331	784	390	700	809	606	774	208	510	890	780	775	198	361	558	904	241	552	777	108	403	339	259	336	300
gene4332	25	24	14	11	7	20	11	17	13	13	26	12	12	39	8	15	15	15	24	28	55	27	40	19
gene4333	78	107	94	104	62	178	37	96	122	194	40	22	109	85	91	143	106	111	73	147	91	39	74	67
gene4334	94	32	84	44	44	26	65	140	84	21	91	29	86	88	60	46	43	82	30	60	92	39	64	50
gene4335	35	21	63	45	7	32	110	95	186	46	107	35	16	92	95	69	110	22	68	143	58	21	62	66
gene4336	147	153	251	173	101	106	117	187	222	253	219	117	222	240	172	224	180	133	54	227	219	117	120	104
gene4337	1472	530	668	2006	835	2492	1095	686	1635	742	1260	702	2270	1129	2302	1118	970	959	2252	1324	900	1173	1159	581
gene4338	34	15	16	23	10	14	15	34	60	36	10	13	4	16	36	15	26	22	5	15	25	9	9	10
gene4339	241	591	223	161	341	130	648	218	339	307	664	497	467	454	397	203	653	504	1440	1369	1410	651	591	860
gene4340	45	16	64	41	23	45	26	61	136	43	71	46	32	42	22	40	85	40	17	43	21	9	30	30
gene4341	5	11	22	25	11	13	7	10	12	5	4	18	4	36	9	10	14	15	7	21	13	5	9	10
gene4342	983	437	227	445	343	401	552	353	515	637	506	424	655	298	449	287	823	800	351	348	974	156	641	715
gene4343	9	19	3	8	2	18	3	19	36	31	11	15	16	8	20	6	19	14	8	28	25	0	12	5
gene4344	30	5	22	8	36	33	16	66	31	46	32	14	24	37	104	5	56	34	13	46	15	14	17	22
gene4345	1121	421	959	518	298	452	493	768	1898	476	602	577	403	564	570	849	561	734	512	1115	669	217	735	519
gene4346	182	106	111	88	42	68	99	219	125	183	111	89	151	91	96	98	164	130	49	182	150	65	80	77
gene4347	3287	702	1564	1082	1161	1439	1554	5112	3528	1482	3653	799	3266	3033	2244	1251	1366	1660	1097	1837	969	888	1132	507
gene4348	18256	17980	6289	7597	10952	7263	4295	13296	9809	2249	5357	530	4169	4529	775	4878	6332	23388	2871	15421	8702	2029	3977	5364
gene4349	82	51	161	211	109	270	46	253	122	210	373	158	146	165	77	207	179	182	33	130	193	79	20	167
gene4350	554	364	281	257	303	314	499	589	1230	394	603	450	751	712	539	244	590	400	236	616	659	194	314	351
gene4351	273	140	120	139	62	94	301	513	280	172	177	114	184	126	271	132	109	216	112	100	117	52	135	168
gene4352	41	30	67	43	41	34	77	147	164	61	78	33	32	25	46	65	64	44	18	78	37	31	54	48
gene4353	53	18	68	54	26	50	41	51	28	17	84	42	198	51	48	36	80	39	22	73	109	26	24	16
gene4354	828	690	586	614	440	791	686	909	981	595	827	575	1006	691	629	413	775	647	322	1161	867	449	461	450
gene4355	502	266	256	259	161	377	385	922	439	493	590	343	250	692	622	341	514	533	246	637	585	187	309	311
gene4356	245	302	84	139	197	204	208	490	273	180	371	253	260	289	205	143	153	245	127	162	336	136	215	151
gene4357	485	436	485	382	296	376	439	881	439	581	754	444	487	554	427	272	822	410	328	414	437	289	246	607
gene4358	29	12	22	12	0	36	2	27	23	18	15	11	11	50	12	13	25	27	11	8	29	3	25	5
gene4359	12	25	11	26	11	15	21	41	42	6	46	34	19	23	49	12	20	26	11	29	37	18	17	9
gene4360	312	213	116	182	206	304	335	370	110	201	143	111	70	157	75	128	192	136	36	135	176	56	117	62
gene4361	388	232	200	324	168	352	227	690	651	303	486	141	385	404	465	223	367	407	223	430	364	150	231	224
gene4362	1917	613	777	787	490	533	618	3089	1452	355	2358	1075	683	398	1304	565	221	1335	75	1275	1497	867	252	364
gene4363	2019	1057	1018	944	1121	933	1024	2148	2419	1651	1652	1056	2381	2187	1264	807	1358	1135	490	1738	1403	665	1209	1003
gene4364	178	124	165	166	133	194	252	463	318	108	378	78	119	102	256	147	168	105	70	145	120	93	68	88
gene4365	25	10	47	19	6	25	8	8	15	21	20	7	42	31	20	15	13	28	15	6	42	5	12	17
gene4366	21	21	10	13	3	25	36	25	16	9	56	28	16	14	28	9	36	6	6	52	26	5	12	17
gene4367	12	10	32	34	12	42	31	53	156	11	19	7	42	60	17	55	38	52	11	11	5	23	30	16
gene4368	1029	730	953	1102	510	1302	1876	3140	1844	1238	1005	576	2512	1545	1471	812	1389	1586	783	1293	1628	718	882	803
gene4369	313	167	156	258	118	90	287	482	525	435	328	133	336	160	271	146	151	222	134	438	133	147	263	200
gene4370	1722	895	998	717	636	1336	1117	3163	1671	1512	1916	873	1775	1829	1063	936	2103	1472	655	1657	1862	761	805	655
gene4371	34	22	25	34	11	30	266	18	33	51	48	67	48	26	98	80	69	33	19	32	20	31	48	92
gene4372	179	62	110	124	52	136	147	213	216	260	38	83	214	59	131	70	63	192	65	147	29	55	47	48
gene4373	317	390	267	574	222	313	215	577	613	521	439	197	382	255	297	334	314	296	258	397	388	163	173	234
gene4374	170	246	167	127	198	124	232	285	162	523	335	294	113	157	385	478	204	419	87	308	33	233	95	146
gene4375	22	14	7	35	20	12	17	15	39	17	11	24	53	10	26	14	38	29	3	15	19	5	12	8
gene4376	25	2	3	11	0	10	12	20	39	4	5	0	18	15	12	21	1	29	2	21	6	2	2	6
gene4377	0	0	5	0	2	0	4	3	3	2	1	3	5	8	2	0	0	1	14	0	0	1	6	0
gene4378	600	294	198	250	171	441	198	637	466	263	626	304	405	641	242	252	218	497	281	754	329	313	196	72
gene4379	420	367	327	306	176	196	335	628	439	207	428	173	429	367	503	247	458	345	151	699	375	172	272	202
gene4380	134	133	87	68	69	81	229	222	213	84	223	61	151	118	205	58	392	220	71	54	72	64	264	60
gene4381	3060	2377	2776	3009	2441	1761	3521	2071	7438	2871	2194	1309	4708	1944	4174	5653	2603	4777	1341	3315	2072	1446	3005	3607
gene4382	296	88	119	122	115	141	183	365	360	150	261	110	262	184	163	230	171	150	57	323	272	92	170	123
gene4383	48	25	19	65	65	99	64	69	133	78	27	25	76	96	83	27	104	43	16	99	61	30	32	26
gene4384	1314	752	482	598	466	477	1069	827	1098	1005	587	472	1290	1046	414	739	919	556	457	1523	985	316	815	736
gene4385	770	565	527	780	645	457	641	753	857	527	771	361	584	664	588	412	705	814	302	662	598	318	531	473
gene4386	82	15	31	15	1	27	47	42	67	41	31	12	134	10	38	12	94	29	44	48	23	35	32	16
gene4387	81	92	162	101	63	81	80	248	258	278	248	120	182	152	274	95	103	139	140	108	104	135	119	67
gene4388	622	318	333	215	191	727	504	1207	1009	430	451	428	663	397	334	364	904	496	341	365	626	179	319	259
gene4389	258	427	123	439	269	632	1774	1092	860	662	566	361	857	488	1567	372	534	594	306	340	1306	336	550	353
gene4390	44	78	56	58	32	81	52	51	241	140	47	128	171	45	40	95	104	114	66	184	107	79	60	47
gene4391	35	3	8	22	1	8	12	18	21	23	11	7	9	21	4	4	17	19	19	18	6	11	15	18
gene4392	2812	1314	1376	2226	1094	2183	1370	2456	2600	2434	2344	1187	2611	2440	1613	1338	1672	1604	900	2930	1906	1146	1747	980
gene4393	100	103	69	153	124	205	108	303	370	125	121	94	165	141	77	74	143	111	140	175	168	106	57	81
gene4394	135	46	47	33	11	36	48	132	57	117	23	55	41	59	54	65	81	67	44	27	66	34	29	30
gene4395	96	46	70	33	19	90	127	83	135	132	192	8	105	32	133	28	60	63	36	57	47	39	74	15
gene4396	44	63	72	76	63	65	91	188	97	56	49	73	55	55	43	76	104	42	39	116	40	25	39	38
gene4397	8	3	3	2	3	13	13	40	6	9	14	6	15	4	7	8	15	4	0	7	16	4	5	19
gene4398	52	31	129	101	31	111	119	383	67	85	86	22	110	149	61	62	65	49	30	109	29	39	44	72
gene4399	751	505	318	724	500	794	453	871	900	472	858	315	706	540	370	500	555	462	420	986	651	382	447	425
gene4400	4919	3458	2897	3272	2948	3831	3650	9274	6433	5588	6965	4052	4533	6619	5742	4167	3909	7312	2729	4702	6523	4054	3049	3740
gene4401	49	37	55	22	68	42	77	110	53	78	74	23	117	85	31	35	50	55	12	65	67	78	48	41
gene4402	179	104	42	154	63	144	48	120	263	69	250	63	101	245	51	32	80	55	54	175	189	48	60	38
gene4403	147	192	200	611	112	427	71	1246	218	280	259	97	449	740	361	220	453	203	198	1522	226	276	436	120
gene4404	89	93	66	91	37	128	64	323	165	84	111	73	124	106	113	103	34	112	53	72	110	57	56	41
gene4405	71	2	7	1	69	54	51	108	20	28	84	41	44	5	8	31	61	18	14	73	73	20	18	20
gene4406	65	64	40	50	44	122	34	155	95	29	71	30	90	77	100	100	75	97	50	44	22	32	65	19
gene4407	101	59	182	81	267	179	104	362	294	86	76	41	311	264	164	72	105	350	176	55	95	102	142	298
gene4408	19	0	14	7	6	1	0	0	1	1	1	0	4	1	5	6	4	8	0	0	0	2	0	2
gene4409	19	24	49	19	34	28	43	190	68	43	88	32	21	18	60	31	61	58	25	17	46	26	37	46
gene4410	90	162	192	137	91	226	66	174	329	185	339	248	331	352	103	138	151	170	78	135	120	77	36	210
gene4411	231	121	177	189	215	198	379	230	247	291	656	174	403	130	262	355	302	239	120	361	355	123	176	182
gene4412	51	19	26	25	9	21	12	59	69	23	20	13	22	24	46	25	66	20	22	27	5	6	20	18
gene4413	26	25	38	72	58	59	32	142	53	24	30	65	55	46	70	36	44	26	31	82	11	18	35	30
gene4414	0	3	1	8	7	8	15	29	0	22	1	6	9	40	41	8	2	9	11	5	7	6	0	1
gene4415	348	290	191	185	204	383	99	257	561	262	1000	297	262	216	154	104	321	356	136	335	334	80	296	174
gene4416	274	241	281	347	228	279	156	299	509	610	466	257	500	460	430	117	185	345	169	535	490	288	111	202
gene4417	135	63	124	120	62	102	86	113	161	92	90	164	212	77	131	239	213	93	10	197	140	73	92	93
gene4418	148	80	164	93	65	150	119	89	1326	347	784	408	583	540	448	215	141	123	43	244	128	101	54	60
gene4419	2	0	0	4	0	0	0	0	8	1	0	0	0	0	1	1	0	0	6	9	1	0	0	1
gene4420	1415	982	1121	1149	1329	1193	1434	1686	1113	1479	1533	1123	2530	1136	1418	1594	1510	1923	380	1062	928	575	974	524
gene4421	172	95	76	53	42	58	39	160	97	75	82	50	96	107	104	113	84	39	29	109	88	64	68	58
gene4422	59	32	37	68	20	34	42	45	86	32	53	55	38	36	21	42	73	88	19	74	36	28	40	32
gene4423	183	79	156	280	149	164	34	100	280	158	179	57	71	268	130	144	424	184	60	41	198	26	110	67
gene4424	185	137	349	325	372	343	299	500	327	174	367	351	456	340	258	365	339	431	269	266	248	178	157	208
gene4425	2074	1023	1049	983	2455	757	771	2170	2590	1193	1431	1126	3403	1992	1008	1374	1518	1794	1299	2843	1414	764	935	1046
gene4426	421	230	150	298	157	353	215	395	472	297	266	278	310	135	207	129	215	308	118	221	308	99	122	104
gene4427	31	19	14	28	8	17	45	37	68	20	26	4	16	7	25	16	13	35	18	6	13	12	5	14
gene4428	76	51	60	57	45	97	97	382	107	109	202	29	95	307	182	235	50	112	45	142	61	40	123	164
gene4429	179	83	109	170	94	147	114	159	216	105	194	112	225	121	159	87	122	142	102	191	99	74	136	133
gene4430	148	182	119	106	80	212	94	232	220	194	303	133	164	287	114	131	164	89	58	149	199	95	96	78
gene4431	486	392	417	646	566	946	791	1078	465	646	534	749	904	997	849	564	990	932	293	1563	1223	668	323	468
gene4432	133	82	79	63	55	78	109	207	117	110	265	107	127	141	148	109	223	128	54	130	125	69	94	105
gene4433	9	37	36	45	64	9	22	94	23	22	60	40	77	68	99	15	6	68	7	138	17	6	30	32
gene4434	1078	884	459	665	783	2138	1074	1067	3199	1453	878	1953	738	1599	1511	787	945	804	463	1290	1389	703	359	702
gene4435	14113	11586	4263	5127	11775	10531	12024	15304	16040	3067	9795	8697	11712	2757	4817	7842	12012	12503	11587	24785	3155	1872	3307	7492
gene4436	173	111	41	47	59	30	68	55	300	110	267	90	277	134	215	118	95	140	33	64	82	43	55	44
gene4437	126	730	945	558	359	584	309	566	124	438	549	365	1248	242	791	231	104	570	297	1055	571	370	404	371
gene4438	1396	411	657	633	277	467	732	1050	841	541	958	745	870	1242	1104	624	927	721	624	1221	597	293	614	368
gene4439	540	86	604	225	1214	670	953	904	1211	249	284	855	350	500	286	741	420	512	52	932	650	543	340	351
gene4440	122	33	63	85	54	65	69	109	48	66	72	54	111	55	68	53	49	56	45	125	38	45	56	52
gene4441	514	343	399	515	285	642	295	643	785	404	847	646	1147	1386	712	697	407	404	238	702	620	234	268	339
gene4442	914	1185	207	354	285	128	41	333	439	1826	245	298	2259	411	879	118	522	154	1138	3143	1047	241	210	421
gene4443	14359	7860	12746	18138	14201	21847	14274	17813	20232	24963	11979	9669	13899	17934	5676	13084	23769	12793	8370	20463	18051	12685	24406	25366
gene4444	459	73	217	102	134	121	166	489	103	176	266	92	179	535	138	186	182	134	240	288	94	153	150	209
gene4445	146	121	107	111	112	118	191	257	270	111	113	63	153	119	219	117	195	132	70	147	109	61	114	84
gene4446	4	59	82	4	27	7	26	48	7	22	20	1	101	19	43	35	63	79	18	56	44	1	11	37
gene4447	143	70	96	119	105	81	119	210	161	85	54	135	224	186	200	70	193	126	80	123	96	67	83	80
gene4448	360	323	315	502	131	360	428	551	598	261	205	469	1583	285	282	348	817	290	107	974	906	102	283	265
gene4449	356	219	191	315	229	270	199	532	632	484	453	240	543	427	347	131	528	288	187	412	433	151	118	228
gene4450	32	13	38	14	16	17	21	38	46	47	48	15	48	12	21	36	55	24	11	30	15	9	26	29
gene4451	87	99	92	128	103	167	94	168	362	124	256	101	89	113	146	62	144	112	64	128	89	88	105	97
gene4452	17	16	11	15	11	18	6	24	13	29	53	10	13	34	29	21	47	40	7	22	25	19	39	6
gene4453	237	184	274	157	186	221	197	302	399	205	337	177	219	308	146	165	338	315	141	277	303	104	104	121
gene4454	165	91	140	179	84	161	176	259	184	97	217	182	168	109	155	123	155	168	85	161	144	40	51	84
gene4455	1213	475	1067	970	513	737	1114	2448	1671	678	765	661	1284	1348	1065	896	1161	1283	286	1296	1173	417	569	764
gene4456	220	270	88	152	102	137	126	194	316	69	234	213	130	487	311	146	79	141	154	88	334	139	181	126
gene4457	471	475	567	481	657	798	1388	796	5958	12611	13434	12591	13075	11202	8646	9278	324	593	379	1230	566	248	521	454
gene4458	523	262	175	269	197	250	395	265	907	289	365	200	508	476	442	251	240	274	116	550	372	112	190	201
gene4459	61	35	16	42	24	19	28	54	40	89	24	11	29	35	25	20	19	39	19	61	17	13	14	20
gene4460	2	11	14	10	5	13	15	69	50	22	17	14	31	12	8	12	0	8	6	16	17	5	6	6
gene4461	138	101	92	66	91	52	37	248	186	126	179	79	166	91	107	66	105	128	40	150	60	44	92	58
gene4462	4670	6213	3966	3544	2755	4184	2894	3758	9869	4277	7121	2485	4605	8883	3791	3773	4104	3656	1368	6717	3061	2939	3147	1701
gene4463	544	314	221	468	148	387	833	227	264	542	595	354	262	480	683	420	89	312	410	269	589	179	200	424
gene4464	160	234	393	485	327	239	241	341	634	345	644	658	640	1592	1730	467	395	153	199	538	255	100	160	172
gene4465	369	317	347	317	294	393	434	735	952	346	805	259	283	333	498	343	391	339	215	503	416	136	225	322
gene4466	700	435	903	1664	1104	1574	1226	2058	1703	819	2107	680	1865	2155	420	946	851	675	531	2801	1473	601	833	849
gene4467	1875	165	1533	846	1454	664	1434	2645	5508	2492	2274	1844	1740	2319	2615	725	2387	1552	2712	4744	2945	335	1042	239
gene4468	601	96	88	820	172	262	529	2492	1091	537	1863	195	584	595	605	718	1448	361	587	1199	1278	71	203	735
gene4469	1599	878	1077	750	714	831	1189	2268	1148	1762	2162	1360	1302	1473	1569	1099	1014	1462	430	1582	1076	501	605	652
gene4470	437	584	358	931	234	157	1017	904	1148	504	1275	292	1492	1034	904	664	808	1096	340	939	457	516	279	943
gene4471	1337	1132	774	1577	699	682	1178	3592	1413	1307	1484	1403	798	1574	1211	1236	1660	2846	1099	1690	904	704	942	605
gene4472	1322	647	597	482	358	312	638	1063	1340	1073	2071	955	1127	944	189	588	662	617	256	891	540	506	457	971
gene4473	3	12	13	3	8	7	8	5	8	1	3	6	20	11	3	7	11	4	3	7	9	0	2	5
gene4474	44	12	12	35	34	23	47	60	85	22	34	22	37	48	30	54	16	49	23	97	36	21	17	58
gene4475	122	80	84	42	49	43	73	83	202	101	57	83	142	143	56	76	69	126	46	164	76	38	55	48
gene4476	84	53	170	111	113	161	154	288	376	157	151	83	201	42	212	65	196	259	108	146	109	51	57	58
gene4477	3963	1765	2448	3124	2181	3254	3028	7323	5515	2709	3167	961	2819	4332	3949	2194	3676	3858	1167	3258	3814	1273	2278	2353
gene4478	221	213	148	186	202	252	278	317	149	98	127	85	153	160	145	77	298	280	144	324	220	108	110	108
gene4479	749	857	203	359	385	410	601	1057	2047	593	341	707	1005	570	740	457	515	1480	306	835	510	218	315	615
gene4480	101	48	129	44	54	51	83	216	133	123	147	90	118	130	57	28	64	117	38	94	80	32	33	56
gene4481	299	147	160	113	84	244	118	121	232	171	245	96	282	199	224	86	275	107	90	171	295	134	137	124
gene4482	100	57	66	90	53	73	45	102	84	38	259	73	113	110	104	97	45	146	92	78	102	40	130	120
gene4483	279	69	41	126	64	55	103	139	168	46	103	99	120	145	98	84	58	33	26	65	74	19	109	89
gene4484	1665	2009	2625	1849	948	3650	2653	5960	2464	1135	7372	1881	2031	1780	2272	2072	4567	4618	859	3730	2606	665	140	840
gene4485	176	359	118	183	166	192	283	205	146	283	389	207	250	172	534	147	100	287	182	165	207	34	248	89
gene4486	334	128	81	279	136	109	215	251	612	186	245	269	241	294	201	164	236	372	197	146	347	160	112	107
gene4487	196	60	92	29	17	75	76	281	96	115	100	32	63	136	175	102	250	192	53	153	80	27	70	153
gene4488	94	28	56	51	70	40	68	97	34	27	42	40	107	51	39	40	36	23	16	28	50	28	18	39
gene4489	52	68	71	61	37	95	182	219	440	307	445	320	350	373	501	279	75	119	65	104	61	51	85	154
gene4490	56	5	11	25	7	32	9	21	15	7	14	10	8	33	39	5	25	15	2	10	28	5	19	27
gene4491	100	84	113	192	67	147	80	163	226	124	154	58	243	98	95	61	157	240	61	172	112	107	67	83
gene4492	78	31	52	66	50	13	35	78	21	8	35	36	20	52	72	22	9	27	21	75	78	19	37	37
gene4493	1168	757	947	1092	828	750	848	744	870	453	375	507	1011	367	1316	208	1011	397	897	1345	788	305	353	473
gene4494	1402	1358	589	1114	487	1566	2382	4682	2964	1501	1431	889	2042	1781	1968	1065	976	1494	1007	1377	1416	422	589	1001
gene4495	39	12	5	17	11	8	15	28	38	0	34	13	18	19	24	22	18	22	5	42	17	13	6	8
gene4496	25	16	14	5	14	24	9	16	41	11	15	8	30	23	5	39	15	38	9	17	17	8	6	2
gene4497	49	8	37	81	29	44	15	151	99	45	88	48	106	54	59	42	128	62	62	76	90	19	56	76
gene4498	129	85	126	51	58	139	2	176	19	3	152	37	197	178	22	86	110	77	62	405	38	77	63	23
gene4499	249	268	99	84	33	127	86	312	105	96	173	146	183	150	93	85	307	131	99	154	216	159	137	48
gene4500	337	287	372	442	208	485	498	806	2365	854	1546	860	1086	1511	714	1027	524	371	323	1235	477	192	334	389
gene4501	21	7	16	18	20	4	7	21	55	11	48	12	18	4	22	22	25	13	7	42	37	12	14	13
gene4502	195	181	135	187	228	128	238	188	205	237	258	442	428	249	183	261	240	376	109	374	586	101	34	232
gene4503	40	13	16	55	27	66	50	75	84	56	81	55	46	78	66	38	123	20	37	95	69	17	33	45
gene4504	53	44	41	69	78	38	34	73	82	81	41	32	87	53	35	37	66	29	34	108	60	32	35	20
gene4505	307	455	351	299	313	201	278	707	269	351	442	224	518	473	364	217	330	230	196	702	279	238	225	200
gene4506	109	70	151	86	65	160	87	301	235	153	252	118	151	98	118	122	164	140	121	146	159	58	80	85
gene4507	538	567	264	344	337	511	467	442	433	544	451	239	513	457	436	297	572	497	200	647	266	284	204	348
gene4508	23	30	17	46	9	27	24	28	85	48	36	34	56	20	18	33	17	34	14	45	13	16	46	18
gene4509	304	369	50	160	35	133	136	517	56	185	45	21	254	157	101	103	86	188	31	180	153	93	164	51
gene4510	234	101	109	46	50	142	39	48	198	129	201	28	85	80	60	18	127	157	67	62	65	7	35	13
gene4511	526	172	748	505	325	1137	756	1636	487	559	1843	160	893	584	1263	399	816	783	334	1644	971	118	156	281
gene4512	135	137	99	89	88	55	117	210	194	96	161	74	92	141	94	75	145	107	75	142	113	71	71	73
gene4513	36	17	17	18	15	21	36	24	60	32	49	78	23	41	10	53	56	43	38	114	40	16	26	18
gene4514	371	258	116	502	247	80	517	956	838	106	143	193	566	396	214	297	217	390	470	447	363	126	420	293
gene4515	722	197	187	144	268	233	286	288	1042	273	391	163	267	270	410	118	339	91	311	89	358	317	281	86
gene4516	449	357	323	428	387	325	519	946	365	882	1099	432	220	512	535	456	578	542	168	877	481	223	306	264
gene4517	140	176	137	77	78	98	178	151	230	184	86	62	153	74	106	157	156	276	40	204	162	61	100	150
gene4518	35	26	29	29	19	20	18	67	31	38	44	40	31	40	41	20	38	38	41	44	27	32	9	20
gene4519	6	4	1	12	27	34	1	14	2	8	39	10	8	27	15	9	10	1	11	27	10	29	24	5
gene4520	888	516	427	462	165	683	255	1159	1516	766	335	256	711	1042	777	570	537	1037	447	979	362	183	405	654
gene4521	175	372	286	581	394	543	409	878	1172	354	1183	363	600	911	499	402	1094	480	467	1008	467	355	329	481
gene4522	46	65	94	186	48	90	76	194	300	225	295	118	222	67	140	26	105	240	25	157	126	60	93	67
gene4523	13	3	5	1	2	0	5	2	7	4	1	3	3	11	2	4	8	0	2	6	0	1	0	1
gene4524	157	92	107	132	70	58	113	180	124	134	176	57	109	256	146	66	33	22	11	42	31	13	20	17
gene4525	813	391	212	374	282	347	500	447	850	526	390	377	539	781	571	352	932	395	172	653	936	252	382	401
gene4526	41	42	54	41	13	28	66	145	115	169	87	56	91	32	94	54	33	32	24	44	75	39	8	42
gene4527	185	183	144	186	107	150	248	427	285	188	234	263	271	154	193	143	223	394	99	193	222	94	143	111
gene4528	23	23	12	23	12	27	16	114	67	32	18	22	11	17	47	14	4	51	15	10	8	12	39	20
gene4529	133	340	121	268	289	261	151	290	429	456	247	184	702	194	207	190	414	375	207	609	418	80	163	144
gene4530	8	13	4	11	7	4	4	33	19	39	32	24	14	5	30	6	6	32	8	2	11	12	3	3
gene4531	124	40	28	28	50	69	48	70	55	53	76	48	50	56	41	45	71	65	43	96	40	51	25	56
gene4532	1943	742	1469	1431	336	796	717	1495	1309	1228	1967	702	1098	447	5245	1463	278	794	54	780	155	185	581	222
gene4533	89	53	47	42	31	108	60	166	148	87	121	77	87	41	102	90	137	59	60	176	86	55	67	59
gene4534	1832	938	1132	901	902	1053	822	2157	1785	1146	1675	710	1187	1655	1265	439	1471	1394	563	1978	1457	970	680	757
gene4535	210	134	184	202	111	267	156	496	335	198	387	99	179	228	155	215	238	267	87	265	402	174	153	78
gene4536	1015	930	880	536	459	722	601	1121	1412	598	1497	606	767	989	1944	512	950	975	707	1346	1418	559	664	785
gene4537	163	79	105	145	60	148	107	166	139	111	166	136	169	117	74	112	194	147	56	130	161	30	78	60
gene4538	592	249	298	279	310	411	463	762	479	397	850	247	496	444	455	463	440	372	167	335	280	197	247	343
gene4539	328	179	346	244	180	280	440	649	810	250	268	277	379	276	258	328	257	237	156	421	113	189	157	239
gene4540	104	160	60	38	23	47	90	103	93	34	35	19	62	24	35	24	54	16	65	123	53	58	55	15
gene4541	1279	494	1340	1319	1037	2675	2027	2878	2308	1536	2234	1190	1547	2280	2644	806	1366	1326	971	1433	1383	1619	1225	1004
gene4542	590	445	225	463	166	533	590	980	546	929	314	164	418	453	1125	248	312	598	224	274	270	183	277	257
gene4543	64	10	42	42	22	52	65	80	87	27	120	44	19	46	31	115	40	1	17	15	29	15	59	14
gene4544	665	531	442	1234	267	955	353	2770	1800	2946	2099	901	1406	1534	1218	1088	1367	135	230	134	1236	528	409	479
gene4545	57	23	28	107	28	32	92	82	62	78	118	55	87	74	51	89	58	72	26	108	74	41	36	35
gene4546	8	0	0	0	0	2	6	0	10	3	0	0	0	1	5	11	4	0	0	0	5	1	0	1
gene4547	103	85	83	47	28	80	74	148	398	287	428	198	171	398	243	475	69	111	52	110	69	41	64	72
gene4548	22	14	6	7	13	48	37	27	17	64	27	10	16	13	12	25	42	7	8	55	6	17	27	25
gene4549	78	73	25	95	49	47	44	80	217	44	88	10	38	119	57	18	124	87	39	108	60	33	90	61
gene4550	38	24	36	21	10	34	54	90	20	19	40	23	83	32	67	49	17	36	32	59	81	11	32	24
gene4551	3	5	4	0	3	0	12	1	7	7	0	0	0	3	0	3	3	1	0	0	0	6	0	1
gene4552	70	49	41	29	43	46	27	95	284	78	113	57	104	108	29	85	52	96	32	72	56	17	77	66
gene4553	688	493	451	484	444	376	641	1246	1289	576	676	313	453	555	648	408	713	795	361	675	456	196	205	477
gene4554	2	5	7	1	0	5	37	4	5	7	10	4	6	10	7	11	8	5	6	0	7	2	15	3
gene4555	1050	1115	897	609	438	434	511	955	1841	947	1603	566	528	1663	454	3486	608	866	1220	2396	572	675	574	1114
gene4556	1512	2205	1800	2004	1390	1112	704	3621	3919	1625	2514	1235	4302	2447	1128	796	1488	1271	1069	2080	1636	783	1539	1550
gene4557	10	15	16	19	21	19	19	46	57	34	20	13	41	5	18	21	21	29	3	15	11	8	16	61
gene4558	6580	1195	4416	5616	4074	2416	6217	5255	9505	11081	8299	5391	4255	6192	5543	5534	8727	4276	2416	9958	4275	3314	5435	2835
gene4559	1	8	18	28	22	20	8	48	58	21	37	30	27	46	43	11	33	10	5	57	22	5	12	5
gene4560	183	176	135	111	99	124	112	222	438	111	184	132	240	180	107	161	249	77	75	269	210	76	82	110
gene4561	93	53	13	113	30	13	129	39	80	88	52	40	57	64	45	77	79	68	52	159	41	30	14	82
gene4562	722	312	1178	292	763	989	936	2296	928	530	2183	412	1202	1972	1220	736	1490	2149	450	862	740	524	1943	930
gene4563	4	2	15	4	7	10	24	9	37	31	40	8	53	13	7	17	39	17	14	28	22	19	12	3
gene4564	36	36	48	27	58	52	159	49	79	48	40	18	121	43	49	43	120	79	30	93	79	30	52	15
gene4565	20	6	3	6	5	9	5	6	11	5	2	23	32	2	6	5	11	0	3	11	11	7	3	12
gene4566	693	477	412	396	475	414	391	503	899	521	642	482	674	460	396	396	449	376	243	997	408	226	241	245
gene4567	413	251	335	233	203	423	424	385	623	255	463	260	349	322	636	245	283	230	112	326	328	143	219	207
gene4568	106	27	111	110	90	26	302	441	71	71	75	46	68	57	84	133	47	60	39	86	82	37	42	135
gene4569	26	12	39	88	51	64	53	25	51	43	21	45	79	46	91	13	20	27	4	110	59	15	32	21
gene4570	28	15	20	37	21	14	29	22	21	22	20	8	27	56	30	36	30	44	14	35	25	29	11	7
gene4571	261	225	168	109	176	171	57	238	195	232	183	182	250	191	102	132	147	130	49	137	136	35	110	105
gene4572	13	5	4	14	17	12	15	20	27	8	18	1	2	5	1	3	21	20	9	32	17	13	24	16
gene4573	2036	3657	3224	2415	2669	2521	3057	6733	4081	2577	5708	4482	4684	5758	3687	3107	4098	4903	1594	8555	5218	1972	2300	2013
gene4574	10	18	24	9	11	19	10	21	13	51	45	11	12	44	16	17	19	51	9	37	18	24	15	10
gene4575	187	150	139	95	45	133	46	194	295	155	164	85	105	116	183	51	150	116	33	130	80	96	52	69
gene4576	38	17	51	62	33	49	68	101	78	42	103	27	54	61	61	59	49	77	23	32	65	18	27	32
gene4577	109	50	39	62	53	79	69	136	125	60	71	55	73	168	85	71	83	79	21	72	49	72	99	29
gene4578	193	116	108	89	77	57	148	296	126	97	111	100	140	113	70	74	50	36	27	58	63	27	58	33
gene4579	368	141	156	311	183	198	244	730	209	265	674	234	442	374	306	243	363	397	135	300	359	112	134	345
gene4580	25	33	37	29	6	17	49	18	66	28	24	44	11	40	15	23	45	29	21	49	32	31	17	12
gene4581	89	5	5	14	1	16	74	8	1	10	27	13	73	0	54	6	7	30	19	105	43	4	15	8
gene4582	830	288	452	308	227	454	409	913	770	362	375	291	708	495	630	289	667	326	291	597	493	274	318	259
gene4583	2907	2628	2460	2748	2762	1802	2093	5023	7004	3159	3442	2507	2878	4614	4148	3509	5270	6252	946	3450	3304	2005	1684	1477
gene4584	376	491	248	779	656	1086	97	324	317	206	784	352	359	231	998	282	108	145	198	567	141	175	285	217
gene4585	396	215	187	271	262	224	291	465	459	246	316	175	438	370	214	139	386	390	140	354	283	163	157	146
gene4586	132	211	259	199	180	182	322	696	304	175	213	132	228	227	344	230	343	181	54	390	282	103	88	183
gene4587	297	167	151	248	182	164	114	248	373	138	207	124	303	176	164	118	386	107	91	215	255	138	70	114
gene4588	4	0	5	8	6	7	7	11	10	9	5	3	5	5	0	12	7	3	1	11	2	0	9	10
gene4589	292	197	220	265	95	341	198	536	236	207	185	138	292	321	417	157	433	93	114	169	212	159	197	326
gene4590	106	58	67	41	14	5	47	20	115	28	59	17	48	35	88	50	102	50	20	44	25	13	37	26
gene4591	440	186	226	257	189	191	101	563	185	101	244	206	141	182	121	218	188	239	71	270	237	145	322	103
gene4592	1165	1226	933	1175	1086	1225	954	2576	996	486	828	518	706	690	551	406	1863	1412	976	1504	1277	666	801	754
gene4593	90	69	103	60	56	70	94	124	168	129	140	43	118	108	83	41	112	195	53	127	46	84	67	24
gene4594	244	274	287	232	276	180	171	450	607	355	196	113	183	351	150	328	357	442	226	338	461	157	396	71
gene4595	7	75	36	12	26	49	65	39	88	63	68	78	29	19	79	37	8	67	25	44	27	28	21	14
gene4596	945	1000	962	802	878	761	545	2788	2428	755	1309	598	1320	1324	1284	931	2542	2032	961	2133	1567	981	1825	1490
gene4597	1341	1308	863	1686	621	1160	2022	2112	2434	1338	2061	903	663	2029	1211	611	1932	1036	623	1589	911	1038	683	1037
gene4598	608	348	419	415	137	179	336	817	691	473	782	216	627	812	118	240	178	293	66	232	314	142	28	124
gene4599	211	423	198	519	289	326	227	523	998	317	461	237	292	1459	205	160	700	184	349	656	442	224	301	242
gene4600	221	142	129	190	115	167	138	631	309	152	209	50	192	272	127	156	205	184	143	259	104	20	181	101
gene4601	320	218	135	279	147	76	196	327	300	95	235	267	485	180	244	163	314	154	69	303	474	168	178	203
gene4602	403	265	376	198	150	474	94	497	255	358	367	116	557	297	249	361	147	310	240	357	266	243	410	130
gene4603	111	91	78	82	53	233	110	221	174	89	108	61	139	139	128	50	163	162	55	118	145	39	73	68
gene4604	59	20	35	45	33	20	20	51	113	42	28	36	112	67	41	28	157	146	11	36	123	36	18	4
gene4605	21	88	22	46	29	111	95	72	151	23	117	56	85	44	69	25	25	58	57	98	39	32	7	21
gene4606	514	371	151	417	142	186	272	604	177	131	693	107	214	176	410	137	311	341	221	204	123	237	55	127
gene4607	98	28	64	67	38	80	31	119	53	64	74	80	130	95	97	57	118	73	17	96	61	43	49	68
gene4608	2	6	1	19	4	2	6	1	19	1	11	20	1	4	2	4	0	5	1	3	6	1	1	7
gene4609	515	484	221	451	172	523	979	1842	263	260	523	99	461	165	479	437	165	362	266	605	259	144	820	416
gene4610	142	138	29	428	70	72	435	115	217	217	80	206	195	738	170	129	249	245	34	165	145	90	51	107
gene4611	30	21	21	98	64	50	43	207	45	52	63	27	69	11	21	24	2	23	6	24	49	20	23	44
gene4612	109	60	81	47	20	107	122	81	266	64	50	93	200	123	54	87	51	125	54	98	123	19	47	14
gene4613	411	151	255	247	143	163	287	421	532	377	226	170	713	398	242	141	237	129	23	194	156	80	78	95
gene4614	1234	399	1868	1370	1085	1267	1015	1240	4197	1116	2624	1008	2457	1127	239	1186	2898	2090	634	3444	1157	483	755	744
gene4615	649	632	538	533	598	718	833	1223	1288	574	925	455	905	1151	949	651	700	624	468	959	644	342	942	470
gene4616	52	10	15	38	43	70	33	47	38	24	23	9	26	153	66	30	49	89	25	111	87	26	34	22
gene4617	7076	3828	7248	8295	2110	6944	5484	10291	8769	6807	8363	3607	12057	6558	6880	4736	3517	10190	2327	7765	7502	4836	5375	5929
gene4618	848	628	302	1105	143	1372	648	1398	1463	577	597	1053	944	404	387	1283	1968	175	235	704	1211	587	297	288
gene4619	341	257	227	151	141	251	248	272	287	322	575	185	485	561	188	144	296	279	104	324	320	150	192	163
gene4620	269	151	185	181	220	269	201	214	104	67	245	159	189	358	312	202	257	449	89	226	201	75	291	95
gene4621	88	37	45	41	28	45	56	39	188	32	81	44	136	68	52	42	40	68	24	47	106	35	27	30
gene4622	269	353	250	212	250	239	170	506	596	314	346	197	225	356	205	148	362	286	192	369	363	152	199	125
gene4623	490	247	214	314	275	313	341	638	574	251	495	238	369	535	508	253	2927	5165	2628	3297	4438	1901	1716	1769
gene4624	120	105	147	134	73	75	59	194	145	76	46	48	154	259	68	93	126	176	64	343	67	50	37	61
gene4625	400	221	232	368	163	342	308	513	531	319	421	293	416	252	347	215	438	282	100	300	299	254	144	327
gene4626	44	36	37	34	6	49	40	133	40	26	17	18	40	24	16	37	40	87	2	42	25	10	23	56
gene4627	817	481	568	1002	352	687	580	936	1948	820	1318	552	1177	1098	840	517	730	928	647	1019	715	434	453	454
gene4628	199	79	22	95	47	133	135	116	155	46	184	113	129	120	138	56	104	93	86	60	129	103	131	60
gene4629	6	5	16	2	12	6	1	6	33	6	17	21	5	13	11	2	9	26	2	0	1	2	25	5
gene4630	139	73	33	84	48	95	7	27	38	52	45	97	54	43	52	64	26	133	15	61	41	26	39	12
gene4631	102	120	130	117	82	269	257	543	272	108	206	64	425	101	66	442	168	121	74	91	459	206	136	52
gene4632	377	201	463	108	190	19	478	158	210	712	215	303	749	138	737	559	476	323	187	196	247	182	234	172
gene4633	13	12	17	12	12	21	21	71	39	11	23	5	13	0	24	12	27	23	32	34	34	11	44	35
gene4634	240	155	97	96	100	86	110	258	352	196	158	126	176	90	177	219	466	129	136	231	258	119	316	372
gene4635	196	61	80	96	42	53	104	221	204	299	57	29	168	135	99	22	57	262	49	50	50	53	65	26
gene4636	77	28	63	113	32	79	9	99	165	75	77	29	84	61	127	52	88	55	20	44	68	32	32	21
gene4637	17	25	4	11	28	37	80	49	34	36	38	40	49	42	31	31	42	28	23	66	62	39	25	33
gene4638	17	6	8	9	3	21	19	46	7	24	1	5	9	3	1	9	4	15	5	40	7	44	6	9
gene4639	327	120	192	279	45	210	250	266	184	202	123	82	139	298	248	263	219	161	117	241	218	136	110	154
gene4640	19	4	18	13	3	29	22	45	21	0	6	25	49	18	11	12	27	14	15	15	17	7	26	6
gene4641	27	13	47	33	21	29	33	126	27	46	93	32	36	57	53	51	32	23	15	50	15	24	23	36
gene4642	466	418	293	275	224	329	483	520	998	304	365	429	297	566	594	222	424	348	228	331	718	191	361	399
gene4643	36	35	27	51	52	16	85	109	109	74	75	31	32	104	74	52	26	90	26	58	71	36	17	43
gene4644	343	167	164	170	92	147	281	537	392	179	193	170	188	327	226	131	166	139	104	184	193	184	151	78
gene4645	779	612	740	326	289	437	381	1044	1563	329	789	282	679	622	468	398	949	824	200	977	580	547	415	313
gene4646	257	21	130	357	133	140	412	502	302	197	128	125	195	351	168	100	261	242	105	173	263	196	131	120
gene4647	143	138	115	99	64	140	115	216	237	144	178	129	162	179	118	113	157	207	118	225	123	85	102	80
gene4648	34	46	33	16	35	30	43	67	62	45	40	20	96	49	44	22	29	38	12	85	30	39	16	47
gene4649	81	41	38	24	29	54	27	112	35	15	50	25	53	43	31	25	30	46	18	24	36	16	36	26
gene4650	23	16	29	9	20	7	38	35	60	34	20	5	18	39	30	43	20	11	8	12	12	12	14	21
gene4651	391	166	132	143	145	108	226	468	368	317	272	148	243	251	184	172	344	351	104	186	140	135	167	112
gene4652	13	9	2	4	7	0	5	10	2	3	15	5	27	1	13	0	9	13	16	0	1	0	5	2
gene4653	315	144	172	102	117	254	356	524	146	235	389	228	253	323	299	295	366	377	174	151	424	86	116	164
gene4654	4	10	30	10	14	1	3	32	22	15	19	21	11	14	56	30	47	12	12	40	31	6	17	8
gene4655	258	213	132	226	82	199	130	360	140	160	149	188	183	225	325	67	254	187	88	328	342	100	49	166
gene4656	965	449	901	521	551	804	1046	2673	1843	904	2104	636	1017	816	823	1100	1552	924	430	750	561	420	825	782
gene4657	219	314	306	247	156	139	176	319	810	317	403	352	365	297	231	197	421	304	146	490	199	106	116	134
gene4658	105	55	43	79	61	143	72	143	113	91	83	82	111	125	113	61	68	119	61	89	90	65	49	24
gene4659	186	202	190	228	132	271	144	286	432	190	322	214	276	374	158	158	265	210	126	237	235	147	111	115
gene4660	4	2	1	9	12	10	5	18	23	8	3	5	33	2	5	9	19	6	4	12	0	10	0	10
gene4661	85	60	18	45	20	22	61	90	58	35	39	19	66	67	57	33	84	37	40	76	63	27	54	50
gene4662	140	30	64	102	14	25	53	223	286	75	120	65	131	126	150	53	126	109	25	111	129	50	26	39
gene4663	1	3	2	6	0	1	9	3	0	4	0	1	0	0	0	0	0	2	0	1	0	0	4	2
gene4664	1739	355	767	4011	4120	2145	1245	1750	6631	586	2526	848	3701	2473	889	1145	1450	797	96	6046	4453	1111	589	1655
gene4665	114	129	147	296	168	227	157	239	282	367	353	218	409	296	124	132	227	203	127	208	108	63	169	137
gene4666	645	649	545	1029	461	643	648	853	606	614	456	300	560	499	373	427	751	543	241	321	358	446	222	851
gene4667	162	101	156	86	61	46	87	267	128	114	122	65	88	70	75	74	224	100	88	97	59	69	153	82
gene4668	106	164	328	177	232	246	245	445	440	247	154	171	238	377	352	255	174	248	222	474	334	143	48	174
gene4669	3335	3267	1443	2243	1111	5415	4236	5573	4410	963	2640	1389	3947	1941	1423	2428	2359	1522	1117	2670	2921	1261	1398	2637
gene4670	77	226	45	132	73	110	165	273	46	97	161	102	111	131	86	59	111	110	51	98	157	39	18	51
gene4671	275	172	207	117	122	241	222	351	221	152	244	181	238	323	317	199	255	310	99	236	237	134	46	100
gene4672	348	194	263	404	131	433	362	446	1102	614	1173	455	866	660	671	644	261	365	187	157	240	216	351	265
gene4673	338	101	110	214	133	143	42	116	387	197	1336	936	213	174	251	453	99	101	86	15	1071	220	73	139
gene4674	935	254	326	403	168	312	285	364	596	291	403	236	318	453	226	136	539	318	299	425	410	176	259	161
gene4675	141	37	33	154	76	24	10	52	74	108	143	90	40	183	97	69	46	198	118	96	126	88	62	75
gene4676	80	54	41	45	69	46	92	109	89	124	74	35	118	165	91	23	55	101	29	93	70	59	32	54
gene4677	30	12	3	26	25	22	16	17	37	26	19	18	33	12	11	4	16	16	8	52	20	16	6	15
gene4678	104	36	44	86	66	116	50	86	171	91	89	34	120	124	135	37	58	65	42	72	78	31	33	19
gene4679	71	31	78	42	33	58	49	123	91	43	104	57	52	83	123	52	34	73	32	105	46	30	60	36
gene4680	72	39	29	32	69	59	90	89	149	41	33	52	90	39	86	27	46	39	10	61	44	38	34	42
gene4681	333	212	325	435	283	256	287	774	139	357	640	169	358	552	237	218	406	279	144	459	432	107	271	256
gene4682	367	320	162	131	143	387	194	414	650	177	219	125	182	248	227	125	301	271	146	248	344	65	232	121
gene4683	18	12	10	29	35	24	25	43	32	28	32	10	23	48	27	6	26	26	10	43	7	11	7	26
gene4684	140	96	48	19	38	70	38	90	166	83	103	75	68	39	197	79	63	62	51	114	52	46	9	77
gene4685	294	112	123	176	69	79	193	257	145	139	327	185	177	271	230	169	110	174	57	170	247	126	116	126
gene4686	240	121	283	161	122	130	75	161	629	134	445	190	433	306	88	177	63	196	61	233	398	142	247	212
gene4687	139	93	97	123	108	119	104	279	355	178	166	118	322	180	179	97	189	189	109	151	176	119	127	141
gene4688	31	30	27	44	34	26	58	100	71	57	34	34	43	64	52	18	37	19	26	74	46	38	52	27
gene4689	1180	1804	1752	1682	1119	1768	1584	3388	3046	2442	1308	1412	1859	3460	1933	2001	2395	1880	875	2004	2372	914	1480	868
gene4690	149	77	148	247	173	177	306	302	270	376	433	169	171	296	300	172	278	318	180	472	307	207	124	153
gene4691	31	34	19	38	72	62	38	88	153	23	30	41	66	35	26	17	65	60	17	81	50	22	31	38
gene4692	1469	872	518	754	952	1075	623	1536	1677	685	1225	1280	475	579	1334	366	976	1129	398	1358	801	1057	763	275
gene4693	84	53	62	44	28	47	78	130	92	64	83	28	32	88	50	27	56	101	33	131	95	40	31	23
gene4694	1901	424	1172	742	1475	341	534	2341	799	4332	2061	3012	1957	3676	842	1749	876	2855	1155	999	1004	1164	1443	781
gene4695	432	209	101	122	46	160	87	165	137	187	215	85	418	208	150	179	345	146	104	194	136	62	97	94
gene4696	8	7	19	14	23	19	22	61	49	10	18	33	26	7	26	24	30	14	8	48	27	12	22	19
gene4697	334	172	153	281	147	374	236	453	466	137	315	182	218	368	339	141	452	483	141	325	290	90	103	136
gene4698	754	509	732	970	763	914	994	1543	805	1213	859	606	1161	1294	1699	1103	483	996	693	399	904	607	659	580
gene4699	22	65	8	16	11	66	40	18	10	6	39	8	4	55	30	9	43	30	46	65	35	12	20	17
gene4700	40	39	10	4	16	24	11	28	38	52	22	3	21	39	40	25	12	30	4	17	30	22	13	31
gene4701	242	93	195	212	165	197	213	212	232	173	273	131	340	219	168	166	248	179	155	228	154	123	128	131
gene4702	14	7	3	2	3	5	2	8	2	0	28	8	3	5	7	7	22	4	3	3	2	1	21	8
gene4703	96	87	51	33	34	101	56	87	88	59	60	56	74	109	98	103	96	44	31	88	73	22	53	44
gene4704	76	23	13	43	46	28	8	25	60	85	61	28	81	53	41	27	97	57	18	44	63	26	37	37
gene4705	223	345	304	210	260	375	311	821	619	365	423	401	521	633	371	190	332	530	240	435	492	263	348	333
gene4706	0	1	7	5	0	0	9	8	8	2	33	6	4	1	3	5	9	15	3	1	5	0	2	12
gene4707	5	2	9	6	12	6	3	27	4	6	15	9	13	9	4	12	6	6	1	3	3	15	2	14
gene4708	130	65	60	71	64	40	73	74	192	123	85	84	104	90	69	68	93	88	36	169	120	20	59	36
gene4709	21	10	40	17	5	40	42	41	20	23	30	27	15	26	28	52	37	58	11	54	45	9	20	4
gene4710	189	150	111	200	193	215	190	303	322	214	198	157	317	180	269	186	398	234	168	273	150	118	245	229
gene4711	105	70	39	111	54	79	55	149	168	100	145	74	137	154	115	63	98	125	32	143	140	43	50	47
gene4712	58	9	47	41	43	61	63	82	66	76	68	21	13	24	55	60	53	62	8	61	102	32	36	18
gene4713	970	650	2209	735	416	1681	1467	2446	2293	2304	1371	451	749	668	1392	580	547	572	731	887	627	591	833	219
gene4714	3	7	3	1	0	5	3	2	3	2	2	4	1	9	5	24	11	23	4	5	5	5	0	5
gene4715	17642	4746	2160	5357	1183	3783	2686	5108	13008	2902	8709	1425	9410	7561	1602	713	8213	3135	2216	6615	684	1989	1056	2444
gene4716	242	171	113	224	159	215	130	214	275	160	230	93	290	366	135	133	248	261	115	309	154	102	118	106
gene4717	68	28	28	31	14	41	33	52	57	17	34	23	60	64	68	17	39	49	20	61	38	22	8	21
gene4718	51	34	8	11	36	29	39	54	22	27	41	11	12	11	28	47	33	16	14	11	35	5	12	12
gene4719	21	19	38	18	8	39	23	66	28	24	60	14	56	27	45	5	11	15	8	28	7	17	29	37
gene4720	287	397	187	448	226	396	477	627	812	569	627	273	149	241	351	299	551	295	186	504	540	115	435	341
gene4721	921	413	820	528	513	501	706	1662	1006	541	1013	384	1141	882	840	705	732	719	335	699	709	350	597	546
gene4722	31	57	10	11	24	25	137	61	32	47	54	48	27	15	39	35	62	60	14	16	76	12	28	55
gene4723	927	626	412	581	556	581	765	866	818	958	1136	558	1359	713	903	958	977	1398	279	292	918	207	770	538
gene4724	260	120	218	130	94	228	189	390	273	186	169	103	173	346	178	146	138	287	99	406	302	58	51	59
gene4725	50	33	30	30	28	57	37	59	103	23	39	30	76	26	51	40	45	22	10	36	61	13	32	70
gene4726	1612	1103	839	900	246	709	1962	2260	749	1484	1302	727	870	1191	1376	665	1370	1136	549	2013	854	348	1580	1001
gene4727	631	248	391	358	245	589	349	293	881	408	503	264	379	808	425	215	502	851	180	438	409	222	300	160
gene4728	28	23	13	8	14	27	12	46	22	27	24	23	45	19	7	10	6	33	5	31	17	4	14	10
gene4729	220	408	724	557	499	566	515	651	1632	634	1362	179	992	417	527	731	401	253	180	531	404	169	189	301
gene4730	957	894	748	1149	600	607	1354	2583	2926	1043	2243	1144	1445	1407	1670	1598	1877	888	499	1622	1190	372	1012	799
gene4731	137	78	109	57	45	57	122	200	165	29	136	84	36	189	28	121	45	39	77	117	57	30	30	66
gene4732	57	41	36	96	39	87	136	10	70	63	58	12	54	93	26	28	30	53	34	78	102	15	33	8
gene4733	445	329	322	290	428	369	188	564	738	376	584	342	576	710	315	405	644	570	304	588	638	280	231	189
gene4734	1383	1261	1544	1478	1178	1502	2570	3594	2649	1535	1392	977	1579	1790	2123	1650	2058	1613	718	2277	1558	905	1447	1258
gene4735	75	32	24	37	21	27	59	89	61	37	31	17	18	81	14	1	107	85	13	17	104	57	17	21
gene4736	326	289	183	272	175	158	242	428	2378	1439	1787	574	2819	1373	1455	766	71	100	60	128	142	37	49	120
gene4737	2285	2724	1175	1136	792	2492	1453	2105	3092	2970	3322	822	3540	3221	1992	4001	3103	981	1240	5305	4235	622	1969	1296
gene4738	94	65	26	136	8	25	125	269	112	10	24	95	138	55	114	238	152	302	210	235	351	203	347	300
gene4739	54	44	27	35	26	48	61	115	75	82	149	193	22	144	59	76	79	51	71	87	104	28	25	34
gene4740	22	15	40	42	44	52	21	132	105	44	117	22	23	65	89	45	60	53	18	58	46	15	9	27
gene4741	50	23	25	7	5	4	7	40	55	143	21	9	39	36	9	12	27	8	9	24	18	18	3	10
gene4742	10	3	12	21	17	46	12	17	16	10	38	8	22	19	20	9	21	34	9	13	10	4	26	10
gene4743	727	161	183	249	516	332	280	399	775	277	878	133	405	729	222	506	268	273	153	189	266	109	83	121
gene4744	82	50	80	88	34	41	98	91	156	68	114	30	240	69	165	71	65	62	46	106	60	44	98	70
gene4745	10	5	1	13	4	12	12	38	21	25	8	1	2	10	28	9	22	17	7	7	25	9	4	23
gene4746	477	241	196	199	223	285	243	567	452	317	370	194	334	174	415	289	369	346	219	495	228	100	221	174
gene4747	48	20	29	27	30	26	54	108	62	31	103	35	41	52	81	26	20	29	4	13	6	4	6	12
gene4748	14	6	4	4	7	14	7	0	11	4	13	4	7	6	18	1	7	25	7	1	0	5	10	3
gene4749	46	37	18	31	36	70	31	64	51	53	119	39	41	66	29	14	31	67	33	15	38	13	61	29
gene4750	39	24	11	29	25	6	14	44	55	34	33	14	24	43	11	5	33	6	7	41	18	17	48	19
gene4751	167	102	60	27	23	218	130	104	119	183	79	140	161	85	80	30	248	171	54	196	65	91	17	39
gene4752	347	368	418	260	84	523	117	369	1167	518	424	133	470	418	403	386	983	193	217	797	568	243	879	312
gene4753	706	337	421	207	360	492	937	2166	621	273	996	375	707	429	495	569	628	664	330	588	666	269	246	430
gene4754	355	205	224	210	115	323	258	298	505	270	245	125	301	222	286	188	275	232	146	264	125	150	233	190
gene4755	33	18	34	25	18	69	28	38	111	33	33	15	29	104	64	61	64	29	31	42	68	13	4	17
gene4756	228	184	385	223	243	197	187	894	297	285	478	191	168	641	236	172	149	542	204	327	364	238	84	101
gene4757	25	14	12	16	14	12	15	12	15	14	22	34	24	51	44	13	25	18	6	41	19	13	16	20
gene4758	566	433	101	404	226	445	568	433	686	358	503	186	252	378	372	311	610	373	236	566	602	151	143	261
gene4759	134	65	44	36	29	192	253	77	232	27	69	53	141	309	77	96	45	123	30	136	223	10	45	66
gene4760	46	54	96	79	32	76	39	159	62	43	26	17	36	51	31	29	76	128	19	91	80	68	49	40
gene4761	70	307	116	149	332	383	260	714	913	209	411	252	413	419	328	147	603	391	90	180	207	227	90	135
gene4762	358	86	385	24	152	138	307	655	54	120	151	144	479	255	214	44	91	18	193	176	148	33	368	119
gene4763	13	0	22	5	3	4	1	5	3	2	5	3	9	6	2	4	3	10	1	4	13	2	7	0
gene4764	5	0	5	3	3	0	9	18	0	1	2	2	0	5	13	8	3	16	0	2	3	14	0	2
gene4765	2212	2343	4471	2079	4266	3015	3985	8070	3879	2814	10375	1849	4941	4663	2006	1918	2127	2432	1342	2247	2284	1194	1451	1494
gene4766	399	145	58	36	51	299	32	190	464	22	347	121	146	69	251	399	173	204	38	756	41	54	84	155
gene4767	1413	907	795	1050	154	458	881	897	265	2330	625	316	3244	1039	1705	1512	326	233	374	929	758	79	401	408
gene4768	1407	1115	664	895	1072	1567	1369	2233	1598	1554	1882	742	1615	1087	1042	1351	975	1563	1049	2100	1494	597	658	713
gene4769	158	46	123	80	68	110	32	91	63	141	134	58	95	208	36	183	145	71	112	249	120	8	138	59
gene4770	25	10	4	15	5	16	17	16	4	8	8	18	13	14	28	11	2	2	2	31	1	1	3	12
gene4771	22	1	10	4	7	8	7	9	8	5	22	18	4	17	30	11	26	17	6	39	11	2	14	16
gene4772	3	3	0	8	4	1	0	0	1	4	4	1	3	3	0	5	8	0	0	2	2	6	3	0
gene4773	1805	1058	2556	933	1078	1097	1501	3481	1851	2844	2737	693	1149	2194	1481	845	1139	1231	1427	1702	2740	844	1774	2071
gene4774	104	124	144	59	74	127	125	283	207	128	63	104	167	227	221	31	123	19	71	105	97	48	137	77
gene4775	726	437	360	319	350	506	361	743	858	530	578	533	652	634	487	542	692	477	245	529	388	301	448	290
gene4776	98	48	153	135	44	42	39	149	415	146	293	139	308	243	196	73	113	111	58	70	79	45	89	78
gene4777	1343	720	715	925	438	907	524	1775	270	995	795	322	2049	535	1073	1558	664	638	291	1447	815	524	784	858
gene4778	305	289	131	231	123	143	220	612	172	270	235	191	161	371	271	187	222	192	65	173	311	92	122	135
gene4779	275	213	210	229	126	197	218	353	219	301	286	190	292	298	208	180	352	152	123	414	219	89	128	156
gene4780	77	96	61	54	32	63	41	91	159	114	57	66	121	179	108	77	206	25	23	58	104	43	58	78
gene4781	424	97	36	117	68	159	165	85	344	118	275	26	188	107	49	84	150	25	41	224	124	146	90	19
gene4782	409	400	551	594	478	345	313	834	281	102	166	89	108	147	182	81	787	925	275	645	576	259	321	285
gene4783	0	0	14	1	0	2	11	0	1	0	0	0	0	0	0	3	0	0	1	1	0	2	0	4
gene4784	35	9	58	34	11	7	40	56	34	49	12	9	19	48	49	15	53	45	13	29	28	11	24	2
gene4785	4	66	1	27	10	105	10	27	48	73	0	5	23	36	7	30	43	33	22	7	48	10	22	15
gene4786	79	48	56	63	17	36	104	98	129	56	96	73	93	153	86	83	76	51	45	60	51	40	15	50
gene4787	30	16	13	7	7	6	24	19	29	13	48	13	40	18	47	15	44	26	18	60	34	5	26	2
gene4788	298	383	261	489	350	487	355	770	532	327	508	332	575	815	500	357	279	634	165	429	543	185	209	251
gene4789	1568	869	742	1405	738	1287	807	2077	1503	1102	1605	901	1304	1543	1555	733	1066	1291	548	1362	1334	459	809	505
gene4790	642	452	422	268	310	373	530	339	781	561	697	479	666	667	424	383	798	597	414	767	564	503	309	268
gene4791	691	452	429	736	544	523	604	1340	934	606	867	402	784	819	514	516	626	1175	380	657	518	455	332	495
gene4792	508	429	455	410	372	270	413	532	541	482	985	447	632	611	609	454	947	734	278	806	499	278	191	343
gene4793	462	182	351	703	492	952	258	1030	561	723	816	356	1134	1138	513	151	296	324	172	582	1079	223	252	401
gene4794	62	25	36	19	32	47	22	80	41	27	41	19	73	18	46	12	19	86	8	38	44	19	42	32
gene4795	6	12	11	36	2	10	2	3	3	25	8	5	15	0	13	16	4	23	9	11	4	4	15	11
gene4796	4925	2182	1400	2928	3567	2980	4389	4979	6079	6884	7467	2543	6997	3187	4091	1472	4026	6874	1878	5184	3455	1775	2710	876
gene4797	100	56	8	86	6	79	88	19	252	110	113	203	104	168	52	105	46	38	35	54	25	14	41	36
gene4798	2129	1423	1435	1689	1012	1889	1384	2772	2785	2080	2016	1007	2010	1547	1878	1256	2170	1986	929	3101	1132	996	1140	824
gene4799	39	30	2	7	5	7	19	5	7	1	19	4	23	4	35	3	41	6	7	60	5	34	15	4
gene4800	167	60	107	29	45	71	115	236	91	73	121	48	138	79	69	83	76	108	52	70	69	49	31	66
gene4801	73	23	90	59	90	260	272	92	91	224	190	103	11	183	101	19	361	159	105	172	175	77	105	66
gene4802	178	110	118	170	202	116	97	366	266	135	154	108	150	154	203	122	248	166	85	242	175	99	93	111
gene4803	82	27	11	9	29	13	18	19	201	141	19	41	62	2	42	13	13	25	22	29	63	34	61	23
gene4804	93	18	64	94	45	63	100	169	147	94	83	21	40	11	108	57	98	48	29	38	138	43	132	32
gene4805	298	326	363	549	311	512	217	553	6241	2016	5091	4048	4178	5926	4803	1729	421	463	219	701	604	205	208	273
gene4806	74	134	207	44	8	117	26	210	136	230	235	74	161	303	111	25	97	19	34	19	102	63	20	243
gene4807	262	39	48	106	24	50	93	15	108	77	116	39	80	57	30	46	142	16	71	46	45	5	14	64
gene4808	67	62	87	72	41	72	66	94	146	131	71	63	41	58	56	56	51	56	29	83	96	17	46	44
gene4809	8504	6464	5060	6957	3956	5913	9046	12659	12673	6542	7582	5545	8934	7588	13512	7751	8829	5775	3410	8919	9306	5074	6409	6899
gene4810	22	17	54	30	33	125	34	31	62	37	40	8	30	79	54	84	113	83	6	76	42	1	4	13
gene4811	196	152	190	233	554	860	170	929	1090	279	491	321	510	1684	1101	324	662	22	218	214	577	80	402	242
gene4812	1298	768	873	576	481	589	1651	1068	1164	1163	1081	616	1136	680	1310	544	1103	1461	382	942	551	340	630	479
gene4813	13	25	9	8	15	19	48	58	87	40	64	18	11	39	12	30	34	21	5	39	30	4	7	27
gene4814	64	16	48	51	133	60	48	26	100	89	222	61	87	129	52	78	83	124	79	78	96	42	77	46
gene4815	404	164	81	302	106	216	204	664	753	287	256	98	495	525	50	172	159	225	47	150	351	544	222	33
gene4816	648	714	569	442	377	466	1368	2635	1516	882	684	866	180	349	403	685	569	1286	877	765	52	308	795	267
gene4817	1270	942	806	412	527	597	1030	811	2033	763	1456	715	914	644	897	704	799	440	590	513	479	318	661	629
gene4818	117	150	112	49	100	160	16	210	10	39	254	14	114	77	76	23	104	87	131	48	9	109	69	31
gene4819	192	273	171	323	128	295	235	294	253	260	351	175	331	305	372	205	119	181	117	187	162	193	156	222
gene4820	164	237	150	63	138	223	204	204	215	282	91	145	199	169	199	141	89	80	70	170	176	50	109	114
gene4821	228	174	160	230	100	97	381	433	132	232	342	100	377	266	387	179	185	191	162	120	185	114	71	160
gene4822	94	141	103	71	87	71	19	113	111	77	134	51	101	41	106	48	111	123	33	97	89	76	47	58
gene4823	8	0	16	4	4	9	10	6	16	6	4	1	7	8	6	1	2	6	1	7	0	1	2	1
gene4824	30	53	40	101	54	91	70	149	151	68	85	62	104	89	76	63	136	96	33	67	37	33	69	48
gene4825	294	114	87	147	227	239	331	321	183	312	287	115	170	204	391	250	232	218	78	289	286	86	184	165
gene4826	360	83	268	220	213	201	179	243	1537	1056	1865	849	763	540	722	372	365	195	92	228	599	154	158	82
gene4827	202	131	39	102	61	71	161	124	140	277	140	81	89	350	78	143	112	86	60	181	97	34	81	161
gene4828	553	113	164	171	102	257	153	252	405	292	265	120	281	231	201	172	200	198	195	342	336	143	207	94
gene4829	68	66	74	62	50	82	44	190	279	103	90	26	86	116	117	136	54	60	73	76	48	32	72	72
gene4830	0	3	12	1	0	7	1	0	0	8	1	6	4	6	3	1	23	0	1	45	18	4	0	1
gene4831	85	96	46	87	23	86	71	178	183	168	110	161	104	130	65	36	179	36	39	87	50	38	21	42
gene4832	79	60	21	50	90	72	148	210	67	56	39	90	102	166	214	115	109	36	97	95	37	83	44	22
gene4833	10	2	4	5	2	0	1	0	3	4	0	0	10	10	5	3	0	3	0	2	1	0	1	3
gene4834	676	514	318	351	322	696	381	1420	1029	877	1287	175	821	1443	361	281	623	492	403	942	421	563	289	529
gene4835	37	26	18	16	24	25	18	63	16	16	21	10	13	33	21	26	10	13	12	44	38	11	19	28
gene4836	771	111	38	31	636	615	103	99	1022	450	584	137	216	162	106	265	179	391	36	451	238	216	53	209
gene4837	290	158	87	158	101	216	193	404	215	170	239	142	202	223	327	150	206	173	115	330	210	104	201	156
gene4838	47	37	30	43	16	37	23	26	49	27	25	9	29	27	10	19	35	27	11	52	13	10	12	30
gene4839	141	142	149	116	177	185	217	387	118	295	349	58	340	222	178	121	172	252	48	125	520	128	262	183
gene4840	939	1021	236	1632	966	1269	909	1104	2213	1412	2488	835	1645	1118	586	551	575	856	197	1050	675	742	422	267
gene4841	84	121	153	138	126	174	157	320	374	67	232	189	168	148	227	148	183	259	106	313	134	87	122	145
gene4842	45	66	24	94	78	102	72	127	55	91	97	101	187	85	142	98	67	68	84	107	175	60	34	17
gene4843	130	135	70	173	130	229	144	389	162	103	185	101	183	113	69	93	175	124	66	197	157	75	136	76
gene4844	43	82	53	40	61	48	52	125	104	115	68	44	42	79	61	67	61	66	31	47	55	45	31	42
gene4845	23	8	3	3	5	6	5	10	5	2	6	7	1	6	5	5	4	16	3	9	15	4	2	5
gene4846	244	149	108	132	101	145	158	267	183	208	68	112	167	227	287	172	211	190	68	155	179	167	103	51
gene4847	13	7	31	31	24	21	33	38	34	44	31	28	52	59	30	29	25	17	22	60	56	10	4	18
gene4848	20	4	9	14	2	6	10	16	5	7	11	6	10	1	15	5	8	6	5	7	9	1	4	1
gene4849	2	0	5	24	0	3	0	13	0	2	0	1	1	0	0	12	6	33	1	0	5	3	25	0
gene4850	92	64	35	41	33	115	91	134	202	24	59	27	118	27	20	68	28	90	66	79	57	22	48	39
gene4851	578	223	336	339	372	355	342	699	759	243	555	139	553	410	685	271	388	320	165	526	480	125	235	264
gene4852	9	7	17	4	2	6	30	21	1	10	0	23	35	9	14	1	16	54	5	15	2	8	3	8
gene4853	15	68	69	6	33	26	8	72	73	28	59	6	16	11	53	17	7	46	18	36	26	2	36	44
gene4854	577	289	71	152	177	122	216	303	207	209	149	333	753	480	104	195	394	293	131	246	191	305	98	136
gene4855	17	22	11	17	16	9	14	42	12	18	10	10	4	24	12	11	16	14	8	11	20	38	29	9
gene4856	1797	856	911	1261	643	736	1687	1558	1758	797	1496	1128	1284	1959	2244	1063	2013	1371	881	1916	1754	744	879	1053
gene4857	48	17	15	48	18	24	29	88	99	21	53	15	79	65	61	30	60	30	27	68	12	10	12	18
gene4858	77	33	56	43	42	54	78	79	91	85	77	38	59	51	80	66	60	48	66	53	52	43	41	32
gene4859	921	326	470	751	402	1020	724	1352	912	537	1079	1098	1391	1222	660	378	2239	1482	794	2532	2062	974	726	1523
gene4860	998	170	153	196	444	611	497	1607	171	292	155	160	306	377	111	226	1016	47	80	560	193	134	283	117
gene4861	873	548	396	347	223	514	575	767	967	598	465	431	956	602	641	262	566	677	299	482	455	292	525	273
gene4862	17	10	28	26	7	19	42	40	59	29	29	12	22	12	15	13	23	29	6	35	17	7	12	22
gene4863	1110	617	404	302	305	559	652	208	681	1106	703	948	402	838	1461	911	1124	810	118	803	813	59	851	924
gene4864	162	58	124	142	60	145	239	191	163	64	150	106	153	130	185	154	160	187	66	201	104	96	105	90
gene4865	474	222	210	228	147	261	277	654	340	394	359	187	307	320	165	287	348	258	144	417	435	184	256	195
gene4866	190	75	85	84	129	113	101	176	158	171	230	121	146	260	176	50	129	100	112	182	140	93	69	95
gene4867	77	36	44	74	99	66	42	102	41	57	65	35	44	74	24	19	93	89	41	151	123	39	48	58
gene4868	6368	1761	2436	1123	4042	2966	5369	6425	7744	4187	6208	1148	2354	1882	4303	1413	1102	2775	975	6747	2624	579	2127	1533
gene4869	26	7	1	12	11	15	51	18	26	14	31	1	16	7	38	5	17	17	4	11	9	4	1	6
gene4870	1194	1425	588	919	1279	4419	2443	1419	1038	2180	1522	1972	2099	1540	1658	973	1862	2020	537	3685	1273	1738	1330	1785
gene4871	104	38	84	82	28	37	47	137	51	85	82	74	107	112	105	48	95	65	16	86	86	50	51	40
gene4872	35	39	23	47	28	23	34	56	142	56	39	45	94	114	117	81	59	67	66	109	28	15	105	35
gene4873	618	210	202	397	201	314	590	393	706	449	506	261	433	314	498	431	559	408	270	427	420	192	223	342
gene4874	80	34	72	53	32	38	75	81	71	42	52	47	83	46	50	28	40	59	41	80	99	47	30	40
gene4875	825	294	314	135	746	464	453	1693	1182	785	246	642	1012	254	1389	685	177	1387	258	852	483	288	358	989
gene4876	56	25	19	42	24	39	36	38	85	32	45	11	40	34	6	4	62	13	41	17	22	10	20	11
gene4877	35	12	23	24	29	16	40	93	42	34	26	27	54	54	54	19	37	26	36	27	30	14	1	5
gene4878	1947	794	769	908	961	1048	1837	1955	524	1204	1364	873	712	1370	1865	617	1993	519	704	1138	2021	782	503	645
gene4879	508	318	80	124	601	376	268	1901	486	516	326	531	848	391	181	221	632	975	149	529	946	88	134	69
gene4880	149	59	52	142	47	63	101	158	134	110	128	80	122	142	65	46	143	111	66	215	22	25	46	51
gene4881	307	194	299	522	158	456	252	588	438	190	221	208	385	277	270	239	354	153	192	304	406	221	119	140
gene4882	113	111	77	90	72	63	154	345	147	144	131	136	317	50	67	286	238	120	32	261	151	26	201	132
gene4883	190	67	75	225	204	186	43	442	395	160	181	96	292	192	167	100	259	83	123	134	523	58	44	32
gene4884	62	44	73	74	37	53	39	49	196	36	139	46	36	24	139	67	58	59	26	28	50	31	59	22
gene4885	316	212	151	109	122	126	200	382	181	74	235	85	149	143	196	130	75	99	49	98	87	42	41	46
gene4886	77	80	77	76	77	34	96	177	332	138	112	37	172	75	40	61	105	158	33	99	109	41	61	64
gene4887	1001	524	705	694	472	1378	886	1357	1205	937	1047	823	1261	728	1048	575	819	913	472	1565	781	609	887	740
gene4888	14	7	19	4	0	15	29	10	39	12	13	13	3	6	7	14	2	4	19	11	9	2	0	0
gene4889	1157	287	578	207	138	241	810	472	563	578	295	175	363	384	747	462	165	748	338	559	521	237	364	233
gene4890	70	15	42	12	20	31	17	91	47	15	71	56	39	75	74	69	54	207	28	27	141	28	33	28
gene4891	27	36	54	26	28	27	67	114	134	37	59	37	25	69	56	22	70	24	48	61	31	17	28	22
gene4892	198	99	62	139	105	79	133	116	198	134	168	91	213	213	156	113	142	91	60	294	98	112	63	98
gene4893	940	1521	783	1050	599	952	1206	1445	2210	985	1439	665	1735	1129	1072	938	856	1292	683	1190	1270	624	1004	644
gene4894	18	1	13	9	18	5	7	20	29	13	17	19	1	27	8	12	21	15	15	10	5	2	16	4
gene4895	16	14	26	13	11	21	50	18	40	14	42	14	39	6	59	9	24	27	19	22	11	21	25	6
gene4896	88	44	54	91	98	77	57	186	76	30	176	63	169	118	147	54	110	96	67	123	49	12	42	70
gene4897	206	146	131	132	102	132	121	189	264	113	170	93	196	145	230	129	177	154	121	250	166	113	151	127
gene4898	92	124	119	201	88	124	166	362	310	224	172	173	308	341	213	110	212	238	77	150	129	83	181	117
gene4899	1427	1658	3698	960	1340	4505	3429	2019	4606	774	1077	3529	4374	2377	2365	4316	4534	2011	1413	3516	3640	2402	1693	2458
gene4900	89	148	59	224	141	51	98	316	105	177	134	112	303	36	126	130	421	136	68	298	129	135	74	155
gene4901	79	92	76	120	63	65	116	163	186	105	90	52	131	173	190	72	91	200	65	102	123	78	73	84
gene4902	203	156	108	105	148	209	142	283	377	181	193	195	299	243	164	172	209	83	71	276	287	93	99	89
gene4903	26	5	31	7	39	23	9	5	59	27	44	55	24	50	3	12	35	23	16	74	15	18	18	23
gene4904	1124	328	131	734	360	523	427	718	577	568	789	307	605	569	483	384	373	457	156	292	494	198	298	197
gene4905	51	18	30	14	19	21	24	45	23	40	26	14	34	48	26	42	33	16	21	72	39	24	26	14
gene4906	47	50	36	19	56	12	14	31	18	41	36	17	9	14	17	35	26	19	1	7	15	10	8	4
gene4907	211	62	321	201	136	168	367	596	31	120	130	74	103	93	57	39	301	274	196	126	217	141	269	146
gene4908	358	336	166	213	216	405	164	612	450	313	528	250	346	425	272	253	425	343	167	204	367	127	194	129
gene4909	31	3	18	1	6	14	10	4	36	1	20	5	9	12	10	4	8	6	6	13	3	10	1	18
gene4910	526	352	275	1249	1687	1919	1644	2725	2582	1701	1911	1765	2217	2191	650	440	614	1736	540	4299	906	613	636	519
gene4911	0	11	8	1	3	8	6	3	11	5	3	4	1	2	1	5	1	2	0	2	4	0	4	1
gene4912	594	611	455	1090	358	1003	573	799	925	543	1100	479	696	700	537	626	497	896	497	853	434	563	383	390
gene4913	160	71	132	298	64	151	98	325	227	181	99	162	208	129	106	99	199	138	101	218	65	65	155	131
gene4914	1138	443	474	706	305	742	537	827	1169	322	570	175	355	529	307	507	1087	726	438	442	1014	350	815	879
gene4915	352	262	620	491	250	341	514	634	666	456	673	253	574	380	374	213	553	133	153	661	383	229	317	163
gene4916	1062	1955	1340	1158	395	1468	1493	1760	1309	2137	1910	1620	1600	624	743	870	2138	1210	241	3533	1412	306	971	763
gene4917	235	38	125	110	99	76	69	265	141	113	252	38	105	83	293	33	235	66	68	46	271	43	59	76
gene4918	754	420	612	390	505	274	535	824	745	842	524	475	475	687	1035	278	997	591	367	723	573	465	427	476
gene4919	47	16	10	23	7	25	7	7	24	49	68	11	36	16	12	20	26	30	15	42	18	31	14	3
gene4920	54	129	113	113	64	122	169	275	217	114	135	94	135	234	97	168	221	72	74	207	280	41	51	90
gene4921	979	1693	894	565	787	668	1016	1923	1079	837	2302	958	740	2128	1661	1243	1394	936	405	910	2457	965	838	1127
gene4922	239	129	409	161	343	306	105	933	293	759	662	292	55	283	100	89	356	54	198	193	123	61	426	1139
gene4923	16	10	13	15	5	2	21	26	12	15	13	21	3	7	24	5	5	8	5	3	8	21	4	8
gene4924	61	30	18	38	41	42	39	46	55	44	45	34	44	34	25	46	43	32	22	41	60	30	36	15
gene4925	162	165	149	71	174	72	282	757	183	128	219	232	263	70	42	112	192	124	91	48	181	67	153	148
gene4926	24	13	7	59	19	29	17	16	25	16	25	2	53	53	33	21	29	37	11	80	17	11	30	11
gene4927	48	49	26	65	38	51	27	84	61	22	37	26	42	49	47	31	48	46	10	34	20	8	41	18
gene4928	2629	1708	1551	1784	1181	2406	2338	3002	3768	2085	2300	1090	2180	2181	1627	1866	2665	2271	1058	2763	2242	1020	971	1402
gene4929	17	10	33	21	33	38	25	19	22	16	4	17	33	19	24	20	29	33	15	15	33	8	8	33
gene4930	345	112	116	194	176	188	157	276	320	150	271	203	245	169	209	175	206	331	113	202	179	116	136	229
gene4931	807	321	423	351	539	419	498	868	532	343	553	450	636	530	406	424	824	398	354	711	716	290	498	338
gene4932	215	85	102	136	91	181	168	345	233	136	285	142	251	155	110	189	165	182	93	268	191	135	136	127
gene4933	79	97	86	52	50	89	114	99	134	129	79	96	103	150	155	92	92	68	69	172	88	29	52	42
gene4934	391	262	420	219	205	361	294	369	602	423	374	212	501	479	245	202	235	390	185	324	272	312	267	258
gene4935	148	70	56	68	18	52	90	167	55	47	14	26	73	68	32	66	67	56	16	105	114	22	20	22
gene4936	2907	680	2441	585	1366	1829	1328	1857	1886	1367	2290	1337	2969	1701	1856	439	1578	1892	1457	3735	1117	565	1241	1240
gene4937	68	68	32	50	46	59	31	57	141	44	62	27	60	32	45	48	65	40	54	77	49	42	57	20
gene4938	18	22	17	22	6	7	92	80	13	25	7	27	33	49	59	9	30	39	12	20	19	17	15	20
gene4939	0	0	0	0	0	0	0	0	0	0	0	0	0	0	0	0	2	0	0	1	1	0	0	0
gene4940	193	62	32	209	154	35	114	226	713	200	430	402	380	369	295	251	314	365	169	153	153	129	106	48
gene4941	29	22	24	28	7	26	33	25	29	16	33	15	29	34	16	11	21	61	7	27	18	15	6	20
gene4942	92	79	291	95	29	163	240	203	314	120	145	119	80	158	130	82	97	217	78	107	204	45	59	139
gene4943	17	9	19	14	3	8	7	0	18	10	13	14	14	7	13	3	7	16	20	11	7	2	2	12
gene4944	820	533	616	462	488	462	644	1287	1116	842	811	705	1023	613	675	341	724	763	308	857	1075	221	517	439
gene4945	32	57	14	35	60	141	98	130	233	87	207	35	55	84	115	82	143	121	84	112	85	49	25	83
gene4946	621	1158	551	727	302	1205	583	765	985	639	1420	541	554	464	887	505	578	1350	925	1062	485	249	506	385
gene4947	196	210	287	396	183	258	452	464	595	355	370	254	573	500	226	341	328	486	239	338	305	89	221	263
gene4948	397	180	310	616	472	511	964	3173	3018	5894	1601	4256	12120	12184	1850	2795	782	250	356	697	1014	239	654	286
gene4949	744	209	111	136	136	329	367	528	997	212	636	194	472	422	646	232	321	650	76	340	225	127	197	194
gene4950	174	108	156	171	105	149	217	286	206	165	168	121	239	265	194	224	267	291	81	400	316	84	155	136
gene4951	983	1067	760	916	836	1351	929	2760	3129	1729	1494	981	2024	2672	1304	928	688	607	364	688	646	450	389	289
gene4952	42	50	18	71	31	22	51	135	240	64	86	18	89	27	49	2	25	40	34	37	70	49	48	3
gene4953	9	16	1	1	15	33	15	45	28	13	10	28	47	24	18	0	11	25	12	27	22	8	14	6
gene4954	4888	2355	1855	3037	1646	4810	4771	6253	4194	2616	4388	2422	4314	4050	4275	1757	4509	3511	2675	3421	4112	883	1558	2481
gene4955	58	71	62	69	56	121	58	100	67	60	95	69	43	146	97	35	31	34	11	81	42	11	15	16
gene4956	377	673	741	426	247	392	310	1116	666	548	828	522	392	299	783	501	690	603	275	660	663	191	269	736
gene4957	39	70	68	30	37	46	114	73	141	124	99	72	115	49	56	46	52	69	47	61	88	22	76	80
gene4958	200	177	95	103	110	209	152	263	80	160	249	178	285	201	145	131	122	162	141	219	235	76	209	171
gene4959	440	189	155	220	174	414	287	318	445	232	291	162	397	227	267	156	391	255	156	494	306	227	164	120
gene4960	7	4	3	13	6	1	0	5	6	4	22	4	3	4	7	3	8	5	3	10	0	2	10	3
gene4961	244	194	160	224	114	189	307	517	693	566	832	541	1114	648	1120	486	317	274	113	289	130	103	166	146
gene4962	28	22	63	20	32	15	33	24	59	17	42	32	22	110	5	30	7	35	14	28	46	7	20	7
gene4963	3247	1507	1534	2483	1254	979	1655	4486	5803	3699	11241	2601	3060	3765	1592	3088	1575	3037	1794	4133	3962	2051	1193	1251
gene4964	415	270	337	359	266	303	384	550	622	472	484	322	354	471	404	230	508	355	210	513	225	222	295	266
gene4965	756	957	706	1079	661	1371	830	1347	1531	502	1058	764	1140	805	1037	855	785	1037	531	1387	1464	618	796	547
gene4966	96	66	64	102	52	83	90	184	112	62	96	67	84	60	96	58	82	93	36	114	66	40	33	48
gene4967	311	298	147	187	124	111	151	321	122	250	137	153	198	72	148	56	178	68	99	183	135	83	117	113
gene4968	345	73	172	154	97	241	131	352	212	311	214	187	254	94	53	185	203	176	193	508	226	103	236	154
gene4969	53	129	145	72	155	165	78	263	173	201	325	163	491	412	135	204	622	215	175	252	237	296	91	70
gene4970	36	29	28	22	10	49	26	79	48	45	102	49	167	76	110	38	61	48	13	9	10	15	15	20
gene4971	56	21	104	31	66	200	22	35	68	0	165	51	37	9	54	45	64	44	52	161	69	63	201	42
gene4972	42	8	22	23	5	12	44	40	15	7	42	10	51	23	20	26	22	11	8	33	74	28	56	26
gene4973	1340	719	1413	1045	787	945	864	2027	1466	888	1243	994	1974	816	1077	845	1845	787	839	1517	1436	520	580	656
gene4974	45	104	236	23	46	116	117	143	139	63	140	6	144	147	29	151	103	21	48	121	68	61	84	41
gene4975	394	116	44	1232	165	412	404	232	1380	195	831	531	249	387	161	713	648	605	149	303	406	136	148	156
gene4976	70	90	154	62	66	99	125	310	123	88	145	116	91	129	100	127	86	89	17	80	179	14	61	35
gene4977	535	373	322	299	269	436	516	1030	719	387	617	329	355	534	563	325	554	442	252	584	378	266	336	458
gene4978	189	189	82	245	152	282	286	338	273	148	336	217	505	151	405	103	69	211	42	163	80	74	55	149
gene4979	628	526	447	510	454	808	496	1134	1329	787	859	449	838	719	629	779	650	692	406	679	572	315	292	458
gene4980	695	354	239	625	161	499	435	925	255	654	479	808	805	468	644	227	599	438	207	634	780	203	633	179
gene4981	519	190	217	197	175	168	249	376	446	258	374	205	440	240	236	207	285	252	203	280	333	109	210	160
gene4982	65	40	29	53	62	110	61	120	50	47	56	24	143	86	54	62	106	71	27	118	43	70	17	27
gene4983	88	64	108	5	14	27	118	35	51	46	94	42	64	33	82	89	50	118	35	122	63	21	21	34
gene4984	377	318	218	195	169	344	274	587	443	408	469	244	309	197	291	272	368	337	136	496	221	171	192	218
gene4985	38	41	19	29	2	12	90	18	77	23	39	23	65	28	26	17	18	23	8	52	27	10	19	13
gene4986	690	522	590	654	365	581	349	1437	1273	847	1035	306	790	849	559	542	560	1008	565	510	741	307	403	334
gene4987	372	256	392	491	327	510	223	506	506	496	580	357	303	504	307	193	460	309	242	487	142	144	134	209
gene4988	465	235	340	360	297	232	397	465	384	308	382	188	683	365	353	290	1020	858	457	922	1221	326	711	1051
gene4989	159	81	71	54	144	112	116	187	105	205	124	69	394	96	150	180	236	254	96	153	135	123	48	129
gene4990	734	541	449	736	334	211	293	449	827	265	357	351	1640	404	672	433	538	733	210	869	502	421	539	337
gene4991	77	177	204	108	70	481	317	747	255	208	362	72	165	483	305	12	279	230	16	358	264	49	146	54
gene4992	124	63	73	108	45	71	154	241	113	124	137	82	158	96	84	97	136	86	42	98	76	59	57	52
gene4993	102	39	92	101	62	74	108	230	76	83	120	83	150	123	123	43	99	111	55	67	92	30	87	49
gene4994	108	46	264	173	62	187	53	250	126	101	173	99	186	252	43	77	134	106	99	187	135	48	52	125
gene4995	239	280	518	424	118	668	65	246	405	411	691	237	146	527	918	305	310	835	87	543	571	93	109	218
gene4996	277	144	113	154	67	89	214	279	278	245	205	80	216	156	204	120	237	355	93	452	93	135	67	94
gene4997	54	30	73	54	18	70	45	95	58	56	19	42	82	52	106	27	91	58	88	68	22	26	21	35
gene4998	89	86	81	44	61	67	126	192	191	100	139	68	200	124	95	74	120	82	32	118	88	33	77	59
gene4999	5	2	1	0	1	3	1	8	0	1	11	2	3	2	0	2	0	7	2	3	0	1	0	3
gene5000	133	137	231	270	85	178	275	66	141	311	237	170	396	262	369	63	201	180	173	196	203	68	209	131
gene5001	649	431	379	261	208	584	576	1233	1421	555	685	190	749	612	502	315	439	636	577	623	666	303	173	177
gene5002	29	12	9	26	6	7	15	18	22	34	9	31	15	33	10	7	33	22	14	30	10	9	5	15
gene5003	147	85	120	96	63	123	155	244	165	170	199	125	232	158	131	62	258	123	65	204	113	108	154	88
gene5004	72	47	40	35	43	37	93	89	45	64	149	47	50	33	46	37	44	96	25	59	71	20	73	34
gene5005	66	17	31	37	31	32	25	23	107	50	27	19	129	62	46	27	46	107	37	90	15	19	12	20
gene5006	227	137	319	31	156	253	44	198	244	163	218	137	99	202	154	21	111	289	54	166	228	94	44	60
gene5007	63	26	41	28	28	39	34	82	79	52	53	22	23	41	37	15	65	27	18	51	66	20	9	34
gene5008	129	31	62	41	32	27	110	186	176	119	196	100	86	276	280	125	85	119	79	165	149	112	40	90
gene5009	1692	1086	311	945	859	1163	637	3250	1448	1396	885	1466	2320	829	833	532	460	591	702	1668	601	431	277	303
gene5010	6	3	9	12	14	4	3	14	8	26	28	6	4	13	8	6	6	3	9	26	8	9	3	2
gene5011	35	131	21	14	13	28	58	104	2	80	137	2	65	49	36	12	139	47	15	17	34	17	5	6
gene5012	72	44	54	80	55	48	30	96	140	79	94	27	76	47	91	88	53	80	40	85	57	37	51	33
gene5013	1074	624	501	1055	450	1123	974	1497	1581	906	1581	687	1264	1413	765	667	597	878	720	1042	1077	666	553	643
gene5014	625	725	505	579	282	340	601	501	928	500	707	271	712	598	799	556	761	635	431	424	546	346	291	305
gene5015	147	82	123	42	57	172	128	110	352	71	111	66	201	181	283	131	263	103	35	230	174	22	50	173
gene5016	9	23	7	2	11	6	11	19	16	45	21	16	27	14	22	12	6	36	12	32	45	14	1	10
gene5017	64	104	193	100	129	149	234	281	127	149	224	157	96	253	168	196	237	163	135	199	142	61	110	163
gene5018	125	100	131	174	86	84	81	165	210	107	101	141	166	63	86	61	124	101	35	232	236	89	53	44
gene5019	308	346	179	316	163	571	254	472	544	238	522	154	515	312	371	248	403	286	162	200	181	212	253	205
gene5020	208	82	138	62	67	163	142	147	126	99	249	64	109	142	287	93	133	185	35	196	117	42	97	73
gene5021	13	3	14	25	9	16	11	13	23	16	16	4	28	23	31	8	4	25	12	19	11	8	18	15
gene5022	120	44	162	115	107	35	50	92	64	98	173	46	25	54	50	121	89	174	17	124	155	42	43	63
gene5023	1761	1000	920	638	468	704	890	1607	2433	1856	2802	690	1375	1071	1407	1243	1922	1520	651	1066	1076	474	601	734
gene5024	6	7	18	24	1	6	21	24	20	28	20	10	6	4	0	0	5	13	4	10	2	9	1	0
gene5025	107	64	96	158	46	168	176	220	316	156	143	92	253	100	256	146	151	182	103	160	105	80	68	100
gene5026	1579	701	985	1016	801	1475	1142	2463	2780	1921	4110	560	1942	2370	2200	1145	2484	2241	838	1358	1324	958	789	832
gene5027	88	62	34	70	74	41	93	40	80	47	52	47	51	86	73	40	60	61	39	60	31	24	39	42
gene5028	386	229	154	430	225	217	216	428	608	189	445	214	411	442	366	179	276	179	174	606	269	195	116	189
gene5029	12	54	51	30	76	68	35	99	48	50	39	126	92	28	92	73	113	34	60	29	113	39	43	33
gene5030	349	205	155	120	162	216	237	425	412	310	378	174	333	197	378	238	366	222	145	314	165	78	198	179
gene5031	8	26	25	15	2	19	10	61	2	8	0	1	7	0	0	1	8	12	5	9	10	6	4	4
gene5032	73	20	19	27	16	122	33	39	33	95	257	39	50	71	37	26	29	71	23	42	69	23	22	73
gene5033	527	194	595	218	433	561	1099	819	839	883	602	489	608	580	915	394	503	844	402	1464	992	249	620	315
gene5034	8068	2789	3445	6674	3442	6014	4844	7131	8276	5131	4908	2760	5122	5977	3666	5028	6453	4543	3619	3391	5345	2671	3587	2894
gene5035	124	79	52	19	50	49	77	143	103	71	31	97	149	63	36	109	86	53	59	174	71	60	27	36
gene5036	223	128	196	209	151	421	212	401	176	274	290	120	244	360	405	213	334	316	166	340	81	161	200	102
gene5037	746	1121	612	1304	645	437	606	1551	1625	556	1239	686	743	1165	1277	880	1422	673	220	966	287	492	502	369
gene5038	75	55	49	76	40	48	93	118	166	85	81	76	189	53	94	39	79	100	41	50	138	29	120	52
gene5039	166	80	183	76	48	121	95	319	130	155	115	69	196	325	254	122	142	128	64	120	205	113	99	94
gene5040	165	610	448	767	272	462	1283	257	991	780	327	545	36	404	254	549	402	724	258	1673	381	713	244	182
gene5041	5	2	2	0	3	3	1	42	0	10	1	4	4	3	0	1	1	0	2	4	13	0	4	1
gene5042	97	583	504	176	415	612	162	531	155	175	158	44	101	11	96	33	409	362	300	297	165	60	67	122
gene5043	91	8	42	49	65	57	49	21	41	30	17	15	48	40	98	1	40	93	15	63	82	32	7	33
gene5044	161	104	120	200	97	193	117	137	254	135	196	116	100	118	213	103	211	314	117	69	36	73	70	46
gene5045	74	49	75	58	44	51	93	114	112	80	41	92	114	103	66	68	82	157	34	93	70	53	52	44
gene5046	96	91	85	131	102	102	132	163	168	83	205	90	137	190	110	48	156	195	54	171	179	76	90	87
gene5047	130	144	73	218	690	965	110	919	2371	2008	1275	2282	3467	1493	1646	638	1611	790	16	891	422	1255	163	344
gene5048	245	174	191	166	125	230	302	368	347	263	136	94	172	206	240	178	223	253	70	182	241	80	149	179
gene5049	117	27	31	30	16	29	36	83	76	49	23	47	83	36	105	56	58	30	18	12	33	17	35	29
gene5050	176	79	102	131	100	119	247	274	305	185	219	93	162	179	82	90	265	185	34	154	202	74	120	75
gene5051	855	467	480	608	401	243	795	1137	1254	557	490	260	601	909	356	680	266	715	187	1034	456	400	274	365
gene5052	325	304	262	343	257	362	304	407	456	222	376	309	790	397	393	203	292	277	207	426	427	132	215	147
gene5053	17	20	21	16	2	22	4	50	20	16	8	7	45	21	8	9	2	4	4	18	21	4	13	6
gene5054	12	0	0	0	1	0	0	0	12	1	1	0	1	1	0	8	0	0	0	2	0	11	1	0
gene5055	481	103	303	228	410	378	485	428	623	232	57	406	183	53	70	318	127	483	279	275	171	104	303	204
gene5056	67	63	43	120	90	56	47	92	83	40	80	72	64	113	134	27	37	42	17	69	19	27	21	29
gene5057	336	81	153	232	69	103	279	718	297	204	278	106	324	493	172	57	130	336	241	518	243	181	189	95
gene5058	194	83	211	184	189	315	88	136	386	362	240	100	177	171	191	240	296	242	28	359	173	274	133	49
gene5059	83	59	37	47	28	60	155	127	41	38	177	20	51	77	22	46	161	93	15	64	84	60	57	43
gene5060	219	165	178	244	108	149	437	291	485	157	251	152	306	249	388	198	304	252	109	224	216	67	200	168
gene5061	357	292	258	245	135	503	295	566	532	344	753	226	351	416	316	365	538	327	203	364	256	160	275	227
gene5062	551	577	745	968	514	546	472	907	914	794	758	501	612	576	558	404	747	731	381	741	815	215	361	654
gene5063	269	149	67	247	61	226	54	178	196	173	289	198	211	128	90	130	233	117	58	304	489	47	107	50
gene5064	64	46	37	27	3	17	18	15	32	38	23	2	57	95	39	33	27	19	44	27	29	32	9	54
gene5065	158	54	71	64	65	129	68	57	167	106	76	56	89	65	86	91	211	82	57	114	71	62	109	51
gene5066	6	0	3	10	27	27	12	6	8	13	61	3	40	18	5	23	46	2	3	21	30	13	9	8
gene5067	205	174	95	192	223	201	70	191	275	235	217	202	319	497	142	76	213	121	66	233	185	55	78	105
gene5068	12	9	15	14	2	7	12	7	8	6	30	6	38	23	23	3	22	11	0	17	1	7	13	0
gene5069	3113	355	1972	160	1546	1375	1153	5455	3112	3828	4761	4872	2717	1162	1689	1422	5949	4834	1082	1951	4836	512	2211	2627
gene5070	9	22	2	1	2	2	2	7	3	18	0	7	14	4	10	10	4	1	5	1	1	2	13	6
gene5071	153	72	70	111	66	95	132	163	130	88	142	66	172	193	137	138	117	80	28	144	140	76	58	71
gene5072	4544	2113	1693	2775	3078	3097	3631	7858	14335	9426	18772	11326	15185	11676	8943	7395	3692	2067	1709	4549	3032	1875	3140	3154
gene5073	37	6	39	11	18	27	17	39	24	22	35	21	14	13	40	9	26	27	18	19	23	20	7	24
gene5074	53	15	39	29	8	31	49	60	39	39	3	24	42	26	25	11	26	27	15	23	23	16	29	60
gene5075	6	0	6	2	7	15	3	15	4	9	5	6	2	1	4	10	10	2	3	11	8	11	0	5
gene5076	5	6	4	1	1	13	14	26	42	3	15	0	14	8	11	11	27	7	9	25	10	9	0	4
gene5077	20	14	14	30	14	15	21	5	31	16	69	42	26	31	28	31	15	9	5	19	9	6	27	4
gene5078	14	1	6	5	2	7	8	23	8	5	3	28	5	15	15	2	2	9	4	3	2	2	5	3
gene5079	132	154	116	384	188	121	332	300	655	235	187	226	698	440	138	97	277	291	70	330	121	39	305	113
gene5080	739	2169	913	2968	961	1583	659	4037	1285	1528	1758	800	3054	1300	1960	781	2152	2077	309	747	2460	1745	963	526
gene5081	20	43	30	19	17	85	33	21	56	41	17	9	51	29	71	28	29	88	7	47	65	41	40	5
gene5082	36	14	11	17	11	10	12	21	9	23	27	12	51	17	25	10	23	24	8	31	18	16	5	6
gene5083	681	685	610	583	1187	467	721	1193	284	244	184	99	519	202	266	168	749	747	590	1557	812	638	342	658
gene5084	29	23	10	7	25	11	5	10	27	3	21	12	24	18	13	4	16	4	2	23	2	9	4	5
gene5085	230	151	130	148	202	159	160	332	875	58	178	82	254	241	183	277	176	219	138	589	113	49	143	49
gene5086	649	218	194	357	180	363	424	753	765	390	820	315	613	448	607	390	437	589	181	470	703	257	151	332
gene5087	3787	3285	2222	3797	1873	1805	3097	7579	6030	15645	5765	5550	9301	7047	10737	6972	1646	3530	894	2449	3435	1458	1931	1614
gene5088	281	190	83	265	161	85	350	367	740	176	57	165	908	410	190	229	144	342	56	179	499	236	221	125
gene5089	51	41	34	31	23	26	30	49	50	23	38	21	29	67	40	58	37	25	12	16	18	20	41	9
gene5090	1719	848	1122	614	744	1109	847	1787	980	1593	867	920	844	1418	644	731	1776	1320	576	1727	1244	798	1019	974
gene5091	15	4	16	5	4	4	15	8	1	1	26	6	5	16	3	16	6	4	2	2	23	6	12	11
gene5092	363	220	313	186	129	251	247	417	606	183	391	325	378	342	140	136	221	582	204	422	320	100	65	152
gene5093	188	106	128	68	97	121	222	233	77	105	114	52	57	56	89	41	197	118	48	113	258	49	107	129
gene5094	5	0	0	0	0	1	0	5	0	2	0	2	1	0	21	3	6	0	1	0	1	1	4	0
gene5095	206	41	136	94	33	79	118	188	171	134	160	76	207	105	102	65	154	195	71	121	160	90	42	57
gene5096	503	174	217	112	63	207	332	487	245	95	782	141	135	140	360	68	316	50	69	128	141	184	86	413
gene5097	153	131	143	97	84	90	143	186	210	158	158	88	142	164	107	107	125	133	70	129	214	47	80	83
gene5098	2313	1073	1301	1243	792	788	1231	3127	2354	2031	1668	765	1739	1102	1301	1802	1643	2335	854	1827	1003	650	1323	921
gene5099	88	77	39	61	25	76	65	198	95	61	59	32	94	95	61	30	101	120	33	36	104	50	73	43
gene5100	10	10	13	0	4	2	57	13	8	15	7	5	2	31	37	5	14	8	2	2	4	6	14	14
gene5101	42	39	32	58	27	34	63	124	242	167	80	14	71	97	45	42	49	21	38	80	102	9	54	52
gene5102	178	118	88	117	87	220	74	413	55	299	135	37	226	133	135	306	319	162	51	89	56	51	85	92
gene5103	4	0	0	6	4	0	1	0	4	3	6	15	0	0	4	8	0	0	0	0	15	1	2	3
gene5104	91	45	42	50	50	48	53	306	111	65	85	22	75	35	39	25	76	81	31	142	45	28	102	51
gene5105	535	306	296	258	177	244	443	349	514	476	610	147	470	450	457	222	396	406	184	449	346	201	214	228
gene5106	182	71	88	32	74	115	65	144	189	155	223	76	149	98	68	60	111	49	28	206	155	84	78	55
gene5107	409	225	278	237	187	228	305	550	571	316	455	222	388	310	279	238	384	457	155	514	337	138	185	190
gene5108	1628	1374	1042	1762	1186	1209	1094	1686	1060	2104	1968	3573	1886	1405	1838	1022	2020	1252	931	1664	2880	1271	749	1567
gene5109	18	3	11	3	3	0	7	8	22	3	2	0	10	9	29	0	22	3	1	18	6	7	3	3
gene5110	1873	447	1133	786	767	1288	952	1826	1494	1606	1816	1616	2666	1138	785	793	1445	908	797	2504	1696	671	725	1385
gene5111	873	208	134	145	362	157	611	604	548	676	497	517	210	325	430	343	594	545	233	730	225	98	259	143
gene5112	1649	591	940	966	1001	1585	974	1311	1534	1536	712	1092	919	1686	1774	926	2494	1300	795	2830	1042	257	467	557
gene5113	371	282	431	385	264	414	289	488	342	432	409	205	134	487	542	177	439	352	131	584	624	172	276	207
gene5114	118	87	124	248	80	181	110	258	184	87	184	136	301	189	165	143	167	229	124	269	255	96	119	122
gene5115	3562	1535	2195	4256	1745	2978	968	4898	2387	5570	4212	1234	887	2519	2660	1643	1346	1939	1526	926	4389	1144	1342	1771
gene5116	148	80	76	81	58	96	73	195	127	54	148	92	147	105	58	115	81	119	55	82	135	49	81	63
gene5117	1	2	2	1	4	2	2	9	4	1	11	1	3	16	24	10	0	3	0	24	16	3	2	0
gene5118	153	68	236	138	97	139	213	214	140	256	200	114	128	128	113	87	173	89	61	92	131	100	47	79
gene5119	2	3	0	0	0	0	2	7	15	3	9	7	1	2	2	0	6	0	9	22	5	9	1	4
gene5120	1775	754	813	1198	825	630	1017	5476	1714	1414	1371	860	628	771	2045	1642	488	1264	605	1833	1257	543	747	711
gene5121	0	14	19	13	16	10	6	5	32	12	13	4	16	9	24	0	12	8	8	19	21	12	14	5
gene5122	890	1075	578	765	529	1021	503	1979	1758	1085	1420	780	1124	1223	727	928	940	895	400	1015	730	607	397	920
gene5123	58	15	30	49	5	10	25	32	65	41	75	11	24	43	42	20	41	56	28	37	30	5	24	23
gene5124	149	69	51	21	56	75	62	293	162	61	86	77	83	74	241	119	84	30	30	232	98	46	21	88
gene5125	1454	1073	458	478	1012	1811	688	1163	2816	605	1481	2036	3177	1222	1566	1101	1513	1789	305	3002	2103	431	548	386
gene5126	306	143	152	301	197	162	262	440	340	314	339	269	338	338	405	351	338	292	179	339	210	226	275	218
gene5127	16	1	21	13	5	19	22	29	27	5	15	12	19	21	4	6	13	19	0	29	23	8	3	4
gene5128	120	47	75	108	62	87	53	134	149	106	99	102	84	95	150	58	250	189	90	308	142	104	110	103
gene5129	147	35	60	106	60	78	59	110	89	92	111	35	147	87	49	33	70	49	57	135	45	56	52	18
gene5130	40	42	20	8	5	23	41	87	104	48	61	16	29	20	22	41	57	21	21	19	11	9	21	16
gene5131	303	227	160	188	244	286	339	711	455	370	413	283	360	251	334	233	284	356	217	606	428	227	155	308
gene5132	1715	7659	6923	6273	2681	11879	5920	14500	4432	8433	4401	2809	5408	4907	8192	3961	6916	7882	3496	10688	11592	2350	6025	463
gene5133	26	14	21	37	4	22	22	67	24	23	41	11	51	39	16	20	21	24	13	28	9	10	14	29
gene5134	141	79	94	66	43	151	40	182	90	75	145	93	109	136	190	58	105	121	109	160	69	48	115	60
gene5135	8071	9407	7743	12515	7017	10224	15019	16474	16021	7827	10995	5514	10030	8360	11997	5226	10572	12397	4990	9746	7837	5832	4790	7299
gene5136	149	61	224	54	185	47	167	451	559	161	153	64	208	130	166	49	47	190	62	105	177	86	110	118
gene5137	128	51	52	74	60	39	71	210	168	124	223	57	68	81	42	45	110	146	42	61	66	60	36	54
gene5138	49	45	75	219	61	54	97	164	77	86	184	117	149	147	101	149	125	242	87	64	264	71	117	38
gene5139	11	1	0	8	1	22	8	26	2	6	26	13	10	4	1	4	0	3	5	15	5	1	5	7
gene5140	78	44	101	55	64	195	100	101	206	170	83	69	83	213	80	50	172	78	37	110	47	57	138	82
gene5141	55	16	9	11	12	12	17	19	50	12	23	24	6	56	40	24	13	26	18	18	21	5	6	7
gene5142	18	11	3	8	8	19	8	67	35	20	2	17	12	21	40	25	17	13	24	20	10	1	12	8
gene5143	204	143	112	252	71	221	131	520	200	260	273	188	342	311	119	103	310	145	125	295	190	69	151	159
gene5144	37	11	42	7	7	38	55	119	35	23	26	32	18	19	35	21	62	29	7	29	26	11	21	42
gene5145	456	365	356	389	117	274	132	255	417	322	187	239	397	348	229	205	303	518	207	593	426	237	85	124
gene5146	111	247	103	288	174	147	718	232	227	621	652	340	212	154	233	300	302	557	83	398	159	110	107	163
gene5147	342	158	135	263	166	297	287	512	336	201	358	199	300	275	218	254	191	189	157	333	287	98	248	133
gene5148	99	165	67	98	50	167	205	304	154	261	165	107	156	99	74	115	192	248	83	190	303	71	108	85
gene5149	232	173	184	168	164	326	258	721	438	219	405	315	289	410	448	171	277	354	144	462	217	185	158	197
gene5150	42	26	8	8	17	28	4	64	20	13	45	12	29	43	22	14	27	18	23	6	22	20	14	7
gene5151	10	2	13	8	6	5	7	16	27	16	29	6	12	3	4	13	32	28	7	13	8	3	14	5
gene5152	50	30	13	44	21	27	103	55	38	23	27	21	58	83	28	56	61	47	36	23	40	29	15	12
gene5153	798	497	435	642	456	916	837	1263	592	750	689	638	702	1266	936	402	988	528	636	713	708	470	341	305
gene5154	125	78	65	124	96	98	137	118	121	102	135	83	122	89	135	96	122	246	56	135	133	82	82	146
gene5155	99	70	115	63	144	81	97	130	62	53	109	96	211	131	164	52	84	110	28	103	130	28	42	64
gene5156	126	83	94	75	40	100	139	158	86	20	113	59	87	76	178	54	95	34	23	142	123	16	98	64
gene5157	174	99	111	171	59	47	165	257	248	108	184	119	119	138	142	100	53	137	40	115	199	46	76	80
gene5158	297	277	262	213	78	462	286	226	773	406	314	137	176	304	256	258	302	518	120	373	202	155	54	179
gene5159	117	22	83	113	83	90	139	307	126	362	494	77	264	55	336	165	96	108	77	371	109	76	153	385
gene5160	342	655	732	513	476	640	261	987	831	397	741	230	1607	968	726	622	1088	1233	840	893	1087	315	443	275
gene5161	512	770	2656	517	994	198	703	94	4719	2448	1205	89	537	1284	309	276	442	884	271	197	1065	962	1282	368
gene5162	694	571	525	720	626	559	731	1429	1032	479	953	428	836	425	975	602	851	659	361	850	768	490	244	535
gene5163	196	118	89	170	75	202	188	130	134	75	130	129	169	364	145	97	109	225	135	233	113	144	211	71
gene5164	1828	1091	1525	1608	592	940	1025	1576	2174	797	1419	1100	1441	1320	1265	292	1294	1209	1061	926	756	746	1052	509
gene5165	162	81	118	102	96	147	159	203	257	139	244	186	186	266	153	68	235	231	65	267	182	78	127	105
gene5166	263	212	230	103	125	228	188	214	152	186	171	172	307	128	279	159	172	222	92	343	271	87	120	271
gene5167	97	59	145	169	136	254	71	462	181	127	193	111	117	282	167	113	202	237	65	157	117	40	36	79
gene5168	390	308	236	280	99	330	521	1001	465	820	725	334	419	364	449	324	147	200	74	86	177	23	90	96
gene5169	34	54	33	18	31	44	60	104	101	60	89	31	55	69	50	40	52	94	47	113	56	53	51	61
gene5170	16	26	14	32	38	62	65	115	29	64	45	30	96	12	27	37	8	9	28	54	35	9	52	24
gene5171	2214	1202	1081	1108	1033	1648	2590	4486	2723	858	3023	1117	2651	1812	3103	1810	838	1658	1214	3614	3008	868	513	1041
gene5172	24	20	18	4	17	7	3	22	24	27	35	4	42	22	18	5	10	10	2	30	9	11	7	1
gene5173	1422	911	966	1262	539	995	1034	589	1394	857	2883	990	1370	1294	964	812	878	1259	236	1380	917	402	955	329
gene5174	8	0	3	2	5	19	2	13	3	11	18	4	13	6	1	9	8	3	6	12	12	3	2	11
gene5175	2486	1527	2791	1813	1391	1562	2105	4223	6418	4497	3345	844	1799	2257	2862	1650	2198	3569	1486	3561	2479	1333	1102	1213
gene5176	136	113	77	141	40	103	151	170	58	105	175	51	297	20	140	189	73	174	127	99	138	99	47	117
gene5177	7127	1979	3159	13786	2442	8062	5264	3746	13900	3930	16728	3771	4289	5608	8674	2453	23079	21387	3017	33404	23401	4674	6225	6119
gene5178	413	184	123	303	221	258	203	408	483	166	382	237	432	148	239	142	423	238	57	299	184	200	146	180
gene5179	79	26	14	36	32	65	49	73	66	55	62	53	83	13	49	61	28	18	13	56	21	21	22	27
gene5180	816	385	140	709	355	516	277	490	1277	404	641	222	501	586	706	287	716	885	573	379	469	269	439	339
gene5181	153	79	162	122	103	280	276	310	72	204	276	160	183	210	289	114	146	199	154	52	431	83	104	77
gene5182	501	227	85	434	242	607	195	685	297	299	602	401	459	638	598	236	250	338	518	1381	367	346	420	186
gene5183	165	228	164	192	118	233	254	254	216	174	274	225	184	216	167	99	131	241	128	251	354	114	129	110
gene5184	822	1078	453	886	810	805	1156	2360	3937	3009	9208	1744	3044	1517	6347	2815	1466	2114	785	700	2146	476	305	563
gene5185	718	322	611	448	489	542	471	1089	706	659	905	408	903	780	538	378	564	789	393	643	568	379	338	502
gene5186	83	73	93	52	30	75	35	63	82	45	32	42	74	66	93	52	68	40	32	111	53	31	27	43
gene5187	258	209	359	164	50	153	155	107	235	67	86	56	224	59	64	120	120	349	71	188	68	66	133	121
gene5188	2600	787	1038	1734	1260	1668	1435	1765	2338	1041	2479	1274	2340	2792	1673	1020	2390	2127	685	2027	1748	782	1330	1328
gene5189	219	172	143	210	149	147	162	394	275	113	190	131	301	128	191	98	134	305	132	224	203	109	152	164
gene5190	863	990	961	522	422	602	684	2069	918	1114	675	429	1133	616	369	339	913	2729	428	754	420	466	826	471
gene5191	808	870	387	244	440	394	429	2199	1183	399	527	715	470	628	317	299	1241	989	400	768	611	300	190	265
gene5192	198	150	154	174	99	49	261	285	431	178	526	122	260	243	267	200	362	159	123	335	313	77	174	143
gene5193	930	379	378	564	145	390	526	598	611	452	769	392	630	907	534	1159	641	527	200	522	356	275	283	377
gene5194	47	60	46	35	32	38	56	45	53	50	139	41	98	50	62	37	47	53	20	76	62	14	47	25
gene5195	121	124	56	78	68	139	207	161	228	73	53	85	93	131	155	120	179	180	85	247	127	61	126	97
gene5196	4739	3300	2128	2843	1368	3942	3691	5402	13764	12486	24231	14412	24765	22549	15310	11448	3203	3895	1227	4911	2448	1488	666	1835
gene5197	256	137	151	150	105	145	185	286	375	133	260	117	180	141	235	93	150	347	125	281	167	67	205	184
gene5198	866	832	658	506	771	1504	940	1151	2010	1730	1300	1396	1277	521	902	445	1482	1001	441	775	535	717	950	483
gene5199	112	42	53	20	60	19	34	37	112	79	151	53	114	46	42	36	77	40	28	22	52	16	77	40
gene5200	13	0	6	2	1	10	0	0	20	0	1	1	5	14	15	5	5	1	0	2	1	2	1	4
gene5201	40	15	33	11	23	23	42	45	47	25	22	14	53	23	40	25	19	40	87	99	107	69	36	51
gene5202	55	105	62	113	60	115	96	86	298	92	112	70	119	95	86	85	49	115	34	116	53	43	39	72
gene5203	27	7	5	9	7	12	16	21	35	7	42	13	13	35	14	7	10	14	7	30	6	11	17	6
gene5204	364	362	399	290	226	321	546	1679	814	499	619	234	377	560	790	251	338	598	197	695	438	293	218	338
gene5205	104	118	93	94	48	189	127	82	179	114	152	70	126	119	105	74	184	252	87	125	89	106	96	120
gene5206	22	26	54	6	10	75	33	51	21	12	24	36	43	86	4	32	1	23	8	11	20	2	4	42
gene5207	895	513	658	932	314	821	638	821	1066	734	663	618	894	813	1015	535	681	975	401	943	827	364	498	443
gene5208	64	34	84	57	46	88	94	118	121	79	116	68	48	145	41	58	61	90	34	183	62	27	50	58
gene5209	17	4	13	27	13	3	3	11	5	21	30	9	15	15	15	15	30	3	9	27	32	14	9	14
gene5210	70	330	8	67	27	70	115	615	283	43	154	143	122	40	93	70	66	106	155	164	103	89	127	142
gene5211	138	64	102	151	115	277	97	126	215	194	250	70	267	258	155	151	187	140	75	82	230	109	46	110
gene5212	8445	8059	2016	1247	4812	5468	10833	4097	2619	6409	3453	818	1944	1629	4164	4223	6133	4916	4232	4997	2252	3626	2172	4112
gene5213	204	152	136	220	186	278	347	365	260	337	262	182	261	148	193	267	292	222	106	168	171	75	185	151
gene5214	32	88	81	106	81	75	123	114	88	82	82	54	106	40	233	70	79	93	26	20	65	40	57	46
gene5215	11	16	25	56	12	36	54	40	58	10	73	14	37	4	24	3	8	10	3	22	57	26	17	9
gene5216	226	124	136	25	13	69	309	243	58	59	228	56	211	277	332	201	399	490	44	317	40	86	93	68
gene5217	41	71	52	52	104	105	91	77	131	173	202	130	303	260	177	119	79	22	12	94	90	62	18	62
gene5218	1553	418	212	311	143	351	498	721	700	688	733	273	813	761	1116	225	1119	630	157	302	458	191	321	175
gene5219	472	161	91	127	82	151	206	343	386	241	546	87	205	332	202	234	145	155	82	321	215	52	131	123
gene5220	2709	454	1201	1038	443	1286	1196	2000	1624	1217	2099	2027	1654	1489	1729	639	612	1134	345	2165	860	237	1298	851
gene5221	188	33	126	234	240	446	144	61	201	181	28	29	489	98	294	170	468	121	43	71	221	101	32	102
gene5222	17	13	5	4	7	17	20	61	22	11	19	5	39	5	7	11	26	41	28	14	12	5	11	5
gene5223	60	22	20	26	15	41	26	53	27	20	67	41	14	17	55	22	37	10	16	36	31	14	17	7
gene5224	274	49	52	34	77	69	93	165	178	63	230	78	187	86	150	118	110	255	15	308	60	5	82	39
gene5225	272	198	213	198	138	247	313	1092	477	177	181	167	157	434	201	128	98	431	224	891	202	53	201	117
gene5226	5143	8679	3204	4689	4373	3150	2946	9417	6005	9673	1430	7196	6055	4588	7808	2193	6925	6028	2404	6513	2404	3002	8855	2093
gene5227	389	150	294	226	239	249	456	565	383	524	376	564	237	821	543	178	149	460	258	622	440	280	373	180
gene5228	629	351	119	107	311	166	290	784	475	214	281	339	150	508	198	764	215	809	207	427	424	360	301	347
gene5229	36	18	18	15	12	13	11	47	19	25	16	8	31	8	12	20	33	15	12	35	13	6	19	17
gene5230	410	42	229	117	19	85	104	444	627	419	162	94	518	336	181	76	467	175	215	408	455	362	313	247
gene5231	43	19	10	13	3	11	11	21	20	1	2	1	47	16	4	9	7	47	8	11	7	0	18	1
gene5232	74	48	28	88	36	53	79	87	65	30	97	35	68	118	42	31	62	60	14	70	35	38	23	42
gene5233	435	402	159	530	383	560	375	783	789	617	773	668	863	816	691	320	588	485	349	1152	684	279	396	251
gene5234	1110	412	346	375	378	510	642	1239	1350	669	568	360	674	789	536	669	694	535	322	714	297	418	584	360
gene5235	26	23	32	39	38	45	26	100	89	110	120	47	85	115	33	66	106	83	34	164	36	49	44	21
gene5236	79	53	37	47	31	90	35	42	91	79	74	26	79	60	30	31	73	73	34	90	48	19	26	37
gene5237	89	84	88	112	80	85	51	236	126	54	92	82	67	37	93	61	175	147	112	296	140	232	77	143
gene5238	2305	2452	2529	2359	1719	2983	2431	4875	4785	2382	3436	1718	2637	2988	2426	1840	3290	3654	1305	3926	2437	1585	1513	1826
gene5239	0	0	1	0	0	0	0	2	3	0	0	2	0	1	1	0	7	3	0	0	0	0	1	0
gene5240	99	72	81	149	34	48	95	184	110	83	150	121	182	133	50	62	156	191	56	162	83	123	40	70
gene5241	1489	653	674	736	259	1305	186	2678	1023	257	981	374	1871	1093	2080	154	1093	1370	238	715	585	495	342	341
gene5242	156	83	82	64	70	70	61	85	162	74	119	54	96	130	83	68	120	87	45	166	99	57	53	56
gene5243	23	10	10	34	14	28	19	31	8	22	19	11	23	21	30	14	17	21	16	32	37	15	10	19
gene5244	270	180	575	357	283	278	276	384	373	716	465	240	469	261	334	323	590	357	183	305	307	218	290	320
gene5245	602	627	410	304	284	309	313	355	545	218	1628	339	1374	274	579	333	616	392	252	205	453	417	248	170
gene5246	24	32	5	32	4	9	23	15	49	27	23	17	20	15	6	22	40	12	6	40	19	2	7	3
gene5247	166	39	81	64	29	35	32	97	117	65	134	51	73	59	141	51	44	59	33	90	81	81	51	65
gene5248	491	267	414	832	113	684	202	523	340	256	1243	343	771	420	84	349	398	58	135	426	286	28	243	296
gene5249	46	33	43	19	13	24	40	62	36	40	98	32	48	31	33	24	50	13	17	60	50	35	31	9
gene5250	97	103	115	155	26	100	52	237	139	96	191	53	171	153	175	25	101	185	77	62	111	56	98	71
gene5251	64	57	69	58	78	129	92	183	154	96	104	67	104	34	50	49	84	88	39	168	85	45	90	48
gene5252	94	63	34	89	78	134	113	128	134	172	102	89	161	64	109	68	65	45	40	52	140	69	73	23
gene5253	103	81	49	93	74	79	58	161	119	52	93	81	178	78	158	112	125	56	48	171	111	49	59	26
gene5254	840	1140	875	940	667	1183	545	1481	2045	890	1813	906	1218	1540	1097	1036	1265	601	601	1573	760	534	455	864
gene5255	960	675	685	592	404	707	918	986	1132	625	1264	486	910	1031	941	670	830	623	258	1118	787	487	582	540
gene5256	600	179	154	248	233	294	274	150	582	151	254	200	407	292	191	199	252	204	142	425	356	131	203	215
gene5257	82	62	37	21	9	32	91	268	27	85	226	79	5	169	5	46	204	34	41	219	22	78	40	85
gene5258	4	19	19	20	0	20	13	18	5	8	24	8	5	8	12	6	0	13	2	18	17	4	9	3
gene5259	69	19	25	19	11	24	10	26	49	21	13	7	40	18	32	25	23	24	14	35	38	14	6	4
gene5260	954	392	936	848	345	579	726	1159	626	387	603	557	458	655	527	296	1152	957	385	971	1101	237	304	848
gene5261	49	19	28	24	10	11	31	28	37	36	71	19	13	28	23	20	54	18	12	28	14	15	6	16
gene5262	46	79	64	62	31	91	64	152	186	47	109	59	114	79	56	70	33	61	75	128	91	75	74	14
gene5263	957	423	596	948	641	1032	1147	1575	1147	566	899	794	1114	1110	1033	835	839	695	361	1291	1043	501	624	616
gene5264	11	10	7	10	8	19	10	33	57	33	11	10	23	24	13	2	7	5	12	16	21	10	5	12
gene5265	2219	1662	1273	1275	1077	1635	1541	2542	4329	1937	3332	1452	2289	2672	2777	1315	2615	1904	1172	1955	1912	869	1521	1286
gene5266	72	72	140	84	87	89	114	123	171	79	120	96	118	131	140	149	120	112	76	167	142	35	119	66
gene5267	5	0	0	0	0	8	18	2	2	1	0	1	0	1	0	0	0	6	2	1	0	0	2	0
gene5268	44	10	25	35	18	26	27	70	39	46	19	7	63	89	9	10	14	6	18	77	16	12	9	3
gene5269	98	94	55	102	49	59	68	150	172	45	130	45	123	179	101	95	68	61	18	50	52	13	53	66
gene5270	1265	933	1323	863	919	1170	1841	1390	2087	574	2057	930	1110	1865	2120	530	1271	529	686	1272	1104	755	841	977
gene5271	676	649	380	815	480	831	910	1370	736	409	979	878	980	774	1150	519	1557	1678	650	1351	1715	525	553	582
gene5272	495	240	288	365	356	340	595	831	610	589	948	213	417	747	455	181	268	249	146	817	680	220	244	328
gene5273	276	198	244	239	196	223	109	185	310	288	292	130	307	327	185	135	254	248	113	254	349	125	178	130
gene5274	51	136	110	161	140	122	75	121	156	106	83	72	105	41	269	42	114	142	68	92	302	95	69	39
gene5275	113	72	37	33	47	41	27	91	46	27	82	68	52	53	52	37	13	80	29	28	53	36	49	26
gene5276	31	28	24	23	9	19	39	58	20	7	27	20	28	16	30	14	46	14	11	12	12	6	11	7
gene5277	617	774	443	622	544	442	391	881	1152	964	1519	573	698	853	1280	249	867	1059	348	987	833	389	194	215
gene5278	389	72	75	193	71	171	146	534	442	114	191	39	95	149	70	45	170	265	94	247	58	79	77	70
gene5279	590	220	210	1099	381	1021	294	728	366	367	555	493	1124	521	683	661	920	972	310	1206	876	407	524	363
gene5280	3791	5439	5885	6214	4372	3525	3353	7858	6242	4231	6128	4795	8072	8929	12839	2694	2019	6086	2748	4999	12981	4931	2704	2548
gene5281	274	203	161	331	121	181	650	476	449	219	307	286	104	203	142	85	367	285	53	245	497	159	172	226
gene5282	116	71	93	65	92	169	184	207	82	24	273	60	189	109	182	30	185	205	35	72	172	23	94	82
gene5283	585	394	152	728	249	222	472	2021	641	858	669	457	365	213	682	115	685	778	304	541	496	202	251	158
gene5284	49	61	53	34	8	36	47	95	89	20	133	26	100	21	19	16	109	87	36	84	70	7	62	48
gene5285	148	102	44	170	130	481	281	446	524	155	825	66	394	654	169	160	235	407	248	297	348	53	239	157
gene5286	2034	1506	995	3067	2095	2404	3161	9141	2148	3880	2961	1062	7687	4926	5076	5546	2930	2518	2232	2886	2136	2313	1759	2352
gene5287	30	37	32	32	12	20	41	116	129	24	63	23	21	28	78	22	42	59	21	29	37	16	24	32
gene5288	33	24	10	7	28	27	30	56	46	36	65	7	19	28	27	17	40	30	17	27	36	10	14	18
gene5289	16	15	32	9	12	24	6	35	36	9	25	28	7	32	43	32	13	24	18	21	25	8	8	4
gene5290	957	812	706	962	859	921	706	2279	6016	3470	2890	1464	2253	4967	3551	1596	491	860	547	2131	572	432	353	823
gene5291	394	220	380	482	305	441	176	513	368	288	319	209	859	791	265	218	504	273	220	613	561	264	255	117
gene5292	1525	625	953	892	342	868	602	1171	793	1377	1075	604	1565	917	395	458	1720	985	522	1396	1079	512	803	206
gene5293	541	202	334	662	325	456	410	656	647	400	718	430	831	623	378	398	423	440	270	789	467	320	193	198
gene5294	526	82	126	181	157	136	256	232	474	132	344	248	110	395	204	170	213	249	27	179	217	127	129	196
gene5295	171	113	94	103	104	157	235	192	420	159	228	134	197	245	343	129	295	203	103	283	173	84	96	124
gene5296	12	233	126	202	90	106	247	177	66	106	108	143	134	167	116	129	103	50	271	376	19	15	154	25
gene5297	19	7	37	33	27	46	51	18	64	94	69	31	18	51	58	19	69	78	35	70	54	20	15	21
gene5298	288	138	128	143	111	155	142	261	320	114	132	104	299	150	184	106	157	146	40	252	153	86	69	133
gene5299	85	50	49	90	46	90	39	83	116	104	137	64	120	74	80	27	67	83	59	115	52	67	34	28
gene5300	276	318	332	344	287	290	298	263	833	621	1230	426	852	236	463	526	676	273	195	274	467	314	251	176
gene5301	37	9	15	18	18	0	8	16	71	34	34	30	15	17	19	3	22	24	13	40	39	1	13	9
gene5302	16	13	8	30	5	4	6	42	15	23	13	9	7	5	5	29	2	11	5	9	4	3	3	13
gene5303	1958	910	738	1761	1349	1020	1267	1544	2815	1236	1111	564	1734	1397	1739	958	1861	2461	1043	1733	1045	690	1391	908
gene5304	80	41	85	125	75	69	66	125	135	46	127	91	66	75	257	78	16	79	90	112	48	5	39	37
gene5305	1557	796	871	699	508	696	1002	2562	1216	1223	1785	418	452	699	1141	1143	1534	849	430	818	1808	523	955	854
gene5306	789	772	574	361	210	857	929	1126	892	757	1189	592	1050	887	759	500	1104	519	235	710	717	255	687	1006
gene5307	35	20	37	19	52	38	25	91	114	31	78	14	27	59	37	23	23	43	8	34	33	14	5	45
gene5308	24	13	4	22	20	39	14	98	40	17	58	32	29	34	35	34	18	29	7	53	50	8	22	5
gene5309	26	33	25	49	33	43	55	72	78	51	18	23	50	114	64	60	62	38	25	95	47	37	33	19
gene5310	3	12	17	0	26	2	1	3	9	0	1	3	4	5	4	15	22	9	1	2	13	1	8	1
gene5311	302	146	219	196	259	125	340	375	341	186	323	165	201	485	430	133	360	352	108	221	220	120	115	190
gene5312	29	55	54	49	18	39	58	123	113	23	116	44	28	47	17	32	53	61	40	38	13	28	54	44
gene5313	10	6	19	12	6	13	17	19	15	9	11	4	13	2	17	13	15	12	6	46	2	14	11	9
gene5314	52	7	27	4	46	17	16	26	12	65	56	27	43	46	59	49	71	48	25	31	48	14	23	11
gene5315	739	914	801	997	495	643	1030	2298	1234	1151	1264	788	816	1188	1210	563	884	1140	496	1870	1228	545	864	501
gene5316	751	613	532	691	410	660	556	837	1676	678	1466	589	1055	646	733	519	742	986	247	1202	879	349	397	533
gene5317	1278	983	790	502	438	1035	615	1112	1982	1001	1218	731	886	928	700	688	947	804	615	1131	986	536	1157	518
gene5318	58	39	54	34	17	22	77	87	38	41	14	51	107	17	109	18	76	10	3	77	115	11	38	34
gene5319	2764	890	716	925	1040	1040	1383	3230	2701	1268	1988	1431	1487	1428	1099	887	2808	2043	571	2192	858	470	1281	913
gene5320	54	10	17	12	23	30	21	29	47	37	17	10	14	24	75	44	72	27	24	46	10	6	39	33
gene5321	226	536	308	307	414	371	107	761	596	280	680	303	163	424	74	293	445	488	174	486	751	205	173	240
gene5322	25	58	104	78	33	76	12	45	74	95	12	13	3	65	136	94	62	58	9	21	90	121	13	23
gene5323	1490	1339	1097	845	953	890	1498	2168	1920	1107	1519	1277	2100	1610	916	1090	1232	1172	761	1494	1273	661	820	628
gene5324	447	218	312	390	355	574	265	365	611	391	641	278	541	539	378	330	446	419	284	498	341	150	202	206
gene5325	51	3	3	7	9	5	14	16	16	15	1	3	2	9	14	5	9	16	2	0	10	10	4	6
gene5326	1399	1388	685	1177	786	1100	993	1725	2568	1315	1693	1002	1597	1595	1519	1383	1981	1418	545	2022	1448	691	757	981
gene5327	45	32	59	11	33	97	48	96	184	63	159	21	96	86	64	61	52	38	35	55	59	46	74	65
gene5328	63	93	27	97	78	56	68	36	40	57	44	20	95	56	48	35	58	39	6	87	121	28	39	29
gene5329	111	53	99	47	39	18	70	48	223	104	99	97	37	49	78	15	68	57	32	90	52	63	36	37
gene5330	11	16	19	24	8	13	10	27	19	32	43	15	37	28	20	5	81	23	23	33	102	37	17	12
gene5331	106	37	40	44	31	55	32	58	49	50	55	35	79	56	24	42	49	51	37	59	70	28	26	14
gene5332	35	6	19	19	17	18	4	24	7	19	83	5	18	11	5	6	12	25	8	6	40	7	20	1
gene5333	2051	1301	1223	1913	1272	1949	1067	1904	1671	2361	1560	2048	3112	911	623	460	1837	595	881	1436	1538	1120	574	890
gene5334	112	110	43	75	144	60	137	137	171	57	232	89	225	77	27	81	139	122	37	194	60	58	81	75
gene5335	6	1	5	3	2	5	1	6	10	5	6	2	0	7	8	6	10	0	0	4	2	0	4	0
gene5336	34	18	33	11	12	13	17	12	37	40	10	14	42	5	31	15	11	39	14	12	20	11	7	7
gene5337	213	125	29	30	11	52	56	21	120	202	80	59	27	184	111	66	103	21	57	66	66	49	64	40
gene5338	3	0	3	0	0	3	5	0	0	0	0	4	0	0	3	1	0	1	1	0	11	2	7	4
gene5339	2	0	2	2	2	2	2	0	6	0	2	7	5	4	17	10	3	3	1	3	5	0	0	6
gene5340	5	3	3	1	11	0	9	22	6	6	1	0	4	8	10	3	5	10	8	7	6	1	2	4
gene5341	575	698	216	705	425	408	843	1148	830	377	927	664	1138	1074	500	178	583	866	472	409	801	223	273	680
gene5342	328	185	183	161	177	134	300	384	234	276	346	196	282	255	60	44	250	274	246	338	72	157	181	272
gene5343	160	60	56	46	72	75	154	96	89	136	118	70	171	96	95	75	182	55	42	144	122	39	90	64
gene5344	18	12	11	4	5	12	14	33	53	20	33	19	28	32	21	37	3	12	10	17	18	2	12	13
gene5345	30	86	49	67	23	72	58	101	205	68	55	33	67	79	73	18	76	73	34	45	63	28	51	27
gene5346	8	13	20	27	14	26	39	15	47	9	13	3	18	16	35	13	7	33	18	16	18	3	25	4
gene5347	223	405	99	100	67	184	110	483	241	130	1115	167	63	36	87	44	238	293	7	31	143	76	44	189
gene5348	301	234	201	197	204	260	520	758	456	268	412	220	416	324	339	292	262	383	162	446	214	128	341	255
gene5349	117	97	71	130	88	119	117	177	133	199	88	50	105	156	95	81	147	38	32	83	85	75	105	57
gene5350	235	160	145	202	156	77	183	355	387	209	366	120	298	228	273	109	144	272	84	206	231	171	171	134
gene5351	680	472	676	421	1073	1803	431	462	1880	492	1222	300	335	128	967	117	777	1394	444	1302	1127	570	236	271
gene5352	143	74	42	111	88	78	127	121	166	54	100	19	50	60	73	37	333	123	97	214	142	29	36	93
gene5353	30	7	19	13	25	16	9	46	19	35	15	14	26	29	61	34	29	11	8	61	30	10	22	12
gene5354	3220	2208	2475	1617	1273	2616	2955	4095	5079	2662	4652	1961	2505	2257	2803	2286	4079	2509	1291	2823	1612	1567	2060	2398
gene5355	263	196	74	127	64	147	308	322	154	264	123	94	188	201	180	83	262	136	107	157	110	68	163	110
gene5356	49	28	47	57	131	63	54	60	81	57	155	22	99	119	62	56	68	51	50	81	86	31	16	15
gene5357	50	110	56	110	98	94	69	355	252	77	190	77	134	106	49	61	141	154	37	95	79	26	140	87
gene5358	129	297	13	465	224	232	87	287	318	129	388	64	169	88	196	116	154	163	69	189	345	182	80	115
gene5359	34	180	10	59	118	53	55	26	59	44	46	56	108	151	201	96	37	41	22	70	101	25	96	36
gene5360	60	29	52	25	11	26	20	103	74	34	98	35	52	67	30	38	33	50	32	91	65	16	32	35
gene5361	408	217	319	285	275	313	354	880	638	339	502	346	479	470	347	142	429	310	183	593	418	233	300	219
gene5362	117	47	85	131	106	73	164	173	74	84	120	32	66	58	95	66	260	95	120	138	113	49	51	100
gene5363	37	46	63	61	8	33	68	74	39	60	75	25	24	61	50	22	25	45	13	37	48	32	47	55
gene5364	9	2	15	4	1	4	6	0	3	4	1	0	0	12	8	1	1	8	3	27	0	11	6	2
gene5365	30	41	63	16	75	66	46	12	36	63	20	42	70	73	121	33	83	64	66	8	128	20	37	95
gene5366	179	104	167	281	62	142	146	79	102	222	196	454	239	206	360	261	161	256	197	423	244	162	368	222
gene5367	356	142	345	383	235	360	283	401	138	77	72	79	77	72	82	61	344	415	334	612	170	134	435	281
gene5368	34	3	6	18	11	28	54	14	54	0	12	19	9	134	1	9	1	1	5	20	27	29	15	8
gene5369	837	1181	587	795	1853	1126	609	2062	2848	1442	1222	1606	2255	1161	1119	635	1787	596	876	2156	2044	737	346	1771
gene5370	10	8	43	30	9	29	14	33	55	44	6	22	30	25	17	26	52	15	22	22	12	17	19	18
gene5371	55	23	22	44	32	61	60	111	97	46	106	39	78	50	90	22	55	35	36	44	47	24	34	37
gene5372	140	113	103	180	102	119	92	401	196	193	239	116	232	219	251	141	193	250	102	301	160	103	123	68
gene5373	184	148	371	719	150	177	352	290	298	254	226	298	976	270	400	175	317	116	177	385	178	167	144	86
gene5374	150	42	123	127	153	36	160	207	251	141	202	150	243	312	58	117	74	134	23	209	217	39	105	64
gene5375	23	24	43	38	38	50	63	58	61	32	71	25	19	55	60	46	36	49	40	60	38	26	38	30
gene5376	6	7	18	1	11	4	1	3	5	1	47	0	2	8	5	2	5	11	4	16	8	0	5	5
gene5377	47	17	10	7	7	17	28	23	23	24	28	13	26	35	49	36	38	27	5	28	15	16	6	9
gene5378	246	227	119	84	116	98	146	219	346	151	219	182	317	182	293	140	246	268	126	253	169	210	105	138
gene5379	170	168	213	186	243	145	189	264	348	265	278	199	168	211	232	211	336	287	130	380	240	125	227	143
gene5380	222	155	156	126	134	198	192	224	372	156	240	150	137	149	157	131	318	254	108	225	116	120	139	74
gene5381	55	28	108	133	172	213	101	308	94	12	225	150	356	112	78	21	176	39	54	123	170	62	41	34
gene5382	93	114	228	67	78	104	85	184	163	127	126	86	126	157	122	47	146	55	54	131	54	105	38	71
gene5383	217	92	251	149	186	117	103	157	126	126	56	192	116	197	109	186	278	46	115	85	116	118	42	144
gene5384	28553	7082	6316	5218	16496	17333	17338	10805	32460	19767	31439	9533	17916	20507	19263	6179	2594	4274	1814	16799	6326	3282	4242	2730
gene5385	75	121	101	121	138	188	51	168	128	98	241	155	254	101	130	37	148	123	56	206	141	88	86	42
gene5386	7	42	11	54	15	59	11	6	34	26	62	26	48	18	19	37	58	16	19	18	19	14	23	23
gene5387	541	281	590	595	487	202	788	1192	607	1015	1734	737	394	797	562	985	379	498	426	948	415	560	626	417
gene5388	1724	1376	1414	1249	468	1153	744	1473	2467	1749	3068	1053	1825	1981	1243	570	1488	852	957	1415	2787	616	546	987
gene5389	594	233	576	567	261	433	316	1392	784	548	686	396	373	394	607	291	654	513	342	1264	518	223	487	354
gene5390	175	71	82	137	50	59	95	199	317	109	148	123	96	157	82	79	118	98	43	169	103	56	79	96
gene5391	16	4	1	5	11	13	14	17	6	7	23	10	29	20	4	5	6	0	12	5	3	5	4	3
gene5392	482	516	437	270	197	636	421	723	824	461	687	297	634	526	587	367	659	344	188	445	640	250	196	223
gene5393	1278	631	200	942	1860	664	1462	1371	1706	2936	1007	623	3338	1044	843	1270	1620	454	392	2261	853	311	848	1247
gene5394	19	17	9	12	5	17	50	48	25	14	16	10	13	27	15	25	16	25	9	20	20	7	6	11
gene5395	16	20	15	12	8	22	24	35	59	31	20	9	22	77	19	18	40	28	16	8	27	19	13	21
gene5396	29	13	50	25	10	43	22	89	40	30	75	11	15	52	61	21	97	68	7	28	49	3	14	44
gene5397	30	16	25	23	8	33	9	66	26	30	54	11	19	15	38	32	25	52	25	92	23	45	13	19
gene5398	99	49	115	85	124	150	100	136	350	123	324	63	216	92	79	134	158	240	42	156	306	78	14	83
gene5399	1	14	0	0	4	0	1	10	6	13	1	6	5	1	8	3	3	2	1	12	2	3	1	2
gene5400	249	110	190	129	136	192	83	328	384	130	279	115	304	129	141	174	202	263	85	216	119	143	101	86
gene5401	103	62	36	46	70	33	79	130	137	40	56	70	144	65	83	42	40	24	42	113	176	5	48	53
gene5402	1391	1285	584	785	565	1273	753	653	1081	959	1282	1658	2896	741	1092	569	1365	1202	551	661	1222	559	588	475
gene5403	26	19	28	43	18	14	17	54	38	23	18	19	9	26	44	39	11	40	16	19	22	7	11	17
gene5404	2517	1728	3611	779	770	2042	2846	2564	1756	3536	3832	1491	2026	1577	2004	1546	2963	1955	954	2277	1184	479	3208	806
gene5405	72	63	75	102	45	25	69	371	323	159	388	83	442	103	84	148	81	40	29	104	95	29	46	73
gene5406	235	88	99	84	67	168	123	253	232	92	174	59	177	174	132	180	123	106	96	189	131	116	208	89
gene5407	138	27	44	36	5	76	63	13	143	16	138	1	124	54	125	4	134	97	30	68	34	19	10	59
gene5408	6	1	1	1	1	2	4	0	9	1	11	0	7	9	1	12	7	12	6	10	21	4	4	1
gene5409	3	3	0	20	4	11	2	12	11	5	13	10	30	47	15	10	23	14	14	36	6	15	1	10
gene5410	237	119	71	278	104	77	307	307	467	116	174	128	119	184	190	37	214	176	39	139	209	61	68	73
gene5411	156	133	64	126	97	119	149	193	150	182	142	126	81	108	94	181	126	137	105	341	181	52	139	104
gene5412	955	795	992	540	656	405	454	816	2904	953	1320	1034	1541	1173	733	484	3355	2208	1483	2985	2420	751	1774	1028
gene5413	115	89	120	25	53	122	57	195	120	90	64	52	55	27	75	61	138	128	71	138	115	25	51	79
gene5414	950	826	763	819	424	905	851	1326	1442	1250	1184	1041	716	1637	690	946	1255	901	782	1504	909	571	665	494
gene5415	2252	967	1176	660	339	1391	1282	6179	2771	1888	2119	927	1326	1251	2066	1586	2203	2231	604	1903	584	1457	1081	965
gene5416	194	135	174	218	152	270	175	145	369	211	304	102	250	160	310	139	303	195	100	289	235	227	159	136
gene5417	661	561	392	562	522	372	505	1348	276	359	653	664	684	1001	824	656	289	1662	493	824	465	318	358	642
gene5418	50	52	37	75	85	84	137	101	85	87	177	56	112	104	111	100	128	153	33	107	80	31	31	38
gene5419	9	2	7	6	3	12	8	6	2	7	35	11	30	10	13	5	46	53	32	45	38	29	33	24
gene5420	341	127	58	101	13	68	63	53	70	38	64	170	113	17	6	26	285	118	21	51	239	40	110	178
gene5421	131	107	56	34	47	56	76	192	321	62	85	70	148	160	144	55	144	141	62	146	76	36	65	29
gene5422	7	19	21	22	4	2	25	72	8	7	25	3	56	13	17	60	18	10	11	27	14	21	32	9
gene5423	132	56	49	86	44	51	177	38	298	108	180	107	114	137	139	135	86	165	45	292	128	35	82	90
gene5424	1223	1227	1350	1709	1593	1125	779	1832	1444	2201	1387	909	2431	1701	1747	726	1360	1212	697	2486	2558	700	1088	1163
gene5425	100	56	50	65	39	94	54	68	61	76	67	39	66	102	58	63	105	43	43	81	75	61	17	33
gene5426	3446	2966	1295	2901	1831	1886	2087	4304	4412	2107	2738	2389	2252	3274	3648	2929	3744	2271	895	3771	2843	1506	1790	2386
gene5427	24	8	6	9	40	38	14	35	60	18	78	39	37	34	29	28	45	24	0	12	45	6	31	2
gene5428	15	18	12	7	4	2	25	2	13	18	7	12	19	10	19	4	8	11	10	2	12	3	33	3
gene5429	24	5	8	5	6	6	14	27	8	19	18	12	4	9	14	8	11	13	11	16	10	7	6	8
gene5430	152	170	48	245	334	111	110	66	582	342	218	118	254	399	261	368	78	214	111	218	429	88	259	75
gene5431	116	144	97	52	25	44	71	177	67	43	74	57	65	42	61	39	51	54	27	127	84	14	38	51
gene5432	203	113	138	109	76	99	212	348	170	123	235	55	126	106	219	182	166	204	111	98	130	29	148	100
gene5433	467	810	252	677	329	428	564	805	779	320	1276	420	694	473	1042	530	735	537	414	698	427	132	658	409
gene5434	1419	910	942	1684	709	812	1194	1456	1462	1638	1633	1538	1254	1594	759	978	1144	1196	618	1061	1757	711	849	826
gene5435	81	38	31	38	43	75	55	107	99	64	84	45	79	99	41	14	29	57	45	55	71	26	45	31
gene5436	2532	405	933	738	812	2523	1456	2962	1952	779	1585	813	582	6003	1318	2607	3062	3108	2670	1924	984	343	350	3504
gene5437	77	57	73	123	79	91	94	170	198	120	79	79	62	66	146	47	78	54	38	147	112	81	55	71
gene5438	98	38	21	55	72	98	64	184	171	200	298	91	415	144	132	193	83	71	45	74	50	60	25	48
gene5439	9	3	17	23	13	4	10	25	20	41	1	3	2	18	17	4	9	1	11	6	9	2	10	4
gene5440	17	11	16	14	6	41	20	47	46	90	35	15	14	47	30	15	8	20	13	57	20	6	9	8
gene5441	140	75	196	37	20	102	27	202	39	55	43	47	18	138	68	119	162	16	47	160	291	75	68	86
gene5442	162	83	99	105	92	181	226	335	186	93	143	49	82	43	136	63	285	194	85	199	95	52	169	107
gene5443	45	57	23	7	11	11	42	9	25	69	24	11	10	36	80	11	40	65	16	28	16	21	31	17
gene5444	437	479	544	596	363	137	438	527	3291	1055	1704	484	851	1514	1214	617	959	1197	914	339	687	361	756	540
gene5445	1409	614	666	893	769	1206	629	934	933	1048	1544	736	949	930	727	726	933	1206	608	822	895	482	522	660
gene5446	2	2	10	13	0	20	0	18	8	4	2	16	7	27	6	3	6	4	6	4	0	2	0	2
gene5447	89	39	20	20	34	46	76	37	101	47	187	56	11	35	20	48	57	5	35	81	24	40	32	24
gene5448	473	392	378	353	280	273	360	574	932	603	803	590	565	629	746	598	704	471	281	415	421	290	206	202
gene5449	550	468	307	668	151	679	546	631	769	508	611	233	524	1157	435	357	294	790	386	1439	799	549	301	478
gene5450	240	163	107	169	134	314	180	268	318	181	246	153	310	193	166	140	208	249	69	269	337	93	109	144
gene5451	72	92	45	57	83	126	117	128	107	106	130	84	150	128	140	101	153	78	47	180	135	83	82	74
gene5452	212	106	116	70	79	161	208	212	389	267	538	87	353	306	203	152	56	157	43	190	207	69	103	86
gene5453	354	176	281	120	276	630	167	588	485	73	239	256	746	339	275	75	286	158	94	209	342	97	116	94
gene5454	128	146	95	208	122	148	149	330	387	148	269	126	227	248	277	222	227	240	65	185	159	111	155	132
gene5455	24743	29494	18826	20899	13061	21794	37330	48799	22757	26380	29353	22326	38052	21088	28241	13858	23208	20441	16527	26621	32362	17413	23699	12988
gene5456	89	29	51	19	16	37	33	67	126	50	12	29	14	15	4	17	40	57	24	74	49	35	23	53
gene5457	39	33	27	32	32	36	75	48	94	9	37	39	59	52	30	34	35	52	14	81	54	58	42	17
gene5458	334	348	387	396	421	545	192	608	583	551	383	373	369	674	375	201	578	399	153	1027	461	186	354	155
gene5459	813	779	744	540	613	553	622	2126	1309	728	895	636	797	450	836	536	672	777	328	1305	993	630	380	696
gene5460	148	200	190	138	157	182	121	139	152	37	246	178	347	122	112	312	211	108	74	241	160	135	54	149
gene5461	224	72	113	192	62	114	97	155	92	62	60	37	34	32	46	17	131	167	124	179	124	119	109	70
gene5462	148	86	65	55	41	105	132	310	204	82	169	92	120	94	124	75	63	177	19	94	142	47	97	50
gene5463	1312	161	837	483	527	532	1056	2096	2052	1253	393	1222	1353	972	1877	891	1322	307	555	461	636	522	773	281
gene5464	43	75	44	51	29	106	73	101	68	64	24	11	64	150	44	23	74	90	50	103	86	43	39	27
gene5465	94	76	100	99	58	52	102	138	92	65	138	76	148	72	133	54	368	235	148	177	214	72	114	144
gene5466	1152	641	666	679	476	837	1245	1133	1532	458	1299	727	699	1117	1109	762	653	1439	410	806	708	260	451	389
gene5467	1133	953	567	862	381	1009	1736	2503	576	365	1484	394	1150	1387	771	771	592	701	349	1117	887	523	636	715
gene5468	50	51	47	100	39	51	52	173	55	116	88	54	40	118	65	33	182	76	38	108	53	56	55	53
gene5469	145	107	71	84	65	37	51	121	81	100	73	64	39	76	68	40	86	53	12	167	57	25	55	29
gene5470	1398	1755	1370	1530	1263	1770	1192	2351	1668	1673	2191	1234	2716	1979	1545	1256	1703	1680	843	1920	1208	1261	1266	947
gene5471	1435	1113	729	1469	655	1026	634	2151	1632	652	943	683	2012	2073	902	1100	1865	438	622	2038	847	862	890	629
gene5472	861	441	469	789	577	1000	1258	1705	1800	839	995	523	855	558	1590	1007	1424	1203	499	1447	535	500	554	896
gene5473	14	37	70	46	22	77	26	48	32	52	19	23	80	95	36	34	22	49	23	105	33	10	44	26
gene5474	18	11	16	5	5	17	9	32	17	30	12	5	15	4	1	4	24	47	0	20	4	4	29	5
gene5475	1271	293	386	334	345	356	415	715	753	679	958	527	1130	597	749	336	527	787	293	1089	771	169	310	457
gene5476	149	78	120	194	85	176	169	359	298	138	191	100	208	219	230	149	198	132	83	161	149	122	107	79
gene5477	955	757	675	870	603	647	860	1857	1905	1074	1427	921	1032	1199	892	747	954	1216	594	1409	1438	401	725	755
gene5478	7	17	10	8	10	11	13	31	63	19	8	6	17	15	11	5	23	8	6	24	14	6	11	1
gene5479	2089	1249	5585	1722	1779	3008	1677	3891	2604	4074	2327	1988	5450	2602	2464	1357	5136	2065	1178	4424	2636	1839	1453	660
gene5480	119	170	116	2	34	43	90	135	75	371	24	208	61	15	21	109	75	4	109	122	40	9	61	14
gene5481	88	67	41	145	120	119	182	199	151	103	85	129	208	171	192	59	161	56	62	64	143	66	58	59
gene5482	233	177	159	176	87	128	117	291	383	171	411	186	251	219	207	188	169	246	126	167	208	134	114	188
gene5483	29	34	33	26	44	26	76	123	69	14	78	19	84	69	80	34	13	40	11	9	30	17	27	22
gene5484	153	88	286	173	105	150	45	155	352	91	272	134	143	145	135	86	52	67	52	136	91	30	25	44
gene5485	39	43	34	41	50	41	30	45	77	79	72	117	120	138	194	54	38	55	36	65	59	43	47	36
gene5486	205	140	102	299	260	103	110	553	138	98	185	301	562	485	135	122	149	217	186	258	180	250	54	212
gene5487	74	33	8	50	53	8	38	81	67	35	36	15	42	41	33	52	49	34	17	56	9	13	45	13
gene5488	21	39	9	67	37	32	37	16	108	17	131	28	99	43	65	111	32	60	24	67	45	17	31	37
gene5489	389	396	485	462	314	489	593	990	948	374	441	303	836	243	322	331	1102	735	280	677	804	267	439	223
gene5490	4989	3201	3097	5083	2442	3962	3407	8169	7123	2959	8723	3981	4724	4818	3529	3069	4641	3986	2086	5689	3946	2329	3139	2317
gene5491	115	40	52	61	82	47	123	100	154	99	147	44	127	69	152	58	119	36	60	63	50	83	66	55
gene5492	56	24	34	5	18	46	66	148	44	35	52	8	52	10	78	11	54	77	35	58	17	20	35	27
gene5493	797	528	442	523	439	442	776	1206	875	510	764	500	472	767	954	633	1024	1302	656	1017	922	562	960	663
gene5494	100	80	119	80	43	92	35	128	86	29	17	46	40	97	114	23	64	59	12	93	149	45	107	9
gene5495	444	207	293	428	160	351	431	609	569	247	498	355	488	456	336	244	423	399	147	505	308	264	331	203
gene5496	3	9	16	3	5	17	17	24	12	6	3	11	9	11	8	4	7	17	6	14	11	7	3	2
gene5497	383	255	175	287	242	234	231	638	594	256	425	158	367	287	346	236	639	421	306	625	551	354	560	683
gene5498	10872	1432	361	864	2551	2826	525	9432	13883	2307	2127	8377	5453	3391	610	4829	3750	5141	673	5050	2198	1982	761	1685
gene5499	232	195	178	229	171	198	160	473	347	186	263	158	291	201	212	283	172	354	57	138	161	64	140	123
gene5500	1142	803	635	890	926	997	1028	1185	1806	1957	1658	791	991	1527	1043	684	1492	1397	383	936	1071	531	767	703
gene5501	178	112	54	119	105	120	209	238	326	147	397	169	198	233	116	109	161	165	148	133	273	64	103	56
gene5502	551	782	378	245	336	590	492	446	1565	698	586	374	569	345	447	253	825	375	205	729	682	310	446	341
gene5503	29	69	69	114	31	81	57	115	57	33	53	66	72	122	149	52	64	68	18	82	59	27	43	9
gene5504	71	46	61	93	47	81	73	70	72	47	141	45	82	38	122	56	41	44	18	40	80	35	31	60
gene5505	314	184	338	519	300	275	388	912	431	292	261	349	296	363	457	391	193	261	281	365	439	67	165	192
gene5506	231	291	155	193	112	232	219	652	290	217	249	172	303	413	264	298	519	632	221	315	335	157	349	165
gene5507	1140	388	791	766	611	1003	1374	896	1187	660	1049	557	700	1594	652	757	752	927	487	795	830	406	914	702
gene5508	442	538	525	452	451	463	597	920	258	256	252	199	248	281	158	173	744	330	228	1031	509	328	266	449
gene5509	10	29	21	78	3	41	40	33	21	54	70	8	66	18	47	29	100	50	18	26	36	24	45	40
gene5510	62	42	43	61	71	116	65	138	99	83	85	27	33	97	138	54	69	158	30	73	67	21	94	45
gene5511	100	52	59	101	76	67	134	131	133	219	59	41	133	103	68	69	218	120	46	162	97	45	52	47
gene5512	446	137	291	161	409	710	632	1210	1093	104	250	403	159	404	153	411	494	325	244	575	531	300	218	171
gene5513	2	10	25	6	13	17	5	1	29	26	18	23	9	1	2	2	4	17	8	64	10	2	11	9
gene5514	870	745	418	400	312	479	532	990	1214	1015	832	390	476	791	414	336	791	785	321	658	677	443	333	272
gene5515	190	105	67	131	48	103	151	215	202	144	172	127	179	196	177	172	101	130	42	161	202	63	106	159
gene5516	203	126	112	180	98	122	172	284	264	163	266	138	159	176	301	153	158	138	63	198	279	121	139	75
gene5517	378	312	313	272	306	494	319	813	955	390	640	281	551	403	434	328	423	366	202	741	439	225	311	282
gene5518	87	130	84	181	92	115	152	168	194	171	145	89	177	185	112	119	235	113	80	102	171	63	65	85
gene5519	39	21	27	27	11	23	58	43	21	38	79	20	58	45	67	30	65	40	12	70	39	18	24	43
gene5520	22	46	35	48	14	88	48	36	49	48	51	29	42	89	42	19	219	138	67	67	105	70	118	57
gene5521	64	44	68	24	33	41	45	90	109	45	56	54	87	45	40	36	85	80	30	73	50	30	32	24
gene5522	293	142	124	205	193	157	174	332	441	240	158	141	209	120	168	365	147	291	118	228	202	100	131	77
gene5523	3	10	13	10	7	8	5	5	1	18	43	13	10	6	8	12	13	3	7	12	5	5	1	1
gene5524	5	13	22	16	10	4	16	18	57	8	11	4	29	38	12	20	15	16	4	10	43	4	4	5
gene5525	535	549	404	583	370	397	450	699	1033	487	617	346	503	755	486	586	584	512	313	910	360	202	318	362
gene5526	47	33	29	34	42	79	47	81	70	13	78	11	47	46	50	61	61	19	39	46	30	8	29	5
gene5527	114	62	60	71	42	62	77	45	126	68	66	63	82	143	86	64	31	64	28	77	106	19	45	95
gene5528	12622	3896	4911	1916	3183	5888	5198	7444	9224	5011	8747	2203	3843	4286	2496	3468	7115	4342	1974	3834	2927	1789	3785	1821
gene5529	57	162	158	57	33	73	8	54	122	119	245	10	9	14	56	77	22	26	90	43	29	20	29	16
gene5530	129	82	30	64	40	30	53	127	111	64	110	32	57	79	66	108	42	75	29	65	65	70	43	41
gene5531	399	418	323	331	245	259	152	436	381	254	500	174	436	340	369	165	371	406	121	484	328	147	178	194
gene5532	506	591	346	548	281	486	449	709	711	625	1103	475	865	595	586	407	485	712	293	731	570	204	277	481
gene5533	570	240	378	302	385	685	537	451	202	161	174	65	168	90	199	25	154	424	627	339	332	451	191	159
gene5534	14597	4479	6258	7722	4596	10419	6178	14980	6063	8113	14048	8473	6689	13136	13656	9523	9880	5048	3541	4810	4989	2728	5306	3308
gene5535	2137	2854	1416	2737	1876	5301	2702	3812	3567	1913	2446	2366	2712	2159	1421	1605	3538	2771	2526	3430	3105	1625	1061	2607
gene5536	1071	252	959	1470	414	987	853	173	553	976	519	420	985	1774	703	998	676	556	1062	811	513	74	504	846
gene5537	16	14	19	28	21	12	19	41	51	13	24	4	33	19	18	16	7	14	11	10	8	5	3	5
gene5538	43	76	25	77	32	135	58	114	126	55	70	94	165	146	132	37	70	168	63	133	74	74	59	44
gene5539	0	0	0	4	1	3	2	1	2	0	1	0	1	3	6	3	0	5	6	2	12	3	2	5
gene5540	13	6	6	50	6	6	12	18	11	14	8	18	15	6	8	8	11	23	8	52	16	4	2	8
gene5541	169	85	90	107	102	178	137	323	212	136	329	189	408	158	141	314	190	165	80	215	258	99	134	134
gene5542	255	242	111	149	89	370	331	318	494	250	265	239	423	148	106	243	113	102	220	851	436	173	45	176
gene5543	5	4	41	33	17	10	30	48	39	17	7	22	38	75	10	15	63	19	33	30	25	25	12	6
gene5544	74	67	70	48	19	58	77	66	139	45	110	68	100	79	82	26	97	53	40	64	69	19	76	54
gene5545	656	669	1395	608	2797	1057	1884	4854	15944	5672	9533	7578	14829	2098	10143	4619	896	2273	531	788	1530	659	1232	1735
gene5546	359	93	60	107	92	209	272	252	196	51	71	47	78	152	148	113	153	27	29	91	216	55	62	166
gene5547	1166	645	670	923	656	686	889	1530	1366	690	1045	735	1237	1102	947	557	959	850	530	1376	797	256	460	560
gene5548	261	169	88	262	130	270	340	327	618	202	241	294	337	307	312	205	385	349	110	433	312	139	174	247
gene5549	85	36	62	71	59	93	59	195	77	76	122	21	177	106	113	53	128	44	51	100	142	26	48	52
gene5550	8	7	42	35	21	16	28	26	109	110	41	11	69	22	15	31	41	23	2	13	116	34	25	53
gene5551	234	177	221	94	186	402	160	340	384	259	493	222	369	223	239	125	188	307	57	383	283	207	167	127
gene5552	37	44	79	25	31	108	1	15	43	11	17	12	21	30	34	4	40	58	64	55	54	26	27	14
gene5553	187	115	78	106	89	73	85	168	219	128	146	118	165	199	195	79	160	154	53	134	107	33	76	55
gene5554	40	275	64	472	105	13	345	313	273	140	157	23	447	133	418	258	137	80	143	243	505	107	102	210
gene5555	254	116	59	98	45	33	63	357	172	163	169	61	71	175	326	87	85	208	126	130	330	137	99	175
gene5556	68	86	20	6	29	6	116	103	36	85	11	14	50	41	19	10	24	19	19	75	8	6	16	26
gene5557	35	16	12	21	9	9	9	15	8	32	14	21	22	15	6	35	15	22	23	43	14	10	26	13
gene5558	205	112	215	164	89	113	114	313	274	203	178	104	128	121	160	168	265	367	149	171	169	87	153	239
gene5559	400	132	135	125	406	662	121	762	599	349	338	460	341	416	196	341	521	241	94	333	601	89	193	234
gene5560	287	185	220	167	145	195	285	245	203	345	255	147	416	261	273	254	258	298	111	270	164	107	238	202
gene5561	319	302	314	261	174	292	269	458	746	271	310	131	287	500	329	93	414	254	182	287	181	107	238	161
gene5562	22	22	9	21	19	16	27	67	19	28	10	19	20	16	5	0	24	20	9	19	62	6	6	1
gene5563	69	39	25	94	35	85	55	137	67	70	142	47	72	165	71	40	39	37	22	39	36	9	37	10
gene5564	664	371	342	417	398	537	681	755	746	412	624	330	558	672	350	454	374	341	225	462	286	283	476	270
gene5565	1722	1249	1034	1038	1102	812	617	923	746	528	320	485	660	165	240	244	843	793	581	2822	1228	904	1267	945
gene5566	27	21	16	25	27	47	10	35	40	24	51	9	9	32	22	7	11	37	15	52	29	8	13	9
gene5567	1	7	2	12	1	6	12	34	12	8	9	1	3	5	6	23	9	11	5	7	3	2	3	6
gene5568	324	167	66	155	112	308	138	176	274	138	295	121	282	120	168	55	306	65	69	405	173	117	114	71
gene5569	393	157	174	251	193	177	106	261	240	262	254	118	297	294	122	133	256	255	108	220	293	91	86	205
gene5570	1379	422	603	244	719	345	632	430	469	515	672	459	596	1012	475	437	324	776	160	422	489	382	354	238
gene5571	1528	965	592	1135	706	1044	1288	2543	2317	1436	1442	776	1543	1113	1882	1804	1438	726	354	990	1044	376	832	640
gene5572	106	60	102	115	65	117	51	146	352	92	176	82	111	140	113	111	155	71	55	139	97	46	62	82
gene5573	24	9	9	10	14	19	17	18	8	23	12	9	3	31	13	7	5	10	2	16	30	3	13	17
gene5574	5	11	7	11	1	4	5	72	53	15	8	18	1	8	4	4	1	24	11	15	5	7	8	1
gene5575	7	2	1	15	21	11	2	31	20	11	15	11	7	8	1	22	5	9	0	11	2	9	19	18
gene5576	132	112	94	109	67	215	91	88	264	116	71	30	240	113	159	153	148	77	38	144	71	52	99	93
gene5577	294	295	150	204	146	134	165	432	433	237	292	219	304	303	282	260	244	199	107	254	319	132	207	109
gene5578	7	15	38	51	5	92	20	58	103	242	11	37	100	50	41	27	18	52	54	33	38	5	9	36
gene5579	1281	1268	624	960	572	808	1144	1915	2261	1041	1356	801	1181	1547	2208	1368	908	963	860	1267	1130	559	900	995
gene5580	119	269	125	170	356	181	152	648	767	380	259	225	243	450	373	265	295	300	201	656	310	154	142	180
gene5581	102	42	59	59	9	58	197	96	105	117	228	32	83	41	107	30	59	108	101	153	42	54	51	40
gene5582	597	129	291	423	93	127	388	430	265	146	394	142	215	314	212	169	377	900	204	339	191	74	318	150
gene5583	212	196	153	282	116	290	138	608	333	291	425	244	449	270	327	256	215	321	104	342	308	195	246	164
gene5584	128	87	68	64	39	84	80	166	102	61	120	45	55	75	177	65	85	77	38	62	77	27	91	59
gene5585	287	141	127	272	158	220	238	364	323	205	263	121	304	465	133	181	341	506	172	384	336	101	64	79
gene5586	412	174	657	1111	703	1508	718	1642	2028	852	1036	474	590	918	1279	1080	2136	1504	682	703	358	1015	412	570
gene5587	338	336	274	297	218	263	414	684	1246	460	450	135	689	440	298	122	438	559	443	733	516	380	155	609
gene5588	426	248	179	388	170	516	385	416	390	267	697	245	325	612	316	210	344	342	183	425	534	267	270	353
gene5589	55	31	18	37	34	66	61	72	106	62	94	57	66	56	41	31	86	23	40	96	58	25	23	51
gene5590	386	138	197	51	130	307	134	527	494	239	196	138	35	163	74	126	253	129	72	493	153	93	67	68
gene5591	70	13	18	32	13	23	16	52	33	37	39	7	27	66	36	2	68	13	8	22	23	23	6	12
gene5592	203	146	129	308	245	163	182	143	357	343	614	129	300	257	337	130	111	158	159	251	178	132	182	129
gene5593	94	37	65	45	17	17	82	91	159	68	128	78	151	74	76	115	74	37	49	139	90	47	32	53
gene5594	26	18	20	65	20	22	37	58	26	48	49	14	42	34	16	12	24	37	17	47	38	29	31	22
gene5595	30	7	20	17	6	14	18	50	49	8	40	25	60	12	27	12	31	34	8	42	28	13	37	23
gene5596	205	77	90	215	61	177	164	444	183	163	224	112	149	158	107	64	113	242	106	233	88	91	78	106
gene5597	68	97	111	39	44	105	64	76	151	126	109	57	115	212	122	46	43	121	81	159	138	64	56	58
gene5598	36	41	10	36	19	20	36	25	50	12	21	28	35	50	18	36	32	19	23	53	24	2	15	20
gene5599	125	87	143	198	31	172	128	144	253	136	305	81	466	276	137	28	321	81	4	85	203	65	90	65
gene5600	7840	2311	227	239	1968	3347	1747	3056	3357	2205	8961	401	1656	1124	3204	1615	3827	2814	894	1321	788	317	410	2199
gene5601	1471	2284	1453	1914	903	1105	1931	6552	2250	5298	4130	1293	1902	2140	1079	2572	2613	3493	460	1483	1578	1599	1219	2191
gene5602	30	49	23	67	17	13	52	87	34	26	100	19	41	31	82	23	36	91	11	44	36	17	22	36
gene5603	75	33	23	21	30	56	29	130	70	40	68	20	50	49	41	28	72	15	6	33	28	31	18	11
gene5604	132	145	137	163	96	230	162	386	206	183	85	79	87	147	118	117	205	278	62	218	147	50	133	62
gene5605	65	99	87	39	77	75	77	180	71	63	117	58	146	199	147	55	66	69	45	115	114	66	27	35
gene5606	1995	1834	2345	1412	1328	1832	1249	5158	3472	1056	2069	1941	3269	3116	2782	2147	1450	2435	2020	8215	1995	1681	1410	3583
gene5607	428	139	193	63	232	503	236	179	219	286	93	287	150	178	162	645	127	146	136	674	662	224	150	149
gene5608	676	315	167	75	42	172	326	536	778	302	169	366	321	240	150	433	263	361	99	183	286	358	125	90
gene5609	541	259	222	219	117	163	169	396	712	552	809	124	378	425	249	233	373	430	181	329	349	248	318	244
gene5610	100	65	53	66	65	56	67	91	96	196	52	37	55	67	56	82	212	86	77	92	143	49	67	48
gene5611	430	333	181	245	276	740	749	495	925	131	1753	377	1011	353	494	202	514	644	696	553	1013	191	368	176
gene5612	19	24	10	3	15	24	11	2	7	3	16	10	25	16	16	0	12	27	3	23	37	4	10	14
gene5613	184	165	153	118	55	159	187	264	260	119	138	137	152	166	214	103	147	78	60	257	152	65	71	32
gene5614	1912	1626	857	197	374	1719	1877	2143	566	759	1900	823	1448	483	2707	2581	288	310	1147	2336	301	648	1201	610
gene5615	4	12	2	8	1	5	16	36	22	0	11	4	2	6	6	0	34	17	0	0	7	1	4	6
gene5616	32	20	37	20	29	33	24	36	17	7	10	3	34	41	25	28	12	27	7	4	13	7	13	14
gene5617	27	13	14	15	11	14	22	5	62	8	10	12	16	9	3	8	72	18	12	10	38	5	23	5
gene5618	680	308	296	288	181	244	442	517	432	596	416	68	210	632	186	410	722	869	54	721	525	247	292	337
gene5619	217	69	34	109	70	106	89	204	237	119	114	90	262	62	155	155	83	105	90	185	130	89	98	56
gene5620	71	118	43	71	52	154	149	82	57	61	406	112	284	66	211	31	79	44	29	84	64	111	94	27
gene5621	1032	533	289	178	110	270	413	764	380	949	635	239	577	488	294	286	437	684	213	499	263	211	213	280
gene5622	1	7	1	12	13	6	5	10	15	3	8	0	9	0	2	1	3	9	5	3	8	1	3	1
gene5623	1250	308	527	633	325	335	375	3025	368	536	348	85	739	154	461	185	150	186	366	5220	951	577	353	567
gene5624	43	82	45	68	28	25	56	42	152	42	69	37	85	116	78	63	67	38	51	123	32	27	30	34
gene5625	353	236	168	229	88	227	237	333	424	268	383	192	140	261	251	117	505	270	125	476	355	100	153	132
gene5626	742	590	218	464	281	488	446	1192	863	625	577	297	335	783	468	551	824	1268	492	844	594	402	298	382
gene5627	71	38	22	30	39	59	35	87	53	63	63	23	91	32	29	17	33	72	6	52	11	19	29	30
gene5628	2066	2056	2368	860	877	557	1697	2701	2718	1781	2229	1809	2191	1510	1785	1557	1800	2237	773	4606	1656	1079	1375	1122
gene5629	99	61	43	87	49	143	99	265	270	81	146	37	81	41	117	137	59	52	72	135	156	34	67	42
gene5630	477	438	493	577	279	438	364	755	602	339	633	422	626	613	642	347	721	454	314	603	450	309	280	243
gene5631	6	8	3	7	2	2	6	25	31	1	35	2	5	24	1	3	11	12	4	9	6	13	2	12
gene5632	36	7	29	32	21	8	17	41	97	12	49	12	29	25	13	28	41	35	0	68	59	14	22	25
gene5633	35	121	128	214	116	144	8	569	234	16	16	101	174	21	33	5	92	34	49	70	38	39	9	120
gene5634	1110	615	524	731	266	608	495	692	449	657	841	311	400	668	825	672	564	650	239	654	398	264	317	373
gene5635	270	118	118	102	70	118	113	270	190	169	291	119	101	119	215	134	154	122	101	188	181	92	89	91
gene5636	34	13	13	24	2	11	53	70	31	10	7	4	12	14	9	8	0	5	1	1	4	2	0	3
gene5637	664	127	393	179	181	398	556	735	1039	574	422	277	127	244	208	64	676	437	159	758	535	248	232	112
gene5638	120	135	111	110	171	147	156	288	366	286	510	61	116	146	188	65	221	96	159	98	113	93	107	25
gene5639	776	723	399	412	297	625	674	886	925	918	1034	410	711	588	844	492	683	799	443	665	557	238	381	859
gene5640	268	60	32	76	49	119	79	127	297	112	256	19	93	107	140	62	176	127	8	69	90	55	41	89
gene5641	5441	5143	5519	1262	1262	896	1212	9909	4919	4793	7079	1756	5135	1531	3863	2708	3885	2973	1383	4519	5114	1892	3612	2729
gene5642	18	18	14	21	14	93	20	32	20	19	20	45	16	77	12	1	29	30	3	27	31	18	17	1
gene5643	209	469	176	193	230	307	230	462	334	368	274	233	767	407	456	344	106	313	164	398	342	147	69	152
gene5644	2493	1093	1364	1361	732	1781	1696	2081	2635	1278	1811	1157	3037	1689	1465	1261	1681	1717	942	2017	2445	854	1095	792
gene5645	19	84	44	23	39	19	17	112	115	44	93	19	54	51	58	10	95	67	38	79	64	21	28	33
gene5646	362	526	115	254	1149	728	254	1398	403	358	370	185	479	304	247	185	261	313	141	159	646	91	396	579
gene5647	136	126	118	227	117	172	210	248	274	181	481	291	101	64	269	100	206	195	72	168	148	105	214	144
gene5648	180	118	75	18	66	91	73	131	128	47	44	42	54	74	100	28	99	46	67	123	59	48	59	46
gene5649	2099	1276	1451	1847	1175	1634	2421	4386	2551	2104	3606	1537	3263	2045	1969	1540	2497	2421	1488	2404	1307	570	2483	1370
gene5650	111	63	62	57	92	86	72	93	151	104	76	36	227	93	138	59	167	37	67	113	111	26	100	66
gene5651	16	24	19	83	20	63	29	65	27	32	31	104	31	67	82	26	61	43	28	47	41	24	20	9
gene5652	2	3	15	1	0	2	5	2	13	0	0	2	2	18	4	6	10	5	0	2	2	0	2	12
gene5653	722	492	736	375	566	94	407	566	846	287	1072	492	2145	1261	862	303	339	265	294	381	507	499	581	256
gene5654	37	16	12	21	15	9	2	42	20	16	10	4	21	10	6	8	28	21	7	17	10	1	11	6
gene5655	258	213	290	171	118	235	278	526	507	331	426	139	244	299	352	143	450	332	242	263	281	135	159	146
gene5656	97	42	43	25	232	176	86	187	553	214	382	55	132	94	91	0	45	269	80	410	24	37	109	227
gene5657	1	0	7	1	5	0	0	66	0	0	0	4	2	0	5	0	5	1	0	1	0	8	0	0
gene5658	338	177	50	130	61	165	76	259	310	112	244	135	200	187	151	114	323	119	92	235	107	46	236	56
gene5659	194	110	115	156	113	111	74	125	176	149	242	121	112	124	133	53	233	148	42	253	227	84	46	39
gene5660	686	255	176	223	271	559	304	400	624	209	557	321	429	377	440	595	182	241	148	279	197	168	125	71
gene5661	8	19	25	32	3	5	35	106	45	10	17	7	33	25	67	61	34	32	26	8	14	2	29	41
gene5662	1313	680	977	572	414	941	704	1364	1521	1220	1746	641	961	902	1473	406	700	800	388	1144	1122	572	742	833
gene5663	832	1099	939	468	775	776	883	685	567	424	1412	433	1072	731	640	561	576	2112	176	936	647	378	373	490
gene5664	7719	5609	2939	5988	2897	7210	1138	10031	2094	1881	4203	2250	3335	2859	2928	957	4900	5335	4204	15860	9583	4138	4305	4408
gene5665	1880	800	1018	1289	1059	1171	2899	2672	2029	1517	1596	1054	2052	1447	1182	1273	1988	994	858	1029	1085	698	1283	765
gene5666	56	18	6	35	18	14	113	101	92	43	86	29	39	44	23	47	14	30	9	14	9	3	17	6
gene5667	304	72	51	94	60	168	161	116	161	447	65	165	147	113	204	9	226	178	86	202	137	70	28	97
gene5668	37	49	13	52	18	72	69	43	131	59	62	33	47	48	60	54	49	97	38	43	24	11	29	6
gene5669	36	9	22	21	10	8	12	72	46	2	17	7	35	9	4	15	0	8	4	13	29	2	4	2
gene5670	30	2	13	7	4	4	3	5	11	5	42	0	4	11	1	8	3	0	1	12	14	2	0	0
gene5671	113	136	76	164	40	123	57	100	83	42	180	140	58	92	114	104	219	279	90	155	167	42	225	89
gene5672	26	6	6	19	15	39	16	47	9	11	26	20	6	31	26	9	54	10	5	40	23	19	14	11
gene5673	231	130	98	79	88	45	100	614	536	128	188	168	115	303	165	211	330	44	42	228	313	22	35	7
gene5674	481	271	171	404	385	289	572	597	1049	456	759	272	155	656	453	190	698	327	276	406	552	146	142	286
gene5675	902	481	917	795	408	993	635	1107	942	874	1503	577	1455	905	1018	553	1435	1256	509	1068	1384	580	335	419
gene5676	115	58	112	67	34	87	74	132	100	93	130	117	62	119	107	106	127	103	48	161	145	42	43	49
gene5677	601	795	359	957	921	418	683	880	1162	554	840	488	590	848	953	250	649	1064	410	901	598	308	366	617
gene5678	795	760	343	597	443	526	1191	1032	1238	596	767	647	909	1123	880	427	834	888	448	810	773	450	598	387
gene5679	95	73	107	188	59	327	217	387	187	216	207	105	161	213	163	172	5	11	18	66	19	4	16	26
gene5680	8	79	46	59	27	49	30	36	90	35	90	25	57	184	66	70	52	48	30	73	27	49	82	52
gene5681	454	336	282	787	423	374	518	1935	854	561	364	360	212	621	893	372	824	665	294	1097	547	247	391	594
gene5682	17	0	1	21	9	3	2	19	25	9	5	4	18	5	4	1	12	30	11	1	0	6	0	1
gene5683	1600	753	838	883	828	605	1342	2510	1218	1242	1963	746	980	971	1311	1110	3690	3040	2162	4701	4122	1331	1836	2709
gene5684	880	687	829	617	320	1024	339	728	1342	740	1406	574	1392	639	670	570	997	968	608	1304	1216	551	298	333
gene5685	186	85	119	83	50	111	71	172	318	94	142	80	71	107	39	80	93	89	45	131	134	57	42	53
gene5686	193	118	144	285	187	156	214	456	310	236	208	210	153	233	153	144	242	173	99	324	238	113	137	162
gene5687	8	3	2	0	12	3	7	11	12	40	0	0	1	1	21	5	6	9	8	9	0	5	9	6
gene5688	39	14	22	30	20	11	30	151	160	91	41	32	47	82	34	4	47	44	17	16	20	43	25	48
gene5689	65	33	38	67	48	57	95	112	75	104	49	20	45	90	47	50	111	15	29	62	61	29	17	73
gene5690	1151	2684	2874	2454	1100	2727	3360	4016	4472	2187	2971	1962	2772	2214	2845	1288	2311	2117	1845	2314	4142	1391	1952	1385
gene5691	6	19	8	18	12	17	6	60	25	11	15	21	25	11	11	1	17	7	3	9	14	9	9	9
gene5692	4	41	40	25	1	14	25	56	171	98	168	60	66	33	90	128	20	31	2	37	6	4	17	23
gene5693	582	115	31	92	369	153	271	213	829	206	423	77	331	92	734	105	161	430	54	353	178	165	176	208
gene5694	150	135	262	144	102	308	175	226	302	351	119	191	376	364	245	34	61	288	100	304	291	94	49	129
gene5695	58	23	71	36	71	83	36	50	166	145	74	36	30	19	119	32	44	143	19	43	69	60	5	23
gene5696	151	147	54	189	37	87	93	206	99	163	492	34	124	87	34	52	131	122	2	179	385	104	72	67
gene5697	82	455	543	212	227	253	242	177	748	117	985	733	403	305	290	652	287	257	300	729	396	162	590	123
gene5698	43	42	95	35	56	65	73	204	124	36	73	26	105	32	35	75	127	50	37	88	65	33	42	57
gene5699	601	492	949	608	388	991	581	906	1361	419	720	869	188	984	620	447	1127	503	396	712	992	205	279	651
gene5700	1472	277	665	371	208	160	147	863	1171	1078	561	70	1324	265	1133	147	2260	645	256	985	842	44	136	426
gene5701	2705	2223	1406	2472	1318	2308	2189	4782	3403	2232	2296	1934	1782	3145	3320	2309	2493	2021	1418	3684	2498	1312	2300	1883
gene5702	79	66	43	30	95	58	31	157	144	80	96	83	112	102	60	51	54	131	62	113	78	68	39	32
gene5703	3	35	14	14	3	21	16	36	19	4	49	16	19	26	43	3	33	23	15	35	27	26	11	31
gene5704	166	108	109	258	232	116	75	231	266	55	413	158	170	198	97	160	111	419	65	108	236	109	126	131
gene5705	447	552	287	937	280	411	515	552	469	445	742	394	1084	1952	696	437	542	252	305	742	464	69	428	267
gene5706	1176	748	1770	959	915	838	1063	2375	1541	637	817	798	2220	1478	1214	1003	678	1582	572	1610	1460	811	390	827
gene5707	3090	2666	3600	2914	2474	2899	2358	4000	5201	2589	4981	1552	3538	3673	2142	1979	3704	3365	1363	3925	3474	1881	1199	2185
gene5708	23	0	6	4	2	4	15	2	7	9	5	2	20	10	0	10	5	25	15	7	9	1	0	16
gene5709	107	36	52	128	26	106	81	70	75	48	277	98	86	54	37	36	133	53	76	209	115	41	5	67
gene5710	1287	757	790	1350	856	1309	1520	1807	1452	1459	1957	994	2106	1485	1098	742	1282	977	562	1257	1279	432	799	803
gene5711	22	8	15	41	7	37	23	85	15	31	95	16	41	38	18	33	32	14	14	5	57	25	24	6
gene5712	106	41	81	33	49	50	54	189	96	65	86	25	110	78	59	64	90	91	46	106	39	23	84	36
gene5713	12	30	12	9	15	27	24	26	25	17	13	43	29	15	6	12	24	10	13	31	24	5	3	13
gene5714	30	28	6	19	8	82	8	75	45	27	42	29	6	34	15	13	47	72	73	40	33	2	18	18
gene5715	46	51	21	31	15	42	34	74	27	18	9	3	16	6	6	11	26	49	21	27	28	25	41	27
gene5716	44	26	37	40	44	18	61	72	89	20	26	17	24	21	28	7	72	22	15	52	15	33	50	40
gene5717	308	238	180	320	227	367	378	352	449	305	375	129	369	383	308	272	362	416	132	359	299	178	159	142
gene5718	3	21	3	5	0	9	11	2	0	29	7	2	32	2	3	0	4	1	8	2	2	8	5	5
gene5719	160	104	110	98	123	59	159	363	248	112	152	102	159	109	173	80	166	137	81	144	95	101	61	51
gene5720	1489	1323	1196	1452	995	1641	1463	3069	2777	1370	1754	1291	1528	1487	2162	1490	1364	1217	557	1254	1098	797	1427	1192
gene5721	28	12	19	6	8	11	1	15	4	8	27	7	9	59	28	4	7	27	0	12	4	5	17	14
gene5722	528	269	267	444	260	348	99	291	610	247	394	121	293	263	587	186	358	254	113	249	205	132	195	381
gene5723	42	15	1	11	4	1	47	37	43	27	30	15	54	17	54	10	15	4	5	10	30	10	18	7
gene5724	170	58	66	76	68	47	48	304	236	108	177	38	216	106	64	89	114	78	50	119	26	94	109	84
gene5725	211	181	91	126	106	212	126	313	190	126	323	99	309	274	149	185	189	323	88	275	162	92	80	118
gene5726	1243	510	694	931	319	933	276	1347	743	674	832	276	403	320	819	300	990	675	318	813	365	243	214	487
gene5727	241	192	231	431	60	85	287	204	231	247	130	156	313	363	292	213	220	165	71	364	331	123	112	99
gene5728	27	34	26	30	23	9	5	86	28	21	82	4	34	83	93	47	61	35	18	25	101	43	39	25
gene5729	496	141	305	303	460	347	308	504	1130	680	714	1855	2757	2962	1459	681	608	274	142	409	525	209	196	303
gene5730	29	1	7	8	9	16	6	1	9	5	3	3	19	7	11	11	24	16	4	4	22	3	2	6
gene5731	570	213	274	355	366	369	186	362	260	421	771	228	589	511	163	34	275	212	104	365	734	193	44	415
gene5732	27	8	12	10	17	35	7	31	33	23	20	34	25	32	21	41	25	33	23	16	33	23	34	10
gene5733	22	10	1	15	23	4	13	23	67	5	32	1	10	5	15	15	6	4	19	30	10	12	11	2
gene5734	135	180	42	122	149	311	138	155	353	76	209	120	272	285	151	89	83	198	111	157	366	191	77	137
gene5735	10	1	10	5	2	13	5	5	0	1	0	1	3	8	4	3	5	4	0	1	42	6	3	10
gene5736	45	21	8	17	22	47	54	49	44	11	63	51	66	45	52	24	34	61	22	59	16	27	34	40
gene5737	36	30	22	33	5	38	29	54	69	2	37	14	34	26	34	51	15	22	17	43	81	25	21	27
gene5738	73	26	83	15	13	11	19	18	32	19	8	7	54	18	8	14	12	28	22	39	14	14	23	23
gene5739	208	150	96	135	37	249	127	156	295	276	199	91	146	193	295	101	179	254	174	175	218	232	66	45
gene5740	172	92	165	199	154	168	120	161	299	149	243	207	222	401	100	124	154	161	49	195	195	136	49	50
gene5741	486	150	160	271	224	272	190	749	610	436	549	154	597	309	150	316	277	179	155	686	341	185	271	165
gene5742	453	1858	1413	2711	1888	8965	2629	1466	1353	2007	2965	2129	3144	4227	741	1456	2531	1673	1129	1471	2564	2310	1712	477
gene5743	168	81	81	194	102	75	71	101	222	275	149	82	230	245	131	223	173	76	65	179	230	40	42	50
gene5744	3609	1443	1050	2336	1883	3993	2098	4236	5717	3026	5630	2050	3774	4579	3267	1365	2480	3917	1768	3277	4303	1633	1566	1151
gene5745	6	9	12	16	14	8	4	6	0	1	5	1	10	4	3	11	6	14	1	2	31	2	13	3
gene5746	9	8	4	2	11	10	2	25	7	13	16	19	7	7	4	15	6	2	2	12	6	1	2	2
gene5747	19	25	6	7	15	20	14	36	10	24	13	2	43	41	13	7	51	9	16	28	28	1	12	10
gene5748	142	69	67	113	47	61	96	179	82	121	58	67	134	63	88	108	207	63	44	230	100	36	88	50
gene5749	59	148	67	49	53	134	63	115	234	149	207	102	154	190	73	147	62	48	71	67	75	12	65	60
gene5750	1468	907	1424	2443	350	1138	711	6230	4488	889	2974	1374	3173	1481	3500	2916	1826	2652	351	1013	2821	952	524	1966
gene5751	79	19	40	78	16	107	68	91	120	58	55	55	45	71	87	49	46	72	25	119	51	53	47	27
gene5752	705	282	462	310	547	539	948	768	1062	189	1084	700	758	413	232	375	1443	645	457	677	996	492	556	990
gene5753	244	190	146	193	108	134	141	128	104	127	180	121	264	197	80	124	169	236	71	261	199	151	97	77
gene5754	643	436	378	428	214	362	524	556	872	566	756	377	606	358	492	313	557	502	246	535	423	187	250	347
gene5755	592	783	634	405	503	1039	304	893	711	889	952	903	1387	885	1310	587	397	470	294	1002	864	614	354	448
gene5756	5	2	13	2	1	3	0	5	5	3	27	7	8	6	3	3	9	1	2	14	1	1	9	3
gene5757	431	413	426	154	232	122	38	1407	1154	416	810	478	1476	852	792	556	630	190	206	518	431	391	27	123
gene5758	57	82	56	54	40	52	37	83	83	33	43	26	138	47	70	38	80	81	36	171	60	35	44	52
gene5759	14	59	45	36	44	52	46	82	202	101	95	51	54	45	62	60	67	118	45	81	162	39	54	36
gene5760	17	33	1	39	17	5	13	36	12	34	58	17	58	44	61	7	25	12	4	7	14	7	19	40
gene5761	37	84	44	20	18	56	42	137	99	159	139	42	43	56	27	72	108	30	37	47	14	43	18	29
gene5762	8	24	10	3	15	10	29	53	42	19	8	16	6	33	15	17	28	30	1	27	35	10	7	24
gene5763	49	19	42	30	20	24	4	138	42	58	74	40	68	30	20	51	73	23	23	35	31	25	5	15
gene5764	155	130	66	185	127	166	144	128	290	94	223	120	344	182	141	132	112	111	64	218	139	40	58	117
gene5765	126	85	76	56	61	45	76	94	194	46	57	65	54	109	52	86	94	106	65	61	124	20	105	59
gene5766	492	327	411	362	243	504	298	584	675	363	570	375	375	545	395	333	522	500	256	568	559	268	234	157
gene5767	0	0	0	7	1	4	1	13	0	0	7	4	12	9	4	2	7	0	6	0	13	0	3	2
gene5768	502	299	256	239	259	477	448	675	844	548	604	361	407	542	517	365	400	647	323	398	215	196	337	393
gene5769	124	135	106	234	213	544	135	561	92	743	910	53	253	298	224	219	436	264	76	138	466	205	281	146
gene5770	8	2	19	12	6	18	13	45	16	15	3	41	3	58	10	4	11	10	1	3	19	12	6	6
gene5771	44	89	19	40	28	43	31	97	104	26	69	101	96	67	24	15	100	71	63	30	28	24	17	10
gene5772	50	81	16	96	65	43	71	22	645	356	706	262	373	168	188	217	75	54	27	94	22	33	43	45
gene5773	123	85	95	135	37	90	179	234	199	114	198	103	90	73	155	47	61	49	46	64	65	39	29	63
gene5774	12	4	11	15	8	8	26	31	18	26	40	4	15	28	22	9	7	10	10	66	57	24	14	7
gene5775	14	11	32	25	10	8	10	18	12	27	6	7	41	24	9	4	10	21	4	18	3	1	6	28
gene5776	2446	1309	835	715	1433	1963	1204	4141	3789	2894	2446	1956	3139	2290	2006	1524	6429	13809	4397	9497	8872	3316	2575	2235
gene5777	12	4	25	20	11	7	42	120	22	10	30	52	37	26	46	31	34	34	18	26	24	6	6	7
gene5778	41	33	13	16	15	86	41	148	50	30	55	28	31	28	44	63	64	15	30	37	21	20	27	47
gene5779	170	110	210	217	127	177	190	270	118	35	193	116	77	248	116	208	63	133	69	122	110	26	66	50
gene5780	774	690	309	585	511	506	1092	519	1411	828	738	559	728	887	800	507	979	529	248	636	681	345	630	392
gene5781	115	83	9	17	36	28	14	76	71	22	48	5	64	51	85	16	71	14	3	95	2	6	5	6
gene5782	302	252	84	126	82	26	179	195	333	78	418	71	174	174	148	48	53	394	130	87	191	86	113	113
gene5783	2164	772	1311	917	477	873	645	1321	837	643	1638	1024	851	1157	1135	794	805	1267	582	1443	1183	442	489	451
gene5784	231	102	224	246	113	227	133	338	169	127	236	157	246	220	94	68	265	108	91	240	99	115	160	121
gene5785	129	43	48	42	88	49	126	279	131	53	216	66	304	318	88	119	130	32	17	168	108	2	40	87
gene5786	347	230	171	178	283	237	380	293	565	241	433	297	494	231	136	225	531	215	156	367	335	93	181	170
gene5787	209	170	30	168	95	112	136	358	237	274	316	59	157	199	310	197	180	185	104	267	196	62	190	164
gene5788	22	8	10	44	7	28	17	27	24	20	44	15	25	65	25	24	17	12	24	24	29	19	4	7
gene5789	359	142	113	190	103	332	150	303	286	161	157	89	307	186	181	490	133	200	120	160	183	66	57	237
gene5790	24	12	20	28	16	62	61	53	103	30	27	2	95	32	42	37	26	28	18	49	75	24	13	6
gene5791	6124	1241	1038	2048	3198	2182	3503	4807	3843	3765	3603	2642	2734	2752	3499	1256	6838	3699	1394	3044	1228	2073	1837	1871
gene5792	63	12	11	8	8	6	115	26	79	61	33	16	15	15	24	31	86	20	22	31	29	9	8	88
gene5793	1540	1332	888	1720	1569	2067	3039	1907	3138	2236	1427	960	2267	2882	2344	1239	2506	2458	730	4255	1730	847	2162	922
gene5794	260	266	220	195	153	136	415	424	357	266	259	178	308	200	398	143	330	235	136	201	188	134	215	117
gene5795	326	209	98	558	258	206	187	550	318	173	213	99	136	542	114	209	627	204	106	516	286	282	71	219
gene5796	111	74	66	92	46	166	99	226	215	127	99	158	96	113	117	90	109	160	85	132	216	68	67	93
gene5797	5	3	9	16	4	9	13	27	12	16	17	10	29	23	51	29	7	7	2	29	4	2	28	2
gene5798	158	81	69	88	65	79	177	183	234	60	247	141	209	54	131	151	182	91	47	92	88	110	108	76
gene5799	174	61	43	81	23	132	320	52	81	72	133	59	49	39	118	45	50	121	53	136	69	5	80	43
gene5800	7266	4096	4786	5170	3661	4644	4195	8772	5874	3124	4867	2849	2964	2474	2127	1580	3146	8150	2703	5920	5082	2008	4358	2627
gene5801	321	161	202	262	134	222	172	349	295	214	438	218	517	216	193	268	197	233	108	340	237	95	144	190
gene5802	180	92	77	125	107	66	105	110	172	152	184	66	127	232	64	105	55	102	49	55	189	37	80	52
gene5803	75	65	112	120	73	166	221	258	108	141	86	123	47	115	141	90	110	170	68	229	119	101	51	73
gene5804	7545	1643	4406	5110	2666	2010	3803	5015	4574	5122	4303	2806	6137	3888	3609	3681	3104	3255	2221	5738	4430	1490	2304	2945
gene5805	18	8	5	5	23	5	5	5	7	1	2	28	0	5	5	14	12	3	14	8	3	3	3	14
gene5806	158	81	77	131	125	100	122	149	222	82	132	144	172	161	111	103	162	92	99	212	286	113	64	84
gene5807	386	100	111	97	59	155	178	288	127	160	146	36	302	84	129	148	130	197	129	381	143	62	273	121
gene5808	525	251	159	200	180	262	72	243	278	179	465	316	288	217	300	144	503	335	212	149	83	114	99	109
gene5809	1884	806	1021	1235	841	1215	1463	1783	1516	1086	1384	1109	1621	1151	1403	1003	1345	1552	430	1325	1185	641	785	732
gene5810	25	22	45	78	33	37	16	32	39	37	97	31	51	71	52	34	22	56	3	82	64	8	49	17
gene5811	2	1	2	2	0	5	2	8	2	2	5	8	1	0	1	8	15	14	6	7	0	2	5	0
gene5812	83	52	28	24	25	63	50	66	81	43	32	71	124	54	35	36	67	39	15	58	49	33	18	41
gene5813	40	30	13	15	18	7	43	65	100	36	85	15	78	73	18	39	27	15	18	45	30	20	3	30
gene5814	2	6	0	4	9	2	13	13	1	3	41	1	15	1	5	3	3	15	6	6	0	2	2	0
gene5815	331	188	171	132	84	272	63	257	310	130	324	187	273	198	306	126	733	122	158	466	255	288	255	154
gene5816	139	109	122	70	117	81	152	306	277	131	175	92	200	293	234	192	191	177	107	98	47	200	80	54
gene5817	32	60	18	22	0	35	37	62	25	19	19	31	35	9	14	25	21	22	21	59	54	6	2	18
gene5818	4338	4906	4084	3417	2065	3262	2608	3297	5631	4824	3251	2386	5203	4792	4596	1595	6684	3565	2171	2961	3453	2162	3354	2227
gene5819	1401	595	909	2149	606	1385	757	2574	1107	1010	870	1242	1821	1090	816	381	672	1667	625	977	875	539	1063	1302
gene5820	33	18	19	45	32	41	39	35	85	28	58	45	37	65	46	47	52	31	67	68	68	9	32	71
gene5821	1738	1043	853	1166	762	724	1066	1212	1358	1372	1596	940	1217	1843	1790	830	878	975	469	1461	979	632	539	725
gene5822	46	19	6	6	9	16	6	22	31	6	53	10	26	29	18	11	26	20	13	34	18	13	13	7
gene5823	195	148	93	257	57	122	184	182	256	188	161	93	194	134	148	270	78	46	38	161	127	33	32	72
gene5824	7418	4157	3523	2458	2195	3851	7018	7488	6708	3973	9437	3603	6311	7914	4296	4958	5870	6449	3123	4068	5925	1681	3634	3389
gene5825	795	289	467	613	522	641	488	1037	1011	610	746	352	1047	924	715	541	713	601	252	722	857	396	367	508
gene5826	82	81	66	47	66	88	53	63	136	90	139	39	87	176	67	59	95	64	51	140	78	50	29	30
gene5827	2	0	10	1	2	1	3	0	1	2	16	1	1	2	23	0	1	0	0	3	4	1	0	1
gene5828	219	614	396	447	684	246	334	300	479	449	303	544	138	310	614	283	486	279	128	428	231	108	351	186
gene5829	43	19	15	31	33	33	31	87	30	32	57	33	74	16	24	29	66	20	14	47	20	20	27	17
gene5830	2200	1210	1519	2148	1169	1413	2469	2437	2672	1164	1458	1449	1303	1707	1771	1298	869	1319	257	2287	801	447	367	471
gene5831	597	1309	703	867	605	1036	1032	2110	1212	802	1264	512	1149	891	2281	849	777	1097	644	1126	658	488	385	322
gene5832	260	465	242	224	22	250	204	506	349	118	349	137	329	135	549	81	102	482	171	90	65	173	141	28
gene5833	2016	882	1147	968	606	1137	1116	1924	1769	881	2383	1019	1264	1577	1509	1064	1099	969	786	1488	1283	669	925	658
gene5834	7	2	22	6	1	7	2	34	12	39	4	3	11	4	20	7	21	4	1	9	4	18	7	7
gene5835	6632	2669	2548	2634	2587	3814	4197	7703	6056	4030	5649	2758	3964	3885	2508	3823	1198	814	633	1395	1246	325	615	819
gene5836	1570	1114	955	1874	1185	1841	2004	2137	2399	1325	2524	1053	1425	1792	1257	1471	2435	1615	923	3346	2918	583	1787	2069
gene5837	438	441	929	169	1398	1716	417	1172	2248	552	881	277	858	1148	227	773	1411	2724	540	1290	473	247	885	986
gene5838	336	174	177	186	80	114	270	442	556	419	326	113	109	162	338	279	333	435	157	149	229	193	165	263
gene5839	47	28	24	20	26	38	10	41	15	24	35	16	21	25	25	26	48	57	13	18	23	8	18	14
gene5840	71	76	22	34	53	100	22	113	51	44	51	47	61	100	88	59	25	56	77	49	57	15	118	45
gene5841	16	46	19	73	41	90	52	65	110	62	62	53	47	138	65	48	85	79	55	132	62	22	80	28
gene5842	365	955	1487	1946	1335	541	597	1120	2506	1110	2180	474	348	1391	1701	752	1122	1402	209	1876	424	579	1019	258
gene5843	2	14	1	5	6	0	8	1	13	9	1	1	6	1	3	3	6	1	14	5	6	0	6	0
gene5844	43	45	58	75	80	80	51	114	175	92	118	44	69	136	68	56	89	62	44	85	66	45	35	60
gene5845	416	233	268	223	278	353	387	607	540	346	482	297	435	294	607	243	402	371	248	566	240	120	330	206
gene5846	19	3	6	6	18	7	1	19	24	1	12	3	24	7	10	5	8	6	9	30	5	0	1	1
gene5847	132	80	54	38	29	41	77	70	132	39	102	52	91	49	80	37	35	50	13	64	54	15	35	18
gene5848	2011	1452	877	1434	874	1662	1136	2343	3450	1471	2255	978	2103	2545	1279	1011	2238	1508	834	1623	1566	761	826	641
gene5849	159	143	138	160	105	185	159	268	238	172	171	123	228	213	163	67	290	151	69	153	143	91	107	129
gene5850	1033	663	551	672	337	907	936	1387	805	547	635	602	871	1300	888	657	836	675	548	552	1042	392	413	526
gene5851	138	57	45	63	71	101	25	132	133	97	175	36	143	160	51	94	161	116	67	138	104	15	41	101
gene5852	422	335	253	310	259	384	420	1352	596	521	434	119	695	830	825	420	424	786	572	804	790	231	423	379
gene5853	126	228	334	84	99	140	45	980	213	506	397	266	710	100	203	219	91	60	1	76	70	65	15	71
gene5854	791	785	612	1084	395	721	750	1108	824	576	1181	804	775	728	773	490	674	1144	265	1345	711	456	418	556
gene5855	161	102	105	250	93	161	168	253	176	222	237	64	101	105	192	78	96	121	66	295	180	65	134	92
gene5856	13	3	26	8	38	6	18	69	20	30	15	2	23	17	10	4	92	56	7	21	23	2	9	9
gene5857	4	7	5	12	11	3	14	10	33	12	24	6	40	4	15	26	12	17	5	2	10	16	6	3
gene5858	524	229	507	498	253	366	790	878	451	468	1094	242	477	926	406	118	649	449	151	582	265	210	215	246
gene5859	52	29	60	38	13	80	62	48	61	49	61	51	112	63	36	46	88	110	22	47	54	31	25	25
gene5860	20	18	11	30	15	37	15	107	28	36	42	12	57	63	35	37	19	21	14	30	49	16	5	25
gene5861	260	126	194	286	384	130	180	430	690	392	585	327	358	216	451	510	304	327	287	588	473	288	592	104
gene5862	239	145	159	246	99	242	201	382	293	205	372	247	272	282	309	182	199	263	95	132	359	127	142	285
gene5863	11	7	3	36	8	76	5	78	27	49	4	1	27	28	14	7	27	21	7	19	9	17	17	49
gene5864	5	14	1	10	4	19	1	7	1	10	12	7	8	5	17	5	14	18	32	2	1	1	12	5
gene5865	9	20	16	33	7	6	6	17	7	11	59	7	9	6	38	4	15	17	3	6	11	5	7	9
gene5866	2721	1562	835	1527	733	1661	2462	4225	1683	331	2311	611	474	820	1889	728	1782	458	1972	266	1909	1381	656	551
gene5867	511	180	173	271	274	277	198	607	483	195	529	220	502	407	142	137	165	178	174	672	182	146	221	107
gene5868	89	101	78	38	37	72	103	150	67	88	89	80	101	79	135	66	62	95	25	55	74	49	86	54
gene5869	385	213	312	386	213	323	96	291	298	514	448	178	650	217	341	309	260	165	228	283	425	204	210	204
gene5870	110	100	63	69	81	123	185	124	153	85	214	94	125	136	60	74	92	124	65	171	173	54	62	71
gene5871	8	2	17	30	5	6	9	38	31	14	11	11	1	7	24	13	12	7	3	10	15	6	4	3
gene5872	759	364	181	405	453	386	307	978	790	212	713	307	724	550	399	408	140	138	54	97	73	40	34	57
gene5873	655	1065	488	621	171	997	709	1368	1471	40	145	379	1323	632	300	625	676	446	475	391	408	69	638	161
gene5874	42	3	15	5	6	7	8	28	34	10	13	21	50	13	8	10	6	9	4	10	10	9	7	1
gene5875	1797	1070	1212	923	917	1247	1053	2038	2328	899	1541	610	1766	1246	1015	847	1844	1061	722	1354	1373	612	383	826
gene5876	163	111	7	23	74	85	99	65	90	253	132	150	197	116	77	68	85	50	66	66	86	71	19	60
gene5877	56	26	18	29	27	30	26	66	77	37	57	24	41	69	41	26	24	72	32	120	41	32	14	48
gene5878	22966	19412	25863	21877	13456	19448	23949	36725	36928	26799	25826	16188	32027	29824	24046	20007	32184	22407	8648	21027	31387	9731	16106	11270
gene5879	108	65	75	36	68	46	160	117	111	52	60	42	167	97	89	91	106	78	46	124	64	45	38	34
gene5880	8	27	5	13	7	6	1	18	10	11	16	11	10	62	8	2	0	20	8	4	17	4	3	13
gene5881	173	132	121	128	108	166	117	430	184	236	195	123	242	210	132	193	177	161	42	142	200	84	121	109
gene5882	648	473	400	333	101	374	211	301	511	194	445	416	458	220	265	245	277	257	65	615	505	135	178	204
gene5883	872	550	692	479	414	398	936	746	2057	555	1290	627	659	485	771	701	291	358	159	229	199	70	194	118
gene5884	291	205	168	245	123	217	200	482	364	216	421	84	276	221	138	199	186	266	176	450	190	104	135	91
gene5885	98	67	64	60	42	78	175	259	253	114	138	134	110	158	99	97	139	193	49	138	148	55	46	69
gene5886	52	22	41	59	41	51	16	93	72	77	66	41	54	35	29	44	64	81	31	22	109	30	43	78
gene5887	458	202	199	234	161	214	539	626	470	398	781	133	388	822	626	263	904	323	246	354	224	176	161	250
gene5888	32	4	39	13	40	38	2	40	65	14	39	7	68	45	8	5	132	157	83	144	119	34	86	107
gene5889	612	421	375	481	209	128	346	455	904	304	494	181	476	436	701	301	688	451	193	635	541	230	206	440
gene5890	33	45	41	96	56	38	31	138	34	105	206	47	59	82	125	37	36	32	44	157	147	64	47	32
gene5891	5	10	0	5	8	2	0	9	14	10	1	6	7	4	6	0	7	0	8	2	1	2	0	4
gene5892	466	373	305	444	341	399	483	913	671	616	668	408	654	615	662	276	412	608	294	522	500	225	266	328
gene5893	78	73	47	78	31	79	67	101	262	76	134	68	87	103	65	78	98	94	43	116	154	50	78	68
gene5894	73	170	86	111	39	162	139	291	392	146	300	35	203	239	149	69	130	88	90	407	242	98	80	79
gene5895	2447	1134	969	1509	526	1622	1603	3492	1094	1295	2649	1453	1785	1480	2256	1897	2130	1982	704	1797	1551	1388	1156	1136
gene5896	105	77	97	154	54	65	137	161	152	112	118	46	101	182	61	44	38	123	28	151	154	62	27	22
gene5897	227	146	126	124	160	183	263	371	2512	1506	1824	763	1085	2694	2233	1390	139	175	64	371	185	159	133	109
gene5898	276	169	112	86	45	128	130	184	61	62	120	46	63	61	158	68	337	88	128	129	140	51	190	127
gene5899	1532	1130	524	1624	1584	2284	1497	1692	4198	705	915	2314	2862	4138	1372	1804	1202	913	1000	2266	2347	698	773	634
gene5900	95	33	20	114	36	66	80	158	143	84	162	50	84	75	127	109	101	139	30	84	96	31	25	70
gene5901	42	26	19	34	19	62	17	52	39	65	39	24	21	38	48	18	61	33	22	68	40	16	16	15
gene5902	47	48	24	32	18	38	30	95	28	37	82	40	32	94	12	67	40	45	16	56	18	19	12	32
gene5903	0	4	10	2	0	1	3	3	3	0	1	1	1	4	0	3	1	0	0	0	0	0	2	6
gene5904	1	0	13	1	22	11	0	20	0	5	3	20	4	2	0	1	1	2	7	4	2	0	1	5
gene5905	1694	886	656	682	729	1090	1047	1820	1690	918	1139	698	1063	960	1205	1040	1273	1275	403	1174	1113	545	1050	575
gene5906	283	280	146	157	36	87	104	80	368	86	71	44	226	267	201	59	42	144	43	128	70	26	209	42
gene5907	169	157	124	99	104	101	175	240	225	79	192	86	172	96	150	92	162	132	58	135	80	57	71	99
gene5908	362	125	154	40	279	75	114	491	410	229	363	537	679	1473	339	848	58	98	160	430	426	78	183	119
gene5909	1422	588	756	926	752	968	1966	1780	2107	721	1260	597	1329	1170	1683	560	874	1036	499	997	915	506	920	530
gene5910	151	59	36	101	19	64	65	107	93	93	113	102	79	31	68	53	61	155	38	142	125	34	36	50
gene5911	163	20	80	95	26	119	42	277	36	15	30	17	15	40	47	21	156	338	97	149	50	71	80	94
gene5912	615	512	492	421	218	376	485	1259	927	681	805	239	513	503	852	404	906	550	338	440	598	234	386	490
gene5913	804	764	431	674	567	737	392	555	1367	601	1358	765	1045	735	1171	649	808	562	489	838	640	310	518	600
gene5914	1257	563	354	378	91	431	1167	895	873	508	830	723	505	708	461	446	475	463	540	929	536	204	313	527
gene5915	30	7	7	25	6	28	29	34	29	15	17	20	29	20	28	16	20	35	17	15	32	8	12	24
gene5916	106	164	123	211	70	337	184	63	62	115	397	169	93	174	170	38	190	203	119	80	153	94	114	73
gene5917	47	42	59	32	80	25	54	31	14	8	122	85	86	153	82	49	66	75	9	31	64	14	0	22
gene5918	76	76	48	58	28	55	22	61	111	36	99	30	53	25	156	31	45	84	32	89	90	18	54	48
gene5919	99	200	301	138	168	89	258	279	340	206	282	76	148	273	153	104	221	164	76	246	287	73	117	41
gene5920	1787	45	2414	2921	90	491	4640	3536	1375	1050	882	1383	1202	2953	240	1649	155	2289	137	1063	1226	1840	1672	1586
gene5921	1	2	2	11	1	8	3	13	19	28	8	0	7	2	8	4	2	0	0	3	0	2	2	0
gene5922	29	42	32	42	26	31	22	104	59	15	34	20	46	54	12	25	27	43	11	31	74	16	24	29
gene5923	129	125	133	114	49	103	136	381	138	113	109	107	120	151	118	123	102	125	44	170	140	72	79	111
gene5924	101	36	51	54	44	84	99	64	102	92	168	32	62	68	78	51	33	40	26	72	31	26	37	43
gene5925	394	596	285	650	261	355	149	824	692	259	755	275	859	757	433	215	936	343	403	643	436	340	301	279
gene5926	80	45	47	100	68	66	143	126	211	89	54	27	125	115	63	52	213	98	44	107	132	45	43	72
gene5927	60	61	98	28	65	25	30	232	75	66	34	12	59	98	116	68	36	42	29	72	111	25	49	91
gene5928	1073	1119	913	808	571	906	1740	2601	1789	1050	1964	914	1610	1261	1406	747	836	1698	730	2019	988	355	966	822
gene5929	862	370	631	460	186	306	538	1018	673	607	798	472	590	482	590	273	671	780	258	496	536	299	509	317
gene5930	43	15	10	13	37	8	50	57	75	8	60	27	17	23	13	11	27	29	9	17	6	5	21	36
gene5931	21	3	6	3	5	3	6	7	3	4	18	7	2	4	8	0	13	10	8	5	1	4	3	16
gene5932	165	465	444	65	88	124	391	64	62	226	405	21	72	119	361	381	75	217	42	94	94	41	146	49
gene5933	6085	7919	4407	5774	3310	5214	5403	8906	11233	7225	8718	3299	5423	8594	7898	4706	6259	6057	4520	8841	7613	3626	3400	4577
gene5934	45	80	14	89	48	107	22	41	135	57	37	56	57	105	63	50	96	72	39	134	54	20	24	48
gene5935	14	17	6	32	2	41	16	9	18	17	9	32	4	24	2	30	4	14	4	11	12	10	2	12
gene5936	27	12	15	21	12	19	13	21	79	7	34	9	32	37	24	47	9	13	18	29	29	14	15	15
gene5937	9	16	7	16	2	22	8	6	4	10	28	11	5	5	13	11	19	8	9	15	16	19	2	22
gene5938	150	34	68	79	42	73	75	224	72	153	219	29	59	79	115	73	58	45	37	81	117	17	63	56
gene5939	623	714	484	667	418	710	284	691	1005	349	547	701	452	1023	425	441	725	331	291	1212	322	386	175	138
gene5940	274	204	157	163	155	183	176	308	310	276	354	165	357	265	167	118	193	190	86	135	239	55	99	75
gene5941	1002	297	421	950	394	591	413	754	1091	665	1049	648	1007	1264	466	604	772	907	488	1234	599	361	374	467
gene5942	1103	806	576	827	635	603	1194	1280	1865	890	980	552	1096	1096	990	594	1092	798	342	849	944	462	551	516
gene5943	241	100	66	257	203	201	285	418	267	141	239	370	154	176	189	156	247	184	102	262	410	102	126	141
gene5944	240	74	161	238	84	484	314	284	99	121	313	100	236	275	307	7	289	566	266	293	187	204	204	147
gene5945	15	36	13	5	20	21	15	29	26	27	28	35	16	40	40	9	11	59	21	32	43	11	12	4
gene5946	471	233	589	254	194	88	434	654	643	286	870	230	166	436	842	187	414	632	432	426	399	242	331	89
gene5947	263	138	110	317	45	104	306	160	284	106	203	123	353	237	275	276	138	259	69	320	185	71	106	211
gene5948	31	43	60	50	8	104	11	14	65	2	12	13	27	67	9	22	27	3	8	38	11	20	15	15
gene5949	82	57	50	113	48	111	179	198	107	55	123	63	107	127	84	126	116	157	61	184	51	59	77	77
gene5950	160	129	225	173	61	94	135	221	460	114	251	106	166	240	228	91	168	330	80	98	155	67	117	169
gene5951	5898	4451	4384	4889	3981	4832	6534	10855	8438	6006	8993	4037	7543	8468	6524	3770	6211	5586	3492	8713	6962	3598	3662	4048
gene5952	1449	847	655	913	335	709	1114	1613	1321	1292	1115	771	1557	1047	1465	1074	1146	626	701	1648	1121	436	566	631
gene5953	43	32	61	5	35	4	6	159	38	6	5	29	14	25	4	18	10	6	11	45	1	21	11	16
gene5954	559	499	222	229	236	127	314	331	241	556	377	101	404	592	306	195	343	421	196	560	957	172	234	245
gene5955	38	22	37	17	14	10	42	41	118	14	18	16	11	31	16	10	74	12	13	49	22	17	38	20
gene5956	414	210	146	318	70	218	265	751	810	143	255	135	279	180	156	438	411	349	265	401	358	182	251	528
gene5957	38	19	11	23	4	12	10	39	31	9	11	8	8	13	8	37	13	29	7	22	10	3	9	5
gene5958	11	3	17	1	2	11	25	22	12	13	19	22	11	17	8	10	10	9	2	11	19	4	7	6
gene5959	197	83	126	68	269	173	137	239	152	158	162	62	225	242	284	176	150	198	60	448	192	133	79	54
gene5960	533	500	726	222	304	434	416	973	1761	355	603	237	174	462	1166	426	444	553	305	843	536	366	276	742
gene5961	18	4	16	7	4	30	44	27	66	14	20	20	80	18	12	26	30	40	25	18	38	2	37	12
gene5962	625	351	801	741	631	363	577	1043	368	663	804	338	744	452	612	220	470	405	141	1178	1485	277	212	174
gene5963	937	572	766	1226	889	1243	1146	1749	1589	1127	678	1373	1882	1668	764	572	966	1031	625	3306	1470	620	550	469
gene5964	475	306	248	275	318	375	409	704	506	391	501	316	662	494	474	186	381	399	188	666	425	190	291	209
gene5965	658	403	1558	326	463	1040	167	979	1503	272	534	660	352	135	1114	572	949	554	149	1097	703	676	1342	266
gene5966	96	42	166	27	85	188	62	364	373	127	214	44	152	65	69	301	166	254	110	282	64	32	49	55
gene5967	1998	1949	2468	2201	966	2869	2077	2891	2281	3718	2239	1032	3298	1537	3114	1232	2635	1785	1743	2394	1482	459	1558	1172
gene5968	688	429	404	401	345	480	391	855	857	361	806	496	809	544	577	446	846	572	226	794	532	357	314	370
gene5969	119	190	175	65	123	129	28	121	172	353	315	264	214	267	155	43	364	283	197	314	232	39	32	63
gene5970	60	51	40	39	18	34	42	60	77	13	75	19	64	62	56	31	31	25	35	43	63	50	45	45
gene5971	389	270	72	123	65	107	176	392	190	272	133	47	336	164	90	127	77	56	29	92	50	47	116	90
gene5972	987	797	662	1221	347	823	788	1477	1415	956	1037	865	1243	1104	668	637	816	1145	794	994	1257	444	468	390
gene5973	167	307	227	413	216	376	901	118	701	233	260	28	165	176	910	62	1254	1258	258	2556	1597	582	386	360
gene5974	33	19	54	40	27	18	32	31	153	15	22	26	86	56	36	34	61	41	18	79	23	10	28	51
gene5975	69	16	17	84	4	23	102	26	3	25	66	6	31	28	18	34	43	57	29	15	26	10	6	31
gene5976	271	61	10	232	211	204	559	1141	450	513	59	144	1435	116	104	131	1192	282	465	623	1056	177	60	369
gene5977	24	18	12	14	25	15	6	29	6	31	22	15	36	21	19	42	27	78	15	38	29	13	42	25
gene5978	1579	672	1533	627	822	1760	1074	2001	1427	1583	1950	635	1090	1712	1087	1116	1351	1199	444	3934	1670	748	513	599
gene5979	68	140	145	219	75	59	121	181	208	255	187	89	129	72	74	123	88	105	73	196	108	103	99	51
gene5980	225	167	66	154	125	192	107	238	329	157	223	147	230	292	150	104	156	125	143	233	102	136	117	67
gene5981	1	2	5	6	1	0	0	7	0	7	2	0	1	0	3	4	2	12	0	5	1	1	4	1
gene5982	2208	593	598	671	1184	1358	1095	1755	295	1410	2145	906	980	444	951	1169	2004	862	591	3643	939	611	834	555
gene5983	97	43	35	53	23	49	47	79	101	80	98	34	116	63	84	41	29	21	9	18	19	15	10	13
gene5984	331	462	394	530	413	274	399	1466	769	420	412	464	388	462	605	724	874	214	284	611	714	348	432	326
gene5985	15	4	1	10	0	0	5	6	24	0	1	9	10	37	12	2	2	5	2	2	1	1	2	4
gene5986	146	274	356	271	24	448	417	243	1062	606	553	98	622	480	660	181	61	465	249	364	565	214	360	148
gene5987	227	110	166	116	75	141	153	279	545	110	336	223	250	348	141	144	312	122	104	277	283	105	164	88
gene5988	18	9	15	3	4	9	10	9	6	1	6	0	19	17	9	4	16	11	0	25	10	16	4	4
gene5989	222	76	184	127	75	185	198	295	363	222	195	83	243	254	163	90	166	184	81	156	214	108	72	105
gene5990	14	4	34	5	12	26	0	16	33	23	27	17	29	4	6	6	5	9	8	5	10	3	0	11
gene5991	35	25	7	10	24	7	42	17	89	91	33	14	81	31	62	12	28	32	22	76	27	10	14	6
gene5992	325	330	211	445	197	311	233	507	364	474	701	279	250	345	301	301	512	498	283	387	344	152	272	229
gene5993	112	102	117	81	88	104	95	124	152	142	133	121	154	95	161	107	103	109	57	88	107	64	31	49
gene5994	152	49	33	92	51	93	125	114	145	89	118	26	115	68	79	78	189	128	39	98	123	39	60	60
gene5995	33	32	19	19	40	59	101	69	40	16	137	77	58	24	39	14	34	45	15	39	43	18	12	18
gene5996	0	0	2	4	2	6	5	1	5	0	5	4	2	15	20	0	9	2	1	47	16	2	0	0
gene5997	254	283	139	159	148	233	233	276	390	122	161	152	221	344	361	306	320	337	145	538	275	140	153	113
gene5998	4	0	0	3	8	4	0	13	11	0	3	1	0	4	1	1	5	0	11	0	1	0	0	2
gene5999	561	683	380	799	463	645	797	1254	1119	897	858	619	910	1463	930	932	715	599	431	1015	624	341	618	660
gene6000	244	118	122	174	140	161	177	515	263	395	263	102	259	276	186	143	209	168	80	310	272	84	139	109
gene6001	116	105	72	116	115	95	163	340	325	108	174	70	122	190	191	85	229	173	81	220	130	105	71	127
gene6002	143	43	46	132	74	146	31	110	124	75	68	39	62	50	62	55	73	73	7	74	80	21	23	75
gene6003	10	2	5	6	0	1	2	0	7	4	16	4	3	11	5	3	0	3	1	37	4	1	3	0
gene6004	292	179	285	98	284	222	300	811	227	190	625	112	700	335	114	348	165	255	267	208	382	339	95	219
gene6005	200	205	128	190	140	211	232	229	257	204	405	151	317	209	128	174	324	187	103	196	219	108	146	123
gene6006	87	33	31	39	30	65	98	113	70	39	71	24	76	92	80	31	27	57	39	223	67	63	31	34
gene6007	253	238	221	139	121	136	189	315	237	234	214	170	345	131	205	136	168	197	117	172	206	86	126	76
gene6008	485	214	383	155	342	252	241	766	907	1056	521	407	195	246	707	108	347	428	190	1356	471	193	239	411
gene6009	280	328	86	251	115	227	355	561	552	342	488	248	521	350	130	125	272	613	137	180	103	26	141	99
gene6010	496	662	220	132	397	373	503	725	871	603	367	317	772	948	477	72	182	307	163	333	658	300	207	101
gene6011	324	147	213	301	189	198	438	504	515	503	359	192	368	304	773	356	330	236	211	326	463	121	307	372
gene6012	78	45	23	44	20	48	53	113	90	26	74	42	86	59	34	21	38	32	17	34	60	34	65	32
gene6013	2338	4067	1660	1475	609	2332	1781	25992	7907	279	8790	607	10492	1324	3975	1322	1058	4031	1158	2695	2493	1514	1552	1478
gene6014	434	198	136	166	222	163	515	416	544	449	418	237	304	445	482	200	287	324	195	571	169	163	381	212
gene6015	135	42	266	55	181	611	132	963	59	195	237	183	190	379	113	182	209	286	185	274	774	30	245	211
gene6016	85	58	54	35	50	46	104	168	47	69	56	56	93	49	167	62	135	70	47	181	91	25	35	43
gene6017	14	12	7	0	7	38	2	3	4	1	19	0	7	17	0	7	18	8	2	7	3	12	8	0
gene6018	62	51	47	96	55	83	76	207	61	99	141	68	108	50	84	86	63	83	38	123	116	72	56	32
gene6019	96	37	53	36	63	50	45	76	90	62	90	37	35	93	133	75	36	125	23	61	81	42	25	14
gene6020	3	1	10	1	2	2	0	4	3	8	7	0	3	10	7	7	27	5	2	1	5	1	4	2
gene6021	446	161	152	1190	434	195	363	1411	555	800	1196	118	435	246	948	748	1839	885	508	598	1185	642	618	1736
gene6022	192	78	28	74	26	31	132	298	236	128	104	44	91	146	149	31	128	85	122	94	160	15	61	46
gene6023	817	827	861	665	888	1100	1282	2899	1802	963	1002	751	1315	995	1416	646	1267	1082	724	1098	972	441	450	1167
gene6024	147	123	22	39	53	46	107	165	236	177	34	108	27	140	140	42	61	31	77	101	270	71	42	23
gene6025	1725	1548	881	953	727	1127	1250	2680	2369	1126	2699	865	1334	1074	1500	1353	1966	1744	722	1365	892	645	1042	1005
gene6026	7	4	12	13	7	11	19	24	8	37	22	40	15	18	43	39	6	14	4	14	17	6	29	15
gene6027	36	2	7	58	31	56	54	20	22	20	73	24	18	20	20	4	53	11	21	18	32	22	24	10
gene6028	38	73	68	67	17	104	43	142	163	47	170	45	14	152	55	26	97	89	34	133	74	17	19	54
gene6029	687	256	123	27	96	519	618	916	3663	382	383	434	2400	1071	1249	623	678	876	777	967	668	11	603	845
gene6030	20	16	3	29	26	8	11	32	0	20	37	6	6	10	2	4	52	20	0	10	46	4	5	20
gene6031	3013	1651	1737	1940	1559	1867	2110	3410	3166	2319	1971	3492	4589	3302	3152	1540	2158	2707	999	4222	1915	1855	1229	2004
gene6032	256	146	175	322	90	139	397	533	1125	664	496	403	415	776	582	304	223	573	131	506	376	177	198	187
gene6033	415	52	288	238	90	201	106	172	2836	963	3059	708	2494	3398	1790	1274	101	121	186	105	317	89	640	261
gene6034	24	25	24	26	17	38	41	47	32	36	46	4	27	49	55	30	18	49	7	48	46	8	23	17
gene6035	259	57	143	126	103	85	120	120	385	118	184	115	302	366	143	24	213	219	65	272	98	69	147	87
gene6036	76	37	41	32	12	55	26	97	90	67	93	11	38	43	49	25	55	56	19	61	16	17	9	40
gene6037	173	7	43	22	50	164	78	94	294	59	109	58	163	50	79	33	206	82	14	63	106	113	31	36
gene6038	144	158	47	76	47	2	44	187	167	179	158	90	49	104	97	42	98	58	148	57	129	8	70	30
gene6039	282	347	524	323	248	454	379	818	827	465	414	403	676	274	310	287	325	596	290	1143	1256	170	336	282
gene6040	76	59	89	75	38	72	50	99	72	69	114	40	106	168	58	74	89	82	36	90	76	36	49	56
gene6041	24	37	33	53	2	59	42	78	38	77	172	7	53	59	62	72	85	87	16	84	35	15	36	4
gene6042	127	39	98	121	67	54	47	171	343	200	177	65	244	155	178	71	109	81	46	246	104	61	32	121
gene6043	203	189	214	333	200	326	434	589	611	466	367	184	422	373	338	174	301	436	186	438	265	276	196	165
gene6044	829	315	297	579	458	539	357	926	833	647	660	498	747	639	605	566	298	287	206	647	356	173	249	165
gene6045	347	88	138	302	279	232	4	1469	81	210	145	183	186	219	604	104	264	100	42	1406	231	49	136	324
gene6046	1663	931	692	860	658	1017	1623	2015	1825	819	1702	887	1449	1342	647	909	880	837	562	1015	1007	615	789	657
gene6047	607	235	424	432	435	352	410	1643	464	287	1319	647	745	386	865	127	514	324	223	963	984	732	135	335
gene6048	22	4	11	1	9	8	0	3	37	19	9	5	15	8	7	7	6	12	0	10	4	1	8	11
gene6049	1314	809	293	711	287	889	1456	3256	2087	1803	1777	493	2356	781	1574	994	2770	2212	613	1394	585	1091	1110	1006
gene6050	716	560	409	449	430	918	540	1158	1058	773	638	433	579	928	893	524	613	702	449	431	544	300	462	220
gene6051	62	10	8	32	99	67	22	145	179	34	80	25	74	51	64	95	22	31	44	123	17	24	22	95
gene6052	1313	1183	734	973	695	878	1078	1700	1643	1236	1726	780	1596	1203	1464	907	1435	1049	381	1305	1081	397	877	898
gene6053	9	2	6	3	4	2	13	32	7	12	23	2	9	24	3	6	42	7	0	6	0	1	4	0
gene6054	123	57	81	205	52	129	150	359	138	214	158	55	195	158	153	66	236	129	36	72	137	53	78	109
gene6055	2854	1824	1318	1743	1401	1552	2811	3159	2337	2222	2299	1278	2904	2286	2552	1303	2293	2485	1011	2216	1970	875	856	1421
gene6056	715	277	317	437	190	502	451	778	629	200	784	418	357	383	456	364	477	243	168	461	413	254	328	235
gene6057	580	458	488	297	212	665	472	856	1605	252	825	125	711	385	141	487	358	275	206	846	532	173	255	334
gene6058	3	14	4	3	2	1	4	1	0	1	7	1	9	2	1	0	0	0	12	8	0	1	3	2
gene6059	4	8	6	23	13	11	24	34	5	9	3	21	65	28	31	23	42	31	19	1	7	0	1	11
gene6060	59	76	12	22	36	34	51	26	32	33	30	38	82	13	16	55	41	32	23	10	19	19	15	15
gene6061	68	42	42	51	36	41	48	81	115	26	87	23	92	59	34	23	36	41	41	53	51	28	34	50
gene6062	340	1899	1461	762	1416	1351	1334	4407	3169	1223	1849	1583	2144	740	2028	1576	1598	3423	676	1897	789	1230	158	1731
gene6063	53	100	113	46	74	92	147	289	108	126	177	67	124	125	98	61	121	85	43	164	98	65	83	28
gene6064	99	29	54	54	21	32	24	43	153	32	32	82	30	23	50	41	38	17	50	81	56	9	30	47
gene6065	197	52	83	37	58	76	60	151	338	136	83	60	156	69	243	49	261	222	33	200	76	46	135	86
gene6066	850	796	509	535	1051	438	886	2024	991	1446	1320	664	1062	492	1164	462	1498	1258	410	1193	554	679	362	431
gene6067	131	299	178	162	119	287	203	350	235	318	373	159	240	174	259	217	247	125	77	502	337	107	196	167
gene6068	78	55	87	52	24	24	67	105	129	54	58	27	58	81	110	99	83	66	43	29	62	35	38	48
gene6069	13	0	4	9	0	2	4	3	3	9	6	0	8	3	0	1	0	2	1	21	2	0	0	2
gene6070	760	318	103	439	222	218	73	722	489	704	508	443	226	360	312	262	341	407	229	575	189	169	196	202
gene6071	75	37	59	71	39	31	81	85	97	75	39	68	151	92	117	69	64	92	32	39	123	36	54	64
gene6072	316	110	266	85	80	247	229	324	252	249	136	104	118	183	178	74	202	111	135	155	280	58	159	104
gene6073	65	53	146	123	65	166	74	158	146	79	215	64	129	151	65	63	110	145	43	186	102	63	68	55
gene6074	69	119	21	90	27	162	138	151	61	98	86	45	49	131	49	79	101	42	116	168	93	97	18	80
gene6075	332	255	204	181	119	354	251	237	453	250	126	149	363	764	398	572	310	502	231	459	646	219	174	88
gene6076	265	118	96	79	132	187	209	428	313	135	161	152	177	243	216	117	365	139	218	148	92	57	123	129
gene6077	401	210	142	362	102	149	107	169	97	169	137	39	283	121	96	106	144	249	36	293	381	24	195	231
gene6078	4826	1534	1912	2449	1437	2594	1656	5242	831	2459	2911	2904	1309	991	1640	3240	1257	3716	659	1204	2462	942	736	1770
gene6079	16	47	25	19	9	10	23	64	22	40	51	21	30	48	28	28	9	20	15	72	11	19	7	16
gene6080	132	194	297	325	200	471	316	651	508	296	374	336	427	483	414	163	368	322	209	162	403	112	99	92
gene6081	360	186	205	206	90	492	88	519	186	276	273	170	562	606	56	190	223	190	94	1000	238	115	382	131
gene6082	12	7	27	39	34	45	68	29	106	50	75	23	41	62	68	19	19	21	20	11	72	17	20	40
gene6083	10	13	0	6	4	6	1	15	19	14	5	18	18	13	6	3	6	1	8	48	21	5	1	3
gene6084	165	230	367	176	174	61	308	77	389	216	553	488	282	173	462	458	403	177	74	247	207	24	73	53
gene6085	356	507	74	142	224	142	341	112	519	231	460	980	187	1201	347	28	658	223	150	745	758	290	159	94
gene6086	337	382	386	422	221	331	345	494	771	856	525	982	751	689	681	556	370	573	218	411	216	134	433	209
gene6087	111	93	108	169	163	145	131	110	85	286	391	189	118	123	259	60	131	333	146	285	100	96	134	225
gene6088	177	141	225	200	145	165	187	254	319	309	356	211	212	322	183	230	233	213	143	336	203	119	100	247
gene6089	59	107	31	13	104	133	46	185	196	185	65	89	66	150	72	108	79	76	111	150	175	39	231	66
gene6090	61	40	50	134	67	51	124	186	170	71	178	90	139	78	97	114	153	97	51	153	76	74	115	48
gene6091	501	337	319	331	231	587	462	627	512	290	609	196	303	607	630	345	473	477	147	379	309	400	198	157
gene6092	203	154	341	337	208	46	224	289	419	365	493	450	182	279	162	70	389	233	117	64	294	117	95	64
gene6093	829	2983	3652	2273	2155	3851	2767	5524	4389	3767	6938	1146	4076	5609	2571	3842	5504	5990	1318	3731	6912	2415	2233	2434
gene6094	121	88	108	90	71	202	103	131	89	64	148	70	224	131	80	42	83	72	27	108	143	67	84	40
gene6095	22	26	32	19	8	19	7	31	19	28	14	10	12	32	2	11	15	24	9	41	39	12	7	27
gene6096	79	87	35	32	61	47	16	96	138	48	64	38	112	115	62	56	63	35	25	156	117	54	23	71
gene6097	147	168	203	98	135	176	220	430	461	140	202	117	245	164	112	148	123	316	77	191	116	72	155	148
gene6098	816	405	445	555	230	271	409	328	973	346	294	230	681	601	434	403	367	402	259	575	318	274	301	267
gene6099	292	101	138	124	89	217	197	236	260	226	176	90	321	222	147	283	251	111	54	212	179	70	99	192
gene6100	290	135	177	239	125	194	225	454	109	42	82	19	58	31	90	50	353	353	158	368	283	88	213	138
gene6101	369	260	163	197	88	143	186	291	382	293	204	201	152	247	261	302	310	295	101	212	142	177	226	157
gene6102	694	322	378	437	314	447	488	1312	1027	674	435	401	538	539	667	404	576	541	174	709	655	253	157	410
gene6103	2829	3947	2146	1549	649	4620	3687	2717	2049	2898	2530	1006	1707	2506	5001	3477	853	1646	2232	7620	2131	1400	3072	1444
gene6104	970	716	383	433	301	1000	826	1153	1613	896	1101	664	683	557	514	1154	998	1181	572	1741	524	232	705	642
gene6105	275	93	238	232	254	262	279	364	410	201	593	187	372	183	125	271	440	283	112	358	341	258	192	200
gene6106	275	215	206	516	211	283	214	274	283	159	283	61	68	383	288	385	187	258	128	377	93	245	220	99
gene6107	18	20	48	28	8	25	19	44	14	25	17	14	16	20	10	19	70	63	24	56	24	16	1	21
gene6108	362	203	250	311	284	245	254	517	411	265	353	186	377	463	326	216	354	217	191	469	302	223	176	184
gene6109	18	6	2	12	5	3	0	27	72	50	12	18	17	21	96	1	31	42	3	11	14	5	4	12
gene6110	57	37	30	54	50	49	40	85	82	58	106	53	111	31	46	36	66	45	12	91	33	29	49	56
gene6111	2125	1915	3124	2339	825	2005	1318	2238	5910	1341	4072	2356	2878	3398	4074	286	7155	1791	2292	5552	5943	3234	3948	4303
gene6112	31	41	69	54	57	97	58	102	183	42	52	66	16	46	22	22	47	49	14	90	56	17	38	52
gene6113	318	143	359	238	140	196	187	795	364	333	726	154	392	274	527	354	363	479	229	351	182	129	256	190
gene6114	424	341	404	178	75	408	383	297	503	306	667	362	702	363	377	281	298	453	108	505	263	80	91	243
gene6115	189	24	24	74	28	36	25	49	153	64	46	33	49	50	25	45	96	139	5	104	5	19	17	19
gene6116	67	55	41	31	7	19	33	54	99	63	41	33	57	30	75	14	19	62	26	44	27	33	29	39
gene6117	571	456	552	272	274	460	503	599	820	669	826	407	584	587	435	608	522	375	268	426	332	167	249	254
gene6118	2561	1376	1437	2649	1011	2702	2390	8184	1295	2321	4320	426	4554	3046	3392	1940	1675	3351	1178	3488	1414	929	3865	1044
gene6119	273	78	102	189	105	80	147	217	397	294	236	134	215	192	209	169	197	181	111	201	287	31	116	168
gene6120	62	63	15	46	29	29	18	34	81	29	52	27	58	16	49	20	25	18	25	53	28	16	31	38
gene6121	58	49	99	50	30	99	177	201	95	77	79	98	236	234	68	45	123	57	21	231	141	59	59	56
gene6122	0	8	2	4	1	0	6	3	1	3	9	1	0	2	1	3	10	6	4	0	5	0	0	1
gene6123	60	64	39	17	25	19	40	39	36	25	44	33	18	71	52	23	8	19	38	64	32	0	11	32
gene6124	1448	493	392	730	353	769	597	1362	1273	656	734	719	841	854	751	663	615	1290	556	1354	1243	601	374	487
gene6125	10	4	13	33	1	25	5	27	10	19	15	10	14	37	3	2	21	4	1	25	7	10	1	8
gene6126	79	49	142	81	73	79	99	151	228	111	156	125	192	200	107	212	248	198	105	195	120	79	118	103
gene6127	5457	3300	3390	3285	1277	3634	3263	7533	6109	5097	3864	3820	2654	4277	3193	1696	4273	5683	3214	4475	4088	2349	1461	2186
gene6128	23	3	21	25	26	3	5	12	15	22	2	13	77	20	16	7	18	19	8	43	2	8	5	15
gene6129	49	57	27	71	40	34	49	66	88	9	93	23	83	41	35	48	77	39	17	36	39	25	21	39
gene6130	119	50	78	49	75	127	94	110	117	57	133	65	178	93	203	82	193	46	18	93	113	60	81	63
gene6131	810	662	600	630	494	690	1281	1369	743	1058	1003	748	855	711	874	1023	543	1135	508	870	847	309	612	1049
gene6132	36	15	43	16	32	70	40	112	71	61	66	36	194	256	124	55	23	52	25	4	106	50	40	118
gene6133	16	20	16	40	47	33	5	96	42	14	23	14	46	39	33	23	12	18	12	28	61	9	40	17
gene6134	32	116	87	81	34	122	107	142	84	77	35	52	249	105	110	61	92	74	89	51	86	35	43	64
gene6135	35	19	41	91	27	65	35	134	99	39	101	20	49	59	34	59	80	37	29	42	56	26	55	29
gene6136	358	164	181	233	143	225	228	327	375	172	277	165	272	252	239	167	404	219	103	297	191	130	168	198
gene6137	224	66	75	84	49	36	110	167	216	84	183	52	178	144	89	83	93	34	70	137	75	54	54	69
gene6138	201	163	30	291	19	16	64	219	279	62	71	63	75	62	67	75	95	57	37	169	149	41	61	42
gene6139	24	20	20	26	11	18	26	14	7	8	17	9	6	14	44	5	13	9	9	41	22	2	11	9
gene6140	732	1251	1179	538	548	1937	1068	3403	1417	3233	2699	2209	1932	1348	580	224	1660	1868	1213	2613	1496	954	535	153
gene6141	35	43	14	15	21	22	39	36	20	31	28	17	55	30	50	18	17	28	5	15	51	7	11	26
gene6142	1	18	1	3	3	10	3	4	7	21	3	5	3	1	8	20	19	2	13	20	5	8	3	4
gene6143	31	17	43	75	29	45	63	41	80	54	138	12	89	97	25	44	86	78	43	57	22	23	51	21
gene6144	54	6	54	14	2	9	12	76	45	24	22	25	10	20	25	13	30	21	18	24	15	4	15	24
gene6145	595	1672	483	560	500	474	1372	4351	2306	2122	1191	1733	3187	2130	1119	489	1645	1448	494	292	3030	169	1279	485
gene6146	43	141	106	363	110	228	79	188	182	95	154	48	52	146	67	102	29	73	63	165	279	39	107	82
gene6147	20	25	18	9	42	13	26	119	19	4	25	10	81	14	134	15	91	84	23	29	17	11	10	14
gene6148	117	230	140	296	289	201	24	1403	142	52	253	199	407	141	22	71	166	236	26	171	459	164	160	129
gene6149	103	130	239	189	89	316	111	661	386	264	244	358	562	221	398	304	376	259	120	355	300	103	491	89
gene6150	223	170	344	377	264	490	1212	1204	974	978	467	289	452	1036	844	525	1292	626	268	490	729	183	344	428
gene6151	36	34	29	59	10	47	63	69	23	60	27	52	47	36	22	23	68	27	10	110	114	21	17	15
gene6152	11	5	5	24	14	8	18	24	21	12	44	8	21	13	39	5	20	20	18	6	23	7	2	12
gene6153	1206	229	346	1448	531	1202	507	1246	1391	507	321	864	659	472	417	83	961	939	610	536	512	423	126	292
gene6154	59	77	185	68	45	107	106	287	320	239	86	228	283	184	144	75	136	139	114	157	183	26	50	101
gene6155	112	83	104	50	31	58	64	198	119	78	91	85	94	102	147	27	141	25	67	80	68	29	54	79
gene6156	337	113	183	304	163	184	233	261	275	235	265	133	279	282	296	132	240	198	95	164	192	161	126	123
gene6157	91	89	90	67	72	91	77	124	155	167	118	151	130	144	104	136	153	151	55	103	116	38	96	76
gene6158	57	28	49	53	54	127	105	136	89	115	53	35	123	30	39	61	91	173	38	128	59	58	71	28
gene6159	14	26	16	15	32	36	49	106	197	57	49	63	80	149	50	78	45	68	32	60	37	30	44	43
gene6160	100	72	91	145	68	102	76	195	140	71	102	46	105	123	98	53	133	126	53	101	86	45	66	43
gene6161	128	34	99	65	66	88	30	121	141	46	222	15	81	66	140	35	88	175	31	81	25	56	9	52
gene6162	151	127	100	210	198	213	159	417	183	197	224	136	254	208	217	192	215	166	81	162	99	76	170	54
gene6163	1466	646	311	756	406	952	877	396	1355	381	1073	66	653	954	680	325	219	425	411	1175	442	405	533	396
gene6164	17	10	16	51	16	36	55	62	93	46	31	20	79	121	17	13	36	9	25	27	55	18	24	10
gene6165	807	603	544	448	288	307	971	2193	582	628	1294	703	549	717	451	582	866	1036	200	1128	995	296	133	691
gene6166	233	205	215	140	170	464	543	619	339	307	243	84	306	326	120	146	310	389	205	175	193	111	59	6
gene6167	13	28	8	20	8	8	14	84	21	16	30	1	11	28	45	28	2	37	2	40	2	18	14	23
gene6168	62	65	46	85	55	142	90	147	176	80	112	50	103	30	67	50	112	60	15	97	73	34	75	59
gene6169	1099	783	578	447	343	765	697	565	963	386	1242	258	679	960	1239	320	615	734	387	802	981	348	205	590
gene6170	718	816	1131	1171	541	983	1042	1263	945	1187	1091	557	966	1306	1597	664	743	794	524	1278	1615	942	636	546
gene6171	177	155	173	161	57	100	165	343	250	160	252	168	259	266	254	124	271	229	138	315	210	100	173	87
gene6172	79	40	54	150	47	70	98	234	178	64	212	21	133	97	136	97	114	25	45	167	147	40	138	78
gene6173	0	0	0	3	10	0	8	2	0	3	9	13	10	21	5	13	24	0	1	2	5	2	6	5
gene6174	3	2	9	4	4	6	12	11	3	3	6	4	2	3	0	2	1	14	0	1	20	6	0	4
gene6175	359	169	367	251	236	137	216	1127	804	266	496	264	219	367	173	165	753	572	230	310	323	28	452	118
gene6176	160	102	195	181	83	73	232	378	74	42	220	24	155	140	47	88	213	183	121	283	203	157	35	108
gene6177	806	496	351	561	485	741	232	886	696	565	1199	189	818	723	227	188	477	672	234	927	300	356	270	260
gene6178	1869	1261	1378	1837	767	1570	1299	1733	3509	1665	2404	1065	2422	1606	2230	1444	1661	1579	821	1939	1626	710	791	1310
gene6179	1256	564	301	469	128	658	262	1161	711	627	903	901	981	415	735	419	965	355	544	947	944	449	670	513
gene6180	68	36	43	47	13	29	126	87	131	70	96	67	43	94	88	35	100	97	29	126	72	44	52	24
gene6181	516	522	506	550	483	523	254	904	883	372	1349	290	534	935	469	169	446	782	278	865	915	257	308	329
gene6182	73	58	18	90	52	52	27	98	59	33	60	34	74	72	34	35	54	142	29	119	32	25	38	40
gene6183	214	374	465	349	114	241	530	724	659	210	750	166	130	125	619	297	365	927	744	284	213	164	146	100
gene6184	1773	940	2065	940	1020	2294	1137	2194	1443	1317	1313	1058	1981	1675	1862	547	1379	1560	909	2278	1562	845	1000	1096
gene6185	121	104	76	126	123	113	143	165	97	107	284	67	102	107	160	85	132	176	63	158	113	83	62	59
gene6186	517	291	379	456	330	457	558	920	604	529	435	472	382	631	455	333	465	650	251	699	563	234	280	329
gene6187	64	9	35	24	17	14	28	58	66	13	36	20	45	48	28	14	35	45	8	39	40	11	31	6
gene6188	137	96	120	116	70	81	135	100	126	57	364	144	81	182	198	89	127	210	62	151	153	69	61	34
gene6189	30	33	9	38	23	29	62	23	52	60	21	43	51	28	25	13	15	61	19	51	47	28	48	41
gene6190	240	267	94	234	192	125	46	161	339	173	238	72	195	194	174	143	214	205	47	70	161	63	60	87
gene6191	75	71	47	45	49	32	24	107	92	24	59	38	64	8	62	20	34	42	47	71	44	32	5	42
gene6192	78	34	48	59	82	53	128	67	174	81	106	47	25	49	73	56	235	147	51	239	185	71	70	133
gene6193	86	65	36	49	59	38	82	124	109	87	135	23	118	59	33	71	19	75	27	68	57	32	40	37
gene6194	133	50	48	130	33	59	125	82	68	57	28	79	106	106	61	45	95	173	47	204	84	70	113	78
gene6195	33	39	11	21	24	30	13	20	16	18	37	7	47	50	23	31	22	32	7	9	28	16	36	26
gene6196	79	48	12	40	20	30	53	83	49	42	50	57	82	44	65	37	56	34	13	26	13	22	36	31
gene6197	182	56	67	97	21	131	61	71	83	53	50	75	59	121	257	95	125	57	74	111	37	122	34	84
gene6198	223	180	861	364	719	586	462	988	1101	295	1006	960	1950	1758	497	1134	1744	2168	440	325	1082	348	634	938
gene6199	1310	1193	653	852	488	1003	1316	846	461	274	319	160	867	429	940	492	3181	1073	744	956	997	575	693	731
gene6200	159	115	101	74	63	106	117	199	111	112	208	93	177	101	140	84	77	90	48	19	90	14	34	33
gene6201	439	230	266	138	172	355	26	205	340	388	1141	279	178	150	166	318	611	66	473	720	334	184	200	487
gene6202	862	505	409	1085	612	919	627	820	696	1843	1307	412	1294	769	1203	664	932	557	190	1078	1554	647	723	309
gene6203	29	30	15	29	21	60	21	64	88	54	59	38	35	51	30	80	48	17	19	35	27	22	24	42
gene6204	111	84	88	47	47	159	111	76	55	143	82	65	96	84	94	81	107	87	31	84	92	22	76	59
gene6205	190	496	219	212	149	434	57	363	637	139	356	155	423	226	209	224	207	394	213	125	217	146	140	150
gene6206	510	277	538	432	408	212	277	477	155	414	524	407	719	283	275	286	402	687	528	529	307	79	378	200
gene6207	100	72	50	51	36	65	113	139	88	67	101	92	114	156	90	65	94	55	34	167	78	86	81	50
gene6208	168	87	203	154	76	150	156	641	430	185	330	195	226	497	297	160	92	290	87	125	213	91	69	130
gene6209	202	111	145	159	112	129	154	264	155	155	117	146	298	171	199	110	206	239	131	276	221	78	87	88
gene6210	37	22	62	42	40	51	73	117	98	103	140	12	119	76	75	54	46	69	60	106	56	69	55	63
gene6211	1	6	5	13	5	2	0	4	6	0	5	1	0	0	2	3	3	1	0	1	15	0	0	0
gene6212	441	329	268	157	209	334	279	566	594	317	573	279	291	341	241	297	457	395	230	525	380	145	316	175
gene6213	287	537	357	398	194	99	418	527	854	338	799	224	608	748	325	391	619	421	132	351	601	148	209	229
gene6214	341	170	311	530	755	513	533	974	435	731	356	562	507	212	578	335	657	979	357	1295	827	385	451	404
gene6215	62	115	52	48	7	43	91	73	58	106	175	18	36	253	36	31	33	103	27	70	100	40	147	131
gene6216	1338	1066	1235	1953	1033	2179	2366	2633	4610	1786	3073	1686	2404	2716	1998	1773	2321	2470	1046	2524	2628	1218	1840	1549
gene6217	270	236	358	90	594	318	565	563	188	260	225	493	681	459	208	1085	206	608	189	350	567	90	337	671
gene6218	1047	823	783	666	579	734	690	1609	1138	747	1548	651	1372	1921	1033	412	764	825	450	1531	1278	400	826	736
gene6219	144	130	116	169	60	126	202	188	218	160	204	115	212	278	137	99	155	160	78	217	111	82	110	111
gene6220	0	0	0	7	0	8	0	0	2	9	0	0	4	1	6	0	0	0	1	1	0	0	0	0
gene6221	729	251	795	311	425	1002	394	1124	822	315	859	313	674	662	825	190	1017	3228	858	1641	674	681	513	886
gene6222	80	50	22	47	40	12	31	82	304	92	154	72	167	74	136	94	96	59	14	15	37	19	86	64
gene6223	13	37	16	19	4	31	4	70	1	4	66	36	38	46	9	50	14	30	29	12	17	11	23	32
gene6224	95	63	34	95	44	84	36	147	167	62	85	52	169	54	59	31	31	58	25	46	22	20	24	6
gene6225	3911	2281	1298	1538	316	1654	2670	3413	4027	1937	2445	1081	1591	2146	4948	1942	1242	3889	1010	1673	4387	687	1553	2038
gene6226	3	0	3	0	2	3	1	13	10	0	10	1	0	5	0	0	6	0	3	0	0	0	1	2
gene6227	31	41	41	9	24	35	58	34	53	26	62	50	31	82	52	75	80	54	29	55	51	16	50	27
gene6228	1689	852	675	770	237	867	2023	2195	1215	958	2206	1145	1871	1004	789	652	1034	1414	530	783	1061	553	828	719
gene6229	56	87	58	36	35	78	36	74	72	36	61	53	100	79	51	81	115	48	44	55	49	71	39	37
gene6230	666	1309	546	446	688	724	754	761	320	1100	763	836	2827	1223	212	332	1998	2324	1069	1073	1699	553	1488	743
gene6231	978	983	650	979	565	1094	775	1111	1717	818	896	592	858	850	1504	645	570	1170	847	1471	977	483	383	588
gene6232	4834	3979	2354	2390	3558	1904	2576	5816	1898	4156	4494	1490	2273	2835	4057	2143	5468	4450	1776	1496	1810	2423	2624	2237
gene6233	666	358	399	390	228	472	446	918	718	444	893	418	708	683	510	450	330	513	164	532	349	343	489	275
gene6234	17	0	5	7	0	19	4	21	43	23	13	2	7	2	10	3	8	10	34	8	11	12	5	2
gene6235	1	10	0	0	6	2	1	0	3	0	1	4	2	5	0	3	3	1	3	3	8	14	3	2
gene6236	0	0	1	1	10	1	6	3	15	3	0	0	2	0	0	9	2	2	2	0	6	0	0	5
gene6237	19	16	6	6	11	23	16	26	28	4	8	12	19	13	40	18	14	61	16	42	30	14	21	4
gene6238	19	3	7	1	0	6	0	0	0	1	1	2	7	20	2	5	2	1	0	5	4	0	1	3
gene6239	88	13	52	27	28	36	59	74	134	43	30	39	98	46	52	26	49	71	39	32	89	33	13	33
gene6240	47	1	10	16	15	8	57	142	14	41	24	7	5	0	47	6	35	7	19	6	9	21	16	45
gene6241	9	10	3	5	3	3	2	2	10	1	6	1	18	22	5	2	1	15	0	0	0	3	1	7
gene6242	24	18	20	16	8	0	24	35	10	7	29	17	13	7	12	8	25	32	18	22	6	7	6	17
gene6243	24	73	66	31	8	48	74	78	36	55	50	24	35	48	66	28	58	55	31	83	46	22	40	33
gene6244	104	75	63	54	68	65	63	69	202	91	128	73	105	97	99	64	201	85	57	140	49	44	80	46
gene6245	5	0	4	10	6	79	32	0	28	10	41	33	3	132	29	15	22	3	6	9	19	4	29	11
gene6246	944	865	1517	1242	617	1122	726	2359	1130	879	1637	834	1111	1287	995	2471	2526	1166	386	1185	2416	351	722	1393
gene6247	157	117	45	183	83	79	112	158	172	111	250	64	220	92	293	87	80	86	54	173	91	38	91	36
gene6248	680	362	485	539	259	230	489	627	1050	461	913	367	482	493	697	460	759	360	268	527	531	427	203	400
gene6249	105	296	147	300	173	388	319	543	447	210	172	114	101	251	164	41	92	168	221	279	242	127	157	337
gene6250	709	202	397	733	431	452	529	1062	772	434	908	432	779	795	490	673	448	629	316	910	432	390	402	319
gene6251	71	43	143	91	109	65	128	79	161	101	308	83	176	123	137	136	72	81	50	57	83	116	65	54
gene6252	79	87	142	125	47	153	127	149	330	205	105	116	183	176	131	95	299	120	67	172	213	43	144	128
gene6253	22	13	14	12	14	11	8	38	15	16	3	16	18	8	19	18	17	18	6	13	17	1	16	2
gene6254	550	290	267	400	314	506	449	918	876	464	700	155	550	608	598	188	574	658	216	385	259	258	142	330
gene6255	22	9	24	19	16	17	26	25	17	12	63	17	79	18	26	8	28	22	10	7	21	32	16	9
gene6256	74	419	189	171	209	356	197	871	518	365	95	339	387	352	267	306	247	517	346	321	190	36	121	161
gene6257	54	42	31	99	49	39	90	76	137	32	32	125	125	104	82	87	53	49	51	93	65	38	103	30
gene6258	0	15	5	1	7	10	0	39	12	7	18	19	14	7	32	5	2	0	0	1	0	0	1	9
gene6259	78	35	52	26	61	15	59	19	150	57	30	22	255	30	42	103	114	70	42	63	1	22	40	16
gene6260	303	250	231	181	155	272	323	460	412	206	378	193	270	258	371	201	234	277	192	249	239	110	168	186
gene6261	36	21	74	27	37	22	32	77	59	48	10	33	75	41	44	42	77	27	25	33	29	22	12	23
gene6262	578	539	315	307	110	324	215	415	913	483	698	270	432	882	466	325	75	391	124	413	741	179	142	154
gene6263	10	30	15	36	15	22	22	42	32	15	18	13	20	9	21	8	46	42	10	6	26	8	26	7
gene6264	142	56	71	75	58	156	36	159	171	80	113	81	129	88	79	70	119	110	46	157	189	61	90	68
gene6265	6	12	21	3	7	7	12	11	2	1	6	5	0	10	4	5	5	26	5	27	3	5	2	0
gene6266	30	25	29	29	35	45	76	92	91	64	49	42	41	39	64	68	81	67	19	49	62	26	55	34
gene6267	66	31	28	17	14	17	38	81	38	42	23	12	13	13	31	33	24	31	34	35	38	9	27	26
gene6268	111	34	34	45	39	32	76	157	70	46	37	46	81	53	74	39	66	86	29	184	90	58	117	247
gene6269	69	59	65	51	64	114	55	163	270	90	181	45	260	108	155	101	97	121	53	152	25	28	49	19
gene6270	208	204	142	187	140	187	178	614	372	202	217	141	230	252	191	173	277	231	74	209	293	78	85	192
gene6271	32	35	50	38	31	62	69	42	69	71	47	57	59	33	47	60	72	37	23	58	55	41	26	46
gene6272	393	486	206	236	275	210	180	477	478	298	632	195	624	498	458	253	224	286	178	554	219	240	255	415
gene6273	28	34	34	34	21	21	15	115	28	32	23	18	47	25	32	11	40	28	16	40	9	32	15	29
gene6274	314	174	46	193	198	272	373	395	327	725	358	172	403	296	418	422	309	528	179	411	337	103	230	318
gene6275	41	24	74	26	21	76	39	78	30	3	34	27	26	6	18	18	130	70	43	120	44	59	48	23
gene6276	5840	1384	637	1184	1255	2644	1855	4183	3857	2857	3826	1636	2559	1562	1059	1491	3272	1421	1620	2976	1643	1181	1996	1626
gene6277	151	168	99	108	74	91	130	178	192	95	175	28	144	63	40	35	173	137	68	164	69	148	122	61
gene6278	306	256	384	253	132	364	44	1585	652	234	701	136	962	231	118	245	772	164	123	392	131	263	135	243
gene6279	421	443	398	347	191	417	501	691	738	647	657	358	589	766	465	414	506	783	190	722	493	129	381	181
gene6280	93	18	118	10	10	50	15	64	11	82	27	36	91	104	26	28	97	35	16	61	5	9	14	33
gene6281	445	220	226	281	276	293	341	550	509	349	508	392	345	243	284	348	422	270	143	253	585	152	193	251
gene6282	73	30	19	37	12	37	7	96	34	32	25	33	55	29	59	19	90	13	39	18	33	16	33	33
gene6283	970	509	487	1578	846	1180	888	238	1200	738	1219	1181	1586	809	728	252	1328	197	459	1333	371	184	146	494
gene6284	796	524	173	379	614	26	449	537	999	1005	535	270	283	985	638	148	638	305	449	1078	560	279	290	426
gene6285	126	143	83	130	60	93	134	300	258	184	141	123	65	107	224	62	92	83	104	159	158	50	83	169
gene6286	100	66	70	50	57	55	30	126	129	63	80	17	150	217	142	17	90	110	61	190	109	121	37	31
gene6287	7	8	4	37	10	6	1	7	2	21	8	7	11	10	3	10	116	54	31	54	66	33	3	41
gene6288	230	141	106	301	154	166	201	294	344	325	268	86	197	241	160	210	194	158	158	305	361	86	188	87
gene6289	414	253	623	703	312	290	487	1128	646	289	334	207	506	984	513	269	561	540	96	350	433	222	437	404
gene6290	38	14	10	18	21	10	12	23	34	18	23	15	8	21	15	6	43	6	8	51	7	4	9	3
gene6291	293	190	416	261	413	244	357	952	796	292	857	173	476	31	295	132	270	264	134	395	142	76	329	322
gene6292	553	280	229	408	239	517	296	709	821	549	693	278	315	596	381	295	657	807	103	384	391	236	274	252
gene6293	3138	2085	1067	1719	2518	3817	3135	3453	6943	4720	7452	6223	8121	7911	3694	2398	30422	19693	11049	32852	27271	11028	10488	15416
gene6294	23	32	22	15	4	34	32	92	16	28	20	62	22	79	38	45	35	28	12	33	35	21	17	41
gene6295	331	144	217	322	174	258	237	325	348	184	432	167	293	471	316	147	255	332	213	458	479	88	95	121
gene6296	1	3	2	1	2	0	0	9	6	1	1	0	13	0	7	0	13	5	5	0	11	4	0	0
gene6297	198	157	165	104	111	181	93	197	246	138	149	137	156	136	163	96	180	147	77	212	235	78	84	92
gene6298	325	461	589	203	294	225	187	531	377	400	440	323	473	662	407	130	473	418	189	452	172	190	41	405
gene6299	1239	809	447	1525	536	774	667	2214	1665	850	841	461	1218	828	728	898	510	244	750	2199	702	347	1032	153
gene6300	33	18	2	15	32	39	19	19	30	36	9	9	53	63	31	18	16	17	6	24	59	26	23	3
gene6301	459	235	247	226	252	228	299	290	539	283	195	283	414	352	290	172	559	349	140	272	395	172	251	268
gene6302	78	116	119	76	54	26	90	243	154	105	172	83	168	137	109	99	258	94	76	203	131	74	80	94
gene6303	189	348	286	178	235	150	322	236	277	389	259	176	222	267	290	240	299	144	164	157	330	216	190	299
gene6304	1090	471	441	674	541	702	533	1553	1742	1337	1511	251	1030	1500	957	949	981	828	360	805	754	166	411	362
gene6305	137	161	151	149	76	109	114	152	206	183	245	69	231	73	77	113	136	145	102	158	95	45	66	104
gene6306	1819	1533	440	1704	952	796	364	2386	2843	3912	1511	1617	3458	886	1333	663	1942	2143	444	2030	3295	104	427	2947
gene6307	68	24	31	34	18	34	48	39	49	36	73	17	29	44	42	10	34	75	38	47	111	26	23	24
gene6308	817	851	829	816	950	1074	891	1541	1209	964	1107	649	1161	1279	930	823	1120	1515	781	2055	1001	454	478	824
gene6309	1049	393	642	337	297	560	649	1165	1113	828	1006	511	1001	587	1045	757	982	1060	336	498	776	183	448	613
gene6310	15	1	7	5	4	13	2	3	3	23	6	6	19	25	0	1	4	1	12	19	27	5	6	2
gene6311	54	39	64	71	68	116	64	84	155	102	81	64	99	105	77	70	67	91	41	167	110	14	60	32
gene6312	53	8	8	10	4	21	4	17	21	9	21	21	24	9	22	20	17	2	10	8	5	25	4	11
gene6313	715	213	659	572	223	502	314	852	1137	736	986	516	529	438	529	461	655	315	245	767	1251	228	361	180
gene6314	2325	1866	1056	2412	1159	2233	2173	2292	2735	2066	3025	1394	1894	1824	1719	1578	3183	1837	1857	2362	2193	1369	764	1210
gene6315	0	0	0	0	0	0	0	0	0	0	0	0	0	9	0	0	2	2	1	0	0	0	0	2
gene6316	8004	2231	4100	5993	2386	2893	1198	9473	9168	2217	5839	2130	4482	4908	2765	2875	6021	3610	2704	5853	5325	2194	1475	1169
gene6317	200	158	96	161	45	227	278	102	217	212	30	160	167	73	66	25	167	20	115	483	96	15	54	280
gene6318	146	121	134	120	120	211	176	268	284	132	96	101	148	169	294	90	130	95	90	345	127	95	161	146
gene6319	53	17	11	9	6	5	13	25	22	22	4	4	7	10	5	18	38	5	16	1	26	5	8	2
gene6320	200	124	126	103	70	81	141	216	292	134	114	127	204	174	113	99	489	221	164	537	271	70	275	203
gene6321	116	28	75	124	36	53	57	79	88	99	71	91	38	45	108	17	135	82	17	81	190	36	30	40
gene6322	551	469	536	385	237	329	371	1103	1211	1040	1415	114	656	608	451	652	568	1018	554	472	464	268	291	539
gene6323	47	27	4	6	3	14	8	31	20	16	6	4	9	14	17	7	25	1	15	15	4	3	9	5
gene6324	3	11	18	45	42	35	37	16	36	29	48	4	66	34	6	16	22	25	16	13	19	14	12	28
gene6325	527	337	230	335	127	26	161	53	142	94	225	38	456	447	57	72	117	237	298	172	182	110	167	172
gene6326	45	56	98	69	76	148	145	161	199	108	182	12	59	43	102	67	109	78	30	96	135	84	53	100
gene6327	99	57	49	118	65	60	89	90	144	68	64	53	86	100	93	79	87	96	68	103	112	50	33	51
gene6328	24	50	29	4	9	11	23	3	42	15	23	47	24	65	16	11	39	52	9	70	13	8	8	17
gene6329	122	327	116	184	193	524	359	262	127	111	285	250	417	204	196	202	152	622	231	242	80	116	221	110
gene6330	62	49	62	36	21	88	16	237	58	43	113	39	63	161	45	27	26	86	17	62	59	22	25	15
gene6331	138	35	109	101	60	61	27	217	29	59	106	95	93	44	48	71	137	24	36	20	63	17	108	61
gene6332	186	226	146	164	81	311	139	233	155	171	137	170	621	342	445	209	299	171	120	305	166	99	229	163
gene6333	2087	1889	1043	1664	914	1712	1916	3029	2768	2259	3250	1660	2257	3180	1501	948	1297	2119	602	2221	2270	1469	790	850
gene6334	198	166	43	26	143	312	87	84	136	88	129	55	96	179	51	41	467	28	77	41	177	46	58	63
gene6335	10	9	18	12	5	12	13	36	53	4	49	23	18	29	23	11	26	32	14	11	22	17	20	13
gene6336	81	40	32	70	26	23	115	126	226	46	52	63	80	131	93	28	79	83	40	50	64	23	51	44
gene6337	8	22	35	5	8	41	4	49	13	31	26	36	14	90	13	27	23	56	24	54	19	14	17	6
gene6338	266	165	468	568	198	227	272	484	103	322	306	228	549	407	163	250	119	101	32	59	117	30	86	33
gene6339	57	48	24	31	12	68	33	54	68	55	37	23	16	39	49	31	16	41	33	75	29	16	27	33
gene6340	84	30	36	128	89	57	50	176	316	146	392	206	359	294	245	53	128	63	38	178	151	46	65	34
gene6341	239	49	119	155	78	82	92	215	160	66	136	189	136	245	94	82	228	100	85	196	154	47	129	135
gene6342	49	49	26	43	57	34	59	96	71	31	40	69	96	38	30	54	49	58	39	41	48	12	24	51
gene6343	102	101	52	81	64	122	81	134	137	119	102	88	116	185	148	62	142	181	54	82	112	26	64	58
gene6344	57	26	14	25	9	23	45	54	102	27	60	31	21	32	42	17	29	53	10	53	25	22	21	15
gene6345	157	145	120	92	65	248	139	266	217	194	161	121	194	225	149	183	345	145	59	243	135	62	182	132
gene6346	1982	1293	1769	2964	1198	2253	1187	2869	3817	1609	2754	2211	2580	3196	1889	1509	2803	2691	1016	4894	2425	2097	881	1239
gene6347	65	51	53	80	12	33	39	150	185	87	89	61	77	65	63	68	39	67	23	88	77	39	57	24
gene6348	244	314	227	264	180	314	293	360	546	250	422	225	311	342	363	302	525	288	151	414	251	146	228	254
gene6349	1	8	8	15	6	15	12	31	15	27	7	5	12	19	24	20	25	37	9	42	28	6	9	11
gene6350	107	37	98	113	60	130	63	154	209	48	53	78	58	91	92	36	72	63	102	204	190	56	80	87
gene6351	62	10	78	58	27	105	20	124	186	109	32	16	71	69	33	187	28	102	25	76	55	16	24	9
gene6352	234	359	232	188	116	236	642	788	375	617	1103	408	203	411	797	209	247	286	116	160	387	11	322	80
gene6353	72	116	48	53	65	170	196	285	186	146	285	102	265	160	253	182	153	61	79	195	60	48	37	18
gene6354	58	76	98	77	76	107	166	89	203	158	293	61	69	155	158	55	136	137	113	283	80	44	46	50
gene6355	1900	1345	1542	2186	2073	2360	1880	4209	2845	2222	3233	1439	2601	3881	2925	1427	1992	1916	963	3047	2707	1490	1881	1652
gene6356	51	93	74	85	92	68	39	184	110	105	134	116	59	101	114	54	89	51	49	101	103	29	40	106
gene6357	241	151	46	224	132	208	204	381	194	135	358	157	130	186	127	135	108	73	82	112	132	58	129	79
gene6358	216	80	63	109	98	69	177	260	482	79	92	167	198	199	227	151	189	173	77	107	220	79	221	150
gene6359	121	38	22	68	65	71	91	54	21	69	140	51	24	210	106	99	102	72	18	59	41	22	64	60
gene6360	757	439	512	595	616	476	412	825	1325	616	665	507	992	758	736	256	526	377	340	1080	690	364	265	418
gene6361	558	466	445	513	344	647	671	485	341	159	188	96	186	248	267	90	573	538	175	300	540	214	207	365
gene6362	3152	1338	2068	2784	1977	3729	2337	6330	3841	2596	5067	2480	3783	5653	2963	2086	2384	3552	1762	3641	3424	1520	1968	1658
gene6363	100	166	106	127	73	184	165	196	305	309	193	193	245	385	184	186	156	170	65	195	215	108	129	95
gene6364	159	112	171	240	151	131	184	379	309	144	458	133	168	240	180	114	251	319	70	167	160	99	200	87
gene6365	216	183	180	199	85	135	213	426	325	219	430	157	379	283	384	129	243	204	177	368	315	84	116	182
gene6366	2171	1685	1345	1666	698	1114	5165	3684	11937	2509	4987	1381	3495	614	1636	2665	2392	2781	559	2771	4036	967	1145	2322
gene6367	103	34	40	100	34	16	45	63	65	72	50	113	50	92	95	30	48	35	32	57	36	30	48	36
gene6368	166	71	107	155	90	180	155	223	157	119	197	125	211	150	100	128	217	165	36	240	204	58	60	69
gene6369	62	149	56	92	63	130	205	264	225	151	207	72	264	57	70	47	95	255	76	132	122	32	77	71
gene6370	51	20	42	41	14	18	34	61	42	42	31	40	59	31	84	25	22	18	15	17	29	12	27	26
gene6371	159	99	105	110	70	82	244	272	327	236	256	125	203	189	262	232	169	148	107	244	141	76	105	151
gene6372	31	9	13	18	3	5	18	44	25	13	28	7	30	51	44	8	21	46	6	15	14	9	37	7
gene6373	60	17	15	34	20	40	58	59	50	17	11	15	71	21	72	55	19	34	5	20	68	28	19	50
gene6374	196	85	172	157	84	131	76	357	159	42	45	57	33	64	76	63	229	299	110	193	145	117	50	100
gene6375	2233	1430	1554	2488	1714	539	1915	1491	2442	2709	701	777	1089	1540	632	759	1822	720	694	2071	1689	337	1051	423
gene6376	313	329	442	254	196	285	421	881	755	601	537	148	337	381	420	261	365	313	138	425	396	255	271	245
gene6377	2232	1931	1574	1537	1116	1923	2134	4125	3128	2761	2479	1514	2567	2469	2705	2121	2017	1977	845	2767	2288	1332	1725	2075
gene6378	36	32	13	18	47	38	37	47	29	7	24	10	9	11	31	14	26	37	9	15	35	33	19	39
gene6379	1013	603	802	600	1068	1426	868	1586	1205	1299	1087	1072	1154	1000	1160	927	786	582	561	2092	1010	913	305	374
gene6380	2177	1758	1815	1551	998	1642	1424	2929	4049	2085	2563	1092	1170	1985	2624	2026	2506	1572	1289	1694	1225	782	2074	1047
gene6381	26	18	11	25	29	28	16	46	55	21	16	4	36	14	23	17	29	6	26	49	8	11	11	8
gene6382	1	6	3	13	1	11	0	8	6	0	10	2	6	6	26	2	2	4	10	0	0	0	5	0
gene6383	78	36	116	60	57	83	74	126	151	104	164	33	279	215	145	17	48	72	70	103	140	57	40	45
gene6384	404	266	266	265	307	501	259	579	272	289	296	270	467	337	358	304	482	306	300	543	443	167	150	229
gene6385	327	139	213	95	165	293	268	540	340	329	252	193	203	167	423	185	191	165	121	264	213	98	157	242
gene6386	68	361	69	55	112	181	69	332	230	422	534	266	143	47	760	42	82	54	116	217	776	128	790	77
gene6387	4	0	3	7	0	3	23	22	10	14	16	1	32	11	29	22	29	4	0	52	4	4	3	15
gene6388	57	21	38	47	63	45	74	46	84	57	41	52	179	69	67	9	73	48	14	127	40	17	58	52
gene6389	428	901	746	344	933	694	1036	1681	2454	2120	310	140	499	824	2043	546	2440	1314	929	890	1052	635	967	709
gene6390	193	137	97	99	78	101	160	192	260	143	281	104	179	118	211	50	126	103	69	142	143	74	103	60
gene6391	138	83	115	34	56	113	37	237	152	319	170	136	81	63	53	45	96	198	18	79	61	18	35	27
gene6392	187	134	95	185	108	158	283	304	219	161	230	164	224	203	205	192	269	352	141	176	185	122	178	150
gene6393	514	410	499	738	366	683	604	1298	960	763	984	518	564	807	633	586	810	746	319	656	558	468	803	595
gene6394	0	0	3	4	0	10	2	5	1	3	0	0	9	6	0	4	0	6	0	2	9	2	1	13
gene6395	5	22	1	5	5	5	1	4	10	4	10	3	11	7	2	14	14	9	14	29	0	3	6	11
gene6396	348	307	183	277	180	285	656	411	930	537	603	271	534	305	906	333	83	73	61	104	68	19	42	18
gene6397	1884	1290	2776	1311	1458	2996	1984	2098	2817	785	3584	3038	7265	2572	1141	1794	4486	2183	684	2621	2045	599	1613	1332
gene6398	175	44	78	74	80	102	99	180	95	69	130	86	136	146	77	75	94	136	23	107	124	44	98	83
gene6399	33	53	44	45	30	38	26	97	80	41	58	53	41	13	34	42	78	71	44	58	54	12	57	24
gene6400	160	48	86	103	19	205	94	127	216	71	211	51	493	202	34	254	222	114	35	338	84	125	32	109
gene6401	20	31	12	78	15	19	44	133	8	14	39	20	136	46	62	14	43	30	22	52	71	30	26	14
gene6402	64	45	25	47	18	52	46	68	20	25	16	18	63	29	47	12	36	25	39	47	69	5	44	15
gene6403	47	30	12	13	11	6	6	30	30	16	17	21	15	59	20	9	23	20	10	16	19	5	30	12
gene6404	278	135	117	206	279	149	194	488	339	242	377	260	452	384	189	199	330	188	207	376	284	113	201	174
gene6405	144	65	124	99	98	51	93	507	38	24	45	28	40	48	37	45	80	188	122	208	167	61	74	47
gene6406	19	16	17	43	21	22	5	25	29	28	39	26	39	12	70	5	57	18	14	28	26	13	20	9
gene6407	89	36	172	95	58	82	41	294	150	116	244	43	85	54	62	96	128	86	44	88	66	38	63	78
gene6408	264	206	260	262	262	186	186	496	327	312	293	263	288	281	381	330	273	230	203	289	249	93	365	183
gene6409	26	32	52	16	17	62	129	36	2	52	54	37	101	21	14	7	17	45	13	7	108	54	13	42
gene6410	23	51	9	8	7	9	4	40	26	23	65	28	14	10	27	12	28	15	4	26	12	12	8	7
gene6411	198	167	107	188	158	126	131	338	184	204	251	80	273	207	160	152	190	140	114	270	145	47	87	90
gene6412	320	188	245	204	174	410	165	455	384	267	496	210	326	361	410	180	224	327	198	376	227	145	161	168
gene6413	37	24	7	55	24	22	14	83	33	16	16	15	5	9	3	5	35	7	6	60	47	22	20	26
gene6414	2	7	1	2	4	11	2	6	6	3	10	2	0	21	3	1	17	9	3	3	2	1	2	6
gene6415	380	223	272	173	196	274	188	440	413	134	276	132	306	205	277	203	427	203	116	504	331	83	292	110
gene6416	70	60	35	66	26	77	31	71	99	51	119	22	138	42	79	33	79	38	43	78	50	21	33	44
gene6417	3043	1793	1100	705	1329	1431	853	2082	3008	2868	2023	803	2099	1375	1541	1228	1553	3020	617	1676	2620	663	1156	324
gene6418	165	178	129	65	37	296	181	206	180	52	203	109	152	209	37	152	384	264	50	68	73	64	30	55
gene6419	363	239	665	591	343	1278	850	1363	1264	396	930	797	2008	460	1155	622	296	849	230	293	991	946	888	669
gene6420	265	217	157	217	235	142	130	353	605	219	296	155	544	224	160	237	180	340	211	420	308	119	100	77
gene6421	117	52	65	224	133	60	93	152	164	86	139	91	96	77	59	176	28	269	77	156	139	36	160	49
gene6422	738	476	330	332	378	453	626	1138	1218	883	915	799	706	940	1112	563	918	738	588	938	1139	538	494	867
gene6423	272	270	143	208	170	317	388	321	497	567	171	302	469	435	526	521	345	394	175	510	316	351	276	206
gene6424	53	96	51	108	38	80	193	242	181	127	51	120	106	66	105	58	37	97	60	75	133	50	88	93
gene6425	1284	995	772	1235	960	675	794	1901	1392	971	443	718	1457	1345	655	200	1508	582	296	1425	662	570	798	406
gene6426	1448	781	853	1043	979	1623	1301	2422	1706	1045	2098	965	1365	1606	1166	1264	1493	1288	1135	1574	1441	597	782	1169
gene6427	150	166	167	314	153	90	148	258	216	177	200	115	514	376	249	157	121	144	49	440	287	114	167	149
gene6428	652	355	684	333	180	534	267	706	549	890	342	566	290	355	530	228	507	530	236	572	1174	539	206	428
gene6429	49	57	12	40	10	45	9	28	54	14	17	11	59	56	33	26	43	14	15	16	29	16	16	60
gene6430	271	341	148	488	108	452	726	629	275	269	317	147	318	769	381	270	451	733	313	503	369	150	370	193
gene6431	102	111	43	160	118	334	122	789	595	108	324	145	290	260	189	152	273	257	99	155	213	126	113	68
gene6432	1746	701	953	1457	712	697	1338	3883	1901	1473	1834	592	611	1409	1947	1456	626	1012	598	1042	1158	539	802	1348
gene6433	92	60	38	48	140	43	142	250	89	221	55	138	154	460	197	159	66	80	58	129	104	32	220	75
gene6434	198	107	23	92	251	60	192	192	60	54	200	130	196	95	107	83	116	25	113	158	92	23	65	28
gene6435	20	13	12	11	19	5	6	30	23	17	13	11	26	11	2	9	99	22	1	18	34	21	32	12
gene6436	521	439	758	550	384	316	429	609	538	640	690	488	928	582	340	388	341	410	274	632	636	312	133	269
gene6437	418	257	344	231	212	273	236	254	402	276	407	254	305	366	310	87	392	279	151	459	325	111	89	145
gene6438	244	198	95	112	160	245	99	380	182	35	175	71	79	108	75	9	66	61	99	204	189	79	191	158
gene6439	144	43	165	186	69	165	204	408	373	115	198	152	369	372	255	152	200	140	132	306	278	80	149	253
gene6440	145	133	26	35	103	183	110	147	74	114	102	69	136	88	89	36	109	96	28	43	158	67	58	27
gene6441	139	65	148	72	12	75	134	258	283	275	196	309	532	346	355	213	253	133	73	74	125	52	30	50
gene6442	1029	310	200	273	634	502	563	626	1484	2325	2645	1623	3938	1800	2869	2659	776	353	322	618	829	44	524	408
gene6443	436	403	494	732	315	615	336	1003	843	481	1128	330	791	758	532	427	510	734	334	765	774	232	475	432
gene6444	30	48	15	15	28	36	25	126	194	21	62	0	21	34	56	19	107	8	2	44	1	6	70	12
gene6445	48	4	3	36	28	3	29	11	27	22	4	20	31	53	11	32	18	8	17	29	10	6	11	21
gene6446	256	400	200	365	102	353	288	277	505	293	402	302	242	286	315	141	406	191	120	581	139	237	145	348
gene6447	6	11	17	24	22	47	12	37	13	42	11	24	42	30	27	18	26	21	5	49	33	24	10	11
gene6448	138	25	110	150	56	258	68	161	304	124	101	46	218	87	154	71	108	154	46	126	223	71	201	50
gene6449	108	142	258	239	161	287	119	378	383	208	321	172	300	263	258	162	330	180	126	149	211	129	144	113
gene6450	327	223	120	271	159	273	234	570	291	214	144	155	291	204	371	232	209	783	161	464	183	140	186	156
gene6451	512	233	180	195	99	262	278	563	256	305	199	90	449	195	274	230	178	206	112	245	189	138	113	177
gene6452	282	59	165	170	112	116	198	256	477	104	320	69	182	251	148	58	115	219	69	122	146	44	99	130
gene6453	154	203	48	71	15	8	676	140	1395	454	361	168	72	254	958	90	253	138	55	138	197	105	32	118
gene6454	276	814	577	333	514	1012	863	1133	788	941	431	342	1223	1866	647	727	342	1909	332	1040	632	666	497	756
gene6455	220	65	147	215	84	123	126	328	474	115	149	140	252	141	190	154	163	148	78	259	159	93	95	93
gene6456	300	334	245	194	182	183	131	268	523	291	354	210	114	662	134	60	231	222	215	252	284	40	161	38
gene6457	127	220	146	239	114	234	173	202	272	224	154	139	304	125	232	254	75	122	36	101	74	17	50	36
gene6458	927	624	664	1169	493	816	1489	2499	1448	999	1540	533	1500	557	2130	435	429	319	219	384	428	124	221	221
gene6459	1448	1301	1064	947	987	1177	525	1812	1648	1615	1488	466	1530	1262	1043	681	136	243	110	393	216	159	233	194
gene6460	103	42	34	38	29	37	32	30	31	76	84	24	57	85	11	32	37	61	20	67	37	21	46	33
gene6461	3118	1338	2224	3190	1054	2939	2814	6972	3498	2305	3284	1810	3445	3351	4225	1897	2787	4412	1805	4443	3285	2039	1515	1401
gene6462	579	221	762	575	539	558	178	1331	323	351	97	411	399	564	260	207	1184	407	276	423	870	110	311	280
gene6463	73	92	54	126	49	36	66	105	84	92	76	17	92	126	75	100	142	48	84	141	123	44	31	76
gene6464	27	22	18	21	8	17	14	29	13	13	24	12	22	46	23	13	23	23	7	28	15	5	19	16
gene6465	225	85	130	221	257	223	240	339	257	184	333	188	252	300	313	107	194	154	159	210	167	47	102	125
gene6466	2657	2090	2632	2678	1732	3063	4421	8427	3682	2281	4991	1673	2864	3579	3983	3001	2027	3312	1685	3654	3622	2162	1489	2925
gene6467	195	111	162	174	129	290	203	532	370	223	203	154	278	164	287	133	220	298	116	396	116	75	142	114
gene6468	22	53	28	40	4	15	50	5	128	40	70	34	38	37	34	28	33	26	40	112	67	62	17	24
gene6469	298	307	273	427	185	116	181	392	353	181	371	221	490	130	304	91	457	429	167	194	263	118	155	330
gene6470	72	53	30	28	35	68	57	74	87	78	93	59	48	51	59	42	59	64	14	56	71	32	22	15
gene6471	64	32	51	102	29	32	14	101	78	37	96	58	59	36	53	56	74	8	26	115	86	24	37	42
gene6472	82	55	59	52	55	47	58	148	62	59	119	20	138	137	135	82	129	111	22	71	60	20	26	32
gene6473	1035	1754	1243	768	733	1261	1127	1163	830	885	1011	787	2202	790	2293	745	1088	737	390	1302	1588	527	1144	870
gene6474	21	52	38	36	21	76	11	34	40	24	31	27	19	33	52	35	33	17	27	27	40	29	71	17
gene6475	23	41	51	25	8	70	20	97	37	33	74	23	45	61	1	18	52	38	12	86	62	16	62	6
gene6476	4519	2398	2701	2633	2624	2565	2824	4983	4290	5342	6292	3333	3984	4308	2643	2250	3270	3812	1746	5312	4462	2122	2239	2778
gene6477	293	308	70	136	183	113	149	213	346	154	289	84	356	399	213	229	239	112	133	171	208	108	200	125
gene6478	185	92	189	118	161	194	168	214	258	186	329	363	200	370	227	302	162	235	141	75	272	160	70	119
gene6479	75	5	32	61	18	13	17	36	75	44	54	36	30	59	79	26	62	41	23	20	38	9	18	21
gene6480	77	60	37	71	75	21	55	157	162	67	45	40	45	30	117	42	106	59	25	52	24	18	53	51
gene6481	2	6	34	32	7	47	12	17	51	125	64	6	21	19	7	14	27	24	21	29	55	15	32	16
gene6482	618	952	295	606	107	410	364	1317	310	861	305	593	275	272	781	512	1374	296	351	1372	236	316	76	171
gene6483	1160	925	667	853	466	758	676	1108	1401	1005	940	539	911	839	823	761	1161	652	456	1336	863	304	595	432
gene6484	235	110	179	106	92	129	126	317	315	199	178	116	112	191	150	169	210	252	137	196	118	69	112	93
gene6485	1527	913	327	760	411	873	1235	2349	896	890	819	762	1115	835	980	572	1628	467	409	761	1170	289	419	1085
gene6486	367	221	388	25	113	237	620	195	673	150	513	195	249	277	136	305	127	143	52	381	136	117	148	102
gene6487	46	21	55	142	65	107	105	173	71	62	91	76	114	71	152	102	86	28	29	52	198	17	40	61
gene6488	25	9	22	10	36	23	11	23	24	3	29	14	16	26	11	6	10	24	4	26	5	7	16	2
gene6489	781	702	665	818	814	884	676	1598	1356	1636	1045	760	1105	750	821	665	1189	947	472	1619	835	653	432	549
gene6490	5	22	10	65	21	28	14	6	23	53	20	36	52	11	6	4	12	184	3	10	56	7	40	18
gene6491	391	225	292	547	252	413	323	331	902	509	421	304	700	494	451	400	254	314	225	852	450	503	240	236
gene6492	95	63	20	149	67	62	123	59	240	102	218	69	151	152	48	85	71	49	16	170	63	29	37	19
gene6493	111	45	46	44	29	43	131	130	132	141	144	57	77	120	100	59	43	80	59	85	35	32	40	56
gene6494	64	36	21	52	16	25	20	120	40	20	18	44	32	28	25	34	30	23	5	15	31	12	31	16
gene6495	24	24	31	7	18	15	12	46	21	34	25	11	14	65	34	14	19	16	26	22	16	12	9	5
gene6496	45	37	43	52	16	117	91	25	29	67	38	67	137	39	13	71	161	111	37	228	28	14	77	52
gene6497	41	57	37	121	19	60	63	109	181	77	119	53	91	81	65	40	67	98	31	66	66	11	39	9
gene6498	428	256	227	162	76	286	226	300	358	396	303	233	315	350	350	264	332	299	111	119	213	184	266	172
gene6499	157	412	366	550	667	780	318	568	381	359	612	359	1002	442	700	655	425	278	257	1007	1009	346	405	219
gene6500	148	202	18	258	57	63	186	33	130	161	177	85	183	85	43	51	259	59	58	151	118	138	9	88
gene6501	1851	3940	1636	1898	2197	5207	2392	4463	8621	8847	4448	2405	3358	3833	3710	3511	5675	2041	3043	3348	6492	1392	3394	1944
gene6502	17	28	35	25	24	39	22	81	253	130	140	163	155	105	142	95	36	75	29	43	59	26	31	11
gene6503	121	31	0	28	19	18	36	24	30	37	12	8	12	58	50	28	32	37	0	53	116	4	31	36
gene6504	229	124	167	219	92	158	162	370	240	156	245	151	184	197	321	115	165	255	141	228	124	141	110	91
gene6505	1667	371	256	712	943	375	599	1037	1437	519	1345	283	859	1783	551	367	374	626	268	716	1349	356	493	154
gene6506	25	24	35	27	22	54	11	28	76	20	32	54	19	29	30	33	53	20	25	82	44	10	14	25
gene6507	248	283	282	136	323	291	467	519	445	209	445	191	397	293	487	191	115	107	52	69	122	32	80	91
gene6508	334	131	195	393	112	334	171	289	444	198	292	222	552	391	183	133	409	184	88	237	337	153	105	125
gene6509	29	16	24	46	24	36	33	53	65	34	40	28	31	62	38	29	20	11	31	40	43	30	74	51
gene6510	912	519	564	436	202	600	373	719	1202	487	769	422	565	480	767	640	386	661	451	754	491	231	552	422
gene6511	72	39	43	23	42	35	35	56	57	49	86	30	31	63	92	32	33	48	26	95	71	23	29	27
gene6512	57	23	64	107	34	59	157	229	57	63	121	46	82	146	97	43	110	137	51	89	152	17	49	72
gene6513	158	202	217	249	170	193	300	335	327	219	157	168	215	267	282	265	202	255	130	344	300	97	142	182
gene6514	3682	3704	1157	2216	2021	2799	1730	2469	4963	2534	3106	1243	5977	3390	2245	1557	2028	2320	1108	3977	3420	1112	2593	1501
gene6515	33	4	2	7	3	3	18	6	15	11	13	4	25	35	20	16	5	20	2	2	9	3	11	10
gene6516	25	15	9	27	30	19	30	39	3	8	14	15	26	9	36	2	53	36	9	66	24	16	6	23
gene6517	9	3	8	10	4	9	5	23	8	4	17	2	14	15	41	8	26	1	6	6	3	4	7	9
gene6518	53	10	3	14	29	17	19	110	26	15	33	30	20	20	17	19	27	24	9	42	15	11	30	4
gene6519	178	43	87	113	57	88	101	169	165	123	146	78	192	123	95	97	139	60	46	113	133	54	176	101
gene6520	33	52	10	27	30	8	33	35	47	42	30	20	23	27	9	2	37	42	24	38	34	42	13	18
gene6521	45	37	26	22	24	16	33	40	16	42	62	29	39	100	45	33	46	35	19	27	78	46	10	29
gene6522	1135	1111	1351	1142	1282	533	1199	2349	1153	2208	2094	1600	1131	781	767	1366	1392	1245	594	776	1155	817	1876	642
gene6523	59	21	58	60	17	56	46	117	54	81	95	73	95	125	43	76	234	93	56	34	23	98	45	44
gene6524	205	125	108	79	105	33	249	163	66	61	194	101	84	261	238	252	140	114	102	7	223	8	11	14
gene6525	243	180	128	431	129	395	154	504	188	133	220	47	147	291	293	123	152	369	296	303	201	174	155	115
gene6526	4	4	4	14	2	6	8	13	19	12	15	2	21	6	17	4	8	3	7	19	3	3	14	19
gene6527	1	0	2	0	0	0	0	0	0	0	5	0	1	4	1	0	1	0	4	0	13	0	2	0
gene6528	1183	120	185	54	327	485	246	1302	258	86	600	306	128	202	694	109	764	310	156	490	318	74	401	622
gene6529	1	7	2	17	7	15	8	10	9	1	9	3	19	1	16	4	4	6	0	26	6	9	3	13
gene6530	305	325	231	367	265	485	250	464	399	551	375	220	673	350	422	251	794	375	201	595	465	87	341	254
gene6531	279	94	233	80	102	165	186	301	208	217	250	185	76	195	146	117	206	109	80	206	264	120	107	171
gene6532	127	97	58	148	69	209	99	302	238	139	157	111	259	187	235	158	97	136	110	159	144	42	141	124
gene6533	79	80	75	125	41	75	99	233	95	102	146	118	146	83	164	61	58	131	53	82	105	15	105	68
gene6534	2232	1618	548	1290	902	738	899	1072	619	970	1754	641	726	1374	1128	994	1057	1932	573	875	528	437	782	662
gene6535	65	72	63	121	47	109	66	179	172	46	65	84	136	62	81	58	37	52	33	59	119	93	79	90
gene6536	250	193	74	358	241	302	231	562	433	243	450	187	317	230	272	177	279	88	136	321	191	126	149	346
gene6537	141	79	56	100	49	116	193	192	156	72	151	128	118	163	211	82	115	153	82	173	70	49	48	92
gene6538	566	346	133	248	221	267	309	516	665	290	344	289	663	386	266	224	344	321	186	669	480	137	230	149
gene6539	106	32	83	41	81	42	84	190	175	65	95	50	40	66	77	105	95	130	58	284	68	70	36	77
gene6540	22	35	28	42	19	28	27	26	62	17	10	21	63	28	38	90	78	26	15	33	30	43	55	40
gene6541	2622	1338	768	1328	1412	843	2421	1059	1360	4495	1161	1104	2020	1925	1302	1438	1217	1270	631	2813	1257	2377	2269	636
gene6542	800	356	219	536	178	336	576	102	508	512	176	332	855	496	380	317	232	658	178	1016	439	307	454	370
gene6543	4	8	19	18	7	5	29	19	7	13	13	33	6	7	7	11	4	6	11	7	21	2	13	3
gene6544	10	49	18	6	4	26	5	68	34	8	6	5	11	9	30	5	40	13	12	48	26	0	9	12
gene6545	186	121	18	87	19	110	158	176	99	83	291	61	170	156	190	80	105	60	46	293	61	57	99	124
gene6546	22	25	8	55	6	17	4	70	12	89	39	5	50	31	41	54	47	23	30	33	12	25	38	55
gene6547	112	102	79	85	81	60	14	135	350	221	239	57	91	33	90	9	69	3	58	215	77	20	77	48
gene6548	862	804	515	418	696	1128	685	1611	1321	1158	1111	677	1748	857	777	382	971	926	201	1036	1195	678	685	509
gene6549	41	27	61	79	39	58	23	82	156	48	106	50	116	168	33	57	38	61	64	51	57	43	23	52
gene6550	133	70	94	43	40	78	46	166	176	107	91	59	177	129	80	125	119	131	50	152	109	53	55	40
gene6551	155	86	125	129	179	391	112	162	506	69	190	88	159	73	96	47	53	125	135	391	122	224	165	51
gene6552	2	8	6	2	8	32	23	15	16	8	14	4	53	2	2	24	5	22	3	0	25	7	7	7
gene6553	44	40	51	39	11	22	74	56	79	45	46	22	62	32	90	41	100	133	63	123	80	22	158	44
gene6554	269	327	296	156	133	305	151	373	513	421	372	170	257	409	189	346	586	322	136	161	213	135	230	222
gene6555	115	47	24	27	11	27	38	138	45	26	109	66	131	26	53	20	94	43	36	45	32	26	74	31
gene6556	95	133	19	8	19	12	61	92	89	87	91	12	47	44	68	42	51	85	60	41	44	7	12	24
gene6557	34	26	20	35	34	33	43	23	52	78	31	21	27	18	26	12	46	57	17	40	39	17	35	15
gene6558	55	15	13	13	11	18	27	61	14	67	9	18	6	14	24	16	23	103	31	31	22	29	29	11
gene6559	278	224	104	78	53	180	260	193	335	196	221	119	131	98	80	126	225	174	68	213	238	49	121	149
gene6560	180	139	112	142	56	151	110	171	364	196	243	104	143	196	215	99	332	148	82	65	119	79	201	294
gene6561	365	138	342	50	121	155	135	393	145	263	172	93	169	209	277	215	241	186	45	256	252	141	57	165
gene6562	718	512	701	682	328	656	750	633	1089	802	563	393	767	753	514	424	764	503	165	592	478	240	326	427
gene6563	124	28	57	56	52	51	71	180	117	45	86	69	109	57	33	51	76	36	28	108	79	44	36	49
gene6564	2	5	11	1	1	3	17	33	5	4	2	3	2	6	18	2	3	5	5	0	3	0	0	6
gene6565	372	241	178	256	227	351	190	409	452	366	273	191	290	341	242	98	278	288	195	570	350	190	178	152
gene6566	136	71	116	110	81	96	282	327	184	153	175	79	136	222	185	107	221	182	85	230	96	66	171	126
gene6567	141	67	102	41	28	28	110	211	81	64	178	75	109	59	139	73	107	85	32	73	65	59	65	77
gene6568	673	288	625	518	430	443	518	1083	984	387	816	418	951	731	962	617	794	674	461	870	667	371	375	298
gene6569	14	19	27	11	0	2	7	9	28	13	26	14	19	6	15	18	24	12	3	6	1	22	3	13
gene6570	278	152	114	197	188	340	176	273	2055	777	905	585	1275	684	489	331	320	324	144	379	208	49	128	116
gene6571	251	85	158	140	219	212	308	263	627	391	318	232	467	446	73	157	595	263	141	233	402	215	73	167
gene6572	1762	1094	539	988	737	1010	1041	2307	2741	697	2213	1362	1943	803	688	760	1551	1559	633	1508	735	762	983	1006
gene6573	10486	10458	4713	3937	2924	4775	4751	13413	5331	7098	11445	4581	10712	8354	7286	8440	8952	6884	3191	9440	9472	3226	7702	3873
gene6574	1245	865	289	384	548	883	1217	1961	2255	853	1517	914	1380	1447	1035	558	2359	1961	909	1087	606	721	903	1230
gene6575	227	142	125	142	65	166	156	239	331	92	161	137	93	218	30	178	94	363	81	348	137	58	40	94
gene6576	354	215	193	247	177	366	293	502	481	305	523	163	545	332	407	239	365	411	177	297	245	204	198	211
gene6577	1626	1533	1836	1656	727	2817	1676	683	7151	3186	5029	2541	493	8866	2226	6383	1985	4508	1715	1017	2759	959	1801	2195
gene6578	51	46	115	51	6	23	80	87	43	43	48	53	110	133	27	35	142	78	26	21	106	50	21	31
gene6579	97	80	71	80	73	26	65	87	251	173	276	159	206	61	104	90	379	59	116	228	155	92	157	119
gene6580	30	20	2	26	31	5	8	26	28	81	69	30	1	10	23	20	14	30	4	76	37	0	15	22
gene6581	5	20	11	2	0	31	11	32	40	9	38	4	21	14	40	5	33	13	8	24	11	5	2	15
gene6582	7	21	49	21	23	30	24	54	589	169	392	168	221	89	78	107	39	29	13	25	7	17	9	14
gene6583	12	34	7	17	6	4	21	25	17	1	9	27	34	24	24	3	4	32	25	3	14	8	7	7
gene6584	266	105	73	229	114	104	204	369	202	283	84	214	235	155	17	57	76	100	93	37	10	24	47	19
gene6585	2422	1028	673	973	481	683	867	1732	2087	1497	2021	753	831	963	1249	1012	1771	1489	876	1264	869	411	840	974
gene6586	8	33	16	26	14	22	54	19	76	19	36	3	20	31	52	6	10	21	13	21	23	7	3	11
gene6587	16	1	1	2	6	6	2	0	0	2	1	1	12	0	21	2	0	10	1	0	2	3	0	0
gene6588	462	132	254	249	214	213	196	364	489	231	234	207	493	357	182	214	216	242	78	269	554	191	152	202
gene6589	42	31	20	17	13	44	15	18	55	17	17	8	30	22	12	21	33	49	20	53	38	8	2	23
gene6590	6	11	1	8	8	34	8	43	9	9	7	34	15	8	31	6	11	9	6	9	10	4	4	8
gene6591	89	59	105	46	26	103	34	124	131	136	219	106	59	108	135	39	126	234	52	153	47	112	80	47
gene6592	581	484	451	580	295	670	583	827	436	238	309	193	337	270	150	202	704	768	296	766	490	306	268	354
gene6593	11	15	16	6	2	13	12	31	36	10	21	10	22	32	23	5	25	10	3	1	34	1	18	13
gene6594	71	69	35	35	98	53	74	55	47	40	12	14	153	136	37	84	234	51	20	74	86	24	65	13
gene6595	260	182	89	235	85	139	193	197	359	194	291	84	243	284	254	186	69	83	81	158	104	33	91	76
gene6596	577	84	125	22	42	244	344	28	94	112	424	147	183	302	303	218	177	458	49	175	298	86	166	25
gene6597	56	11	22	71	37	25	34	35	46	24	41	20	91	55	39	22	54	80	30	39	37	64	18	46
gene6598	88	55	69	52	23	92	107	100	197	102	98	62	58	127	45	64	203	109	57	320	175	109	102	197
gene6599	170	111	52	133	55	646	117	64	177	162	280	188	90	127	104	95	116	92	52	216	252	45	83	11
gene6600	872	336	192	521	239	646	363	861	1166	916	742	717	821	709	475	455	446	637	247	624	340	385	243	278
gene6601	24	41	64	29	29	53	30	67	34	10	48	22	55	49	34	11	38	27	12	67	57	33	17	39
gene6602	27	30	25	37	25	50	24	36	38	73	17	14	41	45	70	11	17	19	8	16	21	12	11	15
gene6603	38	55	70	34	51	43	50	119	73	64	64	61	67	77	202	46	66	67	22	79	93	43	31	73
gene6604	52	28	17	21	36	34	60	57	81	18	46	42	28	26	58	20	42	37	9	23	33	18	15	41
gene6605	2626	5447	1805	6524	1719	2169	3817	2391	4261	7196	2103	927	2857	3766	1953	2903	7041	2962	1677	7737	820	1503	1237	2111
gene6606	12507	15612	5759	13911	13235	14973	6321	21733	34493	15636	29684	8147	39079	20628	16466	15310	22136	13674	6692	31697	9739	9906	5414	19160
gene6607	171	15	68	44	49	16	121	316	174	221	237	62	29	50	181	128	61	30	17	331	44	154	69	162
gene6608	10	25	8	4	12	5	20	13	23	3	18	3	20	4	0	9	21	16	6	8	12	0	5	19
gene6609	984	396	316	365	707	1120	533	912	793	437	605	640	1321	717	423	607	647	691	261	976	791	501	421	586
gene6610	36	21	37	64	10	37	41	61	50	151	49	47	115	72	67	44	43	115	28	68	67	12	66	62
gene6611	68	13	11	42	18	21	47	47	20	33	10	17	70	38	19	21	8	11	3	30	35	8	19	6
gene6612	34	41	20	29	22	6	13	45	32	31	38	17	21	30	15	12	28	19	8	29	44	17	46	9
gene6613	444	361	352	362	273	308	272	568	642	591	387	204	529	245	321	328	476	618	305	713	430	122	297	286
gene6614	21	5	11	12	14	18	11	12	22	31	4	2	9	11	24	14	6	2	8	30	47	1	24	13
gene6615	1	6	0	2	0	3	4	4	10	2	1	16	3	3	12	2	13	19	3	23	3	9	5	3
gene6616	188	30	35	63	51	103	21	56	38	77	88	17	99	170	78	15	97	115	21	77	119	78	35	43
gene6617	187	92	59	174	105	122	185	128	249	181	175	133	204	147	166	222	207	136	86	133	144	74	65	152
gene6618	407	610	216	382	240	671	493	251	638	747	890	489	639	114	315	244	722	631	194	1113	499	380	556	188
gene6619	1234	820	912	700	534	1101	3855	1448	954	492	623	1534	1432	1833	1717	734	1212	810	283	1209	1062	907	1193	1845
gene6620	187	183	218	188	119	108	143	239	466	558	682	298	465	429	416	285	260	179	111	290	104	116	73	89
gene6621	3	3	16	10	13	2	3	4	39	9	28	10	11	17	9	4	8	19	16	31	23	7	7	4
gene6622	187	211	212	287	371	99	484	216	919	116	547	245	222	186	235	198	183	197	44	392	208	75	28	129
gene6623	783	667	1418	1429	300	1387	277	1662	1104	677	211	492	933	1304	640	527	384	285	377	719	264	697	189	698
gene6624	43	11	36	53	4	15	34	23	39	38	42	22	59	43	40	44	51	22	15	92	27	12	7	7
gene6625	30	20	32	24	35	19	12	32	37	35	33	20	30	59	17	30	55	42	17	37	24	18	11	10
gene6626	17	104	314	97	92	134	56	121	160	157	108	258	87	69	81	287	5	5	7	54	3	9	16	5
gene6627	1833	2055	706	1261	819	1627	1693	3778	2401	1152	1847	1640	2758	2064	2019	2610	1258	1526	547	1484	1785	1145	1512	1678
gene6628	226	285	96	222	137	126	187	453	2164	725	845	683	339	520	663	335	476	250	173	327	261	155	302	109
gene6629	309	275	188	497	202	346	223	459	1755	771	593	428	584	712	623	535	552	555	195	711	343	204	294	230
gene6630	21	34	5	2	13	15	8	49	25	3	6	21	17	22	12	7	15	3	5	27	14	2	8	19
gene6631	831	378	769	705	469	479	1008	1633	879	870	797	469	1282	895	1209	850	827	933	551	1449	401	393	569	443
gene6632	6	16	11	28	38	27	35	32	26	47	36	14	26	74	23	17	16	24	6	33	23	13	10	18
gene6633	106	53	86	76	56	69	116	157	172	120	126	82	137	88	101	82	96	138	36	97	73	57	120	118
gene6634	42	49	41	70	34	19	32	71	43	48	46	73	50	96	27	44	52	81	36	54	31	27	45	28
gene6635	76	136	70	62	34	22	63	181	64	36	129	54	47	89	112	107	47	96	48	153	57	26	48	48
gene6636	38	49	29	47	22	38	23	31	81	33	81	52	20	12	31	55	45	26	19	62	17	15	35	27
gene6637	435	411	197	471	287	457	337	1041	578	445	574	465	410	401	627	213	437	560	340	667	486	251	408	373
gene6638	149	66	99	64	15	126	75	52	307	20	201	61	72	86	153	53	105	54	33	142	6	69	12	24
gene6639	19	18	0	18	19	61	30	29	38	45	63	30	18	7	24	2	6	31	13	82	12	16	13	14
gene6640	19886	12390	8438	10862	3495	11860	14774	22693	22935	7478	15455	11749	27483	14375	12453	8337	15608	8354	7561	19813	9795	7087	11249	9927
gene6641	113	102	368	313	180	216	315	805	222	164	450	257	382	126	402	164	152	515	111	332	344	141	113	103
gene6642	360	171	188	112	163	129	82	163	304	101	299	135	254	345	166	199	170	245	134	236	226	64	119	94
gene6643	10	9	6	12	4	13	9	25	21	8	10	4	26	17	21	7	11	10	10	21	21	4	11	8
gene6644	447	164	279	511	244	314	313	370	212	217	289	136	215	264	149	63	374	670	293	677	384	225	232	253
gene6645	401	326	257	865	378	600	668	711	764	237	464	559	1007	950	826	417	682	516	202	704	981	404	264	480
gene6646	159	104	91	63	83	102	186	192	273	129	153	54	211	218	184	119	105	164	59	406	121	56	103	116
gene6647	11	8	11	5	2	0	1	15	9	4	19	2	4	2	10	9	5	4	5	9	6	1	4	10
gene6648	728	613	318	734	291	348	850	1097	1081	1022	672	464	601	627	781	815	701	830	583	866	449	390	325	375
gene6649	7243	2028	1642	3874	2376	4234	2075	5265	5442	3234	3962	3003	5578	4508	2948	3431	9422	7636	2300	12611	5053	6084	4715	3241
gene6650	44	169	23	213	55	4	207	7	24	17	51	51	126	56	41	1	260	103	36	202	89	41	14	49
gene6651	107	29	52	69	27	67	35	41	41	90	24	58	24	58	142	64	122	69	59	83	50	35	33	60
gene6652	123	155	96	120	80	84	144	215	113	75	206	141	210	155	94	102	175	188	57	245	218	67	56	103
gene6653	2372	1805	1559	1572	1321	1937	1279	2868	2182	1394	1816	1281	2125	1225	936	923	2540	1901	793	2885	2447	828	956	1085
gene6654	71	19	20	34	13	32	18	71	41	31	31	11	41	30	41	20	21	26	8	29	19	13	23	19
gene6655	227	317	1420	752	248	305	1339	340	660	449	236	83	867	196	253	447	407	166	231	335	1145	428	96	650
gene6656	8	11	11	4	3	5	2	14	9	3	4	5	3	14	4	11	21	8	5	0	8	4	1	2
gene6657	31	27	46	31	7	38	21	67	68	9	35	9	54	59	60	17	38	57	18	9	19	22	14	23
gene6658	5	2	3	12	14	5	4	8	7	6	4	4	3	3	8	12	2	2	8	4	4	0	6	10
gene6659	374	197	199	230	190	221	295	142	170	294	346	142	214	216	300	170	402	148	141	195	197	146	75	162
gene6660	42	20	8	36	19	23	24	42	87	8	32	21	46	26	23	26	14	10	3	9	4	3	1	4
gene6661	5	65	9	7	10	14	33	51	13	17	30	10	17	28	78	20	28	10	8	17	26	26	14	7
gene6662	37	15	21	4	10	33	6	61	48	3	25	29	32	21	20	36	19	53	6	24	8	23	10	16
gene6663	61	40	42	66	41	38	59	83	74	56	66	22	45	47	33	23	56	61	27	85	42	20	34	42
gene6664	69	53	63	124	37	98	178	243	268	159	69	73	93	118	93	128	137	69	63	46	35	41	74	83
gene6665	2331	1890	1924	1430	1161	1370	1976	2618	1795	1956	4610	1144	1976	2265	2228	1603	2082	1694	1020	2533	2205	1037	1614	1697
gene6666	1192	690	392	875	633	814	678	1591	1434	1029	1280	578	1282	830	1106	600	952	1167	645	1181	582	328	368	484
gene6667	94	63	35	56	40	54	64	135	114	77	82	27	191	135	35	54	61	62	24	135	99	47	42	58
gene6668	730	167	289	296	208	527	314	581	885	339	660	248	560	565	357	458	596	461	277	508	262	169	308	168
gene6669	96	105	62	48	107	66	12	331	346	100	189	117	533	135	71	64	42	157	54	90	89	14	80	21
gene6670	104	24	36	71	27	82	88	123	37	73	73	52	79	70	118	55	30	34	32	42	86	8	47	40
gene6671	245	161	134	118	180	254	179	323	367	159	264	328	344	398	147	128	297	288	182	581	148	116	161	113
gene6672	285	157	119	118	77	38	61	156	501	83	310	376	156	151	44	186	207	82	74	368	464	86	48	51
gene6673	612	406	287	698	260	478	303	724	586	355	254	343	329	423	398	532	1128	855	333	1629	1846	599	773	803
gene6674	64	59	69	35	77	44	65	127	113	49	77	59	148	141	85	37	79	81	28	76	90	36	26	36
gene6675	148	11	32	69	72	94	138	85	125	84	61	54	65	128	58	91	77	64	31	112	59	42	34	39
gene6676	48	47	24	59	28	40	81	78	156	58	79	35	109	69	58	51	84	22	28	60	89	44	21	36
gene6677	330	160	266	116	343	174	356	510	937	785	2282	424	1165	1596	892	442	186	780	153	375	363	548	200	251
gene6678	464	135	261	167	120	234	299	392	321	341	514	115	322	326	250	356	296	288	123	248	180	99	110	158
gene6679	634	337	63	76	579	111	299	2078	476	711	380	16	266	242	1017	693	437	710	315	1022	647	170	186	551
gene6680	45	38	100	14	94	25	44	149	50	59	20	31	51	30	46	51	22	67	18	19	25	39	39	29
gene6681	42	40	41	86	47	34	42	42	79	63	34	28	40	99	46	24	53	37	18	48	96	38	86	100
gene6682	77	9	11	0	3	44	7	25	24	6	6	4	17	4	32	6	4	20	19	11	13	40	1	22
gene6683	7	7	9	15	0	15	5	12	11	18	12	5	22	2	8	12	3	17	4	11	26	5	8	9
gene6684	157	566	353	355	169	299	305	472	430	165	345	320	768	379	484	458	360	237	97	259	321	190	282	104
gene6685	18	11	11	10	1	4	6	35	27	10	8	8	39	7	17	18	5	7	13	41	4	3	17	18
gene6686	59	67	18	58	44	39	57	123	50	65	108	24	92	84	112	90	57	94	72	67	63	26	57	57
gene6687	286	127	68	144	76	70	99	124	16	20	21	13	15	36	11	17	186	123	95	154	129	54	98	48
gene6688	23	11	8	3	12	27	26	28	31	22	13	7	35	12	24	47	21	2	8	9	10	10	22	6
gene6689	3026	2947	2421	1808	1351	2729	2116	8176	4266	2484	3403	1631	2081	1809	1836	1245	3936	1219	1540	4978	7571	1774	3808	4029
gene6690	195	111	113	126	130	122	120	438	461	214	261	81	162	210	175	66	200	373	130	175	118	59	103	83
gene6691	247	87	110	231	124	175	64	154	284	161	336	164	436	325	197	104	259	141	198	161	200	128	79	84
gene6692	314	219	107	236	88	139	389	467	2464	2331	1425	707	987	1307	2254	1028	285	208	230	454	261	165	192	119
gene6693	129	39	28	130	47	54	74	116	153	105	118	136	168	37	89	43	124	52	57	138	81	34	63	43
gene6694	0	11	1	6	0	7	2	32	31	2	2	0	12	1	9	13	14	35	18	3	5	15	5	12
gene6695	128	52	221	145	133	185	190	206	157	85	409	98	244	137	101	86	312	249	142	291	356	85	321	237
gene6696	27	22	3	6	3	28	20	40	25	10	6	2	8	30	29	9	2	5	20	13	33	1	0	3
gene6697	300	221	203	249	199	268	349	391	860	355	429	320	688	571	370	373	341	297	130	483	366	171	148	229
gene6698	143	141	99	61	65	65	187	185	69	18	62	19	49	31	33	10	35	40	50	49	32	31	15	11
gene6699	305	392	275	137	119	251	123	206	560	320	189	315	525	205	172	176	261	229	135	267	227	86	241	102
gene6700	17	12	23	15	18	7	21	31	26	23	68	21	51	53	41	54	11	21	22	65	18	43	21	19
gene6701	71	101	146	163	88	81	139	740	382	80	301	67	134	192	267	175	289	91	117	53	80	46	229	142
gene6702	47	37	53	93	35	46	61	127	44	50	14	64	145	54	72	39	19	124	55	162	55	40	5	42
gene6703	183	269	142	243	155	340	304	473	487	319	319	229	399	278	286	321	360	322	98	423	224	108	228	250
gene6704	213	32	45	125	47	136	165	43	86	32	82	60	35	294	125	63	90	37	47	134	12	43	28	131
gene6705	139	111	167	157	119	98	176	182	252	100	239	115	119	160	94	70	104	146	61	246	129	54	57	123
gene6706	143	35	26	68	66	51	87	62	92	52	103	85	100	106	63	32	105	66	20	66	171	29	36	59
gene6707	41	9	15	11	14	5	35	11	14	9	23	8	17	4	20	13	45	13	6	18	30	5	5	2
gene6708	94	89	39	74	28	125	77	158	144	71	265	133	133	175	165	55	128	42	23	124	69	16	86	81
gene6709	108	66	76	118	94	228	124	152	182	138	348	54	157	160	165	72	42	35	9	49	37	12	14	23
gene6710	101	120	108	148	87	171	112	197	176	80	201	81	160	189	191	136	114	101	72	211	169	85	106	114
gene6711	21	24	9	20	22	29	26	11	11	27	27	2	23	36	7	20	13	23	14	28	13	16	11	18
gene6712	734	596	375	549	279	553	483	1391	843	703	1211	423	1082	708	580	595	1407	785	544	1039	766	266	865	324
gene6713	194	198	296	116	260	296	182	606	465	427	181	134	374	313	259	228	349	281	112	251	178	108	185	135
gene6714	72	72	63	67	99	28	43	228	113	146	158	124	27	108	233	43	246	205	31	59	180	123	52	49
gene6715	227	449	265	134	314	382	536	1021	186	384	382	306	174	706	154	121	392	324	219	120	328	160	109	159
gene6716	3	13	6	27	2	9	4	25	33	12	28	40	1	10	4	9	8	18	44	17	5	2	4	0
gene6717	4	0	3	2	0	2	0	0	14	0	0	0	1	12	1	7	0	6	6	6	4	0	0	5
gene6718	289	186	102	440	233	293	279	379	366	242	303	311	374	218	179	165	229	218	144	463	518	121	144	184
gene6719	1966	864	917	1039	774	1585	2674	4268	3599	1751	2745	1132	1013	1491	1815	1227	622	630	550	616	698	225	302	476
gene6720	84	83	50	60	87	51	6	34	62	49	46	8	10	23	90	24	62	81	42	60	55	51	17	29
gene6721	176	112	239	117	33	102	167	605	231	166	461	85	156	124	368	97	130	57	47	69	50	19	71	24
gene6722	270	209	261	331	330	488	238	628	846	94	612	164	130	288	941	282	113	656	274	383	108	121	297	349
gene6723	840	541	183	919	271	455	63	573	829	747	574	203	261	836	518	15	596	1018	617	753	936	76	248	457
gene6724	7	8	0	10	15	4	12	22	36	35	9	9	11	28	6	17	4	25	10	20	26	9	9	17
gene6725	137	21	41	58	94	119	93	80	60	86	54	43	73	49	69	43	105	165	61	104	116	78	95	67
gene6726	36	7	11	32	10	26	11	33	70	17	19	28	30	19	5	21	13	21	11	14	47	14	34	11
gene6727	88	35	52	121	47	82	47	156	134	78	81	45	91	36	101	65	82	61	46	149	63	38	60	75
gene6728	67	30	33	27	40	32	25	166	95	16	70	37	86	44	52	20	74	44	18	103	49	24	18	15
gene6729	64	57	68	34	35	70	45	63	115	54	122	40	158	70	132	71	53	75	54	107	83	67	46	47
gene6730	39	55	58	83	27	178	33	205	52	248	49	61	54	95	120	39	38	81	37	76	80	12	7	26
gene6731	22	25	18	17	4	25	9	15	53	10	31	10	42	38	1	4	3	33	9	15	36	21	8	20
gene6732	85	27	9	25	72	53	59	140	82	26	49	116	24	63	54	59	69	72	50	71	84	29	46	39
gene6733	537	444	342	346	365	399	514	774	943	456	587	470	603	579	720	424	686	552	285	624	539	310	395	306
gene6734	145	179	34	201	65	67	46	74	199	112	120	84	84	59	100	64	168	85	32	154	119	20	68	66
gene6735	43	37	7	21	32	4	27	14	12	18	43	30	16	10	7	31	19	34	10	19	18	5	17	14
gene6736	170	55	87	88	74	143	91	274	216	109	201	85	78	193	99	57	180	178	106	182	126	65	80	69
gene6737	8	2	11	12	2	24	3	9	12	13	14	19	3	2	7	9	6	1	10	13	15	13	3	16
gene6738	41	21	21	4	39	48	26	78	41	22	24	28	39	78	53	57	91	9	14	17	13	10	10	24
gene6739	98	71	37	23	29	69	55	97	75	55	105	38	26	63	37	45	67	350	69	54	50	32	33	95
gene6740	13	10	33	25	24	19	27	46	52	47	89	29	42	86	90	15	8	13	19	33	36	11	30	20
gene6741	104	52	42	86	39	88	116	101	38	110	148	38	177	63	40	61	160	131	51	252	159	51	64	72
gene6742	1204	508	573	782	448	1066	1343	1820	1542	814	1295	677	997	665	1276	790	1353	775	535	1002	854	303	637	774
gene6743	3	1	15	1	2	5	8	8	9	2	0	0	8	7	6	4	2	1	6	14	8	6	2	1
gene6744	2	12	0	1	10	10	9	23	0	3	9	2	5	19	12	1	15	12	0	8	15	8	1	13
gene6745	143	72	97	140	90	60	131	175	242	109	200	75	165	79	220	99	183	109	36	101	68	75	53	65
gene6746	25	75	14	31	29	57	39	77	98	57	91	65	93	38	47	58	75	75	74	122	39	39	21	82
gene6747	102	98	74	66	97	79	80	165	127	45	110	79	112	83	146	135	16	40	10	40	40	18	11	7
gene6748	352	208	198	199	285	240	191	548	292	107	336	127	214	278	232	210	317	337	139	184	260	353	80	226
gene6749	1057	448	411	921	330	655	861	710	1323	662	886	651	952	501	573	754	789	588	256	940	1035	265	337	509
gene6750	22	93	99	57	47	94	91	154	83	66	179	75	80	140	157	101	48	35	19	100	95	38	111	52
gene6751	787	723	418	603	464	627	730	692	817	221	199	295	1028	622	812	1052	594	517	406	295	1077	346	421	507
gene6752	1830	1604	1274	2769	1280	2247	2224	1736	2440	1092	2482	2101	1928	1863	2132	2316	1591	1982	1131	1602	2246	1064	2030	1527
gene6753	23	27	31	10	21	47	20	79	25	23	26	44	50	20	28	6	14	16	4	60	23	14	12	5
gene6754	865	298	505	1144	230	612	745	800	946	684	443	508	1444	1088	530	469	619	1140	309	512	689	563	296	249
gene6755	2758	1878	1716	1340	1382	2050	2075	3368	3084	1465	3122	1620	2490	2057	2542	1279	1641	2118	1125	1896	1697	1105	1472	1102
gene6756	470	384	281	534	459	489	439	866	736	446	776	480	898	564	366	351	767	416	256	855	539	317	455	207
gene6757	721	322	473	500	166	388	1005	1097	390	387	497	428	631	588	679	447	413	203	169	703	960	581	403	659
gene6758	55	4	27	11	6	9	23	64	47	23	20	16	36	53	13	30	20	12	6	64	15	4	2	8
gene6759	189	115	92	265	84	191	136	239	220	195	275	185	208	163	183	132	233	99	146	230	276	67	139	117
gene6760	105	210	160	239	139	153	306	767	451	172	279	128	156	144	346	58	93	212	97	374	146	209	195	229
gene6761	160	71	54	36	29	38	48	349	40	42	260	56	114	83	117	42	142	97	40	171	137	51	41	54
gene6762	61	28	14	15	17	24	17	51	31	32	37	27	24	33	48	32	22	32	37	35	28	32	15	32
gene6763	400	128	165	339	118	36	173	521	413	89	216	96	333	100	41	103	261	74	69	215	207	100	58	95
gene6764	50	55	10	17	39	29	38	64	56	13	135	21	53	24	25	43	20	33	7	70	19	10	35	27
gene6765	1158	799	615	733	819	1205	862	2021	1282	980	1280	951	1808	1211	987	1164	966	902	608	1270	945	595	553	633
gene6766	1842	1320	1173	841	1028	2519	992	2569	2008	934	1922	539	1212	1431	2207	713	992	3132	671	2682	1370	1623	880	783
gene6767	189	82	110	152	71	193	173	278	205	180	124	101	241	130	158	68	503	355	292	297	285	197	261	168
gene6768	22	10	0	18	4	8	1	5	7	6	26	15	25	3	19	16	3	47	12	8	22	3	10	8
gene6769	495	238	404	366	297	311	669	586	973	568	659	155	613	849	308	711	582	606	150	457	389	106	523	404
gene6770	43	25	41	21	19	25	45	39	67	11	23	6	11	34	19	14	19	18	33	48	23	22	8	40
gene6771	1165	336	148	386	658	417	978	1385	543	1059	529	272	614	933	713	631	691	662	408	446	532	404	402	609
gene6772	3827	1789	1122	2316	676	1861	818	1920	5209	2189	3218	1040	1862	1415	1090	1231	2246	1079	370	3477	1900	1520	779	966
gene6773	377	118	159	171	335	372	348	316	98	302	181	26	509	539	30	234	103	400	69	406	266	42	466	250
gene6774	515	271	276	386	160	340	194	411	430	506	502	180	530	526	342	222	322	305	166	656	402	195	186	337
gene6775	71	80	173	90	73	72	74	66	149	142	227	90	109	62	201	130	136	132	79	247	122	97	40	76
gene6776	31	41	69	36	24	24	41	67	65	51	100	35	31	147	68	54	57	62	15	148	79	29	36	43
gene6777	52	27	23	10	18	29	27	31	36	23	28	41	63	20	30	5	115	15	9	31	32	9	4	25
gene6778	152	150	95	124	58	86	168	130	86	163	92	107	176	28	91	97	127	71	31	228	69	36	67	96
gene6779	1120	1334	978	1076	860	1088	1170	1321	1887	1475	1981	913	1406	1706	1307	757	1487	1092	607	1336	992	526	1040	903
gene6780	451	300	244	258	338	401	329	744	487	488	577	342	397	230	402	356	362	377	276	641	327	179	189	253
gene6781	108	89	72	68	45	53	163	125	132	94	131	65	118	139	99	66	141	95	40	113	84	34	36	46
gene6782	25	32	4	31	22	45	14	57	54	12	27	19	23	10	15	30	34	11	21	14	19	13	16	30
gene6783	238	34	19	38	22	134	62	24	62	67	75	47	125	99	52	65	102	250	7	16	80	39	12	38
gene6784	52	19	23	18	14	32	69	31	55	106	159	17	98	48	49	57	46	22	6	56	63	7	66	10
gene6785	442	360	358	383	304	455	278	616	614	381	503	358	682	484	424	272	547	348	138	552	367	232	258	253
gene6786	18	10	3	34	10	21	3	55	14	12	5	32	21	28	46	4	23	5	15	15	10	3	35	11
gene6787	217	23	132	217	364	154	184	37	360	354	70	241	548	54	77	106	368	86	65	86	863	50	97	77
gene6788	1092	837	636	777	438	594	770	1140	1582	1197	1144	512	1029	799	914	616	962	871	509	966	861	395	587	569
gene6789	373	254	129	298	264	211	278	619	589	402	399	246	416	342	395	257	344	235	157	536	338	123	198	132
gene6790	120	27	33	52	44	98	75	128	175	87	114	41	91	103	129	70	68	69	56	57	76	43	44	40
gene6791	896	433	349	154	476	484	583	639	1286	697	511	361	856	186	486	1675	1776	804	313	576	558	134	205	223
gene6792	2750	6421	981	5135	1896	4165	1593	4045	6801	6011	5586	530	2404	1575	4848	3695	4285	5396	2344	2235	2197	1502	2247	1765
gene6793	132	83	126	103	128	104	94	117	212	138	117	30	106	250	79	47	166	157	61	137	186	60	31	49
gene6794	16	16	45	10	43	30	30	36	36	41	32	32	52	38	49	61	28	47	19	53	49	22	19	17
gene6795	98	95	72	43	45	91	64	124	155	37	61	45	23	101	43	25	51	70	20	89	97	29	46	46
gene6796	1352	807	323	311	677	863	743	1158	139	87	92	34	64	111	82	53	935	1020	204	1079	1127	385	685	792
gene6797	1897	1505	1658	1589	963	3758	1551	1508	1217	1884	902	2182	2595	2157	1244	2167	1096	3669	1675	3322	1096	1253	1234	959
gene6798	86	65	49	43	31	80	113	211	110	100	156	56	64	89	147	44	43	106	26	121	122	49	59	76
gene6799	76	27	36	90	43	56	118	100	70	59	60	36	117	72	57	62	64	89	33	117	114	42	86	85
gene6800	121	138	68	58	24	191	142	49	175	51	74	63	64	56	74	58	64	73	39	151	46	18	59	20
gene6801	7	3	24	17	13	23	7	30	4	12	8	21	8	3	18	34	27	12	7	17	20	11	10	13
gene6802	296	140	133	58	24	194	61	124	440	136	241	137	132	279	419	325	298	119	87	862	189	71	74	60
gene6803	276	412	343	536	280	620	410	654	726	285	674	582	488	428	499	359	344	800	282	745	340	185	498	438
gene6804	147	59	43	111	38	75	124	66	172	65	149	61	59	104	178	35	189	76	58	98	87	68	84	58
gene6805	1127	490	754	454	378	659	617	609	772	653	611	521	1164	769	646	666	1164	830	283	926	1034	354	319	529
gene6806	317	245	219	204	106	232	188	442	497	267	353	161	148	304	295	231	450	156	112	348	241	86	127	132
gene6807	170	163	208	94	43	176	148	334	281	165	180	57	178	156	103	166	189	392	131	133	147	57	104	85
gene6808	332	423	100	429	301	216	296	339	1235	1612	1094	503	788	581	615	264	911	439	378	288	138	202	157	142
gene6809	113	112	411	179	364	133	151	141	49	393	620	213	104	265	776	92	408	92	105	511	208	121	175	149
gene6810	50	31	31	24	34	27	15	43	51	44	108	49	52	92	69	48	43	30	13	138	98	24	7	11
gene6811	2833	1005	1147	417	609	692	1635	3281	1814	1327	1457	823	626	763	906	1323	872	1223	636	3183	1869	1336	701	621
gene6812	74	45	28	16	53	17	56	28	30	42	38	26	30	90	23	29	47	41	21	48	46	12	48	37
gene6813	20	7	17	8	5	21	20	19	27	13	14	6	12	31	17	11	11	35	7	26	8	9	8	5
gene6814	66	27	17	75	8	108	9	93	93	20	111	29	92	129	67	51	37	42	49	116	56	11	51	31
gene6815	417	121	83	203	88	194	147	194	353	116	155	160	208	198	62	121	386	226	159	306	210	143	138	125
gene6816	39	20	18	27	11	33	24	33	36	23	50	37	24	15	34	18	26	15	27	19	34	3	5	12
gene6817	694	586	855	600	584	751	766	1170	1098	730	938	615	1071	795	758	603	663	657	470	1410	894	383	547	456
gene6818	150	14	227	54	57	47	73	67	304	239	997	441	38	386	187	263	182	108	112	222	199	68	135	97
gene6819	28	9	4	26	13	35	22	27	28	10	38	12	38	35	39	28	32	34	30	21	36	10	23	34
gene6820	3223	2267	2187	2455	2499	5324	3583	2685	4642	3369	4575	1820	4380	2323	2741	2010	4070	3764	1506	2204	4625	826	1405	1433
gene6821	187	100	55	63	122	188	68	268	227	217	111	112	125	97	114	112	107	143	93	228	79	64	77	52
gene6822	41	14	4	44	6	61	30	24	58	21	18	32	17	48	6	10	16	8	12	5	42	18	14	9
gene6823	147	112	110	127	74	283	179	232	201	117	153	52	182	378	121	66	143	223	117	154	375	51	81	82
gene6824	3026	2090	1806	3146	1970	2848	2298	3172	2892	4519	1986	2901	3676	2216	3294	2385	9381	4653	5422	8882	8934	2957	5654	4278
gene6825	17	21	22	72	20	24	15	63	62	53	56	40	50	29	24	26	35	77	15	9	16	6	41	37
gene6826	6	6	6	24	7	4	14	20	26	28	25	9	43	13	30	24	14	7	8	18	37	3	2	7
gene6827	58	39	24	73	42	75	51	101	109	93	173	62	110	53	20	24	72	54	26	83	60	25	36	41
gene6828	339	135	198	437	112	110	191	737	301	260	445	197	150	479	206	143	302	356	150	322	210	89	144	122
gene6829	24	58	48	86	32	54	207	144	84	52	218	23	127	73	20	58	18	104	82	70	153	29	11	82
gene6830	432	83	122	271	151	133	208	147	126	138	300	248	558	192	367	541	320	316	111	273	501	207	125	50
gene6831	33	48	60	4	8	17	68	95	59	25	107	27	41	22	54	18	129	18	55	54	70	21	62	31
gene6832	268	260	202	215	171	203	236	477	410	176	466	166	217	218	298	270	239	270	179	229	176	95	133	177
gene6833	355	50	382	161	92	368	411	251	494	566	532	434	248	476	804	146	237	145	133	215	212	342	263	216
gene6834	112	59	88	59	43	81	40	171	114	120	119	50	89	80	100	120	66	112	102	102	104	47	61	35
gene6835	216	129	116	155	124	150	151	383	320	208	272	105	200	229	277	208	156	223	110	287	193	94	108	122
gene6836	180	123	211	183	112	149	120	277	256	225	315	164	151	236	154	114	204	276	96	196	254	124	94	130
gene6837	557	219	186	261	124	362	261	545	234	315	419	250	450	531	161	128	188	270	89	361	312	125	182	66
gene6838	1415	1127	797	988	576	1050	1705	1900	1202	1156	1412	1116	1790	1070	1150	975	1083	1275	777	1305	1194	489	880	727
gene6839	1330	259	636	417	486	567	550	404	892	565	1211	318	1040	761	794	475	1298	348	314	1390	540	882	430	493
gene6840	4458	2462	2812	2850	2825	3789	3228	7116	5445	3209	4570	4558	6707	6026	3877	2028	3357	3318	2094	6353	4218	2144	2330	1629
gene6841	4368	3304	2063	3036	1760	3686	4148	6641	6765	5020	6757	2626	5890	4913	3457	3168	3935	3495	2352	4327	4590	3047	2501	2292
gene6842	160	59	36	93	59	51	60	143	128	112	112	49	135	85	104	47	102	109	29	154	84	83	59	54
gene6843	241	160	92	109	136	273	209	225	225	143	241	98	240	172	178	225	286	172	107	206	260	56	93	123
gene6844	30	22	36	7	46	14	18	77	32	48	95	27	49	23	28	35	31	17	17	11	4	29	41	15
gene6845	15	7	4	5	13	5	12	19	10	11	3	6	22	4	2	1	3	8	6	5	20	4	15	9
gene6846	590	452	545	749	421	660	404	961	989	937	1173	705	800	794	242	888	676	757	488	728	538	173	596	446
gene6847	198	294	255	154	81	258	275	292	507	267	323	119	254	283	195	192	166	279	219	251	191	71	250	105
gene6848	39765	11487	5022	5385	3241	5360	22617	39133	20260	44863	26167	23810	13155	39052	33022	33581	79930	16648	6212	28341	47389	5376	30545	28752
gene6849	71	184	46	135	98	111	181	257	420	34	71	152	113	167	116	200	237	70	19	91	78	161	60	29
gene6850	33	41	27	70	62	133	168	280	148	234	101	57	135	58	126	261	112	7	93	254	105	69	92	149
gene6851	507	765	126	294	200	770	267	1102	814	493	1101	172	255	473	1126	243	712	470	236	762	789	237	208	306
gene6852	11	10	4	3	4	12	0	5	11	5	20	3	2	27	11	9	22	4	9	19	22	1	2	1
gene6853	29	33	8	44	50	73	72	27	56	6	56	33	53	38	48	17	46	22	8	70	68	25	19	23
gene6854	835	235	646	357	759	523	745	1456	1243	407	1447	300	736	1925	769	1214	848	757	359	1127	626	570	719	807
gene6855	138	173	150	165	131	197	250	227	284	161	175	94	180	364	290	179	152	186	94	311	137	84	87	131
gene6856	303	189	165	111	231	281	117	229	365	281	283	58	390	174	247	136	416	224	104	303	198	74	238	103
gene6857	148	73	39	33	67	64	106	220	235	165	306	96	127	148	82	112	190	143	83	116	122	33	153	85
gene6858	5	23	7	35	16	35	12	19	15	21	11	15	5	8	4	11	37	31	19	29	6	9	24	14
gene6859	11	2	12	7	4	8	8	4	9	18	2	11	0	4	3	2	29	15	9	12	11	15	4	0
gene6860	11	10	6	2	9	15	5	4	15	2	19	1	3	14	2	14	4	7	0	3	16	0	0	3
gene6861	258	323	265	331	183	352	317	713	581	594	386	419	368	768	350	453	549	503	213	453	647	216	291	219
gene6862	142	106	69	109	114	137	140	204	120	180	164	116	256	159	227	118	86	200	55	158	134	86	102	58
gene6863	220	31	52	29	45	64	141	160	170	114	219	205	155	241	194	97	162	174	45	212	168	63	112	90
gene6864	594	336	477	684	378	653	290	922	933	482	830	303	715	841	508	309	560	762	296	651	508	367	278	420
gene6865	1094	322	450	1109	342	717	427	1053	1397	957	1109	541	1013	669	456	559	1180	915	371	1168	728	262	609	406
gene6866	2	9	4	6	40	45	13	13	42	9	2	21	8	12	20	13	30	45	2	6	10	11	3	14
gene6867	309	215	246	200	183	176	176	457	522	286	327	134	156	286	291	152	231	321	123	289	90	139	111	166
gene6868	1968	1590	930	2566	1207	1811	2163	1928	3113	1755	2112	1700	2912	1794	2153	1668	2665	1650	730	1753	2136	621	2132	1774
gene6869	2577	479	1175	1867	1891	795	508	2547	5029	1002	3594	1236	3659	3486	1433	2150	1351	373	346	3340	797	739	1981	230
gene6870	147	116	76	114	103	79	83	130	327	205	199	187	271	145	177	218	204	97	92	126	110	91	104	59
gene6871	525	296	371	333	336	387	523	873	858	481	732	458	467	544	645	489	664	780	346	691	592	296	626	257
gene6872	395	270	157	201	560	384	463	424	378	465	647	99	338	305	604	206	339	337	44	584	297	149	67	168
gene6873	4149	3800	1952	1435	1654	3340	1651	9911	2366	1604	3506	3375	2296	4156	2146	651	135	1944	193	2364	784	1723	2056	495
gene6874	2470	928	720	1039	1291	1641	1333	3959	2041	2699	3054	679	1326	1739	2385	1471	2931	2882	2244	1949	1765	685	1219	500
gene6875	23	54	13	21	26	17	47	47	33	21	36	27	12	29	18	15	32	41	6	8	31	8	17	28
gene6876	70	13	23	22	108	45	17	26	121	25	127	17	39	74	13	30	68	37	3	117	37	16	12	28
gene6877	4130	2069	1681	2147	1574	2392	1582	3382	5447	1566	5051	1494	6006	3624	4028	4523	34184	36107	17216	28740	36775	8997	12156	12876
gene6878	334	188	240	249	144	202	347	632	310	209	404	144	208	272	293	217	190	389	167	440	311	156	208	161
gene6879	72	57	39	45	18	110	22	137	111	20	14	38	90	72	71	43	98	58	33	120	121	44	45	50
gene6880	401	300	214	320	188	150	443	567	439	332	416	257	503	410	371	276	337	278	142	278	256	178	169	182
gene6881	29	65	55	36	36	86	63	96	82	124	88	28	38	85	163	120	54	27	28	94	53	67	19	36
gene6882	373	320	284	471	193	346	423	725	665	197	521	324	483	252	593	255	635	474	368	351	225	185	167	313
gene6883	54	35	30	66	25	40	22	66	61	60	27	25	39	39	47	23	64	37	14	62	59	12	34	30
gene6884	337	201	145	146	226	212	192	498	525	370	768	99	205	544	206	179	513	332	151	662	250	159	265	129
gene6885	1431	905	1258	908	551	1064	818	1824	4228	2250	3348	1593	1809	1265	2173	1521	1271	770	756	1347	1448	734	838	643
gene6886	249	107	186	455	233	267	341	272	323	225	383	143	393	391	259	117	397	192	166	208	158	173	168	156
gene6887	212	215	90	104	113	111	195	77	284	234	311	134	449	567	152	282	226	307	31	45	490	110	208	32
gene6888	15	4	6	8	4	31	2	6	16	3	9	5	11	22	2	0	47	4	1	8	42	6	44	1
gene6889	100	41	81	65	39	60	44	144	258	36	100	27	84	65	78	74	165	101	33	171	131	31	75	50
gene6890	133	104	118	73	37	94	133	160	165	156	129	122	164	129	142	54	105	188	46	162	110	85	84	120
gene6891	247	329	140	309	193	339	284	382	505	323	459	93	335	233	375	156	386	348	175	304	589	125	207	138
gene6892	66	40	42	63	57	46	73	301	129	160	50	42	166	193	33	95	76	76	47	26	93	49	40	23
gene6893	68	101	76	112	114	146	109	226	229	86	123	88	279	103	129	80	144	76	68	187	109	95	60	115
gene6894	254	147	230	188	123	183	294	360	420	177	327	215	291	322	217	239	220	296	123	383	147	117	135	175
gene6895	81	27	50	14	45	30	87	38	250	47	27	17	30	66	54	46	75	13	10	23	30	18	37	34
gene6896	154	271	399	54	4	290	494	81	83	74	137	178	155	100	266	112	294	34	70	358	20	75	252	93
gene6897	289	146	121	49	73	79	128	86	241	108	194	52	111	222	156	87	193	192	101	173	116	41	107	14
gene6898	13	5	6	12	4	5	1	8	15	31	23	4	22	8	30	26	7	7	9	23	14	7	22	5
gene6899	88	39	44	30	42	51	41	118	99	60	72	59	92	58	61	22	47	9	3	51	11	16	11	11
gene6900	97	43	103	84	73	101	71	108	178	146	82	100	55	122	65	54	81	169	66	88	132	39	44	23
gene6901	60	158	27	108	30	87	102	193	212	107	107	100	34	36	177	105	113	87	72	69	36	64	45	35
gene6902	8	10	23	16	7	17	17	7	35	11	43	5	27	9	28	20	9	40	9	9	10	7	6	13
gene6903	398	264	497	261	371	255	429	639	692	187	433	394	1306	127	236	162	372	453	278	1088	736	489	56	17
gene6904	1103	651	1184	1296	547	1569	1205	632	1518	720	1102	760	1144	884	1855	965	778	403	461	1359	1624	553	603	399
gene6905	70	123	72	104	22	97	143	117	168	142	119	34	148	107	222	96	112	140	74	94	74	54	75	46
gene6906	23	2	21	4	18	15	2	74	16	14	10	7	35	8	8	3	14	46	4	46	16	11	12	5
gene6907	129	1113	437	115	292	206	193	225	586	102	254	145	598	505	76	186	255	404	141	536	391	30	273	154
gene6908	362	353	238	256	210	533	212	370	325	255	349	235	293	418	274	230	275	82	79	87	451	62	130	104
gene6909	7	16	19	61	20	18	7	10	20	25	38	10	27	56	35	72	18	7	4	36	53	21	7	19
gene6910	173	46	76	120	53	53	58	81	138	83	200	78	106	100	53	44	125	49	31	101	79	47	36	51
gene6911	463	134	116	330	239	173	286	231	227	272	308	163	324	284	254	210	307	277	92	380	253	199	64	88
gene6912	19	20	22	14	11	19	35	39	15	10	10	30	20	40	19	30	17	40	4	16	6	22	4	7
gene6913	90	88	85	64	94	93	66	187	381	85	81	149	104	111	135	66	117	153	68	163	125	45	53	75
gene6914	6	10	6	9	17	4	1	21	8	15	8	2	4	1	11	2	11	5	9	0	3	4	4	1
gene6915	41	74	148	63	78	79	53	210	210	266	368	209	243	210	90	125	147	198	63	148	145	92	62	83
gene6916	41	110	65	52	24	67	85	70	127	134	112	70	171	153	59	61	117	35	40	89	133	50	97	104
gene6917	177	97	219	81	41	88	87	300	298	213	165	74	51	172	99	77	149	197	100	254	178	50	53	50
gene6918	335	352	223	204	517	624	715	723	755	343	533	157	296	314	143	410	529	481	157	504	338	172	160	217
gene6919	38	71	51	71	22	84	46	144	66	92	91	57	66	50	27	40	76	100	56	74	90	23	14	52
gene6920	1917	1041	1813	1050	1166	2182	4287	5263	2999	7473	2776	1962	501	2536	2879	803	3777	3302	814	2301	2562	464	2004	280
gene6921	30	33	38	26	18	25	84	83	93	34	22	24	93	51	36	60	28	52	21	68	70	27	30	20
gene6922	430	251	372	407	284	287	268	671	583	407	912	306	195	652	371	301	563	468	238	377	454	210	366	202
gene6923	160	119	61	178	93	149	156	397	208	139	164	110	305	168	205	158	106	289	105	127	202	48	119	145
gene6924	398	109	197	180	258	217	286	384	757	221	423	219	448	319	335	306	239	292	226	299	447	92	226	113
gene6925	1222	1755	1420	1789	993	1327	1573	3195	2718	1637	2291	1334	2608	1964	1544	1261	2718	2365	1204	2276	1076	1060	936	1061
gene6926	23	38	22	29	17	9	39	3	54	29	39	7	13	23	14	20	20	12	10	23	18	6	13	4
gene6927	963	580	659	829	468	629	531	1124	857	659	748	553	1217	924	585	417	690	905	406	675	891	266	333	529
gene6928	23	13	18	25	5	17	19	21	29	3	31	5	17	15	6	2	29	64	20	7	12	6	3	5
gene6929	409	237	177	322	136	290	322	343	246	109	496	234	471	498	286	141	303	327	109	173	261	168	174	271
gene6930	6	19	9	15	11	25	13	5	153	12	91	21	162	48	74	63	14	4	11	11	7	2	2	2
gene6931	74	21	19	34	18	34	21	36	39	24	82	17	46	16	28	10	51	9	9	26	39	7	14	9
gene6932	27	13	9	63	39	54	33	127	30	39	64	5	19	39	22	23	39	34	22	16	110	14	82	37
gene6933	1	0	8	0	1	1	1	2	11	5	26	3	1	1	0	0	1	9	0	5	25	0	3	2
gene6934	86	11	40	62	42	109	10	75	121	60	59	19	27	189	36	37	76	94	102	88	72	10	15	21
gene6935	21	13	5	38	3	45	0	27	16	25	2	18	13	16	6	14	19	7	5	19	11	7	8	2
gene6936	0	0	0	0	0	0	0	0	0	0	0	0	0	0	0	2	0	0	0	0	0	0	0	0
gene6937	121	65	72	51	33	70	50	355	32	193	157	73	147	70	32	167	253	21	111	242	225	14	61	70
gene6938	229	435	270	326	242	409	298	567	388	370	631	412	403	389	323	322	417	447	315	519	448	235	123	174
gene6939	14	11	0	6	8	19	7	8	26	25	6	8	16	3	10	1	7	20	13	23	17	36	4	4
gene6940	46	22	30	45	27	68	15	48	12	11	22	8	32	28	25	6	51	16	26	63	23	24	32	45
gene6941	91	173	112	222	94	200	69	348	242	126	435	144	268	221	145	154	154	85	81	341	112	122	49	104
gene6942	95	114	101	90	67	42	52	139	90	44	136	71	153	37	104	38	173	49	36	128	90	31	56	55
gene6943	52	43	27	39	29	107	72	167	117	45	72	53	56	56	59	70	130	63	28	77	118	7	25	38
gene6944	2532	465	1447	1341	229	1207	1060	1678	6487	1587	853	832	1552	1809	747	965	730	639	616	591	1490	196	237	399
gene6945	1013	1032	883	1439	1110	1809	1245	1922	1678	965	1370	1197	2476	1686	1297	970	1692	683	676	1298	1370	1061	708	638
gene6946	278	107	71	27	83	78	70	183	102	97	140	117	98	141	169	126	148	127	34	169	142	72	89	34
gene6947	666	588	343	242	196	181	68	317	518	168	173	204	406	426	534	130	487	208	402	444	313	107	290	184
gene6948	46	116	53	85	69	67	192	116	191	84	41	100	120	74	91	87	89	55	16	124	162	61	63	54
gene6949	114	121	126	172	146	189	122	409	209	203	291	163	207	341	148	132	218	179	59	127	193	88	105	163
gene6950	59	39	33	45	30	77	39	89	54	45	43	64	45	92	24	9	20	41	16	100	53	10	27	20
gene6951	122	11	18	11	47	34	6	97	0	31	47	82	26	108	25	13	19	11	4	85	33	72	66	4
gene6952	1250	1156	1352	1802	866	1714	1198	1555	2409	1120	2303	1194	3544	1979	1680	1087	1745	2225	577	1525	1964	1048	820	648
gene6953	915	670	544	723	520	986	889	1603	1503	628	1410	549	854	1293	1172	662	1292	1315	671	735	774	489	591	577
gene6954	388	521	251	345	77	252	120	303	347	152	1136	248	186	896	505	183	665	296	211	295	381	396	117	150
gene6955	11	1	0	0	8	0	6	2	0	3	20	3	2	4	4	5	5	1	4	2	0	0	3	1
gene6956	60	46	17	26	15	31	34	111	78	24	36	24	15	22	53	29	33	53	27	24	49	35	17	28
gene6957	11	14	20	60	2	10	37	48	31	13	3	6	3	5	66	19	10	16	10	71	6	3	1	32
gene6958	348	332	243	323	204	229	406	563	553	290	258	151	432	251	415	305	293	679	245	420	316	165	261	205
gene6959	382	330	256	291	174	328	287	770	867	220	381	310	372	556	373	399	457	342	223	384	448	208	138	308
gene6960	70	68	50	41	48	46	33	62	128	57	74	14	46	29	29	43	86	40	25	78	50	18	43	16
gene6961	1135	156	770	589	528	1567	531	1271	985	659	173	947	594	258	884	514	372	515	195	618	1165	366	232	646
gene6962	574	382	313	323	462	483	358	701	645	399	698	372	759	677	526	439	554	558	288	615	473	311	250	292
gene6963	29	30	26	12	7	12	54	124	67	21	55	19	34	36	62	51	61	23	10	17	43	10	17	31
gene6964	141	79	73	12	113	232	104	265	178	49	205	91	147	123	66	100	94	127	68	262	113	29	50	101
gene6965	66	74	125	32	28	72	137	303	163	135	214	86	67	103	269	131	149	167	35	99	103	80	59	141
gene6966	66	43	17	84	44	55	57	87	87	37	50	35	65	76	50	51	35	12	19	80	40	17	37	19
gene6967	28	5	1	51	48	18	17	6	38	59	105	41	23	84	41	43	2	77	13	31	50	22	28	6
gene6968	265	186	265	315	304	176	145	411	302	117	231	260	243	336	273	401	333	512	312	367	258	73	55	217
gene6969	502	645	152	725	400	557	1828	1082	3310	425	511	331	944	891	877	483	771	1541	334	467	869	1174	286	1228
gene6970	139	100	187	200	212	160	250	246	273	237	256	150	1406	212	150	199	183	350	57	477	50	290	211	83
gene6971	668	533	409	412	562	601	104	439	397	855	631	204	1296	1363	772	199	207	255	288	959	676	145	108	180
gene6972	29	16	21	9	28	14	30	44	69	38	24	22	84	61	12	22	24	19	14	72	24	4	21	16
gene6973	29	25	26	50	20	30	19	26	83	16	32	25	39	32	26	17	35	29	11	20	29	13	37	21
gene6974	329	271	214	163	129	410	577	191	459	204	521	89	388	385	300	336	235	309	121	334	149	240	62	256
gene6975	63	38	12	48	19	56	19	55	25	28	22	14	55	29	35	41	24	18	6	51	27	27	17	13
gene6976	136	138	200	166	95	187	181	244	286	160	259	103	215	231	140	117	221	165	115	229	94	113	119	109
gene6977	28	22	11	21	11	5	23	43	26	24	47	17	10	8	24	13	12	25	8	27	86	7	3	18
gene6978	117	49	26	64	35	66	100	164	102	61	129	54	136	76	126	77	115	74	41	62	48	25	77	47
gene6979	20	3	60	17	6	27	21	16	59	49	15	7	7	6	10	10	14	43	9	10	19	23	14	15
gene6980	107	49	92	82	47	92	104	162	150	83	135	75	97	95	92	46	53	104	59	71	68	27	112	91
gene6981	62	49	75	30	38	63	39	130	81	60	68	41	44	52	56	19	123	46	9	107	66	29	44	26
gene6982	786	494	602	1436	183	527	828	930	1501	286	830	1241	1057	319	339	1178	1167	379	580	849	717	217	616	642
gene6983	518	133	163	326	155	89	252	264	376	116	262	170	289	179	95	106	136	324	90	324	230	119	74	106
gene6984	182	69	101	100	72	154	96	146	199	138	144	113	198	83	76	98	158	132	100	122	64	87	85	74
gene6985	31	38	55	28	19	44	37	34	47	58	70	4	26	24	29	41	25	62	13	68	30	12	38	29
gene6986	198	255	294	137	174	246	427	517	119	306	332	155	619	1092	130	176	388	753	159	262	223	104	80	139
gene6987	321	214	180	239	102	171	283	343	380	244	394	93	296	345	267	153	256	320	102	269	206	197	98	92
gene6988	50	37	84	51	42	28	72	67	79	44	77	35	77	36	34	59	87	29	17	79	94	13	24	67
gene6989	642	1056	1662	1482	461	501	544	1238	1642	994	1145	397	849	947	1208	819	714	456	835	814	1934	392	482	841
gene6990	696	184	252	405	264	329	517	482	580	213	462	296	391	505	493	271	213	442	160	411	433	147	171	380
gene6991	745	599	323	871	457	506	464	1608	1472	884	1041	408	900	652	667	338	410	386	240	545	433	296	324	352
gene6992	71	29	56	68	17	37	33	91	133	92	73	58	29	17	36	28	161	197	59	160	191	64	23	117
gene6993	365	515	326	467	258	255	647	1265	1533	507	1405	277	160	376	594	185	502	1169	277	414	403	337	465	385
gene6994	132	80	54	117	94	202	88	144	223	67	95	152	292	93	183	141	84	157	91	172	93	52	65	102
gene6995	68	95	68	48	47	68	111	165	109	89	105	77	70	72	57	49	110	46	45	108	210	34	23	31
gene6996	36	20	38	38	25	18	40	27	47	23	42	22	78	25	33	28	24	30	27	27	14	22	47	38
gene6997	4	1	0	1	0	3	6	10	1	8	0	4	3	0	0	0	2	0	0	0	4	7	1	0
gene6998	32	65	3	9	30	28	14	48	56	5	57	29	45	105	52	21	36	31	4	43	13	32	16	9
gene6999	102	64	44	100	31	85	59	90	161	67	134	73	101	64	71	64	50	93	22	102	68	23	48	16
gene7000	627	869	401	889	472	557	794	1010	752	838	1056	414	849	582	807	545	568	669	405	1228	933	252	442	695
gene7001	185	87	175	274	113	236	340	368	139	20	148	92	57	69	98	14	408	147	232	525	237	181	93	132
gene7002	201	75	83	233	47	151	91	182	269	112	136	94	130	158	103	43	225	74	50	225	105	54	110	70
gene7003	242	44	115	84	34	95	87	267	410	200	283	81	161	132	113	41	169	232	123	150	74	44	63	97
gene7004	407	73	98	111	67	113	187	114	334	326	175	68	188	321	121	177	74	261	58	216	145	57	64	24
gene7005	240	94	73	119	127	109	131	276	219	193	159	125	253	115	205	159	136	61	64	129	144	56	66	87
gene7006	5	5	16	27	10	26	9	38	18	21	33	46	20	37	48	14	57	46	26	38	52	11	11	7
gene7007	1556	1033	730	2202	1364	1586	1500	1566	2257	618	1884	1344	2047	1046	1256	982	870	682	357	1088	2099	428	669	614
gene7008	55	17	56	47	10	67	67	98	85	90	127	29	109	121	64	22	44	106	53	68	78	35	24	29
gene7009	1976	777	1122	1341	834	1618	1731	1678	495	506	267	276	392	364	558	380	846	1930	1094	1770	1507	542	1440	1215
gene7010	3	24	8	55	1	2	9	8	8	29	5	3	25	28	1	0	16	81	0	4	8	1	9	18
gene7011	12	90	2	13	52	29	33	85	56	17	46	32	67	30	55	51	48	65	15	69	45	32	35	11
gene7012	30	7	10	14	17	16	23	37	16	34	12	8	23	12	26	14	16	22	10	15	20	3	6	9
gene7013	104	142	60	146	80	82	101	234	193	98	87	85	112	196	174	105	107	152	58	258	132	41	112	102
gene7014	156	59	69	124	77	112	174	232	205	181	94	111	93	121	236	136	206	113	87	168	173	58	81	151
gene7015	319	310	243	259	125	328	229	486	1021	892	1093	629	1102	701	642	413	316	495	80	312	366	126	143	200
gene7016	337	247	331	269	174	220	298	445	626	323	528	197	399	424	440	246	337	315	122	444	316	177	201	253
gene7017	162	134	161	161	111	158	79	373	179	96	180	118	164	153	216	141	130	173	112	180	104	49	56	123
gene7018	1102	1036	802	918	955	1348	985	1977	2323	1470	1557	477	1399	1492	1483	1294	1036	1423	699	921	812	518	859	580
gene7019	198	523	228	274	155	235	348	384	1585	1137	969	449	1333	1166	523	856	194	209	330	264	358	195	451	441
gene7020	48	19	7	10	19	33	4	39	2	3	29	6	63	16	12	8	10	57	0	56	65	6	6	1
gene7021	127	107	111	55	38	130	150	192	244	109	143	118	192	317	187	268	237	325	99	25	228	108	109	153
gene7022	671	363	448	243	269	448	338	933	571	317	692	170	971	610	670	422	314	547	215	510	507	283	245	371
gene7023	106	96	55	80	60	56	54	164	104	94	126	61	110	63	80	55	62	79	54	76	88	21	33	52
gene7024	42	6	5	27	12	12	20	15	34	5	19	47	13	13	7	0	17	28	11	6	25	13	15	41
gene7025	1750	1194	887	1221	607	958	770	1178	1390	893	1245	661	1673	1591	1100	700	829	859	453	1518	1149	481	700	607
gene7026	67	89	91	41	33	42	64	103	117	99	50	33	104	115	106	47	57	47	70	97	78	26	68	34
gene7027	43	27	21	37	36	34	39	60	129	72	43	26	51	33	52	32	60	42	43	113	27	24	49	69
gene7028	93	91	106	61	64	130	127	179	140	115	96	76	93	105	130	86	59	39	38	46	60	26	45	38
gene7029	103	20	36	32	66	105	116	200	71	62	132	24	147	57	71	34	224	43	23	75	66	5	80	53
gene7030	645	267	415	253	179	225	455	763	756	413	574	210	369	450	339	514	373	416	128	309	208	140	228	256
gene7031	397	198	127	296	110	275	208	329	461	528	225	158	316	343	534	190	300	223	177	372	255	128	181	122
gene7032	2221	1772	1091	862	326	2063	2513	1879	1173	966	2713	778	756	1738	788	605	1062	180	233	305	207	193	143	626
gene7033	157	56	70	57	78	180	101	275	226	87	109	70	139	64	154	126	100	176	44	178	107	60	86	76
gene7034	227	88	111	179	171	141	120	350	319	135	148	79	313	182	91	69	227	246	83	256	242	46	69	73
gene7035	38	27	13	63	6	88	43	90	24	31	110	56	13	93	11	45	89	54	17	135	30	24	31	11
gene7036	166	216	220	295	324	472	293	666	260	169	564	269	162	571	338	454	428	589	157	375	350	302	135	208
gene7037	26	7	9	14	17	24	18	81	21	17	57	19	18	32	12	47	21	9	4	53	39	3	27	2
gene7038	122	73	103	77	70	36	70	72	116	48	26	107	60	11	63	3	137	238	79	47	27	23	36	58
gene7039	306	130	126	158	242	258	174	259	326	193	456	204	160	339	214	209	809	507	585	1026	713	329	389	404
gene7040	702	364	495	458	193	174	75	357	300	513	458	428	357	387	444	327	177	414	225	515	248	220	367	210
gene7041	77	54	48	64	56	43	54	86	111	38	61	43	66	43	55	24	54	29	19	30	27	30	18	28
gene7042	121	41	48	26	60	87	43	53	175	68	347	37	92	51	67	46	7	17	5	19	19	21	7	21
gene7043	68	24	65	37	37	94	56	93	75	73	40	53	80	69	40	22	90	90	31	92	53	40	30	54
gene7044	442	270	433	363	225	508	249	321	560	219	1018	402	635	700	496	255	177	432	161	713	305	216	126	229
gene7045	349	405	551	237	313	180	295	599	394	291	527	456	443	624	456	473	441	520	287	369	494	393	406	309
gene7046	58	19	66	56	84	33	82	59	62	65	84	156	76	30	59	52	222	68	99	326	93	135	134	175
gene7047	70	20	34	42	20	37	25	47	93	28	42	26	49	53	55	29	18	49	30	98	67	23	18	14
gene7048	102	74	48	106	54	51	77	89	132	70	103	48	117	135	68	48	100	41	69	95	124	29	28	41
gene7049	3	4	8	3	12	8	5	24	34	5	4	1	35	8	6	6	38	10	12	19	17	0	6	1
gene7050	7	1	6	8	7	14	5	5	7	13	2	4	2	12	10	4	37	10	2	9	24	4	34	14
gene7051	43	19	4	58	5	21	7	36	26	19	36	18	15	10	46	3	17	4	11	40	6	13	9	11
gene7052	902	427	574	1329	894	1303	894	2045	1270	699	1312	658	1416	1028	854	588	612	531	368	568	1259	558	799	914
gene7053	413	414	355	383	244	163	638	507	773	588	481	110	447	371	648	370	482	274	133	362	337	155	405	473
gene7054	63	9	11	3	3	9	39	15	24	25	32	2	32	25	26	24	91	15	10	8	21	16	21	25
gene7055	367	314	323	230	174	331	255	529	569	243	537	318	192	464	406	240	496	348	181	455	494	122	312	294
gene7056	81	60	68	76	45	96	69	187	95	79	142	43	96	159	54	68	63	118	53	103	104	46	68	63
gene7057	293	206	118	307	96	172	290	572	372	206	355	152	338	266	232	210	301	291	101	404	230	129	331	184
gene7058	351	591	685	1702	289	819	2309	1060	1146	244	597	316	1108	986	1079	483	738	420	558	827	1376	169	657	618
gene7059	139	121	159	190	160	203	126	288	154	161	184	164	124	384	196	141	42	33	15	41	47	15	19	22
gene7060	1110	539	320	649	281	242	195	896	1375	1083	783	346	159	98	254	256	771	683	863	729	699	270	301	886
gene7061	303	472	231	719	355	400	225	651	596	389	647	332	501	423	504	317	211	214	185	402	248	148	141	104
gene7062	610	699	129	1931	913	977	876	1440	1060	1072	1637	930	615	876	1205	257	1879	461	190	1864	1031	581	705	954
gene7063	735	450	631	802	551	769	536	1313	1007	452	926	618	903	665	529	575	716	813	367	1101	559	335	405	488
gene7064	797	442	1155	215	446	395	476	1541	931	825	1069	705	499	676	555	923	372	1068	391	1239	558	636	249	243
gene7065	12	53	18	24	58	48	20	93	10	19	13	10	6	4	7	4	140	29	42	78	58	18	37	47
gene7066	115	51	79	80	64	43	102	137	101	107	75	38	172	88	85	86	70	110	39	90	107	44	53	53
gene7067	557	371	266	235	200	332	141	493	747	172	433	275	647	262	354	409	421	234	337	857	444	190	194	196
gene7068	71	28	109	58	55	59	116	148	124	96	199	65	178	123	102	63	109	147	84	137	275	27	55	44
gene7069	777	315	318	575	324	278	380	957	275	830	1053	264	465	653	1005	233	402	454	170	447	598	175	314	254
gene7070	199	54	67	71	149	109	124	110	86	78	67	67	52	142	127	48	71	52	82	256	96	49	49	44
gene7071	360	296	178	178	174	266	302	416	1067	286	331	176	280	147	252	259	370	261	181	192	163	71	171	230
gene7072	4	6	1	8	1	8	3	1	4	3	10	25	60	5	24	5	17	8	2	10	13	7	21	7
gene7073	131	55	39	51	50	72	59	127	176	26	114	62	82	64	118	28	88	71	27	110	103	34	26	73
gene7074	184	177	214	107	126	141	188	280	280	135	229	253	298	154	113	181	212	235	104	365	151	154	128	204
gene7075	11135	3930	4080	8689	3124	4718	4347	8974	9430	3098	5711	4023	7726	5644	4403	4858	6961	5200	3785	8758	7737	4127	863	5792
gene7076	42	35	55	20	10	45	18	59	77	54	126	20	112	58	104	60	54	87	22	70	31	15	34	43
gene7077	97	360	201	334	80	222	667	101	733	668	544	277	794	529	140	163	236	220	179	384	570	185	303	103
gene7078	897	819	731	1043	668	769	1034	1802	1408	1235	1639	980	1441	798	1256	947	1660	1073	780	1455	1110	670	717	631
gene7079	73	19	40	53	17	39	48	67	46	36	54	32	44	58	21	16	60	31	7	23	22	21	21	33
gene7080	14	3	22	4	7	5	8	15	21	23	11	7	10	8	12	4	6	20	6	8	10	0	15	6
gene7081	29	24	46	9	56	15	38	181	210	99	71	10	69	24	50	14	90	99	74	43	45	50	16	25
gene7082	391	117	248	233	265	194	364	327	474	273	336	70	247	215	106	291	106	251	141	566	246	211	178	62
gene7083	8	6	24	37	54	20	26	76	52	13	77	29	43	32	20	47	38	5	46	12	19	0	24	9
gene7084	57	8	38	20	22	7	16	195	84	15	60	11	45	15	42	23	15	18	16	60	59	17	43	21
gene7085	226	402	95	18	44	152	495	645	205	419	370	492	485	777	1373	993	673	474	110	147	377	266	26	67
gene7086	150	95	96	52	27	41	91	123	187	108	218	229	89	123	189	53	169	81	48	105	83	91	72	83
gene7087	1247	623	623	1449	396	528	1108	2024	1216	693	1125	685	759	721	533	1022	1782	1099	609	1205	1087	433	813	664
gene7088	2	1	3	3	4	6	4	14	4	3	18	1	9	1	4	3	0	6	1	15	3	2	11	18
gene7089	165	137	32	18	93	179	254	355	173	115	230	45	134	134	229	105	267	125	38	66	179	74	311	42
gene7090	44	125	73	110	72	181	176	98	314	40	550	37	131	105	134	64	196	158	58	132	154	57	55	27
gene7091	452	285	375	410	354	326	408	446	531	409	624	294	430	402	412	268	324	379	189	548	400	280	253	315
gene7092	959	1021	739	918	425	1167	1358	1897	923	1090	1142	796	1648	1119	1076	1240	869	1115	674	1548	1327	716	294	885
gene7093	466	527	345	444	264	535	465	799	713	517	671	371	543	697	416	314	563	425	305	581	466	241	236	314
gene7094	58	30	9	48	30	47	39	105	125	76	196	18	16	37	26	40	22	34	16	56	24	28	37	47
gene7095	481	53	108	172	31	36	169	365	1909	650	1655	280	674	757	850	788	180	319	181	100	414	119	202	34
gene7096	2951	1500	3147	1817	3052	1583	2100	5164	5465	3460	2824	2685	5770	4303	3788	1856	5306	4031	1499	3404	1871	1996	3004	1640
gene7097	101	20	111	23	34	32	118	80	41	115	51	27	34	129	82	70	217	92	43	96	29	45	47	29
gene7098	80	44	40	90	27	43	33	37	60	92	112	34	58	67	43	47	51	39	33	50	33	27	28	12
gene7099	506	186	206	227	156	264	261	553	343	284	429	234	185	350	364	153	433	304	176	377	306	124	158	119
gene7100	9419	3923	5154	6167	2640	7295	4952	10277	7237	5734	6810	3968	6722	7112	8892	4844	8103	7488	4229	8312	5263	4084	4801	4462
gene7101	5	8	2	1	0	7	2	8	1	2	8	2	8	2	13	19	0	23	6	11	3	4	4	0
gene7102	46	6	14	9	5	22	29	43	35	30	5	7	19	9	15	15	23	16	22	36	16	9	18	10
gene7103	108	50	59	53	49	43	53	119	68	62	125	44	41	117	43	34	85	55	33	54	77	48	12	48
gene7104	25	38	25	45	15	28	27	62	48	29	25	45	28	48	24	28	49	23	21	14	44	32	8	35
gene7105	1090	355	978	647	507	794	864	1420	1315	553	1228	1116	1081	1260	665	890	887	1100	328	732	409	356	754	553
gene7106	59	41	19	108	78	47	98	192	130	72	170	47	274	131	86	50	46	72	19	76	57	71	20	46
gene7107	1396	1567	1567	1201	1041	1907	1745	3722	2596	1537	2999	1217	1680	2730	1691	1489	2123	2641	936	2029	1791	1115	1267	1363
gene7108	39	3	17	19	9	4	1	33	40	34	22	7	14	42	53	10	24	28	11	17	0	11	18	12
gene7109	95	66	63	51	20	147	9	28	240	83	237	111	247	160	220	14	55	167	30	47	76	79	21	51
gene7110	105	51	70	93	74	130	150	198	163	82	170	75	129	241	90	69	114	117	64	133	168	57	130	95
gene7111	1034	1024	575	809	851	797	774	888	2199	932	1704	839	1231	973	616	447	635	685	307	717	1563	661	325	385
gene7112	52	14	9	39	25	46	11	47	57	11	39	5	25	28	38	11	38	151	64	129	45	76	30	114
gene7113	77	37	91	62	30	37	53	64	59	76	106	55	74	77	96	58	72	51	59	112	59	26	58	34
gene7114	366	134	181	198	225	173	270	470	400	339	432	286	383	457	189	263	362	471	92	212	318	84	139	335
gene7115	38	40	33	34	8	59	95	204	43	41	117	28	64	52	135	63	77	50	45	56	27	17	47	2
gene7116	638	996	841	203	394	795	988	1550	612	599	642	564	365	613	1002	698	151	929	291	704	345	120	273	419
gene7117	409	228	175	395	168	236	292	263	203	264	412	173	318	181	320	227	232	171	170	281	215	168	183	139
gene7118	354	154	223	296	132	238	604	837	455	499	524	206	327	231	356	405	222	328	134	273	376	126	488	350
gene7119	199	146	201	160	83	170	136	290	99	175	253	147	183	452	51	55	82	294	67	307	304	53	122	99
gene7120	469	393	279	471	294	448	291	785	835	465	781	554	384	579	287	318	977	513	127	404	459	202	218	229
gene7121	2535	2330	2708	2110	1908	2029	3876	4522	6030	2746	3621	1337	2229	4265	4264	1913	3537	2801	1134	3296	3303	1364	2231	1953
gene7122	294	176	116	82	164	71	118	130	121	90	229	120	50	173	344	120	258	95	81	224	98	79	84	48
gene7123	63	53	45	101	33	80	70	96	71	28	86	73	256	88	27	37	79	71	26	76	76	17	43	58
gene7124	126	116	92	91	77	82	197	261	190	89	124	66	166	130	104	92	122	99	67	179	139	64	115	92
gene7125	91	128	126	169	64	158	36	195	209	286	453	107	284	263	209	81	270	231	273	254	180	82	167	182
gene7126	341	91	110	159	88	75	132	231	215	92	297	91	180	60	163	129	198	83	58	173	163	68	105	86
gene7127	3044	2188	1634	2086	1132	2848	2227	4337	2784	2269	4776	2236	2601	2406	2530	1971	2194	3219	1497	3371	3262	1692	2147	1700
gene7128	33	102	21	258	43	110	58	34	117	124	335	131	127	324	176	26	86	149	44	134	309	118	96	113
gene7129	314	51	22	503	98	27	10	322	99	86	256	177	160	78	399	88	231	146	41	34	320	18	25	17
gene7130	4303	1309	3928	2145	1174	3784	7867	10301	5736	2856	1349	2153	2173	917	3915	949	814	2005	1555	3306	4134	904	2323	2943
gene7131	133	68	40	98	74	178	74	146	195	157	132	115	125	98	119	53	163	120	81	142	123	63	63	45
gene7132	281	20	121	32	60	255	12	36	208	437	228	253	661	159	92	71	190	682	138	105	25	277	20	66
gene7133	744	460	693	370	312	379	762	1331	1295	668	1568	440	581	822	865	754	795	290	326	824	873	300	995	471
gene7134	149	106	97	86	93	68	77	119	249	348	325	61	299	279	95	27	123	79	112	107	233	153	95	68
gene7135	113	58	68	80	72	58	29	162	118	135	149	48	88	137	71	33	114	88	39	98	43	41	50	54
gene7136	149	52	58	23	46	45	44	85	68	73	117	49	63	61	44	51	70	87	33	115	82	22	36	37
gene7137	57	6	33	66	26	18	7	35	25	14	8	40	30	28	11	53	67	32	1	30	134	22	31	26
gene7138	696	634	477	585	622	764	674	1194	965	674	1053	444	818	855	711	646	750	708	288	903	694	475	609	490
gene7139	40	13	19	45	30	23	12	29	34	19	12	7	25	27	10	18	2	22	10	65	17	4	18	16
gene7140	168	139	94	291	130	167	112	215	212	232	229	130	371	181	166	125	147	198	78	270	191	82	97	99
gene7141	77	70	77	62	28	63	72	203	82	115	121	37	65	55	52	104	116	140	20	152	77	41	101	104
gene7142	19	4	43	5	19	13	9	22	18	8	11	8	20	2	32	5	7	10	3	4	0	11	3	1
gene7143	28	48	122	62	33	71	115	281	54	88	129	43	183	333	52	39	158	125	112	306	237	72	72	150
gene7144	800	285	300	554	236	222	850	658	846	576	1363	226	403	337	655	473	301	653	484	504	420	198	548	351
gene7145	215	128	189	165	190	188	194	355	359	229	232	195	383	283	413	322	180	286	147	346	91	95	191	121
gene7146	108	37	19	58	19	58	39	100	34	105	15	8	35	42	64	16	72	86	7	27	64	15	9	29
gene7147	513	297	185	366	263	383	402	568	464	278	386	183	339	369	278	266	339	268	160	579	263	137	253	283
gene7148	243	220	132	246	260	138	391	196	533	288	324	296	186	519	277	177	386	226	202	343	463	98	78	106
gene7149	138	117	45	91	96	203	78	153	206	111	391	90	39	101	137	153	59	162	69	57	108	70	176	248
gene7150	71	233	151	197	127	117	194	121	239	183	215	288	315	84	325	190	133	264	102	166	88	98	253	138
gene7151	66	86	18	27	6	56	32	159	127	59	105	32	64	78	26	42	147	157	5	72	78	26	23	70
gene7152	24	14	45	59	26	43	38	22	121	45	51	16	37	86	25	56	39	42	22	40	60	24	17	29
gene7153	15	7	2	2	9	4	12	2	3	1	2	12	15	3	9	10	4	0	1	1	0	0	6	8
gene7154	38	32	28	34	9	33	33	71	20	42	21	13	66	31	41	40	63	28	14	33	23	25	15	49
gene7155	119	237	109	43	102	226	88	435	236	149	211	80	246	195	76	92	481	129	22	116	96	138	85	105
gene7156	126	102	123	162	107	182	147	242	203	175	184	113	166	254	106	198	103	178	53	160	108	77	69	99
gene7157	438	269	290	237	258	124	500	317	568	247	280	319	102	542	75	365	283	175	83	247	250	113	291	279
gene7158	10	32	15	28	7	17	10	35	43	26	18	2	12	24	20	3	63	96	81	60	100	23	38	5
gene7159	33	62	63	35	57	15	63	73	165	104	125	68	86	148	67	21	85	120	72	77	74	11	31	34
gene7160	216	122	159	138	71	192	115	176	257	139	268	104	106	214	71	101	103	151	67	162	220	51	54	91
gene7161	13	2	28	11	24	14	32	65	114	22	66	63	21	39	44	27	62	20	18	46	32	17	33	45
gene7162	933	690	863	342	538	542	778	944	1186	1054	1147	331	1194	476	839	297	874	840	363	591	1324	329	427	497
gene7163	11	5	21	15	9	13	32	28	19	42	27	15	15	29	22	4	5	17	12	27	7	8	8	5
gene7164	400	197	208	284	235	266	305	250	396	301	334	233	312	329	311	214	455	295	207	350	349	157	273	219
gene7165	4	28	9	98	20	23	26	51	86	95	98	85	157	49	53	36	60	70	13	96	17	16	49	24
gene7166	243	103	137	235	70	114	171	293	307	172	303	88	106	213	82	112	123	214	136	127	138	67	79	122
gene7167	998	1079	586	1189	417	1930	1204	1915	643	374	3735	749	4541	635	431	621	2567	1258	78	1829	966	576	586	87
gene7168	112	282	139	143	97	76	264	205	803	81	281	183	51	285	114	217	147	668	823	342	413	32	778	1008
gene7169	29	62	91	66	64	39	77	204	71	183	134	108	131	150	46	62	45	186	113	153	79	75	21	90
gene7170	2096	1350	1924	1380	1161	1340	1332	4569	3033	1793	3875	1001	3387	2825	3316	1491	2605	3885	1391	2078	1340	932	1045	1455
gene7171	82	21	45	54	38	27	70	175	102	25	198	66	138	40	124	98	35	78	17	87	50	42	24	33
gene7172	87	11	45	106	57	127	66	54	186	35	76	26	88	34	27	55	109	109	57	181	12	32	29	31
gene7173	86	85	120	79	28	187	108	118	160	121	164	72	119	89	156	71	149	60	101	174	173	27	86	69
gene7174	67	51	131	150	91	88	163	158	190	84	65	71	146	66	116	119	288	80	93	165	158	49	72	74
gene7175	598	424	256	285	223	28	395	426	1338	571	560	514	399	491	299	423	82	161	104	245	428	83	276	154
gene7176	20	43	15	57	21	39	77	32	68	47	21	47	36	73	47	38	52	68	10	29	31	12	40	28
gene7177	454	295	331	232	237	366	656	809	328	174	287	119	204	266	306	205	499	732	117	235	411	184	330	180
gene7178	73	22	26	32	47	44	23	53	91	76	58	27	42	41	51	62	121	56	17	82	50	11	33	18
gene7179	0	0	5	5	6	1	5	2	7	13	5	2	2	2	16	1	3	0	4	4	1	1	11	6
gene7180	136	83	91	118	92	153	164	285	207	166	148	99	179	111	234	113	170	97	94	115	114	62	65	82
gene7181	62	40	74	45	33	86	35	89	107	88	85	34	65	67	56	14	87	61	40	118	92	57	29	48
gene7182	80	110	182	62	145	209	267	488	142	223	205	121	326	397	237	303	226	470	89	279	276	102	157	211
gene7183	1894	763	775	1001	1174	1114	1067	2127	2332	1155	1893	720	1995	730	1698	1606	1175	762	442	1679	983	810	706	734
gene7184	57	25	14	25	16	20	25	51	23	56	33	23	20	18	16	8	9	64	16	21	27	14	20	8
gene7185	7	6	4	2	8	4	1	2	8	8	12	6	11	5	12	6	1	1	7	5	7	2	6	7
gene7186	4	12	8	1	5	14	10	18	14	4	17	7	15	14	0	31	8	18	15	7	20	2	1	1
gene7187	1	1	0	9	4	0	1	0	0	3	2	0	0	0	0	2	0	0	0	3	0	2	2	4
gene7188	1	2	12	6	0	8	1	0	29	0	2	2	11	1	6	4	1	10	0	3	1	0	7	10
gene7189	545	309	282	425	369	340	600	526	496	448	538	374	494	657	564	433	504	307	160	663	577	184	189	231
gene7190	445	264	406	376	295	235	218	790	548	329	609	160	694	662	449	350	691	499	311	377	427	242	244	263
gene7191	136	78	93	30	19	36	16	24	51	35	24	26	92	68	30	69	28	5	38	24	76	16	47	20
gene7192	35	45	38	90	70	61	16	64	88	54	50	45	196	49	58	57	38	27	16	123	79	49	32	38
gene7193	80	34	61	55	45	60	73	187	74	70	60	65	101	89	107	33	50	60	53	107	86	32	126	37
gene7194	547	338	274	359	294	454	621	1264	865	648	337	479	582	464	579	563	616	440	588	538	1210	319	457	307
gene7195	248	234	194	402	487	302	236	514	509	281	605	548	635	653	417	201	291	269	262	1115	431	200	152	201
gene7196	411	124	94	158	85	122	66	516	401	222	265	45	320	184	95	194	482	229	118	315	326	258	228	54
gene7197	31	65	34	28	40	51	105	135	173	121	94	25	60	181	84	49	153	98	39	91	71	90	85	111
gene7198	27	69	27	41	49	12	22	143	140	22	57	74	135	41	33	127	21	38	50	43	135	58	42	118
gene7199	36	2	5	29	9	9	26	38	29	1	16	14	28	13	22	17	45	20	9	37	3	16	8	16
gene7200	0	0	0	0	1	1	0	1	1	6	1	0	0	0	0	0	1	1	0	0	3	2	4	5
gene7201	179	185	43	107	116	243	116	134	200	197	114	146	204	106	136	171	171	168	55	275	341	72	111	104
gene7202	8	10	8	25	7	13	8	4	15	3	41	3	8	6	3	11	24	30	0	33	6	1	8	2
gene7203	56	32	10	52	19	45	39	75	81	44	35	32	35	53	27	30	30	56	23	51	38	15	46	30
gene7204	157	139	109	76	93	82	102	129	158	66	91	58	122	112	109	90	169	139	70	150	100	51	52	39
gene7205	223	162	328	291	209	172	285	387	472	100	540	335	507	346	335	55	282	346	106	275	571	97	138	114
gene7206	224	506	331	318	204	217	156	614	879	344	126	204	444	334	215	284	350	176	175	323	168	38	103	120
gene7207	52	15	19	32	57	72	116	106	157	106	73	80	14	140	80	72	93	30	20	12	51	60	77	80
gene7208	22	21	18	56	26	50	79	154	144	13	108	36	37	52	37	57	44	21	36	108	56	35	18	21
gene7209	877	337	234	381	195	483	561	519	821	683	649	283	601	409	215	288	407	922	243	986	414	322	410	363
gene7210	415	428	413	368	237	542	588	534	477	308	795	249	408	727	244	310	418	792	418	1191	849	378	441	449
gene7211	40	14	19	20	14	7	21	17	73	20	37	37	33	4	60	35	72	31	13	26	0	19	26	15
gene7212	31	6	28	26	16	45	15	9	15	10	23	27	20	64	23	16	95	30	12	50	27	2	15	21
gene7213	247	20	190	161	80	125	59	117	250	43	171	54	44	115	63	178	446	23	57	50	12	151	145	36
gene7214	808	854	1742	631	999	1752	1304	3630	2452	1607	2799	868	1433	1693	1484	1055	1891	1990	784	2812	1691	1015	839	940
gene7215	155	194	162	77	72	92	238	266	47	345	361	31	172	162	79	24	79	247	58	197	59	35	110	97
gene7216	42	71	63	16	3	30	11	118	11	42	59	47	80	47	32	44	68	81	25	64	26	27	48	32
gene7217	11	50	10	37	21	13	12	22	37	5	21	4	14	50	9	22	21	11	2	35	39	24	9	11
gene7218	150	107	146	212	104	260	217	347	340	206	190	202	212	255	160	95	219	215	102	277	207	133	123	140
gene7219	61	6	225	127	94	213	174	55	330	74	473	53	320	110	344	52	321	397	68	34	355	26	274	224
gene7220	2	2	2	7	6	7	4	4	0	0	1	1	2	0	2	0	1	4	0	3	12	9	1	2
gene7221	589	214	27	90	246	155	476	685	487	401	464	203	96	859	407	189	336	396	200	600	444	403	306	233
gene7222	164	123	258	115	139	126	150	469	254	157	446	62	343	218	161	165	324	393	74	181	134	153	87	60
gene7223	1179	654	906	331	288	625	348	505	1293	561	892	205	355	531	810	771	290	333	260	240	378	325	294	154
gene7224	148	76	70	124	92	166	142	243	206	124	136	74	148	212	147	125	139	124	35	163	108	93	50	52
gene7225	31	35	34	26	25	49	67	95	69	62	57	40	67	57	52	33	274	216	94	362	341	113	47	206
gene7226	52	135	282	134	128	103	115	439	104	258	298	37	174	172	78	84	60	39	69	269	149	30	121	154
gene7227	21	17	19	21	8	49	27	56	79	50	16	33	29	13	22	17	24	5	14	46	20	15	10	30
gene7228	729	688	481	324	392	370	548	912	1149	949	1967	498	709	637	764	715	854	508	129	368	411	294	46	375
gene7229	3	14	6	33	8	11	5	70	32	12	22	17	14	17	29	15	14	27	3	43	1	16	10	6
gene7230	189	129	142	227	49	108	148	283	276	142	244	107	199	175	155	143	217	330	128	215	259	61	126	114
gene7231	280	130	162	91	312	131	149	538	203	337	194	188	328	436	303	216	133	338	148	491	170	122	115	203
gene7232	142	118	71	63	29	29	155	277	36	92	60	10	80	88	222	66	52	96	82	158	58	57	57	30
gene7233	236	226	93	227	75	220	170	507	240	181	334	77	245	299	203	186	182	215	88	254	340	146	129	131
gene7234	30	14	57	48	28	44	18	38	51	64	39	43	13	38	12	28	57	94	39	57	27	28	25	34
gene7235	1830	1654	1341	3386	1002	1480	1069	2987	2029	2640	2109	1193	4357	2690	758	1100	2124	2284	907	3990	2443	1890	1072	744
gene7236	867	386	889	930	615	911	904	1098	1901	934	993	854	1274	976	1164	968	848	910	648	1449	879	401	518	375
gene7237	43	49	42	36	25	24	71	86	82	50	58	21	81	61	33	75	68	22	43	32	83	28	25	51
gene7238	1050	224	348	981	838	1611	834	1837	1546	1059	1492	754	1131	1154	2156	791	600	545	847	1263	1527	601	563	448
gene7239	160	200	182	201	205	170	165	183	248	185	238	131	211	121	174	187	247	228	112	200	262	215	211	155
gene7240	0	2	2	4	1	0	3	10	0	0	4	2	0	1	0	1	1	1	0	5	1	0	3	1
gene7241	631	369	175	417	398	263	834	685	515	369	439	225	532	366	684	618	390	548	259	515	760	192	481	483
gene7242	332	201	113	361	89	39	331	627	110	266	458	225	342	23	298	161	161	137	53	155	253	96	86	282
gene7243	39	10	3	10	18	9	37	39	13	8	16	11	25	2	43	16	12	18	8	4	35	6	16	9
gene7244	95	16	38	88	41	46	33	105	132	60	143	91	153	148	50	42	68	91	37	111	81	38	46	104
gene7245	1266	1074	851	923	426	694	875	1177	1477	813	1434	608	1116	1245	578	833	1745	975	633	1685	1111	543	782	489
gene7246	98	84	79	121	55	91	119	136	101	101	199	83	118	120	66	71	136	123	61	164	113	64	61	62
gene7247	576	189	270	165	258	290	188	605	1050	365	660	130	171	289	257	164	373	589	165	463	425	179	192	166
gene7248	276	211	270	410	207	548	468	588	552	260	207	450	307	521	448	226	287	204	236	120	542	213	96	297
gene7249	11	5	19	19	23	4	6	19	33	18	24	48	24	61	26	8	81	28	59	131	112	69	41	61
gene7250	197	209	137	94	290	147	396	325	436	326	314	97	113	394	282	174	217	276	172	193	210	80	178	100
gene7251	356	264	160	146	172	238	466	487	544	207	501	150	387	226	260	284	484	341	114	308	318	171	260	153
gene7252	332	328	62	176	84	215	565	305	674	48	305	454	277	308	235	328	276	193	125	680	251	57	197	294
gene7253	13	7	17	7	4	16	10	26	46	15	38	0	0	7	1	18	9	17	2	35	6	11	5	0
gene7254	70	51	20	18	65	105	89	76	20	55	71	29	107	118	63	43	39	48	36	104	57	21	57	35
gene7255	0	2	2	0	2	4	4	5	0	5	2	1	2	0	1	0	0	5	9	0	0	2	1	1
gene7256	252	245	304	256	128	364	230	516	381	310	547	218	303	460	270	225	389	302	152	493	482	212	211	163
gene7257	456	284	28	235	370	97	597	199	592	99	252	293	492	95	170	151	130	284	185	153	470	114	34	264
gene7258	727	516	1126	657	378	398	1124	1172	441	732	704	775	425	923	1015	174	373	879	552	924	507	382	334	137
gene7259	147	123	105	76	65	128	170	202	97	106	172	130	155	178	68	117	172	139	75	88	134	55	115	84
gene7260	179	62	94	66	31	157	93	244	101	272	367	62	112	138	102	81	212	198	86	128	53	139	89	86
gene7261	78	43	115	81	46	90	60	203	170	36	363	39	93	123	24	87	106	106	38	95	116	40	71	67
gene7262	22	14	29	16	13	18	33	55	34	19	66	15	16	31	35	31	27	13	15	9	26	25	10	3
gene7263	66	136	89	78	48	131	72	52	142	76	90	118	152	116	251	77	285	64	58	102	120	42	20	59
gene7264	29	8	9	13	11	20	60	15	19	16	17	37	36	10	41	69	7	20	9	21	20	5	9	18
gene7265	9272	7271	9431	6647	3925	8112	5537	8676	18813	4862	4523	3586	3740	8661	3951	2372	15227	12600	4470	5533	8027	4101	3776	3380
gene7266	150	118	87	69	42	228	53	95	124	113	127	75	83	71	49	93	124	96	122	93	117	113	50	76
gene7267	57	32	28	38	60	83	49	59	81	44	61	35	35	60	128	62	83	11	18	9	14	33	24	49
gene7268	177	93	68	106	90	147	56	143	226	117	155	113	167	159	170	133	127	116	92	128	144	127	123	99
gene7269	5712	2766	1923	864	1756	2182	2460	5986	1922	5640	5605	1099	6046	2904	4599	2064	2079	3847	1472	3481	4883	1257	2821	3014
gene7270	677	492	368	359	320	577	650	353	512	730	1271	245	681	405	382	311	623	765	129	554	857	452	314	259
gene7271	22264	19004	24243	14186	4421	3802	15513	10235	4026	42388	37152	4129	34700	23482	4966	19419	19969	25657	12695	25715	7233	5538	25771	25404
gene7272	13	0	9	18	26	16	9	9	48	24	40	4	14	18	36	50	47	23	5	20	12	25	23	19
gene7273	214	205	185	244	119	186	262	363	159	66	126	65	74	77	75	66	211	217	125	326	175	129	130	179
gene7274	135	60	84	56	25	76	68	118	112	95	53	105	82	88	121	62	86	71	56	105	43	17	112	79
gene7275	142	148	143	153	113	222	150	359	257	192	171	130	140	314	152	174	161	168	56	210	197	178	98	110
gene7276	228	243	213	343	454	227	392	336	188	247	277	57	548	208	287	251	218	237	192	379	320	194	193	182
gene7277	695	492	95	203	250	744	336	1196	403	496	270	471	451	448	598	296	452	179	227	428	541	165	127	270
gene7278	53	63	52	38	20	67	76	103	91	53	67	35	71	88	42	47	62	31	54	142	50	32	46	38
gene7279	57	52	32	15	13	46	58	66	88	57	93	18	56	70	60	10	56	48	40	42	72	32	23	17
gene7280	88	42	49	45	44	50	56	117	74	67	111	28	92	75	79	42	60	50	64	90	54	41	39	31
gene7281	229	148	139	165	95	80	115	425	210	189	309	92	131	252	155	168	277	211	85	182	213	74	129	100
gene7282	143	60	69	108	80	252	58	150	149	91	129	39	83	336	53	57	38	67	34	146	183	91	57	32
gene7283	10298	11988	8666	12391	9445	17313	15214	19075	15749	12644	21226	15808	29443	18146	32848	11760	22130	9873	8583	15658	17192	7504	9357	5480
gene7284	850	348	307	512	551	650	606	1101	743	729	963	339	717	942	576	488	527	603	266	1868	412	178	241	391
gene7285	35	21	24	28	16	18	28	69	65	20	23	25	22	26	27	10	41	18	14	30	43	17	10	32
gene7286	1	8	1	3	9	5	12	16	5	4	4	0	5	0	0	4	5	15	5	1	0	4	0	2
gene7287	3241	1438	1230	1352	1366	2488	2487	4679	3070	1492	3416	1465	2663	1895	1906	1429	2858	2027	872	3536	1791	667	1361	1474
gene7288	57	24	69	43	31	95	31	133	32	50	68	56	35	48	76	48	80	49	25	61	53	36	23	38
gene7289	3246	1099	934	3453	786	2569	1099	3723	3319	1564	1161	525	1418	1014	1070	2086	5149	784	1328	2877	2319	2088	2211	413
gene7290	28	45	30	36	21	95	47	66	161	56	62	65	98	120	187	32	31	31	50	84	76	30	18	19
gene7291	91	71	43	26	24	19	65	155	64	71	30	50	43	55	68	31	40	35	42	31	57	25	16	44
gene7292	256	291	155	136	102	118	89	182	530	378	521	160	234	174	456	281	188	187	65	91	62	34	83	87
gene7293	99	53	91	120	67	148	137	462	157	122	202	77	180	179	218	205	129	109	57	105	121	77	58	126
gene7294	17	19	4	6	16	21	10	13	7	22	25	1	20	5	10	2	34	14	11	56	6	8	2	20
gene7295	297	78	127	157	82	107	114	272	126	138	30	154	267	231	380	217	107	150	84	44	200	101	136	72
gene7296	119	97	161	120	249	404	181	232	532	365	265	198	589	254	342	125	268	294	119	144	62	234	178	135
gene7297	444	199	267	245	92	362	258	327	509	546	407	265	164	230	253	170	308	138	192	319	131	48	104	277
gene7298	227	119	114	126	177	149	144	376	227	97	119	39	187	172	175	140	131	84	110	256	248	59	124	88
gene7299	29	44	8	11	6	30	51	21	35	44	56	31	40	18	19	20	14	22	19	17	28	11	22	18
gene7300	463	614	577	695	239	601	530	638	1239	567	946	604	697	300	533	628	1085	516	837	399	1208	377	790	217
gene7301	38	46	53	86	14	38	45	141	10	4	6	0	7	4	4	1	70	36	10	18	76	27	60	12
gene7302	25	2	14	0	11	23	18	11	43	10	19	35	35	24	17	3	42	13	7	23	28	3	24	12
gene7303	20	24	18	44	29	19	38	82	115	50	54	14	44	68	11	14	36	43	35	65	35	16	27	21
gene7304	26	23	19	26	36	16	42	39	57	16	38	11	39	20	78	59	36	21	14	25	46	15	85	18
gene7305	526	226	351	293	168	294	314	760	724	337	668	270	522	348	318	260	393	314	294	495	403	235	364	255
gene7306	5682	4250	3889	3740	3711	4553	6138	8375	7135	5572	7216	3913	4378	6180	6222	5609	5698	5094	3091	5871	5681	2311	3994	3805
gene7307	297	238	135	265	166	402	207	357	498	261	356	256	414	461	261	255	438	281	169	482	440	144	191	119
gene7308	100	59	58	79	1	308	416	134	63	184	90	77	214	155	109	27	141	81	73	328	341	68	22	166
gene7309	208	180	205	160	164	229	267	356	954	441	279	208	416	302	255	150	2233	953	620	663	934	598	852	911
gene7310	11	28	56	18	24	16	20	50	57	13	9	16	19	16	46	24	26	26	12	28	11	9	3	15
gene7311	50	27	32	97	10	74	64	68	224	24	86	27	157	15	65	29	95	45	64	53	131	9	93	26
gene7312	212	147	103	265	205	266	214	319	151	190	274	154	170	136	74	272	392	135	179	317	296	160	156	114
gene7313	79	51	79	56	26	60	36	50	67	65	57	19	51	37	70	32	110	113	34	220	143	28	24	39
gene7314	25	58	33	47	37	73	49	24	106	41	49	49	63	96	31	41	94	115	11	81	37	34	37	19
gene7315	22	22	18	6	13	10	58	61	27	55	44	10	48	66	15	26	15	42	3	30	23	18	11	17
gene7316	447	425	156	454	557	451	550	628	1055	458	611	284	511	1064	395	239	379	231	189	567	446	191	206	265
gene7317	606	526	500	598	168	403	471	572	770	673	624	555	871	570	440	320	352	248	155	474	461	146	334	230
gene7318	1874	560	738	605	277	339	475	316	1026	1336	1138	459	2021	415	663	430	402	939	136	485	794	417	501	398
gene7319	346	420	428	377	152	332	293	1195	597	352	630	239	674	140	400	252	296	480	289	224	258	265	300	158
gene7320	805	624	631	669	506	694	638	960	1593	868	1759	315	909	1225	976	505	1275	686	498	1572	703	638	704	305
gene7321	5787	4383	4333	4158	3144	4803	4810	5900	11322	7238	9504	5337	6390	6920	5191	3985	5156	5590	3432	5251	5024	2087	2892	3088
gene7322	256	69	60	2	51	10	310	291	14	575	203	56	43	0	232	7	64	11	36	1	9	44	7	32
gene7323	115	81	46	120	82	49	55	65	140	62	76	92	185	122	68	89	50	81	51	155	105	57	55	59
gene7324	41	53	40	17	44	34	67	115	24	18	33	61	36	68	67	30	23	72	49	58	48	14	55	56
gene7325	3178	2768	4657	2783	1832	4576	3704	4400	3960	1526	11374	2401	3774	3383	2491	4850	6188	3825	2729	4437	3946	1583	2044	1553
gene7326	277	87	67	133	193	37	73	193	392	108	187	84	98	223	140	167	117	295	149	583	374	245	110	34
gene7327	20	5	22	6	13	50	6	5	14	13	13	5	7	11	15	9	65	25	15	5	12	7	2	7
gene7328	224	233	156	183	183	171	181	185	221	252	196	159	223	230	177	161	232	200	108	236	244	69	171	120
gene7329	251	43	36	82	10	139	95	80	132	38	21	47	75	132	67	77	48	22	73	110	29	31	83	28
gene7330	133	139	153	90	99	148	187	202	273	229	270	94	103	307	200	68	314	129	87	264	146	86	216	136
gene7331	47	2	26	6	16	33	33	179	40	64	42	92	50	31	68	16	26	5	31	33	84	63	15	20
gene7332	238	99	33	80	39	108	77	77	112	158	941	258	153	192	803	289	54	54	31	258	120	68	69	19
gene7333	915	480	338	413	332	352	730	1190	1009	679	664	457	548	536	506	414	577	555	236	597	658	159	349	384
gene7334	14	15	3	11	14	26	3	9	18	38	3	1	40	6	36	23	22	16	6	9	34	5	12	0
gene7335	11	1	16	1	2	1	21	4	35	0	14	5	5	9	19	37	8	34	1	43	12	8	8	0
gene7336	104	19	82	25	28	88	131	91	72	74	67	97	129	229	85	72	118	125	40	132	100	81	15	23
gene7337	14	5	13	11	29	24	28	87	43	20	23	18	50	26	21	28	2	42	15	15	10	1	3	14
gene7338	160	120	36	347	45	158	250	223	464	118	74	34	246	69	123	76	186	69	49	133	97	39	210	66
gene7339	2458	6497	4164	2014	4242	4491	4810	18049	3276	5799	4539	4493	11590	1114	7937	7223	5077	4252	1865	8143	4919	1001	1915	2093
gene7340	51	50	42	51	35	50	36	110	128	87	117	53	186	62	49	38	155	67	77	98	96	26	43	72
gene7341	148	33	26	74	28	66	48	151	61	49	103	118	44	58	54	71	71	73	41	128	59	53	42	62
gene7342	0	0	0	3	0	5	3	5	13	2	2	7	0	1	1	1	0	3	0	0	0	1	2	0
gene7343	110	180	155	775	274	261	197	168	210	154	432	153	725	243	287	257	396	135	234	828	368	340	146	102
gene7344	7	1	14	6	2	10	9	21	14	15	8	14	2	16	5	9	39	10	19	14	20	4	0	4
gene7345	120	136	99	78	66	95	96	269	209	74	110	40	164	146	79	97	130	100	51	129	107	37	92	85
gene7346	241	156	147	285	137	237	308	336	243	218	199	162	199	209	378	102	297	201	75	273	152	62	186	78
gene7347	3	17	4	3	0	2	0	8	11	1	5	5	10	0	15	19	15	16	13	9	1	0	0	2
gene7348	2098	1308	812	785	1169	1813	1351	3650	3997	3207	2402	2378	3718	3441	3042	1454	2114	3972	1745	6150	1083	615	1760	2271
gene7349	9	37	17	28	20	16	23	25	71	20	63	26	15	3	30	2	38	9	9	19	25	16	17	8
gene7350	941	348	201	688	58	254	337	864	213	646	554	418	1161	455	2297	453	281	582	223	396	316	176	498	695
gene7351	14	36	16	16	16	44	31	62	137	17	54	28	26	14	14	31	53	36	16	51	22	15	35	13
gene7352	8	7	7	11	10	6	9	28	8	8	5	7	35	16	18	18	27	10	5	45	8	21	12	7
gene7353	19	27	25	77	14	18	41	32	358	217	143	88	57	194	210	91	44	53	20	27	13	13	20	23
gene7354	3	86	15	135	136	45	118	38	322	83	141	90	222	165	184	47	93	71	6	208	203	24	76	127
gene7355	107	51	69	60	55	67	71	148	147	127	125	72	105	144	57	87	110	79	33	114	111	25	53	34
gene7356	184	114	175	158	80	132	196	630	197	166	204	147	172	244	256	87	226	335	151	124	128	86	90	87
gene7357	679	573	396	761	472	547	564	1220	696	855	1175	500	695	913	554	297	417	472	205	525	650	223	226	230
gene7358	21	9	9	19	15	14	20	14	17	26	20	53	37	44	12	4	53	12	22	12	20	4	10	1
gene7359	9	15	2	0	2	16	14	2	3	9	22	0	4	23	3	3	5	11	0	4	0	3	5	10
gene7360	97	32	40	21	41	14	69	67	72	49	66	40	73	60	68	39	106	95	44	49	20	30	29	19
gene7361	0	2	12	0	6	13	19	11	23	4	22	5	14	39	18	32	3	4	2	5	0	8	1	6
gene7362	134	83	64	75	59	88	143	110	82	95	75	52	117	114	53	60	16	20	23	20	13	9	11	20
gene7363	272	273	189	230	108	240	502	585	328	294	371	117	241	387	186	223	363	117	136	302	153	69	129	97
gene7364	29	11	16	26	40	40	64	80	54	24	34	45	51	22	46	24	52	49	23	17	21	18	32	22
gene7365	76	23	39	68	17	52	54	105	52	52	27	34	44	41	53	31	45	51	38	30	49	14	20	15
gene7366	10	0	3	1	1	1	3	9	18	7	13	1	8	3	2	4	4	5	2	0	6	0	3	1
gene7367	200	82	146	48	31	123	131	136	181	74	139	89	203	73	43	105	38	115	60	277	123	93	38	158
gene7368	56	53	51	32	61	59	52	110	103	85	73	46	56	86	59	39	100	85	32	140	92	17	30	42
gene7369	1769	445	601	240	82	522	87	233	1308	502	194	214	428	530	451	218	343	521	372	378	150	160	163	144
gene7370	141	87	177	70	33	134	189	400	291	162	184	73	205	138	107	195	343	105	110	203	230	35	81	141
gene7371	1289	1332	1247	1174	874	1626	1838	2869	2098	1774	1309	1041	2658	2068	1405	1367	2133	1719	1089	1890	2358	686	832	938
gene7372	1	4	1	0	1	5	2	4	6	6	1	7	17	36	0	6	1	2	1	10	5	2	0	0
gene7373	641	335	457	324	105	394	799	655	845	437	457	235	520	471	287	546	835	423	313	758	604	279	177	414
gene7374	98	20	85	38	62	51	26	123	105	91	55	40	81	98	70	33	91	58	11	92	81	22	41	36
gene7375	9	4	27	24	5	8	20	4	7	3	52	6	16	22	4	27	37	13	3	44	24	9	33	15
gene7376	34	21	35	55	25	28	73	35	55	15	36	1	72	133	32	51	15	34	10	54	59	72	32	46
gene7377	112	94	84	96	63	33	100	170	138	58	97	46	158	187	105	40	102	99	22	91	88	45	76	88
gene7378	41	12	18	22	9	25	22	22	51	28	49	29	92	38	75	83	70	16	33	28	23	14	22	5
gene7379	317	340	190	70	103	100	410	257	368	335	151	181	114	309	274	214	418	256	122	162	34	128	131	185
gene7380	3	1	1	1	4	4	3	3	26	7	17	14	6	16	2	2	33	0	0	5	22	2	0	5
gene7381	235	89	96	224	71	236	87	464	290	102	166	133	259	92	105	39	68	40	37	97	62	45	49	19
gene7382	265	6	188	202	123	39	85	381	41	218	50	118	134	525	514	159	30	104	220	210	439	172	217	244
gene7383	3789	2555	3484	4167	1760	4794	3247	7834	7063	3588	8307	2967	5286	4624	4307	4190	4333	5171	1318	5347	4134	1580	2204	3202
gene7384	325	366	669	754	595	476	395	1092	883	812	425	544	1440	734	575	246	721	630	311	660	853	536	231	434
gene7385	7	5	16	11	8	8	15	19	3	10	11	7	19	8	22	5	6	18	6	23	27	5	2	5
gene7386	3	42	11	25	18	29	19	35	9	14	50	20	12	9	23	9	98	15	23	33	154	5	0	4
gene7387	86	177	75	77	52	40	92	86	170	123	82	15	204	169	40	34	84	104	26	180	83	90	34	76
gene7388	342	174	130	124	199	282	195	527	385	104	234	181	377	241	327	198	267	400	135	229	173	127	124	109
gene7389	410	513	190	252	416	632	316	899	670	202	679	585	682	362	443	657	774	338	273	960	217	247	595	626
gene7390	353	424	97	849	250	331	435	520	1368	274	279	626	875	200	445	810	177	599	202	441	324	88	397	269
gene7391	74	86	52	113	69	59	102	220	102	110	127	141	160	98	99	85	171	132	69	144	141	22	50	48
gene7392	2074	2998	2508	2054	3461	1892	1492	3721	5396	6692	8400	2356	3310	6552	2225	2231	2677	2251	1573	3291	5777	1011	1453	716
gene7393	53	19	29	22	32	57	16	78	86	63	56	22	34	31	41	18	73	40	21	44	39	7	12	26
gene7394	99	84	96	128	94	82	269	353	228	229	205	93	106	148	117	67	94	93	86	342	141	61	90	53
gene7395	117	84	113	91	35	164	146	196	227	46	85	76	58	125	173	79	187	232	86	169	45	139	87	101
gene7396	49	10	14	28	9	23	44	28	36	29	43	41	46	46	47	54	37	26	9	27	18	10	13	30
gene7397	91	68	57	97	49	99	50	129	151	51	127	86	109	116	84	63	119	44	45	165	74	60	56	26
gene7398	1199	907	300	294	386	294	238	2326	812	1690	1309	281	410	213	1356	1014	795	408	272	462	602	473	471	200
gene7399	565	452	356	465	472	582	671	652	1311	492	599	458	1008	707	507	436	661	620	399	627	847	288	409	459
gene7400	26	9	4	13	2	22	16	4	44	56	7	0	10	20	22	23	60	25	0	45	17	16	6	20
gene7401	326	207	111	154	45	206	136	187	464	205	177	230	367	379	219	218	309	179	70	72	353	98	75	134
gene7402	248	140	241	332	97	280	303	343	646	236	436	312	283	220	230	83	460	341	248	525	193	185	92	256
gene7403	1142	542	387	1209	849	885	811	2727	1782	392	1715	367	1272	110	631	144	2654	4177	2518	4568	3026	887	1003	1139
gene7404	12	19	45	31	17	39	60	83	11	37	55	26	65	14	9	29	120	35	11	47	26	20	36	5
gene7405	289	159	172	159	122	249	167	457	337	260	232	176	276	285	260	303	295	230	136	346	193	163	168	107
gene7406	302	118	139	60	129	203	45	265	308	231	261	233	500	153	73	145	272	128	61	37	146	27	65	63
gene7407	22	10	3	11	7	9	21	18	14	30	6	16	37	8	11	9	14	25	9	8	13	11	1	6
gene7408	84	68	18	43	32	53	76	126	17	73	103	31	50	111	49	130	57	53	36	113	32	8	33	40
gene7409	61	86	33	63	111	91	76	60	166	123	234	84	73	166	108	46	64	168	73	189	122	85	81	25
gene7410	230	161	184	109	91	224	334	159	362	123	197	213	305	125	89	86	293	298	197	359	195	99	93	60
gene7411	2167	1991	2677	1461	4661	3746	6274	7904	2669	849	3837	2010	2743	3933	1867	675	8054	4809	4093	5926	4947	2803	2971	2113
gene7412	444	1125	863	2404	542	1086	581	1232	1780	540	1242	741	1229	1648	1289	825	981	1278	286	505	546	393	644	536
gene7413	432	627	420	294	142	198	309	609	621	518	553	245	343	591	526	204	874	1136	151	395	306	405	221	401
gene7414	60	53	53	67	66	40	74	70	148	57	65	57	88	171	49	32	30	80	54	112	111	19	29	27
gene7415	138	89	65	55	117	111	65	103	289	108	140	78	92	159	97	103	127	84	25	182	116	44	96	66
gene7416	108	124	124	137	47	133	99	179	117	72	132	81	73	134	133	135	172	154	47	128	162	50	76	40
gene7417	292	466	305	801	187	348	449	393	881	122	271	290	309	486	132	195	198	135	70	243	310	270	74	279
gene7418	18	7	11	41	25	29	96	62	17	28	35	51	57	9	21	9	32	27	7	24	38	11	14	44
gene7419	186	121	350	296	191	234	199	500	666	164	535	205	115	97	268	43	81	158	17	116	130	83	50	3
gene7420	9	8	22	18	3	11	15	60	67	11	64	3	28	29	25	5	20	24	14	27	10	9	5	5
gene7421	6615	5866	3419	3919	2294	4520	4176	9210	7074	7013	7338	3459	6111	5601	4511	3322	5624	4979	2945	6612	6583	2187	2774	3297
gene7422	86	38	41	98	49	145	203	250	189	87	113	56	99	77	199	58	70	105	66	77	75	62	57	51
gene7423	108	80	23	25	43	59	112	57	69	34	44	28	79	68	72	55	76	15	27	72	92	28	43	54
gene7424	157	94	115	150	78	160	137	212	272	125	177	141	217	163	200	124	169	108	71	110	131	52	86	103
gene7425	24	42	14	7	24	11	24	40	95	14	40	20	20	74	10	9	25	19	11	41	15	8	6	22
gene7426	85	79	68	72	63	63	100	199	87	145	114	85	171	160	109	133	117	220	117	181	145	21	39	101
gene7427	80	44	32	12	25	81	28	38	66	52	55	80	41	158	164	45	42	16	20	59	18	0	15	19
gene7428	13	42	15	14	33	13	39	53	27	23	52	9	30	18	32	20	48	16	33	25	30	14	22	38
gene7429	250	31	95	82	71	222	75	524	163	51	258	42	193	321	150	69	66	84	45	92	244	152	74	43
gene7430	247	90	124	165	124	369	345	330	672	110	374	135	284	287	298	79	337	126	122	342	330	199	86	122
gene7431	72	80	81	39	49	65	30	115	322	101	131	122	153	70	204	60	240	179	43	189	109	64	26	50
gene7432	43	49	6	46	8	25	44	64	12	25	13	11	5	6	11	9	10	15	3	13	11	5	13	18
gene7433	44	41	19	35	22	54	31	35	66	30	47	39	75	57	43	32	68	49	14	54	70	7	20	9
gene7434	103	14	38	61	22	28	67	108	43	39	76	12	30	58	59	34	30	77	16	70	76	24	43	39
gene7435	892	518	351	465	317	606	495	1123	863	553	1112	305	679	631	651	212	498	420	358	715	580	223	442	350
gene7436	130	110	51	84	44	46	44	278	65	56	66	41	113	156	58	95	63	61	44	139	99	90	56	52
gene7437	88	178	96	154	217	153	53	68	348	161	263	75	122	437	122	347	326	371	68	268	379	66	90	241
gene7438	70	15	49	28	57	42	43	61	172	75	137	39	89	109	30	62	99	54	18	73	79	48	30	29
gene7439	617	293	251	216	509	591	472	2196	769	196	597	455	1054	456	1038	356	590	263	438	547	419	450	487	597
gene7440	32	27	10	37	11	48	32	7	23	20	47	12	46	31	21	12	37	49	24	17	48	4	16	19
gene7441	212	449	331	493	195	400	656	1112	1327	963	410	143	1464	245	215	439	905	867	185	1190	1802	416	452	441
gene7442	184	196	167	225	126	265	357	324	358	195	354	191	348	373	294	200	238	319	103	424	300	139	154	169
gene7443	55	88	99	83	13	39	66	524	148	44	83	25	100	58	179	46	49	63	42	219	43	78	153	53
gene7444	119	151	194	106	141	120	270	191	249	155	215	124	90	238	192	146	203	163	87	237	138	72	138	65
gene7445	322	197	258	381	191	281	368	283	456	336	235	138	247	391	446	253	254	221	120	353	282	79	117	164
gene7446	83	40	66	68	64	275	173	445	249	95	127	73	342	156	211	120	65	143	97	229	193	34	126	85
gene7447	29	8	18	30	17	29	34	49	26	31	46	21	9	32	77	23	10	44	20	30	10	4	8	13
gene7448	14	9	18	6	11	30	16	14	53	47	29	12	47	12	31	13	48	17	0	24	21	9	51	20
gene7449	101	59	20	53	6	17	103	65	81	52	49	72	66	66	53	106	38	22	36	57	43	13	45	49
gene7450	43	22	12	8	17	29	2	48	35	8	60	9	15	6	24	17	33	30	5	23	22	2	8	6
gene7451	246	60	102	234	82	59	163	122	145	143	178	83	160	168	157	81	159	219	40	209	147	93	62	68
gene7452	18	15	29	8	26	7	13	16	17	22	45	20	37	3	16	22	23	70	4	18	24	23	5	18
gene7453	23	68	32	23	14	15	24	52	57	40	40	61	77	58	32	12	26	32	20	31	54	24	11	20
gene7454	34	12	12	0	9	10	3	11	38	22	35	26	4	6	37	29	16	5	22	14	13	13	15	3
gene7455	206	199	138	198	125	299	180	355	340	268	296	194	253	202	251	237	268	254	144	293	200	109	160	106
gene7456	58	34	41	28	17	14	54	64	129	22	85	33	63	45	59	34	38	72	32	89	56	35	26	68
gene7457	158	79	61	82	69	101	106	131	171	52	112	72	95	84	110	71	285	229	168	173	253	104	115	131
gene7458	170	73	107	202	136	155	73	230	201	137	109	170	95	180	122	146	115	166	29	148	79	30	67	109
gene7459	99	56	61	150	75	42	121	279	175	180	97	108	135	133	117	65	146	206	34	159	140	80	167	102
gene7460	15	16	31	24	19	40	63	24	36	29	20	20	26	26	43	31	51	31	14	31	55	22	39	46
gene7461	1342	634	683	518	726	512	690	1441	1361	1246	824	581	787	821	779	684	1075	1197	436	1172	640	354	436	454
gene7462	13	23	21	46	17	18	12	74	57	55	148	147	209	172	100	56	29	13	2	56	47	10	16	57
gene7463	76	34	33	54	25	79	50	61	40	110	143	59	76	56	43	40	85	72	46	59	73	51	25	33
gene7464	30	10	9	25	16	19	25	44	31	3	52	16	33	21	44	32	43	19	3	28	21	3	19	18
gene7465	13	18	18	21	9	9	24	26	21	18	19	24	41	12	22	25	20	13	22	32	31	13	2	3
gene7466	88	43	34	73	35	131	31	150	110	70	64	39	88	154	64	43	60	55	30	74	24	39	22	24
gene7467	142	125	110	134	148	137	181	194	278	155	199	218	128	210	200	39	127	65	71	144	168	79	102	67
gene7468	2	1	2	3	0	0	2	25	8	8	3	1	4	1	0	0	14	0	1	3	0	2	14	5
gene7469	96	55	25	31	33	44	138	128	168	39	52	72	40	77	86	36	154	163	36	56	53	47	19	40
gene7470	570	881	118	831	1127	1322	1230	2038	3645	1182	757	1325	1330	395	1199	476	562	1176	761	1758	2484	1566	783	683
gene7471	82	62	35	67	74	45	166	196	115	95	119	47	73	68	90	33	93	79	50	85	49	26	99	78
gene7472	34	13	13	11	7	31	11	54	23	20	20	12	13	3	13	25	17	2	17	27	19	4	17	0
gene7473	151	142	70	187	47	75	164	297	249	262	255	53	149	160	290	197	423	416	155	385	258	142	193	361
gene7474	4	2	28	4	6	0	6	3	6	0	7	0	0	1	1	1	8	0	15	7	17	6	1	2
gene7475	76	24	75	32	36	29	40	43	66	102	88	33	56	73	93	39	63	54	43	52	59	8	13	21
gene7476	54	43	64	33	80	39	40	89	43	24	61	106	109	75	57	39	43	70	19	133	12	27	29	22
gene7477	3	0	0	3	12	18	5	11	32	18	15	7	4	2	8	12	14	10	1	16	1	0	10	3
gene7478	259	93	136	163	177	150	200	334	242	249	177	80	112	167	296	173	204	232	140	162	109	95	147	158
gene7479	354	217	204	245	142	144	138	235	590	173	565	162	351	239	109	111	352	233	103	405	273	204	143	265
gene7480	898	788	575	397	324	767	995	890	1307	624	588	547	1181	732	825	669	407	311	216	415	276	165	157	324
gene7481	2250	1071	701	901	1079	1911	1801	1913	2074	2025	1460	1331	1803	1372	1212	1588	1704	2128	1082	2027	1803	789	1285	1088
gene7482	95	66	28	30	42	40	30	93	86	44	90	45	58	40	16	28	139	103	37	61	113	29	23	38
gene7483	431	388	545	450	263	437	297	1062	1221	222	617	352	354	596	352	256	693	277	231	727	374	169	420	495
gene7484	163	37	65	31	22	40	37	120	148	71	37	54	69	77	36	35	84	21	47	22	64	12	15	39
gene7485	143	144	130	143	151	142	178	252	296	214	474	193	176	234	220	109	279	152	87	203	72	81	144	107
gene7486	54	9	22	45	13	25	15	81	72	41	35	24	37	45	23	19	11	15	13	45	37	10	10	31
gene7487	357	71	73	81	153	75	59	182	315	34	110	129	151	133	33	83	100	40	48	464	270	48	194	29
gene7488	936	853	834	818	545	1033	1275	1670	1524	1037	1344	745	1956	1583	1296	958	1018	1135	405	1284	1579	609	971	892
gene7489	358	147	197	249	159	212	162	368	1113	906	966	564	1001	1109	641	754	191	162	120	261	262	98	146	90
gene7490	99	30	90	55	72	28	97	75	119	69	64	35	64	82	130	50	63	87	23	65	91	31	41	55
gene7491	5	1	0	5	0	5	4	21	4	0	8	0	4	9	7	4	0	12	3	0	15	3	2	2
gene7492	243	116	99	124	206	281	311	193	332	193	187	190	424	218	101	112	133	78	163	203	132	85	88	33
gene7493	3815	5567	2587	2493	2769	783	486	1893	5499	1956	771	1695	3365	2820	483	3125	4527	3261	99	6306	1776	631	913	1147
gene7494	41	46	11	12	30	16	23	39	38	30	5	11	23	48	33	20	43	29	13	33	9	39	55	3
gene7495	127	27	101	22	14	74	75	110	215	34	112	70	142	63	42	42	56	82	35	32	66	30	61	36
gene7496	1187	527	367	608	447	608	351	182	490	622	959	420	951	312	711	618	993	1460	355	356	548	219	896	606
gene7497	2143	1241	1200	562	1311	2099	1470	3034	2905	1760	3119	996	1385	4171	1161	1122	1281	2937	775	3993	4730	1224	760	1199
gene7498	76	25	65	23	20	37	30	25	43	42	37	52	63	52	17	15	41	49	14	56	55	21	37	32
gene7499	76	11	27	39	27	17	44	172	68	44	108	80	0	76	55	59	126	22	4	39	49	117	46	15
gene7500	9	0	4	0	1	10	24	5	20	6	18	1	0	16	6	5	22	14	6	14	47	8	11	11
gene7501	249	152	101	157	87	156	186	432	370	148	223	73	149	203	275	155	35	26	24	21	15	12	24	24
gene7502	916	840	1002	1088	845	779	1028	1189	1808	883	533	1398	515	1431	798	395	1231	439	504	1142	767	632	842	416
gene7503	237	58	52	176	52	74	139	309	139	157	116	83	137	294	93	75	140	54	21	302	121	108	58	84
gene7504	785	797	254	106	375	419	407	615	868	693	857	248	552	753	590	488	460	413	458	338	929	687	373	287
gene7505	324	246	92	65	92	59	522	154	311	128	201	77	243	170	76	151	118	144	58	439	153	64	156	40
gene7506	225	122	104	159	99	288	96	483	335	177	203	176	290	138	196	191	202	141	168	354	304	83	119	189
gene7507	299	477	834	429	478	210	351	697	2256	550	728	395	920	973	1431	329	543	868	262	965	645	151	357	520
gene7508	286	431	146	286	106	237	705	173	609	253	170	175	210	1133	567	58	571	294	269	544	281	71	288	360
gene7509	10	5	8	1	7	4	24	14	23	3	2	9	10	10	13	12	15	9	4	12	33	6	4	3
gene7510	1995	1023	717	1259	326	560	970	1711	2313	1012	1213	686	935	1006	1380	515	1160	650	365	1265	1321	348	764	741
gene7511	299	152	267	27	20	50	346	282	121	176	107	63	43	446	107	54	367	48	31	232	86	41	135	233
gene7512	4466	3599	3136	5473	1331	1508	6729	3732	8804	4439	8005	2386	3194	6797	5734	2749	12722	8894	3504	7523	7751	1915	4973	4997
gene7513	14663	5659	8822	4535	4776	7695	8757	9056	9824	9705	7574	3753	6653	8067	14552	7007	5698	13084	3161	4316	8638	5350	3033	6248
gene7514	32	38	37	14	24	22	49	63	43	55	40	19	39	32	30	21	47	38	12	17	69	11	27	25
gene7515	1920	1419	1581	3685	1743	2955	3080	5310	3547	4338	4366	2413	2776	2017	2292	2389	4562	2848	904	3980	3097	1711	805	1109
gene7516	232	179	190	228	85	163	232	289	351	302	221	169	246	173	225	218	227	346	96	168	77	108	110	170
gene7517	54	47	55	59	63	89	73	146	134	109	140	39	67	102	52	59	97	135	68	116	110	34	49	39
gene7518	190	94	129	159	126	207	149	194	157	274	356	157	322	259	176	170	165	165	86	141	147	50	120	113
gene7519	334	142	301	411	165	247	335	569	849	269	949	557	730	661	393	342	150	279	165	296	171	107	76	65
gene7520	166	65	76	105	84	62	63	94	126	112	118	80	202	59	126	66	162	142	69	131	117	54	80	58
gene7521	27	19	30	64	26	12	22	37	59	44	65	16	22	36	19	28	17	8	11	17	15	23	21	37
gene7522	215	205	99	201	66	178	157	411	316	199	178	61	154	151	189	91	180	147	146	146	194	55	169	113
gene7523	50	12	7	67	31	35	16	13	61	22	79	15	35	23	33	10	42	19	20	28	9	3	24	9
gene7524	133	33	88	26	71	34	9	93	38	1	99	14	158	40	60	137	168	159	120	472	153	63	32	11
gene7525	935	423	527	977	632	748	856	808	899	751	490	734	1258	711	787	777	1203	918	354	492	935	445	550	601
gene7526	36	28	10	49	6	17	19	30	40	24	19	10	6	47	65	5	7	13	17	52	27	13	38	6
gene7527	125	65	63	125	121	82	97	212	127	112	188	86	184	105	103	62	85	153	76	124	115	72	88	37
gene7528	625	405	189	946	169	704	95	691	964	164	573	398	540	221	129	253	226	1360	382	296	779	34	582	51
gene7529	178	185	109	151	71	87	57	319	189	122	380	29	140	208	128	61	83	232	133	220	237	73	93	35
gene7530	80	56	124	104	73	127	79	94	142	91	38	32	77	59	87	51	184	56	22	202	62	67	157	78
gene7531	35	20	23	20	19	36	28	21	58	30	13	31	48	35	15	36	35	58	11	71	27	5	16	23
gene7532	72	26	62	104	48	156	116	46	287	75	159	84	230	89	46	81	113	234	69	108	81	75	55	52
gene7533	1811	1128	1017	937	518	1866	752	2043	1806	778	1801	1307	1350	1981	2096	683	963	1733	784	1492	1559	634	696	864
gene7534	91	52	41	30	42	92	86	97	148	72	105	62	143	89	50	67	44	93	26	201	58	45	45	48
gene7535	76	59	79	64	93	69	34	69	225	42	54	67	103	226	89	91	105	130	33	295	77	105	118	57
gene7536	184	198	139	153	115	182	142	215	480	185	213	129	115	382	250	162	266	172	125	242	148	126	138	126
gene7537	24	89	188	100	107	239	136	594	795	26	888	89	33	380	503	97	367	97	121	76	181	112	305	227
gene7538	1162	2151	1435	2258	1096	1166	468	7397	14487	917	4314	845	732	1023	2248	3490	701	1557	3911	2678	2405	1232	1743	461
gene7539	3125	2902	1883	3106	1798	3490	1802	7333	4143	2416	2503	1570	4100	2817	5448	1253	3433	2032	835	2885	3486	1935	2346	1493
gene7540	30	21	30	14	23	64	25	37	15	10	14	22	12	29	12	15	10	22	8	11	13	11	25	11
gene7541	257	208	241	292	78	218	266	395	1094	177	743	99	529	207	483	204	513	626	77	377	308	319	218	136
gene7542	394	192	182	243	209	211	232	651	1366	1099	2134	816	3061	1955	1622	1457	378	305	218	231	252	141	164	190
gene7543	64	96	142	152	49	88	87	287	225	222	186	125	222	193	138	132	238	147	76	289	123	88	85	56
gene7544	281	204	97	331	101	309	246	383	313	280	127	117	181	429	108	260	173	386	58	422	240	95	124	143
gene7545	310	876	193	541	184	390	497	1629	2263	526	1098	658	1166	436	642	645	645	530	484	296	930	165	636	425
gene7546	359	492	545	600	395	479	357	602	744	380	566	447	946	425	471	636	735	526	99	1009	884	283	373	153
gene7547	19	17	17	14	12	30	13	41	52	26	37	23	12	17	20	33	17	7	10	31	24	21	17	25
gene7548	853	297	612	1134	257	419	151	1682	4319	414	1573	817	1408	1093	849	1133	565	1258	326	201	344	759	813	501
gene7549	1623	948	844	1302	685	1214	1047	2403	2621	1692	1807	1046	1575	1186	1752	1073	1664	1903	947	1248	1057	821	1231	868
gene7550	390	262	200	293	190	177	360	352	529	225	403	145	171	175	246	223	343	305	240	379	174	125	149	169
gene7551	0	2	0	0	0	1	0	1	1	1	1	0	5	3	5	1	0	0	0	2	2	0	0	1
gene7552	855	2005	1337	1289	1154	1211	389	3988	2510	1047	2197	757	1260	1028	908	398	932	1916	543	2575	938	523	405	400
gene7553	14	10	18	19	2	4	4	8	23	1	9	15	3	4	14	4	8	4	10	8	9	8	7	11
gene7554	2580	1619	2080	1437	636	1124	1309	2082	2100	2097	1215	1075	1634	1508	1199	1360	2045	2156	862	1378	1213	843	1029	749
gene7555	91	126	96	92	62	140	61	162	130	113	133	90	204	107	85	72	113	112	61	121	103	88	77	68
gene7556	7	78	18	19	14	57	54	62	7	62	28	11	17	17	44	29	50	23	6	62	28	7	47	39
gene7557	18	8	16	8	14	6	10	22	7	3	19	9	8	3	4	7	31	19	8	7	8	2	5	6
gene7558	638	467	336	603	296	660	787	1465	960	578	702	612	734	704	756	591	458	560	270	909	560	237	612	584
gene7559	58	35	46	71	64	29	49	128	133	85	77	64	87	67	74	66	72	121	34	106	77	60	19	45
gene7560	124	24	45	55	81	37	80	289	189	65	83	60	100	86	117	94	60	58	68	81	56	32	62	55
gene7561	151	75	104	40	51	125	105	428	261	106	296	61	129	174	197	80	163	156	117	169	139	54	92	154
gene7562	114	105	49	48	52	124	76	165	218	43	66	38	142	78	205	31	97	35	34	96	88	37	36	65
gene7563	18	24	10	14	5	1	16	6	2	14	2	3	8	44	21	10	19	23	15	47	29	4	25	19
gene7564	1	1	2	0	7	2	0	5	4	1	0	1	0	0	0	10	0	0	0	17	2	1	3	0
gene7565	957	510	584	413	575	458	415	975	1328	335	1107	168	635	418	331	1242	236	103	125	682	822	153	60	268
gene7566	390	435	604	354	287	318	635	805	507	458	835	230	541	1017	765	545	673	576	298	662	482	187	378	460
gene7567	176	71	42	15	64	62	25	99	97	55	82	54	87	132	68	126	184	172	46	234	54	32	93	26
gene7568	75	40	12	33	84	26	116	63	102	107	41	30	134	64	17	46	80	24	83	90	78	10	34	46
gene7569	876	628	473	505	292	642	583	980	1717	743	776	394	795	952	782	323	1111	758	343	535	1110	310	433	363
gene7570	24	3	53	20	33	34	74	40	48	24	22	33	61	48	41	32	66	29	3	55	32	4	46	19
gene7571	450	287	217	142	207	260	416	479	472	262	606	262	270	183	167	79	438	85	152	361	717	185	146	331
gene7572	11	23	12	9	18	17	17	15	55	5	77	1	8	28	17	10	16	42	8	12	6	3	6	3
gene7573	555	506	610	314	193	935	288	946	496	259	425	156	856	1418	581	421	456	313	525	815	638	510	773	325
gene7574	436	149	116	145	135	180	103	270	275	245	319	123	177	291	358	92	125	238	110	268	85	133	110	111
gene7575	34	38	44	45	43	86	186	320	290	126	42	32	197	269	68	187	22	179	195	82	6	35	4	55
gene7576	85	22	105	44	31	50	55	61	352	89	132	85	104	103	65	83	61	118	54	105	125	36	48	72
gene7577	934	301	629	509	1328	428	361	1888	1222	648	918	348	424	529	1510	408	284	277	532	805	1023	734	425	842
gene7578	893	794	420	589	485	718	893	2053	1829	1221	2012	1069	1217	1045	1445	1093	1095	1136	426	932	655	285	632	751
gene7579	889	488	577	536	510	911	1377	2534	1152	268	368	796	1021	909	662	439	1405	1519	520	1836	667	619	449	308
gene7580	8641	6587	3590	5705	2534	4997	3741	7001	15743	5823	7621	3564	3410	6771	7373	4055	7615	4693	3937	5313	4900	3132	3301	4350
gene7581	52	52	28	155	17	44	28	36	39	30	71	54	202	79	57	9	20	67	28	58	56	34	36	15
gene7582	9	20	15	22	29	16	22	16	4	42	7	9	15	43	43	27	9	21	2	40	29	4	4	22
gene7583	5680	2213	4019	1059	3053	3323	2556	1863	20937	9072	9843	9831	10373	8365	4832	10186	3280	4366	785	3552	2331	1162	2315	2483
gene7584	93	77	132	177	91	158	251	536	641	220	128	92	295	241	158	114	194	193	82	132	328	35	204	166
gene7585	1977	869	155	769	555	899	857	988	1904	1074	433	1699	2774	775	1496	1882	253	1429	618	2152	1552	278	42	428
gene7586	148	101	111	335	8	238	179	289	185	200	213	164	280	198	103	62	290	180	44	172	138	150	58	54
gene7587	11	28	4	2	4	4	11	38	9	27	27	23	40	1	7	7	33	8	5	28	7	0	17	6
gene7588	637	451	1043	905	449	928	807	1911	947	970	420	665	918	1028	325	814	502	925	250	792	652	280	269	457
gene7589	445	295	171	195	241	361	262	346	480	315	531	163	303	477	549	297	287	483	256	461	522	224	195	164
gene7590	12	5	16	18	15	5	28	47	28	9	29	3	14	13	9	13	18	39	22	43	5	9	12	23
gene7591	64	36	86	108	40	76	68	67	111	72	89	92	173	94	44	43	73	93	26	67	90	55	29	29
gene7592	86	14	82	64	19	146	42	258	354	293	273	204	90	183	368	59	72	87	37	83	62	48	49	26
gene7593	89	127	168	59	98	140	52	293	231	236	141	117	96	165	75	98	923	1162	324	1072	346	393	367	782
gene7594	36	38	12	24	14	19	65	125	24	12	6	6	27	21	12	1	57	78	11	53	53	33	49	21
gene7595	28	63	33	44	40	43	21	137	80	48	55	31	87	49	33	42	56	52	22	44	57	18	43	28
gene7596	165	126	89	98	58	88	437	442	254	225	180	100	258	137	239	275	137	105	59	150	39	15	131	108
gene7597	139	131	45	62	124	88	138	146	247	124	191	123	169	165	66	79	191	165	88	263	127	53	132	64
gene7598	0	7	0	2	0	0	3	0	0	4	1	33	11	0	0	0	3	7	0	7	25	2	8	7
gene7599	32	27	37	41	28	25	32	67	56	50	62	39	37	16	30	43	37	25	20	28	44	23	14	33
gene7600	78	74	46	39	39	77	113	57	106	102	35	42	57	89	85	80	114	140	47	109	35	35	66	26
gene7601	279	338	251	234	112	490	406	656	385	443	470	185	409	230	338	243	358	218	99	431	204	129	293	161
gene7602	352	121	240	191	87	179	140	666	381	263	171	206	430	326	406	366	30	299	27	163	381	202	130	321
gene7603	110	35	36	47	27	15	58	234	277	38	294	64	43	51	96	55	98	197	96	91	51	16	24	38
gene7604	38	28	26	24	26	30	39	15	48	47	9	52	33	27	27	37	88	39	17	60	67	25	33	36
gene7605	149	55	16	47	36	91	69	77	136	66	78	36	158	27	102	67	102	43	37	117	60	37	13	22
gene7606	89	69	77	87	70	78	124	96	133	103	92	56	208	128	163	112	143	98	21	142	111	50	55	77
gene7607	87	85	13	65	89	37	76	157	189	161	56	125	159	121	69	47	117	99	93	81	56	26	60	11
gene7608	97	65	52	129	101	107	90	136	154	67	229	64	147	95	116	56	124	173	44	150	89	48	66	85
gene7609	75	59	103	59	38	65	88	307	198	95	113	64	99	69	123	40	83	115	98	50	62	58	59	30
gene7610	2	8	3	4	3	6	0	2	21	1	4	0	1	7	11	4	0	1	1	0	9	3	0	6
gene7611	911	821	1500	622	788	500	1380	1751	3364	1302	1623	631	1177	1288	1519	1216	1774	1130	940	1099	1546	561	451	1135
gene7612	4	13	2	13	20	14	11	31	16	9	24	26	5	7	13	5	23	48	9	9	23	3	1	17
gene7613	15	28	13	23	8	18	31	28	7	7	15	1	2	9	1	0	12	18	29	28	10	11	12	11
gene7614	124	79	75	90	32	69	57	177	94	80	114	61	63	115	59	61	34	130	57	81	65	13	32	32
gene7615	487	244	274	272	262	248	274	480	408	396	372	308	685	409	480	519	740	248	219	579	334	181	366	276
gene7616	65	68	98	34	32	64	116	166	46	26	128	45	105	116	66	62	38	169	50	75	108	28	65	46
gene7617	223	241	226	271	180	228	332	443	443	361	495	300	297	437	410	310	535	492	259	461	291	89	211	159
gene7618	222	10	41	60	24	80	29	71	209	68	139	32	50	78	30	23	120	58	13	257	131	35	42	76
gene7619	83	79	78	107	76	98	55	193	137	62	123	72	158	98	117	44	123	195	47	119	93	52	45	84
gene7620	28	18	19	21	41	41	12	48	43	12	77	28	54	20	33	14	12	37	12	59	53	8	11	44
gene7621	112	29	41	29	25	42	82	176	115	38	64	36	66	40	64	52	83	46	58	72	41	27	35	39
gene7622	10	2	4	10	7	2	3	9	1	8	7	3	12	30	5	4	3	7	0	7	3	6	8	2
gene7623	128	107	102	34	175	66	75	306	149	77	249	149	78	83	50	21	136	39	30	119	133	29	60	52
gene7624	1	8	8	1	0	6	8	2	14	2	8	14	2	21	29	2	2	5	1	1	9	7	0	3
gene7625	207	75	156	139	128	128	177	334	123	131	89	43	102	97	154	107	127	179	90	230	204	93	137	92
gene7626	12166	10063	14105	7206	7634	13285	12019	17735	17157	9992	16425	7294	15511	13700	8991	10168	13168	11696	7402	25707	11069	7685	8739	6229
gene7627	1	2	2	0	1	1	4	2	7	24	25	7	1	24	2	7	4	11	0	7	12	4	0	1
gene7628	14	3	5	6	16	5	7	26	7	15	50	28	23	12	9	11	12	8	3	20	15	3	12	1
gene7629	178	71	37	52	32	100	83	93	188	95	101	65	49	99	48	84	97	32	18	124	75	11	50	48
gene7630	30	25	11	20	21	27	24	25	79	58	68	22	15	54	73	36	42	72	15	10	30	11	10	24
gene7631	187	137	89	286	75	202	137	361	414	167	249	320	219	195	68	95	143	86	46	186	146	82	53	42
gene7632	1944	1251	1289	2067	1104	1673	2991	3968	3995	1918	2423	1434	3160	2367	2008	2072	1418	2292	1239	1948	1993	1192	1138	1187
gene7633	1656	981	468	1037	795	314	1247	1295	3308	2729	4469	2730	4139	1609	4371	2408	1625	1157	1025	1120	1025	392	483	328
gene7634	55	23	21	35	12	42	31	52	36	36	65	25	24	17	41	14	67	53	13	58	31	29	17	27
gene7635	883	1166	1253	221	408	582	1239	727	242	1947	313	2010	1364	266	475	204	1420	640	453	1326	423	18	271	357
gene7636	504	352	396	547	301	545	430	807	797	405	1044	426	974	969	360	320	793	534	468	976	635	415	324	203
gene7637	363	279	212	196	219	306	392	366	428	308	348	279	320	394	252	180	305	296	150	430	474	180	170	211
gene7638	37	25	5	27	14	21	27	20	12	31	61	14	18	15	66	0	37	53	20	38	14	4	27	27
gene7639	418	444	563	186	191	588	827	291	646	191	739	429	452	423	629	98	306	377	187	613	296	111	547	527
gene7640	273	361	285	223	159	262	428	575	416	489	353	155	319	150	404	232	377	641	213	859	93	153	95	55
gene7641	1115	691	961	1497	555	1187	941	2204	848	248	547	328	491	552	324	362	1214	1376	653	911	790	420	540	708
gene7642	41	19	18	80	11	14	14	119	82	52	30	36	65	113	55	27	6	20	2	15	23	13	8	2
gene7643	71	108	50	113	48	70	64	136	123	90	169	179	131	92	95	149	107	82	66	54	54	70	13	92
gene7644	47	22	45	23	26	23	36	56	15	8	17	30	35	34	37	18	17	32	10	41	66	13	13	13
gene7645	9	2	10	5	7	6	0	11	6	5	26	0	14	5	4	14	5	3	4	0	2	2	2	13
gene7646	67	34	30	93	45	117	78	102	96	48	136	43	109	121	107	25	40	85	47	132	133	54	40	48
gene7647	240	136	468	142	275	156	102	382	268	416	239	375	538	164	260	468	666	441	169	320	355	190	68	333
gene7648	248	98	161	281	128	238	116	143	30	31	60	25	31	61	53	21	218	180	214	231	140	87	99	134
gene7649	10	0	2	36	10	13	3	12	40	18	1	9	2	19	36	16	4	4	6	21	18	5	6	11
gene7650	1068	770	751	645	621	960	846	1616	2635	2391	3059	2788	2855	2985	2141	1207	966	1374	1064	1856	795	495	491	678
gene7651	532	709	489	382	445	434	886	973	819	271	820	623	513	1238	740	899	286	552	299	569	555	360	454	492
gene7652	73	21	44	15	19	49	30	55	75	40	34	58	16	34	41	18	39	59	44	57	29	20	25	51
gene7653	389	296	197	256	152	108	312	299	526	464	221	391	813	455	376	92	589	355	217	224	385	311	240	169
gene7654	10	0	12	0	2	10	13	17	0	7	15	10	17	0	7	12	8	15	7	12	9	13	5	7
gene7655	47	23	13	32	9	28	38	91	38	30	58	16	29	61	22	17	27	31	16	25	19	19	11	34
gene7656	1013	109	274	537	149	168	1012	932	658	1640	463	168	923	557	15	608	552	66	223	1018	170	674	201	424
gene7657	66	61	56	40	25	69	32	104	97	80	90	53	70	72	77	49	51	49	35	62	63	27	43	26
gene7658	49	20	48	71	6	37	49	59	3	32	36	25	43	90	38	3	40	52	24	42	103	46	32	5
gene7659	349	125	174	386	164	124	234	222	149	380	252	103	164	124	174	184	199	107	176	183	254	78	67	149
gene7660	42	32	9	18	14	22	18	43	90	30	15	8	22	52	48	14	11	24	5	55	61	22	8	5
gene7661	20	15	6	1	8	6	27	11	38	6	48	33	20	4	17	3	4	5	4	23	4	1	6	1
gene7662	43	247	151	96	62	100	153	251	99	198	178	54	110	231	268	111	175	170	87	132	129	83	47	55
gene7663	159	174	73	60	76	136	35	51	104	95	28	72	57	121	100	21	43	77	136	90	59	81	42	70
gene7664	133	59	42	61	35	44	168	193	186	86	69	87	84	51	245	93	134	67	17	104	39	65	71	77
gene7665	550	528	144	490	191	659	483	590	830	534	912	221	496	435	566	442	587	230	290	750	780	173	557	380
gene7666	50	31	48	46	112	72	96	210	116	109	51	70	94	107	64	52	54	33	38	55	59	72	42	51
gene7667	128	72	59	42	36	72	94	197	164	103	93	24	72	75	105	30	98	160	28	56	91	38	39	58
gene7668	8	12	13	2	5	3	5	28	39	7	4	21	5	4	7	0	13	23	18	27	6	16	6	7
gene7669	15	7	4	21	3	11	8	16	5	16	4	3	7	8	10	12	16	7	0	7	0	1	6	4
gene7670	73	53	47	58	32	41	74	92	70	33	52	26	88	40	83	73	98	32	26	62	50	37	71	40
gene7671	21	19	7	16	12	24	6	9	25	13	29	5	14	35	10	24	7	25	5	24	10	0	4	14
gene7672	298	21	200	21	32	41	270	94	20	46	11	191	273	90	59	62	40	1	117	160	178	46	0	7
gene7673	70	23	19	79	27	90	43	128	162	75	72	83	89	60	68	26	58	70	30	120	77	40	36	17
gene7674	262	1569	1223	539	288	763	815	1103	2367	253	396	800	683	1743	1303	826	586	1737	347	1100	485	773	652	938
gene7675	43	33	27	26	12	71	40	106	155	58	183	38	73	40	38	51	114	71	56	42	60	16	37	27
gene7676	106	27	57	44	20	41	134	120	112	81	79	56	81	69	51	51	33	86	26	29	24	20	42	26
gene7677	106	17	42	68	12	45	19	125	92	14	74	50	67	33	48	38	71	80	26	53	32	15	29	39
gene7678	86	82	52	49	56	108	63	137	182	73	77	90	106	100	94	40	40	66	46	192	167	95	47	32
gene7679	103	82	74	65	47	33	54	182	142	66	122	68	51	83	64	59	40	55	14	65	39	28	35	25
gene7680	498	492	302	284	255	244	680	1371	989	441	723	292	489	171	547	328	601	353	323	509	379	258	379	302
gene7681	14	17	12	16	22	16	15	5	16	11	7	26	29	16	13	2	29	6	11	27	25	0	10	4
gene7682	135	177	193	255	150	307	72	641	132	199	354	92	360	285	391	191	179	257	224	151	379	62	64	238
gene7683	79	100	68	116	80	79	75	203	146	53	198	52	106	160	26	117	63	43	39	91	101	69	40	9
gene7684	5242	3408	1960	3854	2047	2417	2095	5206	5523	1916	3152	2324	3254	3409	4377	2795	2252	1924	1635	3750	3631	1308	1503	1450
gene7685	10	13	8	5	1	5	14	21	4	0	9	3	17	0	19	20	10	6	8	0	3	16	0	0
gene7686	27	17	14	3	6	11	19	32	27	20	39	13	28	44	11	36	16	61	14	10	3	6	13	16
gene7687	67	43	67	86	59	62	69	169	83	74	99	76	177	138	94	45	116	96	41	89	74	81	88	26
gene7688	613	299	256	468	307	405	503	712	708	394	753	317	519	562	444	518	562	1574	455	1601	1106	349	521	601
gene7689	301	244	218	274	143	254	249	328	575	291	289	158	376	402	241	96	260	299	175	210	210	137	205	103
gene7690	20	27	54	48	37	35	46	137	65	13	19	26	31	17	14	57	46	55	25	21	70	35	32	26
gene7691	487	570	14	16	28	124	472	154	424	8	172	228	120	234	363	8	618	169	110	20	25	29	85	77
gene7692	4	2	3	0	4	3	3	4	3	1	9	1	1	3	16	2	5	15	5	3	10	4	4	0
gene7693	269	280	57	77	103	253	110	133	523	241	374	250	137	112	294	49	263	130	72	342	163	113	137	136
gene7694	1489	661	692	560	925	891	464	3845	1352	830	2176	918	1467	1201	856	985	775	1243	830	824	1408	441	773	372
gene7695	167	150	130	165	108	164	151	154	107	54	64	49	43	55	118	64	105	41	62	242	78	23	121	79
gene7696	95	36	46	54	32	46	40	93	104	31	94	53	55	94	98	34	36	78	39	68	52	29	37	25
gene7697	46	10	10	8	11	31	13	30	25	17	35	21	7	16	22	9	15	13	8	47	15	6	1	11
gene7698	54	30	99	17	23	25	25	155	116	52	36	28	220	46	91	8	45	85	14	5	219	5	22	55
gene7699	1829	820	1097	1600	633	529	2867	3070	1453	1476	1340	976	1818	1062	2129	1597	1760	712	399	1801	766	455	1825	1519
gene7700	43	41	69	41	85	85	136	89	104	61	52	64	84	162	114	54	81	95	35	115	60	38	34	47
gene7701	101	55	67	58	15	67	19	58	562	334	389	334	595	659	460	442	79	108	30	69	19	17	41	32
gene7702	1719	647	885	734	733	1447	999	1705	3098	1106	1292	675	1224	751	914	983	1658	960	376	725	903	602	666	664
gene7703	3	6	1	2	7	2	0	4	12	11	23	9	5	6	3	2	23	29	0	17	16	5	2	0
gene7704	43	53	94	80	13	30	82	95	145	79	133	22	67	128	81	45	73	28	44	84	60	32	76	92
gene7705	155	109	113	153	64	86	94	392	144	100	238	160	254	131	201	113	122	122	117	186	67	60	134	93
gene7706	97	18	27	16	41	55	43	97	48	49	79	21	76	33	49	61	27	68	28	53	33	29	32	39
gene7707	42	14	42	39	47	34	52	40	58	71	46	20	163	58	30	10	26	35	31	41	97	30	20	12
gene7708	252	128	94	119	122	191	349	519	301	163	297	122	313	259	189	73	199	204	106	184	219	101	112	258
gene7709	528	182	495	200	165	548	136	1390	40	131	321	387	390	461	553	240	770	198	235	475	430	132	268	41
gene7710	260	105	97	151	227	311	102	569	312	190	392	143	91	171	331	79	36	80	40	90	80	29	24	24
gene7711	177	180	73	105	44	139	100	225	184	144	80	80	168	168	231	135	98	122	68	174	98	46	71	45
gene7712	42	3	44	32	32	29	10	28	30	28	51	8	41	16	57	39	72	101	17	25	46	4	6	21
gene7713	310	263	364	188	214	216	356	966	528	438	277	373	276	206	422	275	596	359	204	576	324	306	65	189
gene7714	43	19	24	42	4	23	32	26	42	21	19	28	72	21	10	12	46	25	10	21	18	6	26	9
gene7715	45	44	19	59	52	51	108	529	155	156	47	65	104	9	61	18	87	92	50	66	144	99	50	44
gene7716	356	105	123	209	230	302	243	657	202	84	296	129	130	237	153	41	174	486	390	428	483	98	197	187
gene7717	59	10	21	45	20	40	11	42	84	23	28	16	19	25	9	31	18	7	0	19	42	16	14	14
gene7718	216	113	157	273	167	373	94	154	295	403	211	151	353	448	187	133	95	117	177	167	112	83	67	126
gene7719	73	53	62	60	21	69	48	77	76	133	294	82	165	73	78	70	66	55	57	190	75	52	44	105
gene7720	519	354	299	746	276	585	331	617	597	778	1208	460	525	946	599	286	979	546	300	1237	788	347	184	266
gene7721	1485	629	896	1466	1322	2076	1492	2217	1869	1547	1461	1875	3261	1012	1414	1397	2454	1201	446	2418	1345	602	1012	928
gene7722	3	1	14	8	12	13	2	26	1	18	6	26	8	10	18	1	11	16	4	1	29	1	6	5
gene7723	703	454	374	589	185	449	234	607	715	307	586	299	443	330	551	273	240	548	337	379	517	218	194	149
gene7724	90	135	53	223	130	139	74	126	105	81	106	77	127	148	182	85	267	128	133	193	165	75	80	62
gene7725	199	106	101	142	127	253	224	259	218	223	196	146	318	257	255	285	128	114	79	163	118	53	126	147
gene7726	817	717	737	619	657	759	370	1252	1145	857	1491	664	858	968	432	561	1315	925	443	953	594	391	531	674
gene7727	183	446	573	217	25	255	237	185	824	48	610	623	532	341	271	327	391	813	178	529	594	277	251	243
gene7728	155	211	49	243	60	84	161	141	78	137	73	110	134	47	273	39	55	127	17	126	82	111	136	126
gene7729	190	60	73	38	49	52	70	180	208	127	91	64	50	105	58	29	53	83	50	78	42	49	42	43
gene7730	181	53	36	54	45	41	96	145	169	80	89	74	78	67	98	66	109	45	75	73	200	29	34	49
gene7731	85	200	78	99	59	55	96	54	92	107	141	112	88	132	104	185	95	80	97	104	98	106	36	73
gene7732	48	16	43	30	35	43	30	39	55	37	53	23	61	52	31	23	62	54	33	49	59	24	13	24
gene7733	1012	627	571	872	381	836	750	724	1081	540	1077	793	506	304	540	207	956	1180	300	644	659	340	467	346
gene7734	383	232	119	203	162	188	139	436	190	270	392	215	707	407	522	399	358	263	165	262	341	214	223	206
gene7735	455	304	320	117	242	294	453	694	1052	405	382	203	1107	413	698	296	234	472	104	462	362	230	229	190
gene7736	191	131	182	139	83	104	138	144	273	158	183	112	172	152	137	80	190	130	66	174	195	93	68	121
gene7737	293	158	91	186	202	95	90	178	102	226	70	125	165	86	78	189	171	80	126	125	198	45	143	131
gene7738	127	83	100	117	143	162	270	303	205	147	234	106	189	156	233	197	156	216	92	282	121	81	105	158
gene7739	601	896	804	1381	601	905	778	915	1641	668	645	396	1291	1438	1152	301	1237	692	187	919	1286	614	1082	751
gene7740	45	67	29	51	39	58	93	94	129	84	84	61	66	86	79	64	51	80	30	45	80	38	38	51
gene7741	31	8	10	25	13	2	50	21	29	31	74	10	22	62	19	12	37	12	14	15	12	19	17	8
gene7742	830	150	123	276	162	323	281	172	342	261	479	412	1145	106	216	678	1102	160	204	429	692	26	92	374
gene7743	546	547	508	228	610	453	478	852	743	645	658	211	448	556	337	251	297	392	172	385	624	276	202	106
gene7744	16	15	12	5	6	2	0	42	15	7	6	6	12	12	22	6	29	6	11	17	19	12	4	9
gene7745	660	391	252	319	313	197	324	550	607	628	353	245	337	846	670	233	435	1096	271	437	367	253	233	265
gene7746	28	34	62	68	35	57	62	124	165	57	116	50	82	98	4	57	31	94	64	135	76	67	32	61
gene7747	119	167	121	129	52	124	92	148	80	43	145	63	64	57	65	65	63	77	14	97	58	23	102	41
gene7748	567	226	261	165	229	247	451	625	506	408	532	257	382	407	447	316	303	405	169	429	349	134	186	179
gene7749	247	181	123	59	48	233	164	95	140	54	89	42	105	127	33	131	144	76	52	131	182	52	47	80
gene7750	1422	1177	1076	847	1194	1536	1678	2494	2816	1676	1475	784	1948	1587	1055	1003	1540	1645	646	1504	1621	814	914	656
gene7751	818	423	748	442	303	520	770	812	1019	580	789	430	905	716	913	627	508	617	385	970	606	456	696	585
gene7752	19	7	8	11	13	5	23	5	4	18	1	11	11	16	31	12	6	18	3	9	23	3	9	8
gene7753	205	134	173	221	90	188	272	432	317	139	220	116	228	206	306	228	182	223	117	258	307	88	112	115
gene7754	179	157	158	217	31	323	44	137	342	46	196	154	96	283	142	135	204	419	20	46	88	62	108	47
gene7755	53	47	34	52	29	44	46	147	63	25	70	35	46	46	43	29	82	71	9	119	63	41	28	37
gene7756	7550	1320	4061	4287	1480	3338	3671	5933	8788	3560	6936	1110	5809	4074	5620	1657	1576	1719	415	3659	3572	1167	498	1650
gene7757	2	0	1	1	3	2	3	0	0	0	1	0	0	0	0	3	1	0	0	1	2	0	1	0
gene7758	22	14	38	9	15	76	21	37	44	63	37	44	39	15	17	17	82	8	9	32	40	4	40	30
gene7759	446	253	489	482	129	107	726	871	1562	65	327	318	1227	399	985	284	486	499	378	816	987	134	1084	399
gene7760	85	16	8	31	13	30	18	31	15	51	16	9	37	5	19	32	13	14	1	24	32	24	34	18
gene7761	60	9	33	3	25	24	13	14	44	12	36	31	24	14	6	12	88	3	9	31	50	0	32	5
gene7762	24	37	9	8	16	6	18	36	38	34	32	44	10	25	42	14	71	32	8	39	13	16	7	4
gene7763	69	13	32	21	67	41	55	58	79	88	251	60	82	33	95	43	72	86	18	132	42	24	29	33
gene7764	48	61	20	25	64	29	23	58	77	31	18	50	26	11	65	31	32	29	38	85	43	24	20	30
gene7765	962	263	71	180	375	425	241	179	444	286	385	79	207	199	61	102	417	132	163	312	52	225	289	121
gene7766	11	8	4	5	1	2	2	16	49	4	17	5	21	18	3	4	6	12	2	8	6	9	2	1
gene7767	5518	5860	1675	3721	1622	2001	3195	5638	4917	6177	1060	2160	5114	2369	2116	3292	3149	4474	2368	5582	2949	476	1820	1688
gene7768	171	167	99	296	113	309	464	490	344	197	219	270	410	279	512	260	80	463	79	248	146	99	215	272
gene7769	226	49	70	135	89	179	43	194	807	1365	1054	451	1362	667	1231	735	98	137	55	252	116	123	123	334
gene7770	29	5	9	23	8	21	37	74	29	7	23	8	42	46	13	12	6	39	6	26	28	10	7	8
gene7771	125	366	194	202	455	318	820	601	189	194	97	191	185	102	213	60	466	212	196	362	395	202	502	207
gene7772	139	133	161	61	129	88	109	213	177	105	100	64	240	212	222	61	149	105	60	181	142	44	50	74
gene7773	78	35	82	19	18	61	49	87	87	56	94	52	45	109	99	56	64	45	10	47	81	29	48	62
gene7774	135	64	125	39	15	61	65	233	198	100	112	91	152	85	106	34	182	62	101	155	60	46	90	75
gene7775	20	25	22	20	26	45	24	53	76	93	89	14	36	16	32	14	48	62	9	27	14	21	46	23
gene7776	3	15	5	17	12	8	6	60	13	15	27	0	8	44	10	0	10	43	4	49	8	5	2	21
gene7777	263	149	187	213	230	303	265	379	445	226	360	225	377	398	295	171	218	179	84	224	384	144	116	108
gene7778	5247	1669	1066	1589	419	2215	1239	2679	4448	3335	2069	2144	1891	1576	2608	1521	3614	2048	585	1865	1673	792	1254	545
gene7779	250	292	346	165	153	263	268	279	586	290	227	197	291	192	247	125	348	316	244	327	229	144	140	105
gene7780	58	9	50	15	15	26	37	56	28	31	57	14	122	50	18	29	55	12	22	71	16	22	7	3
gene7781	2	0	3	6	1	0	7	3	6	11	9	8	14	0	10	1	4	16	1	10	0	2	0	0
gene7782	524	588	242	466	382	361	574	723	1266	450	849	349	708	675	409	485	550	650	303	788	532	291	295	363
gene7783	26	4	4	12	1	10	11	48	33	23	15	23	10	8	8	5	9	3	5	28	7	9	31	7
gene7784	233	135	131	306	165	339	89	287	151	288	314	143	361	405	375	174	114	206	59	626	289	122	159	108
gene7785	215	253	162	288	237	245	265	469	982	646	445	388	897	655	578	392	242	300	159	345	191	198	152	158
gene7786	109	86	367	209	79	156	105	395	675	524	505	187	470	319	715	329	167	381	112	295	139	140	98	176
gene7787	321	261	319	290	277	279	356	521	504	417	519	179	252	251	418	218	298	350	226	436	297	192	257	248
gene7788	563	280	362	376	201	442	196	729	621	515	492	232	334	507	417	353	301	379	221	633	562	250	324	163
gene7789	20	20	14	23	10	28	16	31	12	35	40	12	39	11	7	8	9	24	2	54	9	1	5	7
gene7790	14	17	13	27	8	3	13	14	15	6	5	10	3	1	15	25	11	17	7	6	23	8	8	9
gene7791	0	1	19	0	0	10	0	6	22	4	12	9	8	1	2	1	3	13	2	5	9	1	5	1
gene7792	73	54	92	74	25	78	134	204	216	72	364	53	128	127	81	89	44	216	64	61	103	113	9	67
gene7793	576	219	442	558	474	579	142	938	950	705	813	291	944	1388	315	616	606	562	416	569	894	348	304	329
gene7794	796	543	577	640	298	752	662	870	1410	721	1135	560	840	941	780	526	1037	745	486	1071	552	289	546	364
gene7795	47	31	26	27	61	79	25	38	23	27	78	22	34	117	63	7	22	37	16	18	39	39	43	56
gene7796	80	39	55	73	57	71	105	120	156	46	148	68	92	81	67	65	35	82	50	108	52	42	41	83
gene7797	10	0	8	7	6	2	1	20	20	2	20	10	4	6	3	6	5	12	11	20	2	2	8	21
gene7798	7	2	5	9	3	9	5	8	6	26	1	3	5	2	5	6	1	5	1	26	4	6	0	1
gene7799	19	3	11	56	25	39	41	32	49	11	22	7	5	17	12	15	50	54	14	35	7	26	10	21
gene7800	513	337	315	383	282	396	254	356	552	293	466	334	505	404	340	228	474	310	233	628	393	321	140	188
gene7801	69	19	105	37	60	109	50	52	61	32	50	46	102	39	19	66	70	79	5	63	138	22	32	62
gene7802	1764	745	712	623	377	433	751	2558	950	726	661	516	1648	1643	975	841	973	1098	723	763	629	403	163	926
gene7803	352	242	161	251	173	182	180	429	222	243	447	193	120	267	346	167	205	182	103	392	196	99	162	177
gene7804	6024	3664	3453	2392	2733	2700	4602	8664	5259	3446	3223	2371	5041	3106	7185	2684	3726	3565	2756	4499	2948	1058	3752	1929
gene7805	20	35	7	41	11	18	10	51	33	40	27	18	10	13	8	9	50	11	13	10	13	7	10	5
gene7806	17	3	14	17	5	20	4	13	18	1	11	6	7	9	21	21	6	12	3	20	4	6	5	4
gene7807	219	773	87	782	225	492	348	404	115	587	154	80	144	567	99	424	154	113	58	769	960	179	59	162
gene7808	50	93	66	67	35	32	42	72	104	58	53	36	86	85	88	39	91	52	46	73	79	34	35	35
gene7809	6	2	17	25	3	37	23	39	28	4	41	13	24	37	7	33	26	21	30	21	22	2	18	14
gene7810	21	9	11	13	21	2	11	10	16	7	11	10	10	0	11	7	8	4	4	3	7	6	5	18
gene7811	38	25	2	18	5	55	34	24	43	42	50	18	34	39	22	55	25	32	12	43	31	4	10	18
gene7812	75	81	139	14	9	184	146	137	87	57	155	38	100	11	27	46	89	59	5	37	28	25	51	92
gene7813	529	236	508	303	225	813	393	516	852	476	430	689	422	591	261	357	249	342	348	804	518	408	470	236
gene7814	313	206	117	120	152	230	195	496	870	74	284	428	286	315	473	133	239	249	107	166	931	101	140	77
gene7815	174	82	65	34	89	88	89	177	107	143	153	105	104	84	108	60	163	130	31	250	171	54	162	80
gene7816	94	77	105	135	57	216	135	357	207	204	352	246	158	93	135	57	618	310	218	718	706	179	345	169
gene7817	32	48	59	65	86	78	99	106	162	32	89	60	126	102	108	58	82	76	52	11	81	85	25	48
gene7818	133	93	62	107	116	124	109	164	216	172	224	158	237	161	252	132	152	130	54	158	131	118	47	67
gene7819	181	386	498	529	698	410	922	1631	581	426	103	122	533	473	349	1228	784	897	340	608	234	444	541	790
gene7820	49	9	21	44	8	31	20	49	43	16	104	29	43	59	10	54	45	74	19	61	32	31	11	18
gene7821	19	25	5	6	6	10	16	67	86	7	13	24	22	16	29	24	16	25	16	26	16	6	4	22
gene7822	56	41	9	37	12	22	17	113	133	48	40	51	43	38	44	18	123	47	18	42	33	15	24	15
gene7823	64	46	73	66	93	122	125	75	103	67	112	55	72	120	80	71	113	88	50	106	77	69	67	38
gene7824	90	105	95	71	48	82	112	352	195	124	266	64	119	221	130	108	155	109	60	175	118	44	101	78
gene7825	442	377	256	349	209	240	226	742	165	154	512	243	617	172	196	435	627	213	75	290	478	101	118	269
gene7826	23	14	7	7	14	9	65	56	7	6	51	13	77	12	47	13	11	16	14	21	2	3	11	19
gene7827	136	31	73	59	65	59	62	143	295	20	136	42	64	124	72	89	458	144	113	225	50	149	145	71
gene7828	81	14	51	40	15	31	14	103	23	67	48	17	52	62	20	15	65	94	37	56	61	24	41	31
gene7829	16	13	11	29	1	3	41	26	86	59	76	8	28	45	20	51	19	46	20	11	11	0	1	9
gene7830	2199	2532	2444	3595	1391	2975	2064	4568	4938	2474	5412	3059	4272	3394	1243	4579	3049	1575	1748	4733	2580	2451	1804	856
gene7831	58	32	28	26	32	85	38	42	86	39	125	30	80	76	49	35	80	32	30	41	53	20	28	22
gene7832	526	196	213	418	573	564	388	187	538	151	195	235	384	292	129	455	573	485	268	723	472	228	298	279
gene7833	38	15	30	4	20	24	6	5	22	1	10	1	11	11	2	1	6	28	2	18	5	6	2	25
gene7834	754	599	323	570	362	625	338	767	489	754	439	502	539	445	351	504	506	586	167	551	684	214	264	279
gene7835	12	5	5	6	5	8	8	11	35	7	9	5	3	10	5	2	16	6	4	17	6	1	0	8
gene7836	3538	2581	2466	2168	1740	3575	2558	5553	3549	3928	4095	2545	3812	4159	5164	2553	5466	3164	1928	4383	2303	1811	2879	2800
gene7837	115	69	37	58	100	12	78	267	97	21	69	30	75	103	89	18	95	119	49	27	7	35	39	21
gene7838	223	119	93	140	109	101	117	311	136	130	135	116	258	172	113	128	151	249	80	142	110	79	136	80
gene7839	575	813	979	887	585	954	541	885	1001	665	692	775	1542	1541	1004	315	694	1152	441	881	665	824	2467	665
gene7840	603	757	607	338	504	752	1174	940	868	650	1025	1033	985	828	707	705	1146	1024	728	1388	1076	506	712	294
gene7841	29	31	49	17	14	19	23	32	48	28	14	7	31	46	23	15	28	12	15	17	13	11	12	27
gene7842	60	21	44	28	24	22	29	51	17	30	72	16	29	27	30	10	54	25	35	33	21	7	24	14
gene7843	812	508	336	757	513	433	559	1038	756	226	812	162	502	371	429	330	428	595	497	787	504	341	207	443
gene7844	63	26	46	33	29	59	35	85	78	44	36	20	57	47	43	27	58	27	25	19	42	29	39	12
gene7845	133	52	89	47	22	84	38	161	33	5	31	8	14	19	22	16	47	82	84	48	59	22	17	55
gene7846	130	67	26	47	4	42	102	193	218	83	32	112	96	81	72	78	165	58	40	154	85	35	14	21
gene7847	18	4	1	0	1	3	1	5	5	2	0	1	0	5	0	0	5	6	0	0	0	5	0	0
gene7848	1347	885	232	582	293	1305	55	93	367	937	377	283	896	592	637	60	213	107	243	831	489	207	343	62
gene7849	202	202	118	63	135	270	289	394	402	193	153	151	246	214	93	114	248	134	126	250	288	95	199	133
gene7850	344	99	344	210	40	64	91	318	514	197	286	106	13	255	209	97	66	110	85	297	396	149	82	130
gene7851	1253	998	736	1561	480	604	514	722	885	1165	2021	569	543	1334	802	802	548	1251	363	1455	587	225	279	201
gene7852	32	14	0	9	4	6	28	54	6	6	23	3	13	12	7	7	8	15	6	9	6	6	8	11
gene7853	1108	626	664	905	682	947	635	1307	911	737	975	750	921	1080	814	412	1003	1114	549	922	958	568	447	516
gene7854	517	390	250	209	229	362	350	539	363	199	334	215	449	390	217	191	405	428	162	350	314	144	249	235
gene7855	3765	1065	2453	2155	643	2061	1796	7033	5635	2576	2321	2840	4385	2579	3282	2327	1047	4427	1824	7444	4386	535	1033	3179
gene7856	386	214	309	287	194	382	396	413	366	374	469	181	377	350	393	292	451	403	192	509	493	213	273	273
gene7857	40	9	22	74	21	31	41	65	49	33	54	8	50	30	22	13	20	12	11	41	48	5	17	22
gene7858	0	0	3	0	3	3	19	26	20	7	13	1	1	20	21	4	5	16	6	10	4	7	9	3
gene7859	48	21	25	59	26	36	41	70	59	36	78	32	31	89	37	29	33	43	11	46	43	22	25	25
gene7860	141	97	49	87	46	120	124	168	174	55	137	75	168	202	129	78	104	73	112	93	196	99	116	100
gene7861	9	12	29	13	17	24	11	14	76	8	27	5	25	25	13	7	24	42	6	28	35	8	12	9
gene7862	32	2	16	19	7	19	48	31	31	19	40	4	24	43	16	11	4	28	5	16	9	24	7	41
gene7863	743	755	136	467	195	322	655	1227	881	781	693	199	1048	661	462	288	519	824	282	739	409	268	247	590
gene7864	142	120	153	196	143	155	166	348	282	165	293	143	184	241	265	177	376	719	266	552	620	407	510	429
gene7865	331	81	204	52	33	82	57	138	199	128	261	44	160	174	185	99	241	184	105	98	67	33	133	228
gene7866	18	38	31	59	38	87	34	115	76	35	29	49	129	43	34	33	112	89	22	64	81	20	20	16
gene7867	423	242	309	279	202	211	360	374	289	312	622	250	211	271	284	179	358	366	154	515	346	200	243	183
gene7868	8124	5095	6349	5433	4637	5397	9426	14803	13377	8904	12950	3454	6481	9199	12116	5644	6992	9054	4389	8314	4663	3695	3947	5560
gene7869	0	0	0	0	1	0	0	0	0	0	8	0	5	6	0	6	0	0	0	0	0	0	2	0
gene7870	132	64	46	51	77	65	58	149	141	93	107	102	71	159	87	55	78	61	65	105	90	28	36	52
gene7871	261	338	254	383	226	205	390	269	857	245	493	153	376	542	386	267	442	289	195	757	238	216	151	176
gene7872	35	60	24	175	67	264	164	45	94	46	141	89	294	155	81	103	236	110	31	199	188	138	92	178
gene7873	278	267	96	254	58	134	159	323	278	227	435	123	202	307	223	336	420	300	149	220	250	151	177	141
gene7874	6	8	11	10	20	29	27	22	42	31	3	2	7	43	6	11	15	26	15	17	20	5	11	12
gene7875	72	80	115	41	47	125	74	81	79	109	88	72	64	97	41	65	114	42	33	140	45	32	38	62
gene7876	19	8	16	18	4	10	7	16	6	30	18	6	6	2	1	35	5	45	9	8	27	10	8	9
gene7877	114	104	52	104	38	126	100	305	205	97	85	79	96	103	118	114	89	144	40	112	57	68	44	117
gene7878	130	52	64	69	47	61	188	85	95	121	162	68	71	151	64	29	77	142	35	151	92	38	65	26
gene7879	190	154	118	197	106	214	205	329	419	221	229	119	292	274	322	87	153	228	122	335	257	68	59	160
gene7880	895	242	247	772	126	448	367	1631	509	861	590	715	1912	696	812	559	579	872	454	1527	769	221	366	431
gene7881	65	53	69	5	17	3	31	59	55	47	32	12	11	61	15	17	41	7	12	60	67	12	47	15
gene7882	2629	1320	696	1655	845	1249	1899	2553	2497	1198	2500	690	1511	2748	1941	1322	988	1265	1205	2148	1212	541	836	984
gene7883	8535	2266	1695	1912	1265	527	2033	6126	838	423	568	1520	712	1129	143	522	920	744	1225	2840	608	722	477	1074
gene7884	20	28	10	2	4	35	15	30	40	17	63	5	27	26	27	12	62	15	7	52	7	3	13	14
gene7885	21	30	8	11	28	19	24	50	17	13	25	22	31	23	39	13	42	52	19	23	13	13	21	58
gene7886	36	32	53	150	8	22	18	115	306	36	52	66	151	36	68	88	56	57	26	68	61	69	63	16
gene7887	142	55	74	21	49	75	68	104	160	57	92	63	45	68	62	58	57	52	41	114	56	40	57	50
gene7888	2130	1146	680	1304	913	768	1305	3241	1898	1390	1795	1072	1129	928	1356	531	1336	1484	472	1470	985	685	731	1217
gene7889	2254	1742	1053	1571	843	1324	1060	2010	2903	2062	2210	1395	2029	2503	1323	727	2247	2079	999	1975	2057	773	890	694
gene7890	669	359	421	524	236	293	403	1106	908	188	462	423	375	696	249	443	583	440	207	633	277	424	350	212
gene7891	20	9	18	31	22	30	45	2	14	8	25	12	17	45	7	23	5	7	9	22	8	0	18	14
gene7892	38	122	91	105	79	78	146	96	157	189	167	110	118	156	137	40	152	42	66	295	137	83	73	25
gene7893	34	60	83	97	18	60	56	90	67	15	120	27	122	52	40	98	25	26	13	85	36	26	31	17
gene7894	3060	7779	7579	7655	2643	5137	4102	3663	8231	5405	5240	8272	7463	9716	6772	3852	7416	19630	3350	8046	5860	1645	8019	1477
gene7895	190	124	199	78	124	97	154	238	243	156	260	71	107	90	228	303	201	85	51	146	94	90	159	164
gene7896	929	794	1365	280	352	920	996	532	521	1235	1178	1668	2589	618	1162	1627	4031	1028	479	4256	2280	1871	1538	645
gene7897	30	22	21	5	16	19	12	21	46	23	47	22	44	13	29	38	16	14	23	31	28	20	17	11
gene7898	1869	1715	775	1588	1084	1871	1592	1789	3512	1689	2124	1325	1600	1755	1590	1305	2393	1171	761	2354	1788	564	1273	979
gene7899	829	425	426	412	267	304	658	901	1051	669	643	276	656	611	786	474	880	456	370	800	530	296	410	473
gene7900	137	83	36	218	181	183	290	233	254	320	155	181	181	84	147	122	144	315	68	157	130	48	135	62
gene7901	274	239	203	195	151	280	211	466	533	273	412	161	302	282	291	180	354	277	153	550	216	140	138	192
gene7902	35	31	32	5	30	58	30	35	60	13	50	14	17	50	28	7	52	25	7	24	85	9	23	12
gene7903	32	45	37	56	33	112	47	90	65	60	54	85	60	63	33	28	61	36	33	105	97	17	37	52
gene7904	79	30	137	50	55	68	120	140	176	104	121	101	239	76	223	81	148	147	126	144	111	40	117	23
gene7905	148	382	621	493	136	64	421	998	496	1062	691	248	603	831	894	916	246	429	89	449	1168	278	416	291
gene7906	536	301	313	254	253	437	412	531	797	338	532	250	366	445	511	277	443	408	183	482	332	215	208	243
gene7907	288	173	163	165	151	212	207	325	378	275	395	142	248	290	350	154	196	345	87	172	292	159	149	114
gene7908	29	6	18	5	8	3	32	39	35	1	20	5	32	30	34	2	28	68	23	102	43	37	19	46
gene7909	51	20	62	30	25	81	42	101	97	80	54	21	87	15	44	30	50	117	27	88	34	24	31	14
gene7910	7	30	16	26	5	24	16	43	79	24	3	10	7	14	18	29	38	26	8	49	37	16	10	14
gene7911	129	49	48	35	21	95	45	63	140	49	228	38	60	113	132	27	85	66	26	60	66	57	12	20
gene7912	17	2	8	10	12	21	3	19	12	34	14	28	28	26	11	2	26	22	4	17	5	8	1	10
gene7913	9	10	40	37	9	13	22	35	48	27	7	29	49	37	11	14	14	37	8	27	45	27	7	6
gene7914	78	21	119	53	46	47	58	152	77	50	201	123	97	104	115	86	146	64	57	54	135	57	63	75
gene7915	4	0	9	0	1	8	1	14	0	4	6	1	1	7	8	0	5	16	7	4	3	0	9	7
gene7916	133	42	45	107	67	41	60	77	140	60	103	14	126	159	109	146	67	127	10	69	73	34	23	88
gene7917	67	21	47	71	35	38	33	192	42	125	129	124	23	45	78	141	39	67	31	95	39	21	42	74
gene7918	168	149	80	96	103	136	106	42	210	29	140	63	340	190	93	76	87	66	76	272	165	131	62	84
gene7919	11	3	14	0	7	2	3	4	24	5	0	2	4	2	5	6	6	14	0	2	18	0	2	3
gene7920	66	73	181	213	180	233	415	281	298	366	596	449	381	166	409	68	178	469	138	463	294	104	150	173
gene7921	1170	825	952	1292	958	1365	1331	1910	1936	1334	1663	739	1748	1585	1494	1013	1295	1385	473	1817	1032	520	835	875
gene7922	3	6	4	1	3	3	17	8	27	5	10	1	6	3	15	0	26	3	8	16	7	6	18	5
gene7923	34	4	14	9	4	26	21	32	12	34	10	49	13	38	6	15	17	17	1	17	10	12	5	10
gene7924	58	1101	1124	219	368	1405	815	2020	1921	419	1837	1459	669	3449	1478	1805	1257	5683	449	90	1518	691	635	541
gene7925	220	147	137	152	151	208	222	315	208	191	207	114	202	268	209	143	221	177	136	325	209	149	155	59
gene7926	157	51	34	25	21	38	117	213	96	76	110	32	59	69	110	28	143	49	15	43	57	23	84	60
gene7927	1238	916	1891	1017	1122	759	661	518	506	820	2791	1177	352	1266	406	451	741	2666	890	764	544	491	1273	1258
gene7928	8	13	23	14	8	34	2	33	19	13	6	12	23	6	10	8	21	11	0	2	35	3	19	13
gene7929	1013	926	534	435	260	889	696	952	1583	846	871	482	647	1493	781	681	1168	1417	635	1482	1358	476	442	515
gene7930	11	17	4	0	2	14	16	2	21	6	17	13	11	9	4	6	4	7	1	6	1	0	5	0
gene7931	2117	1429	1792	1905	676	1803	801	5095	3762	1657	4023	2403	2750	1936	1892	1155	1745	2612	1394	3859	3021	1919	883	880
gene7932	73	51	36	50	46	65	107	124	30	46	111	16	68	28	88	55	109	98	53	100	67	50	28	40
gene7933	414	105	121	160	115	168	148	469	187	336	147	114	346	395	183	223	280	161	79	359	100	265	174	260
gene7934	2748	1656	1495	1525	1428	2964	3858	3378	5015	1262	1552	1588	3859	2598	2660	2283	3036	7042	2483	3366	3726	3025	2661	2125
gene7935	87	55	57	75	17	50	105	147	137	87	149	39	93	88	79	104	55	56	86	58	65	38	49	78
gene7936	181	114	100	126	96	95	172	221	206	206	159	133	227	164	202	125	244	113	57	138	136	76	155	104
gene7937	4	3	6	0	4	7	2	4	1	0	5	1	0	0	1	1	8	6	0	0	1	0	0	5
gene7938	81	64	83	70	77	82	69	111	170	127	80	81	134	113	110	56	29	11	9	15	18	7	13	7
gene7939	208	304	335	235	280	404	228	320	271	91	393	144	252	442	529	411	898	437	148	453	298	150	128	219
gene7940	262	342	331	224	153	139	464	808	696	388	485	192	375	390	280	530	271	432	222	374	119	261	166	345
gene7941	49	62	40	23	39	60	43	94	43	15	39	25	14	33	79	33	28	103	25	21	49	13	29	37
gene7942	34	22	23	12	3	15	29	24	19	19	19	12	10	29	21	10	13	40	1	12	37	4	25	15
gene7943	337	75	66	100	61	79	82	355	188	161	151	46	103	12	268	151	221	133	101	370	55	34	40	16
gene7944	4351	5474	3544	2879	4985	2465	1719	431	4588	816	6112	5659	1528	2871	3434	2904	2287	1969	2403	2066	1536	3359	2335	2505
gene7945	185	147	183	188	249	268	235	567	420	516	321	176	386	318	214	146	360	337	185	310	322	112	172	231
gene7946	42	15	12	33	19	40	25	37	111	32	12	24	36	46	40	21	45	60	7	34	17	26	11	28
gene7947	974	954	545	1365	1039	1135	655	1928	1896	768	1566	1340	1412	1731	951	955	1575	1142	945	2747	1629	968	740	706
gene7948	713	411	768	528	160	416	901	1145	1158	949	564	1053	1148	691	951	254	444	471	397	634	747	319	380	366
gene7949	155	64	70	87	37	53	144	98	296	117	155	119	254	226	245	94	76	92	18	127	88	27	71	90
gene7950	34	42	47	49	22	59	62	66	49	78	72	36	32	75	57	40	91	62	37	46	49	22	24	20
gene7951	88	17	50	6	29	20	40	109	73	52	15	40	41	44	17	19	79	54	7	29	75	21	1	16
gene7952	488	212	271	313	310	283	188	379	1665	810	1322	762	723	965	855	618	474	210	158	379	207	186	165	256
gene7953	549	675	1055	1250	600	588	583	1264	861	1129	559	658	1982	722	835	244	2822	876	368	1402	1203	435	1237	171
gene7954	126	46	68	121	81	46	118	150	283	77	78	59	98	161	69	91	131	83	66	90	113	42	61	98
gene7955	4	2	17	2	1	2	2	23	14	2	3	1	2	2	6	4	6	0	5	28	6	11	1	0
gene7956	93	249	262	169	156	268	119	371	339	111	196	357	274	236	358	88	464	123	89	216	348	108	244	189
gene7957	173	137	52	338	308	304	111	335	320	225	244	160	231	97	70	129	220	159	33	232	216	124	96	128
gene7958	7	9	8	7	24	0	10	32	8	5	6	20	8	14	22	0	0	6	11	11	9	1	5	0
gene7959	3883	1833	2635	2536	2269	4057	3630	3395	5803	3723	5186	1544	2914	4057	2720	2090	4786	3999	1842	4984	2539	2172	2494	2053
gene7960	15	39	8	18	21	12	14	64	37	22	17	14	31	45	33	58	90	23	9	38	15	13	16	20
gene7961	8	2	4	10	2	16	11	6	1	2	10	6	10	6	6	2	4	7	2	11	32	13	8	1
gene7962	12	0	14	16	10	2	2	7	46	3	3	1	20	27	4	1	33	13	2	6	8	3	9	1
gene7963	51	15	6	21	27	31	39	34	49	40	80	72	30	25	35	11	23	14	8	36	26	8	37	28
gene7964	29	9	7	10	15	22	16	8	8	18	25	14	27	7	3	4	19	7	9	13	7	30	3	7
gene7965	472	427	331	303	206	206	499	1156	762	336	503	433	599	839	572	373	363	325	274	380	349	444	133	156
gene7966	315	356	208	227	191	419	190	494	615	234	489	183	300	323	170	137	308	363	226	327	335	134	138	140
gene7967	68	9	45	24	19	18	28	52	49	25	31	24	9	70	39	54	43	77	4	51	63	13	52	116
gene7968	60	12	16	25	7	45	46	133	10	31	28	18	41	42	41	27	44	77	46	43	43	18	37	29
gene7969	3	4	3	4	9	1	1	6	13	14	2	4	21	6	9	7	4	2	3	7	4	0	4	4
gene7970	179	172	202	213	99	184	113	578	254	222	280	126	174	248	148	131	230	204	103	120	142	159	89	142
gene7971	11	17	18	13	13	3	13	36	32	8	9	5	59	52	28	18	11	25	5	24	11	13	1	11
gene7972	258	571	107	325	252	304	382	797	435	394	493	396	1036	763	234	598	288	278	260	568	513	228	315	453
gene7973	42	25	30	42	36	44	21	106	74	25	48	25	78	93	43	25	60	44	41	62	48	6	15	52
gene7974	575	168	464	491	188	111	141	1058	67	46	335	34	315	230	267	167	310	308	225	339	578	95	126	334
gene7975	11	2	15	12	28	41	17	42	6	8	28	7	17	14	49	16	9	5	7	50	7	17	22	11
gene7976	35	10	23	33	14	15	16	56	32	48	78	24	60	38	35	9	16	21	0	50	40	6	3	9
gene7977	60	94	85	80	143	109	68	107	198	87	173	39	80	70	166	38	100	70	57	65	117	53	18	70
gene7978	209	428	458	584	510	91	200	791	869	799	187	180	821	285	424	360	225	344	237	213	335	351	333	345
gene7979	152	257	313	187	102	132	105	353	122	183	127	118	634	255	243	285	471	148	90	216	670	188	194	226
gene7980	65	39	39	41	52	88	92	108	134	32	35	16	85	21	21	34	80	28	30	106	102	66	24	41
gene7981	43	6	12	22	5	19	60	42	53	28	73	36	33	74	17	3	23	21	17	9	15	30	9	36
gene7982	405	230	178	74	198	259	1618	579	549	650	213	325	254	507	453	713	173	336	107	273	108	35	336	21
gene7983	185	78	68	113	51	132	71	149	136	137	47	126	88	140	150	126	94	106	79	172	90	48	99	77
gene7984	273	454	214	276	276	345	367	455	249	340	581	454	659	291	336	348	682	318	202	503	345	89	243	170
gene7985	2629	2384	2392	1918	1750	2253	2753	5689	5373	2472	3753	1323	3876	2376	3008	3654	3953	3252	2156	3644	2792	877	1835	1815
gene7986	177	100	162	111	75	213	130	371	126	173	232	108	180	172	102	84	208	203	82	207	194	81	57	82
gene7987	1281	986	718	980	703	1317	1254	2065	3063	1836	1933	1552	3018	2121	2011	1719	1200	1425	687	1469	1673	651	870	573
gene7988	3	8	14	8	5	35	35	18	23	18	24	8	12	20	21	5	20	18	14	17	24	1	24	19
gene7989	93	108	110	50	67	108	105	284	154	90	125	63	101	121	96	75	173	118	85	137	121	55	61	43
gene7990	86	90	79	104	48	51	48	190	95	58	94	75	96	83	106	78	70	114	31	103	73	15	47	60
gene7991	16	7	20	10	7	14	6	10	5	8	10	20	22	13	14	9	28	30	5	4	28	3	21	10
gene7992	127	268	89	382	346	404	505	622	484	134	233	695	534	614	238	221	362	217	671	1096	2903	794	935	259
gene7993	5	11	13	18	10	11	50	115	80	17	2	23	24	4	15	3	13	24	5	19	95	27	10	1
gene7994	551	154	103	207	153	111	190	878	483	263	265	62	352	359	296	45	494	573	138	348	139	110	103	68
gene7995	34	51	32	35	23	16	38	58	50	47	33	41	56	50	21	23	37	25	17	38	35	15	20	37
gene7996	52	39	59	41	34	43	85	80	86	75	100	41	80	48	71	21	38	31	50	51	58	37	25	23
gene7997	94	6	96	46	22	129	172	64	153	42	17	74	47	93	40	72	43	157	25	146	21	55	39	56
gene7998	12	6	2	4	1	7	19	11	4	22	46	14	40	21	19	10	47	3	5	9	11	7	4	7
gene7999	989	564	261	414	258	765	62	961	521	581	1047	825	601	472	678	411	336	1015	399	912	1320	345	186	330
gene8000	69	46	40	44	25	53	41	125	102	33	34	47	57	137	34	30	47	62	21	75	88	21	17	33
