gene	lfcA	lfcB
gene1	0	0
gene2	-0.811177603815665	0
gene3	0	0
gene4	0	0
gene5	0	0
gene6	0	0
gene7	0	0
gene8	0	0
gene9	0	0
gene10	0	0
gene11	0.582604539298599	0
gene12	0	0
gene13	0	0
gene14	0	0
gene15	0	0
gene16	0	0
gene17	0	0
gene18	0	0
gene19	0	0
gene20	0	0
gene21	0	0
gene22	0	0
gene23	0	0
gene24	0	0
gene25	0	0
gene26	0	0
gene27	0	0
gene28	0	0
gene29	0	-0.745921710401355
gene30	0	0
gene31	0	0
gene32	0	0
gene33	0	0
gene34	0	0
gene35	0	0
gene36	0	0
gene37	1.78709512969807	0
gene38	0	0
gene39	0	0
gene40	0	0
gene41	0	0
gene42	0	0.541528567610225
gene43	0	0
gene44	0	0
gene45	0	0
gene46	0	0
gene47	0	0
gene48	0	0
gene49	0	0
gene50	0	0
gene51	0	0
gene52	0	0
gene53	0	0
gene54	0	0
gene55	0	1.23058635927801
gene56	0	0
gene57	0	0
gene58	0	0
gene59	0	0
gene60	0	0
gene61	0.615017768153264	0
gene62	0	0
gene63	0	0
gene64	0	0
gene65	0	0
gene66	0	0
gene67	0	0.573649853407983
gene68	0	0
gene69	0	0
gene70	-1.71486438707969	0
gene71	0	0
gene72	0	1.54590933906232
gene73	0	0
gene74	0	0
gene75	0	0
gene76	0	0
gene77	0	0
gene78	0	0
gene79	0	0
gene80	0	0
gene81	0	-0.259414146908019
gene82	0	0
gene83	0	0
gene84	0	0
gene85	0	0
gene86	0	0
gene87	0	0.220801862266261
gene88	0	-1.88658980552842
gene89	0	0
gene90	0	1.85605035748659
gene91	0	0
gene92	0	0
gene93	0	1.54486129777351
gene94	0	0
gene95	0.707326541531855	0
gene96	0	0
gene97	0.522051562466386	0
gene98	0	0
gene99	0	0
gene100	0	0
gene101	0	0
gene102	0	0
gene103	0	0
gene104	0	0
gene105	0	0
gene106	0	0
gene107	0	-0.875895209229428
gene108	0	0
gene109	-0.252965864784737	0
gene110	0	0
gene111	0	0
gene112	0	0
gene113	0.913811260503655	0
gene114	0	0
gene115	0	0
gene116	0	0.922056364561173
gene117	0	0
gene118	0	0
gene119	0	0
gene120	0	0
gene121	0	0
gene122	0	0
gene123	0	0
gene124	0	0
gene125	0	0
gene126	0	0
gene127	0	0
gene128	0	0
gene129	-0.582144492892134	0
gene130	0	0
gene131	0	0
gene132	0	0
gene133	0	0
gene134	0	0
gene135	0	0
gene136	0	0
gene137	0	0
gene138	0	0.893690141682068
gene139	0	0
gene140	0	0
gene141	0	0
gene142	-0.50502609777786	0
gene143	0	0
gene144	0	0
gene145	-1.63088821638876	0
gene146	0	0
gene147	0	0
gene148	0	0
gene149	0	0
gene150	0	0
gene151	0	0
gene152	0	0
gene153	0	0
gene154	0	0
gene155	0	-2.2544794935353
gene156	0	0
gene157	0	0
gene158	0	0
gene159	0	0
gene160	0	0
gene161	0	-1.74816640875296
gene162	0	0
gene163	0	0
gene164	0	0.548804543592298
gene165	0	0
gene166	0	0
gene167	0	0
gene168	0	0
gene169	0	0
gene170	0	0
gene171	0	0
gene172	0	0
gene173	0	0
gene174	0	0
gene175	0	0
gene176	0	-1.72333917022756
gene177	0	0
gene178	0	0
gene179	0	0
gene180	0.905579466954855	0
gene181	0	0
gene182	-0.330620549396876	0
gene183	0	-1.29682020585782
gene184	0	0
gene185	0	0
gene186	0	0
gene187	0	0
gene188	0	0
gene189	0	0
gene190	1.49759064186056	0
gene191	0	0
gene192	0	0
gene193	-0.298019506975502	0
gene194	0	0
gene195	0	0
gene196	0	0
gene197	0	0
gene198	0	0
gene199	0	0
gene200	0	0
gene201	0	0
gene202	0	0.0813023699441256
gene203	0	0
gene204	0	0
gene205	0	0
gene206	0	0
gene207	0	0
gene208	0	-2.0830737656036
gene209	0	0.472248495694649
gene210	0	0
gene211	0	0
gene212	0	0
gene213	0	0
gene214	0	-0.0515370598742323
gene215	0	0
gene216	0	0
gene217	0	0
gene218	0	0
gene219	0	0
gene220	0	0
gene221	0	0
gene222	0	0
gene223	0	0
gene224	0	0
gene225	0	0
gene226	0	0
gene227	0	0
gene228	-0.663423198039093	0
gene229	0	0
gene230	0	1.24193531875989
gene231	0	0
gene232	0	-0.799879339751808
gene233	0	0
gene234	0	-0.159917256827466
gene235	0	0
gene236	0	0
gene237	0	0
gene238	0	0
gene239	1.41237895092108	0
gene240	0	0
gene241	0	0
gene242	0	0
gene243	0	0
gene244	0	0
gene245	0.154494455996214	0
gene246	0	0
gene247	0	0
gene248	0	0
gene249	0	0
gene250	0	0
gene251	0	0
gene252	0	0
gene253	0	0
gene254	0	0
gene255	0	0
gene256	0	0
gene257	0	0
gene258	0	0
gene259	0	0
gene260	0	-0.463844877507448
gene261	0	0
gene262	1.11433478786737	0
gene263	0	0
gene264	0	0
gene265	0	0
gene266	0	0
gene267	0	0
gene268	0	0
gene269	0	0
gene270	0	0
gene271	0	0
gene272	0	0
gene273	-0.0426546092096331	0
gene274	0	0
gene275	0	0
gene276	0	0
gene277	0	0
gene278	0	0
gene279	0	0
gene280	0	-1.32341613297835
gene281	0	0
gene282	0	0
gene283	0	0
gene284	0	0
gene285	0	0
gene286	0	0
gene287	0	0
gene288	0	0
gene289	0	0
gene290	0	0
gene291	0	0
gene292	0	0
gene293	0	0
gene294	0	0
gene295	0	0
gene296	0	1.93543182858316
gene297	0	0
gene298	0	0
gene299	0	0
gene300	0	0
gene301	0	0
gene302	0	0
gene303	0	0
gene304	0	0
gene305	0	0
gene306	0	0
gene307	0	0
gene308	0	0
gene309	0	0
gene310	0	0
gene311	0	0.617709237239387
gene312	0	0
gene313	0	0
gene314	0	0
gene315	0	0
gene316	0	0
gene317	0	0
gene318	0.101311015418113	0
gene319	0	0
gene320	0	0
gene321	0	-1.14358584234492
gene322	0	0
gene323	0	0
gene324	0	0
gene325	0	0
gene326	0	0
gene327	0	0
gene328	0	0.111925178734485
gene329	-0.554593423603099	0
gene330	0	0
gene331	0	0
gene332	0	0
gene333	0	0
gene334	0	0
gene335	0	0
gene336	0	0
gene337	-0.335399286648059	0
gene338	0	0
gene339	0	0
gene340	0	0
gene341	0	0
gene342	0	0
gene343	0.936543835966754	-1.25158834434679
gene344	0	0
gene345	1.10852663334887	-1.12307872336887
gene346	0	0
gene347	0	0
gene348	0	0
gene349	0	0
gene350	0	0
gene351	0	0.6055653705341
gene352	0	0
gene353	0	0
gene354	0	0
gene355	0	0
gene356	0	0
gene357	-0.058686979507196	0
gene358	0	0.231221759446694
gene359	0	0
gene360	0	0
gene361	0	0
gene362	0	0
gene363	0	0.026538230327388
gene364	0	0
gene365	0	0
gene366	0	0
gene367	0	0
gene368	0	0
gene369	0	0
gene370	0	0
gene371	0	0
gene372	0	0
gene373	0	0
gene374	0	0
gene375	0	0
gene376	0	0
gene377	0	0
gene378	0	0
gene379	0	0
gene380	0	0
gene381	0	0
gene382	0	0
gene383	0	0
gene384	-0.0105445611501154	0
gene385	0	0
gene386	0	0
gene387	0	0
gene388	0	0
gene389	0	0
gene390	0	0
gene391	-0.0721165798634528	0
gene392	0	0
gene393	0	0
gene394	0	0
gene395	0	0
gene396	0	0
gene397	0	-0.213127628908293
gene398	0	-0.276315156860748
gene399	0	0
gene400	0	0
gene401	0	0
gene402	0	0
gene403	0	0
gene404	0	0
gene405	0	-1.37788034476451
gene406	0.328567572157579	0
gene407	0	0
gene408	0	0
gene409	0	0
gene410	0	0
gene411	0.766894359070028	0
gene412	0	0
gene413	0	0
gene414	0	0
gene415	-2.0333773781732	0
gene416	0	0
gene417	0	0
gene418	0	0.174141073276039
gene419	0	0
gene420	0	0
gene421	0	-1.54295306235251
gene422	0	0
gene423	0	0
gene424	0	0
gene425	0	0
gene426	0	0
gene427	0	0
gene428	0	0
gene429	0	0
gene430	0	0
gene431	0	0
gene432	0	0
gene433	1.27958503904831	0
gene434	0	0
gene435	-1.11723805564043	0
gene436	0	0
gene437	0	0
gene438	0	0
gene439	0	0
gene440	0.240000467896668	0
gene441	0.719048824183477	0
gene442	0	0
gene443	0	0
gene444	0	0
gene445	0	0
gene446	0	0
gene447	0	0
gene448	0	0
gene449	0	0
gene450	0	0
gene451	0	0
gene452	0	0
gene453	0	0
gene454	0	0
gene455	0	0
gene456	0	0
gene457	0	0
gene458	0	0
gene459	0	0
gene460	0	0
gene461	0	0
gene462	0	0
gene463	0	0
gene464	0	0
gene465	0	0
gene466	0	0
gene467	0	0
gene468	-0.846090841634678	0
gene469	0	0
gene470	0	0
gene471	0	0
gene472	0	0
gene473	0	0
gene474	-1.08578716317621	0
gene475	0	0
gene476	0	0
gene477	0	0
gene478	0	0
gene479	0	0
gene480	0	0
gene481	0	0
gene482	0	0
gene483	0	0
gene484	0	0
gene485	0	0
gene486	0	0
gene487	0	0
gene488	0	0
gene489	0	0.19947862282697
gene490	0	0
gene491	0	0
gene492	0	0
gene493	0	0
gene494	2.27698659726082	0
gene495	0	0
gene496	0	0
gene497	0	0
gene498	0	0
gene499	0	0
gene500	0	0
gene501	0	0
gene502	0	0
gene503	0	0
gene504	0	0
gene505	0	0
gene506	0	0
gene507	0	0
gene508	0	0
gene509	0	0
gene510	0	0
gene511	-1.82681854776004	0
gene512	0	0
gene513	0	0
gene514	0	0
gene515	0	0
gene516	0	0
gene517	0	0
gene518	0.335137198011802	0
gene519	0	0
gene520	0	0
gene521	0	0
gene522	0	0
gene523	0	0
gene524	-1.5546936045079	0
gene525	0	0
gene526	-1.04760544837855	0
gene527	0	0
gene528	0	0
gene529	0	0
gene530	0.159393949076252	0.0992860278763605
gene531	0	0
gene532	0	0
gene533	0	0
gene534	0	2.22164531528401
gene535	0	0
gene536	0	0
gene537	0	0
gene538	0	0.822233773342061
gene539	0	0
gene540	0	0
gene541	0	0
gene542	0.144753479617353	0
gene543	0	0
gene544	0	0
gene545	0	0.411679027301385
gene546	0	0
gene547	0	0
gene548	-1.22077537839235	0
gene549	0	0
gene550	0	0
gene551	0	0
gene552	0	0
gene553	0	0
gene554	0	0
gene555	0	0.594779784263402
gene556	0	0
gene557	0	0
gene558	0	0
gene559	0	0
gene560	0	0
gene561	0	0
gene562	0	0
gene563	0	0
gene564	0	0
gene565	2.44422976833773	0
gene566	0	0
gene567	0	0
gene568	-0.576698527822588	0
gene569	0	0
gene570	0	0
gene571	0	0
gene572	0	0
gene573	0	0
gene574	0	0
gene575	0	0
gene576	0	0
gene577	0	0
gene578	0	0
gene579	0	0
gene580	0	0
gene581	0	0
gene582	0	0
gene583	0	0
gene584	0	0.456618310816445
gene585	0	0
gene586	0	0
gene587	0	0
gene588	0	0
gene589	0	0
gene590	0	0
gene591	0	0
gene592	0	0
gene593	0	0
gene594	0	0
gene595	-0.207335439563809	0
gene596	0	0
gene597	0	0
gene598	0	0
gene599	0	0
gene600	0	0
gene601	0	0
gene602	0	0
gene603	2.72532536844708	0
gene604	0	0
gene605	0	0.192491361908439
gene606	0	0
gene607	0	0
gene608	0	0
gene609	0	0
gene610	0	1.00918034289061
gene611	0	0
gene612	0	0
gene613	0	0
gene614	0	0
gene615	0	0
gene616	0	0
gene617	0	0
gene618	0	0
gene619	0	0
gene620	0	0
gene621	0	0
gene622	0	0
gene623	0	0
gene624	0	0
gene625	0	0
gene626	0	0
gene627	0	0
gene628	0	0
gene629	0	1.93759597313351
gene630	0	0
gene631	0	2.40427443669167
gene632	0	0
gene633	0	0
gene634	0	0
gene635	0	0
gene636	0	-1.92422198414751
gene637	0	0
gene638	0	0
gene639	2.04322725083802	0
gene640	0	0
gene641	0	0
gene642	0	0
gene643	0	0
gene644	0	0
gene645	0	0
gene646	0	0
gene647	0	0
gene648	0	0
gene649	0	0
gene650	0	0.596725085306419
gene651	0	0
gene652	0	0
gene653	0	0
gene654	-1.45233666594499	0
gene655	0	0
gene656	0	0
gene657	0	0
gene658	0	0
gene659	0	0
gene660	0	-0.554868263317304
gene661	0	0
gene662	0	0
gene663	0	0
gene664	0	0
gene665	0	0
gene666	0	0
gene667	0	0
gene668	0	0
gene669	0	0
gene670	0	0
gene671	0	0
gene672	0	1.04631175811886
gene673	0	0
gene674	0	0
gene675	0	0
gene676	0	0
gene677	0	0
gene678	0	0
gene679	0	0
gene680	0	0
gene681	0	0
gene682	0.415791368162108	0
gene683	0	0.690655823940884
gene684	0	0.807861451661493
gene685	0	0
gene686	0	0
gene687	0	0
gene688	0	0
gene689	0	0
gene690	0	0
gene691	0	0
gene692	0	0
gene693	0	0
gene694	0	0
gene695	0	0
gene696	0	0
gene697	0	0
gene698	0	0
gene699	0	0
gene700	0	0
gene701	0	0
gene702	0	0
gene703	0	0
gene704	0	0
gene705	0.361624730427926	-2.0297075474303
gene706	0	0
gene707	0	0
gene708	0	0
gene709	0	0
gene710	0	0
gene711	0	0
gene712	0	0
gene713	0	-0.240465941753624
gene714	0	0
gene715	0	0
gene716	-0.683096163539303	0
gene717	0	0
gene718	0	0
gene719	0	0
gene720	0	0
gene721	0	0
gene722	0	0
gene723	0	0
gene724	-0.869990745548125	0
gene725	0	0
gene726	0	0
gene727	0	0
gene728	0	0
gene729	0.958970717632472	0
gene730	0	0
gene731	1.82512661211588	0
gene732	0	0
gene733	0	0
gene734	0	0
gene735	0	0
gene736	0	0
gene737	1.77494293209635	-0.835800378607147
gene738	0	0
gene739	0	0
gene740	0	0
gene741	0	0
gene742	0	0
gene743	0	0
gene744	0	0
gene745	0	0
gene746	0	0
gene747	0	0
gene748	0	0
gene749	0	0
gene750	0.492226689894339	0
gene751	0	0
gene752	-0.598347697802069	0
gene753	0	0
gene754	0	0
gene755	-0.0399742208860937	0
gene756	0	-1.30204586134734
gene757	1.45344922269914	0
gene758	0	0
gene759	0	0
gene760	0	0
gene761	0	0
gene762	0	0
gene763	0	0
gene764	0	0
gene765	0	0
gene766	0	0
gene767	0	0
gene768	0	0
gene769	0	0
gene770	0	0
gene771	0	0
gene772	0	0
gene773	0	0
gene774	0	0
gene775	0	0
gene776	0	0
gene777	0	0
gene778	0	-1.59346661453544
gene779	0	0
gene780	0	0
gene781	0	0
gene782	0	0
gene783	-1.61377442329546	0
gene784	0	0
gene785	0	0
gene786	0	0
gene787	0	0
gene788	0	0
gene789	0	0
gene790	-0.328088418430731	0
gene791	0	0
gene792	0	0
gene793	0	0
gene794	0.165779884102185	0
gene795	0	0
gene796	0	0
gene797	0	0
gene798	0	0
gene799	0	-1.31021490684429
gene800	2.72825170605062	0
gene801	0	0
gene802	0	0
gene803	0	0
gene804	0	0
gene805	0	0
gene806	0	0
gene807	0	0
gene808	0	2.58868669653798
gene809	0	0
gene810	0	0
gene811	0	0
gene812	0	0
gene813	0	0
gene814	0	0
gene815	0	0
gene816	0	0
gene817	0	0
gene818	0	0
gene819	0	0
gene820	1.96577033590204	0
gene821	0	0
gene822	-1.14313076656807	0
gene823	-1.1037025516197	0
gene824	0	0
gene825	0	0
gene826	0	0
gene827	0	0
gene828	0	0
gene829	0	0
gene830	0	0
gene831	0	0
gene832	0	-1.05514457612147
gene833	0	0
gene834	0	0
gene835	0	0
gene836	0	0
gene837	0	0
gene838	0	0
gene839	0	0
gene840	0	0
gene841	0	0
gene842	0	0
gene843	0	1.42636933810332
gene844	0	0
gene845	0	0
gene846	0	0
gene847	0	0
gene848	0	0
gene849	0	0
gene850	0	0
gene851	0	0
gene852	0	0
gene853	0	0
gene854	0	0
gene855	0	0
gene856	0	0
gene857	0	0
gene858	-0.362345084448027	0
gene859	0	0
gene860	0	-0.86485350773108
gene861	0	0
gene862	0	0
gene863	0	0
gene864	0	0
gene865	0	0
gene866	0	0
gene867	0	0
gene868	0	0
gene869	0	0
gene870	0	0
gene871	0	0.905261079343585
gene872	0.623271924289906	0
gene873	0	0
gene874	0	0
gene875	0.2702907273227	0
gene876	0	0
gene877	0	0
gene878	0	0
gene879	0	0
gene880	0	0
gene881	0	0
gene882	0	0
gene883	0	0
gene884	0	0
gene885	0	0
gene886	0	0
gene887	0	0
gene888	0	0
gene889	0	0
gene890	0	0
gene891	0	0
gene892	0	0
gene893	0	0
gene894	0	0
gene895	0	0
gene896	0	0
gene897	0	0
gene898	1.30401033272742	0
gene899	0	0
gene900	0	0
gene901	0	0
gene902	0	0
gene903	0	0
gene904	0	0
gene905	0	0
gene906	0	0
gene907	0	0
gene908	0	0
gene909	-0.225511267293333	0
gene910	0	0
gene911	0	0
gene912	0	0
gene913	0	0
gene914	-0.305004697890378	0
gene915	0	0
gene916	0	0
gene917	0	0
gene918	-0.316131375208916	0
gene919	0	0
gene920	0	0
gene921	0	0
gene922	0	0
gene923	0	0
gene924	0	0
gene925	0	0
gene926	0	0
gene927	0	0
gene928	0	0
gene929	0	0
gene930	0	0
gene931	0	0
gene932	0	0
gene933	0	0
gene934	0	0
gene935	0	0
gene936	0	0
gene937	0	0
gene938	0	0
gene939	0	0
gene940	-1.70069189505455	0
gene941	0	0
gene942	0	0
gene943	0	0
gene944	0	0
gene945	0	0
gene946	0	0
gene947	0	0
gene948	0.991226069756874	0
gene949	-1.3518572016424	0
gene950	0	0
gene951	0	0
gene952	0	0
gene953	0	0
gene954	0	0
gene955	0	0
gene956	0	0
gene957	1.02950680540533	0
gene958	0	0
gene959	0	0
gene960	0	0
gene961	0	0
gene962	0	0
gene963	0	0
gene964	0	0
gene965	0	0
gene966	0	0
gene967	0	0
gene968	0	0
gene969	0	-0.984976866073818
gene970	0	0
gene971	0	0
gene972	0	0
gene973	0	0
gene974	0	0
gene975	0	0
gene976	-1.57571206134647	0
gene977	0	0
gene978	0	0
gene979	0	0
gene980	0	0
gene981	0	0
gene982	0	0
gene983	0	0
gene984	0	0
gene985	0	0.419301907200157
gene986	0	0
gene987	0	0
gene988	0	0
gene989	0	0
gene990	0	0
gene991	0	0
gene992	0	0
gene993	0	0
gene994	0	0
gene995	-0.776366454626966	0
gene996	0	0
gene997	0.378873758484219	0
gene998	0	0
gene999	0	0
gene1000	0	0
gene1001	0	0
gene1002	0	0
gene1003	0.902677222291476	0
gene1004	0	0
gene1005	0.0513446990597609	0
gene1006	0	0
gene1007	0	0
gene1008	0	0
gene1009	0	0
gene1010	0	0
gene1011	0	0
gene1012	0	0
gene1013	0	0
gene1014	0	1.0217676550699
gene1015	0	-0.480318991443676
gene1016	0	0
gene1017	0	0
gene1018	0	0
gene1019	0	0
gene1020	0	0
gene1021	0	0
gene1022	0	0
gene1023	0	0.0575236082004836
gene1024	0	1.63222628757068
gene1025	0	0
gene1026	0	0
gene1027	0	0
gene1028	0	0
gene1029	0	0
gene1030	0	0
gene1031	0	0
gene1032	0	0
gene1033	0	0
gene1034	0	0
gene1035	0	0.401506052161914
gene1036	0	0
gene1037	0	0
gene1038	0	0.177495921237386
gene1039	0	0
gene1040	0	0
gene1041	0	0
gene1042	0	0
gene1043	0	-0.596401472669506
gene1044	0	0
gene1045	0	0
gene1046	0	0
gene1047	0	0
gene1048	0	0
gene1049	0	0
gene1050	0	0
gene1051	0	0
gene1052	0	0
gene1053	0	0
gene1054	0	0
gene1055	0	0
gene1056	0	0
gene1057	0	0
gene1058	0	0
gene1059	0	0
gene1060	-1.11716556989809	0
gene1061	0	0
gene1062	0	0
gene1063	0	0
gene1064	0	0
gene1065	0	0
gene1066	0	-1.63695499178336
gene1067	0	0
gene1068	0	0
gene1069	0	0
gene1070	0	0
gene1071	0	0
gene1072	0	0
gene1073	0	-0.852501051139556
gene1074	0	0
gene1075	0	0
gene1076	0	0
gene1077	0	0
gene1078	0	0
gene1079	0	0
gene1080	0	0
gene1081	0	0
gene1082	0	0
gene1083	0	0
gene1084	0	0
gene1085	0	0
gene1086	0	0
gene1087	0	0
gene1088	0	0
gene1089	0	0
gene1090	0	0
gene1091	0	0
gene1092	0	0
gene1093	0	0
gene1094	0.92103342420561	0
gene1095	0.425654337544311	0
gene1096	0	0
gene1097	0	0
gene1098	0	0
gene1099	0	0
gene1100	0	0
gene1101	0	0
gene1102	0	0
gene1103	0	0
gene1104	0	0
gene1105	0	0
gene1106	0	0
gene1107	0	0
gene1108	0	0
gene1109	0	0
gene1110	0	0
gene1111	0	0
gene1112	0	1.97166892745601
gene1113	0	0
gene1114	0	0.586599981986629
gene1115	0	-1.36150307905455
gene1116	0	0
gene1117	0	-0.640671720926812
gene1118	0	0
gene1119	0	0
gene1120	0	0
gene1121	0	0
gene1122	0	0
gene1123	0	0
gene1124	0	0
gene1125	0	0
gene1126	0	0
gene1127	0	0
gene1128	0.689805903173797	0
gene1129	0	0
gene1130	0	0
gene1131	0	0
gene1132	0.714944353723267	0
gene1133	0	0
gene1134	0	0
gene1135	0	0
gene1136	0	0
gene1137	0	0
gene1138	0	0
gene1139	0	0
gene1140	0	0
gene1141	0	0
gene1142	0	0
gene1143	0	0
gene1144	0	0
gene1145	0	-0.14622471154346
gene1146	0	0
gene1147	0	0
gene1148	0	0.147573402102415
gene1149	0	0
gene1150	0	0
gene1151	0	0
gene1152	0	0
gene1153	0	0
gene1154	0	0.644514025462927
gene1155	0	0
gene1156	0	0
gene1157	0	0
gene1158	2.17903033533117	0
gene1159	-0.724139726088387	0
gene1160	0	0
gene1161	0	0
gene1162	0	0
gene1163	0	0
gene1164	0	0
gene1165	0	0
gene1166	0	0
gene1167	0	0
gene1168	0	0
gene1169	0	0
gene1170	0	0
gene1171	0	0
gene1172	0	0
gene1173	0	0
gene1174	0	0
gene1175	0	-1.32884356748332
gene1176	0	0
gene1177	0	0
gene1178	0	0
gene1179	0	0
gene1180	0	0
gene1181	0	0
gene1182	0	0
gene1183	0	0.227141006036804
gene1184	0	0
gene1185	0	0
gene1186	0	0
gene1187	0	0
gene1188	0	0
gene1189	-0.569629110130566	1.67997993905279
gene1190	0	0
gene1191	0	0
gene1192	0	0
gene1193	0	-1.26130312069217
gene1194	-1.52628089401637	0
gene1195	0	0
gene1196	0	0
gene1197	0	0.874207783524998
gene1198	0	0
gene1199	0.681148804175659	0
gene1200	0	0
gene1201	0	0
gene1202	0	0
gene1203	0	0
gene1204	0	0
gene1205	0	-0.842661257541133
gene1206	0	0
gene1207	0	0
gene1208	0	0
gene1209	0	0
gene1210	0	0
gene1211	0	-2.31365105135462
gene1212	0	0
gene1213	0	0
gene1214	0	0.176868349426672
gene1215	0	0
gene1216	0	0
gene1217	0	0
gene1218	0	0
gene1219	0	0
gene1220	0	0
gene1221	0	0
gene1222	0	0
gene1223	0	0
gene1224	0	-1.07299059825279
gene1225	0	0.672327189165813
gene1226	0	0
gene1227	0	0
gene1228	0	0
gene1229	0	0
gene1230	0	0
gene1231	0	0
gene1232	0	0
gene1233	0	0
gene1234	0	0
gene1235	0	0
gene1236	0	0
gene1237	0	0
gene1238	0	0
gene1239	0	0
gene1240	0	0
gene1241	0	0
gene1242	0	0
gene1243	0	0
gene1244	0	0
gene1245	0	-1.58470463921389
gene1246	0	0
gene1247	0	0
gene1248	0	0
gene1249	0	0
gene1250	0	0
gene1251	0	0
gene1252	0	0
gene1253	0	0
gene1254	0	-1.33756803454415
gene1255	0	0
gene1256	0	0
gene1257	0	0
gene1258	0	0
gene1259	0	0
gene1260	0	0
gene1261	0	0
gene1262	0	0
gene1263	0	0
gene1264	0	0.239420747487086
gene1265	0	0
gene1266	0	0
gene1267	0	0
gene1268	0	0
gene1269	0	0
gene1270	0	0
gene1271	0	-0.0642763965992235
gene1272	0	0
gene1273	0	0
gene1274	0	0
gene1275	0	0
gene1276	0	0
gene1277	0	0
gene1278	0	0
gene1279	0	0
gene1280	0	0
gene1281	0	0
gene1282	0	0
gene1283	0	0
gene1284	0	0
gene1285	0	0
gene1286	0	0
gene1287	0	0
gene1288	0.000415241012882702	0
gene1289	0	0
gene1290	0	0
gene1291	0	0
gene1292	0	0
gene1293	0	0
gene1294	0	-1.37454932499262
gene1295	0	0
gene1296	0	0
gene1297	0	0
gene1298	0	0
gene1299	0	0
gene1300	0.23101628494918	0
gene1301	0	0
gene1302	0	0
gene1303	0	-0.00701124324337025
gene1304	0	0
gene1305	0	2.19715767127842
gene1306	0	1.56372993619564
gene1307	0	0
gene1308	0	0
gene1309	0	0
gene1310	0	0
gene1311	0	0
gene1312	0	-0.384509080196876
gene1313	0	0
gene1314	0	0.575976144095525
gene1315	0	0
gene1316	0	0
gene1317	0	0.634959824659264
gene1318	0	0
gene1319	0	0
gene1320	0	0
gene1321	0	0
gene1322	0	0
gene1323	0	0
gene1324	0.757130549069381	0
gene1325	0	0
gene1326	0	0
gene1327	0	0
gene1328	0	0
gene1329	0	0
gene1330	0	0
gene1331	0	1.56754505767983
gene1332	0	0
gene1333	0	0
gene1334	0	0
gene1335	0	0
gene1336	0	0
gene1337	0	0
gene1338	0	0
gene1339	0	0
gene1340	0	0
gene1341	0	0
gene1342	0	0
gene1343	0	0.321193395179275
gene1344	0	0
gene1345	0	0
gene1346	0	0
gene1347	0	0
gene1348	0	0
gene1349	0	0
gene1350	0	0
gene1351	0	0
gene1352	0	0
gene1353	0	0
gene1354	0	0
gene1355	0	0.792787525707282
gene1356	0	0
gene1357	0	0
gene1358	0	0
gene1359	0	0
gene1360	-0.421882991676462	0
gene1361	0	0
gene1362	0	0
gene1363	-0.351720745896872	0
gene1364	0	0
gene1365	0	0
gene1366	-1.5671964325785	0
gene1367	0	0
gene1368	0	2.22828716992909
gene1369	0	0
gene1370	0	0
gene1371	0	1.05711576426598
gene1372	0	0
gene1373	0	0
gene1374	0	0
gene1375	0	0
gene1376	0	0
gene1377	0	0
gene1378	0	-0.525363298138436
gene1379	0	0
gene1380	0	0
gene1381	0	0
gene1382	0	0
gene1383	0	0
gene1384	0	0
gene1385	0	0
gene1386	-1.86887421713355	0
gene1387	0	0
gene1388	0	0
gene1389	0	0
gene1390	0	0
gene1391	0	0
gene1392	0	0.261342279428904
gene1393	0	0
gene1394	0	0
gene1395	0	0
gene1396	0	0
gene1397	0	0
gene1398	0	0
gene1399	0.174917415083606	0
gene1400	0	0
gene1401	0	0
gene1402	1.58444695330464	0
gene1403	0	0
gene1404	0	0.770797152496506
gene1405	0	0
gene1406	0	0
gene1407	0	0
gene1408	0	0
gene1409	0	0
gene1410	0	0
gene1411	0	0
gene1412	0	0
gene1413	0	0
gene1414	0	-0.825782034834852
gene1415	0	0
gene1416	0	0
gene1417	0	0
gene1418	0	0
gene1419	0	0
gene1420	0	0
gene1421	0	0
gene1422	0	0
gene1423	0	0
gene1424	0	0
gene1425	0	0
gene1426	0	0
gene1427	0	0
gene1428	0	0
gene1429	0	0
gene1430	0	0
gene1431	0	-1.11212795251391
gene1432	0	0
gene1433	0	0
gene1434	0	0
gene1435	0	0
gene1436	0	0
gene1437	0.198188894399197	0
gene1438	0	0
gene1439	0	0
gene1440	0	0
gene1441	0	0
gene1442	0	0
gene1443	0	0
gene1444	0	0
gene1445	0	0
gene1446	0	0
gene1447	0	0
gene1448	0	0
gene1449	0	0
gene1450	0	0
gene1451	0	0
gene1452	0	0
gene1453	0	0
gene1454	0	0
gene1455	0	0
gene1456	0	0
gene1457	-0.737245550415005	0
gene1458	0	0
gene1459	0	0
gene1460	0	0
gene1461	0	0.314083231105356
gene1462	0	0
gene1463	0	0
gene1464	0	0
gene1465	0	0
gene1466	-0.396361277783103	0
gene1467	0	-0.107789450400215
gene1468	0	0
gene1469	0	0
gene1470	0	0
gene1471	0	0
gene1472	0	0
gene1473	0	0
gene1474	0	0
gene1475	0.000855264598643274	0
gene1476	0	0
gene1477	0	0
gene1478	0	0
gene1479	0	0
gene1480	0	0
gene1481	0	0
gene1482	0	0
gene1483	0	0
gene1484	0	0
gene1485	0	0
gene1486	0	0
gene1487	0	0
gene1488	0	0
gene1489	0	0
gene1490	0	0
gene1491	0	0
gene1492	0	0
gene1493	0	0
gene1494	0	0
gene1495	0	0
gene1496	-1.46185365999069	0
gene1497	0	0
gene1498	0	0
gene1499	0	0
gene1500	0	0
gene1501	-0.546711100336939	0
gene1502	0	0.354232227527918
gene1503	0	0
gene1504	0	0
gene1505	0	0
gene1506	0	0
gene1507	0	0
gene1508	0	0
gene1509	0	0
gene1510	2.28729914721773	0
gene1511	0	0
gene1512	0.209385807958445	0.565530974306775
gene1513	0	0
gene1514	0	0
gene1515	0	0.313086454503314
gene1516	0	0
gene1517	0	0
gene1518	0	0
gene1519	0	0
gene1520	0	0
gene1521	0	0
gene1522	0	0
gene1523	0	0
gene1524	0.647106092230263	0
gene1525	0.685168526447392	0
gene1526	0	0
gene1527	0	0
gene1528	0	0
gene1529	0	0
gene1530	-0.817293025881973	0
gene1531	0	0.068652511688849
gene1532	0	0
gene1533	0	0
gene1534	1.32272707696454	0
gene1535	0	0
gene1536	0	0
gene1537	0	0
gene1538	0	0
gene1539	0	0
gene1540	0	0
gene1541	0	0
gene1542	0	0
gene1543	0	0
gene1544	0	0
gene1545	0	-0.774719955362042
gene1546	0	2.2148097809595
gene1547	0	0
gene1548	0	0
gene1549	0	1.25344452468612
gene1550	0	0
gene1551	0	0
gene1552	0	0
gene1553	0	0
gene1554	0	0
gene1555	0	0
gene1556	0	0
gene1557	0	1.0126890000988
gene1558	0	0
gene1559	0	0
gene1560	0	0
gene1561	0	0
gene1562	0.396726005712645	0
gene1563	0	0
gene1564	0	0
gene1565	0	0
gene1566	0.442267933402932	0
gene1567	0.343335733966156	0
gene1568	0	0
gene1569	0	0
gene1570	0	0
gene1571	0	0
gene1572	0	0.488622961562992
gene1573	0	0
gene1574	0	0
gene1575	0	0
gene1576	0	0
gene1577	0	0
gene1578	0	0
gene1579	0	0
gene1580	0	0
gene1581	0	0
gene1582	0	0
gene1583	0	0
gene1584	0	0
gene1585	-0.046128770814564	0
gene1586	0	0
gene1587	-1.64482972429304	0
gene1588	0	0
gene1589	0	0
gene1590	0	0
gene1591	0	0
gene1592	0	0
gene1593	0	0
gene1594	0	0
gene1595	0	0
gene1596	0	0
gene1597	0	0
gene1598	0	0
gene1599	0	0
gene1600	0	0
gene1601	0	0
gene1602	0	0
gene1603	0	0
gene1604	0	0
gene1605	0	0
gene1606	0	0
gene1607	0	0
gene1608	0	0
gene1609	0	0
gene1610	0	0
gene1611	0	0
gene1612	0	0
gene1613	0	0
gene1614	0	0
gene1615	0	0
gene1616	0	0
gene1617	0	0
gene1618	0	-0.336310034418118
gene1619	0	0
gene1620	0.672370188369851	0
gene1621	0	0
gene1622	0	0
gene1623	0	0
gene1624	0	0
gene1625	0	0.369494568249335
gene1626	0	0
gene1627	0	-0.485826770551035
gene1628	0	0
gene1629	0	0
gene1630	0	0
gene1631	0	0
gene1632	0	0
gene1633	0	0
gene1634	0	0
gene1635	0	0
gene1636	0	0
gene1637	0	1.01288800634735
gene1638	0	0
gene1639	0	0
gene1640	0	0
gene1641	0	0
gene1642	0	0
gene1643	0	0
gene1644	1.8865085657822	0
gene1645	0	-1.43104924502192
gene1646	0	0
gene1647	0	0
gene1648	0	0
gene1649	0	0
gene1650	0	0
gene1651	-0.379666019607246	0
gene1652	0	0
gene1653	0	0
gene1654	0	0
gene1655	0	-0.127219545228847
gene1656	0	0
gene1657	0	0
gene1658	0	0.443437158588448
gene1659	0	0
gene1660	0	0
gene1661	0	0
gene1662	0	0
gene1663	0	0
gene1664	0	0
gene1665	0	0
gene1666	0	0
gene1667	0	0
gene1668	0	-0.0932138859346262
gene1669	0	0
gene1670	-0.093805958077796	0
gene1671	0	0
gene1672	0	0
gene1673	0	0
gene1674	0	0
gene1675	-1.05346920059557	0
gene1676	0	0
gene1677	0	0
gene1678	0	0
gene1679	0	0
gene1680	0	0
gene1681	0	0
gene1682	0	0
gene1683	0	0
gene1684	-0.284579015531045	0
gene1685	0	0
gene1686	0	0
gene1687	0	0
gene1688	0	0
gene1689	0	0
gene1690	0	0
gene1691	0	0
gene1692	0	0
gene1693	0	0
gene1694	0	0
gene1695	0	0
gene1696	0	0
gene1697	0	0
gene1698	0	0
gene1699	0	0
gene1700	0	0
gene1701	0	0
gene1702	0	0
gene1703	0	0
gene1704	0	0
gene1705	-3.12854573039422	3.2741012515057
gene1706	0	0
gene1707	0	0
gene1708	0	0
gene1709	0	0
gene1710	0	0
gene1711	0	0
gene1712	0	0
gene1713	0	0
gene1714	0	0
gene1715	0	0
gene1716	0	0
gene1717	0	0
gene1718	0	0
gene1719	0	0
gene1720	0	0
gene1721	0	0
gene1722	0	0
gene1723	0	0
gene1724	0	0
gene1725	0	0
gene1726	0	0
gene1727	0	0
gene1728	0	0
gene1729	0	0
gene1730	0	0
gene1731	0	0
gene1732	0	0
gene1733	0	0
gene1734	0	0
gene1735	0	0
gene1736	0.692199323763226	0
gene1737	0	0
gene1738	0	0
gene1739	0	0
gene1740	0	0
gene1741	0	0
gene1742	0	0
gene1743	0	0
gene1744	0	0
gene1745	0	0
gene1746	1.37442108097506	0
gene1747	0	0
gene1748	0	0
gene1749	0	0
gene1750	0	0
gene1751	0	0
gene1752	0	0
gene1753	0	0
gene1754	0	0
gene1755	0	0
gene1756	0	0
gene1757	0	-0.644261176732831
gene1758	0	0
gene1759	0	0
gene1760	0	0
gene1761	0	0
gene1762	0	0
gene1763	0	0
gene1764	0	0
gene1765	0	0
gene1766	0	0
gene1767	0	0
gene1768	0	0
gene1769	0	0
gene1770	0	-2.15011642056311
gene1771	0	0
gene1772	0	-2.10439609945661
gene1773	0	0
gene1774	0	-0.606637997191728
gene1775	0	0
gene1776	0	0
gene1777	0	0
gene1778	0	0
gene1779	0	0
gene1780	0	0
gene1781	0	0
gene1782	0	0
gene1783	0	0
gene1784	0	0
gene1785	0	0
gene1786	0.284211271204513	0
gene1787	0	0
gene1788	0	0
gene1789	0	0
gene1790	0	0
gene1791	0	0
gene1792	0	0
gene1793	0.257140326951691	0
gene1794	0	0
gene1795	0	0
gene1796	0	0
gene1797	0	0
gene1798	0	0
gene1799	0	0
gene1800	0	0
gene1801	0	0
gene1802	0	0
gene1803	0	0
gene1804	0	0
gene1805	0	0.602762006965337
gene1806	0	0
gene1807	0	0
gene1808	0	0
gene1809	0	0
gene1810	0	-0.396094084280832
gene1811	0	0
gene1812	0	0
gene1813	0	0
gene1814	0	0
gene1815	0	0
gene1816	0	0
gene1817	0	0
gene1818	0	0
gene1819	0	-1.27259495754552
gene1820	0	0
gene1821	0	0
gene1822	0	0
gene1823	0	0
gene1824	0	0
gene1825	0	0
gene1826	0	0
gene1827	0	0
gene1828	0	0
gene1829	0	0
gene1830	0	-0.632367295493759
gene1831	0	0
gene1832	0	0
gene1833	0	0
gene1834	0	0
gene1835	0	0
gene1836	0	0.453415405713344
gene1837	0	0
gene1838	0	0
gene1839	0	0
gene1840	-2.30567913364665	0.632893907135748
gene1841	0	0
gene1842	0	0
gene1843	0	0
gene1844	0	0
gene1845	-2.04587187624712	0
gene1846	0	0
gene1847	0	0
gene1848	0	-1.39518322934569
gene1849	0	0
gene1850	0	0
gene1851	0	0
gene1852	0	0
gene1853	0	0
gene1854	0	0
gene1855	0	0
gene1856	0	0
gene1857	0	-1.8772214567698
gene1858	0	0
gene1859	0	0
gene1860	0	0
gene1861	0	0
gene1862	0	-0.206995872902336
gene1863	0	0
gene1864	-0.230546897866914	0
gene1865	0	0
gene1866	1.00174467346401	0
gene1867	0	0
gene1868	0	0
gene1869	0	0
gene1870	0	0
gene1871	0	0
gene1872	0	0.321985443359198
gene1873	0	0
gene1874	0	0
gene1875	0	0.923323870378126
gene1876	0	0
gene1877	0	0
gene1878	0	0
gene1879	0	0
gene1880	0	0
gene1881	0	0
gene1882	0	0
gene1883	0	0
gene1884	0	0
gene1885	0	0
gene1886	0	0
gene1887	0	0
gene1888	0	0
gene1889	-0.0663635485015856	0
gene1890	0	0
gene1891	0	0
gene1892	0	0
gene1893	0	0
gene1894	0	0
gene1895	0	2.42834662597418
gene1896	0	0
gene1897	0	0
gene1898	0	0
gene1899	0	0
gene1900	0	0
gene1901	0	0
gene1902	0	0
gene1903	0	0
gene1904	0	0
gene1905	0	0
gene1906	0	0
gene1907	0	0
gene1908	0	0
gene1909	1.04925124090255	0
gene1910	0	0
gene1911	0	0
gene1912	0	0
gene1913	0	0
gene1914	0	0
gene1915	0	0
gene1916	0	0
gene1917	0	0
gene1918	0	1.20762149206426
gene1919	0	0
gene1920	0	0.622304950519824
gene1921	0	0
gene1922	0	0
gene1923	0	0
gene1924	0	0
gene1925	0	0
gene1926	0	0
gene1927	2.00053439988256	0
gene1928	0	0
gene1929	0	1.3181321577516
gene1930	0	0
gene1931	0	0
gene1932	0	0
gene1933	0	0
gene1934	0	0
gene1935	0	0
gene1936	0	0
gene1937	0	0
gene1938	0	0
gene1939	0.49558388636902	0
gene1940	0.0974885008002453	0
gene1941	0	0
gene1942	0	0
gene1943	0	0
gene1944	0	0
gene1945	0	-0.254394069354949
gene1946	0	0
gene1947	0.0584077323925516	0
gene1948	0	0
gene1949	-0.784955774743061	0
gene1950	-2.49902234163743	0
gene1951	0	0
gene1952	0	0
gene1953	0.0315864758521703	0
gene1954	0	0
gene1955	0	0
gene1956	0	0
gene1957	0	0
gene1958	0	0
gene1959	0	0
gene1960	0	0
gene1961	0	0
gene1962	-0.145349398836611	0
gene1963	0	0
gene1964	0	0
gene1965	0	0
gene1966	0	0
gene1967	0	0
gene1968	0	0
gene1969	0	0
gene1970	0	0
gene1971	0	0
gene1972	-1.12239918101022	0
gene1973	0	0
gene1974	0	0
gene1975	0	0
gene1976	-0.00547900808172204	0
gene1977	0	0
gene1978	0	0
gene1979	0	0
gene1980	0	0
gene1981	0	0
gene1982	0	0
gene1983	0	0
gene1984	0	0
gene1985	0	0
gene1986	0	0
gene1987	-1.46431889259443	0
gene1988	0	0
gene1989	0	0
gene1990	0	0
gene1991	0	0
gene1992	0	0
gene1993	0	0
gene1994	0	0
gene1995	-0.891448275649501	0
gene1996	0	0
gene1997	0	0
gene1998	0	0
gene1999	0	0
gene2000	0	0
gene2001	0	0
gene2002	0	0
gene2003	0	0
gene2004	0	0
gene2005	0	0
gene2006	0	0
gene2007	0	0
gene2008	0	0.53833562407626
gene2009	0	-1.58976144354473
gene2010	0	0
gene2011	0	0
gene2012	0	0
gene2013	0	0
gene2014	0	0
gene2015	0	0
gene2016	0	0
gene2017	0	-1.40279171257072
gene2018	0	0.872775070878069
gene2019	0	0
gene2020	0	0
gene2021	0	0
gene2022	0	0
gene2023	0	0
gene2024	0	-0.364685930465358
gene2025	0	0
gene2026	0	0
gene2027	0	0
gene2028	0	0
gene2029	0	0
gene2030	0	0
gene2031	0	0
gene2032	0	0
gene2033	0	0
gene2034	0	0
gene2035	-0.0105578185731885	0
gene2036	0	0
gene2037	0	0
gene2038	0	0
gene2039	0	0
gene2040	0	0
gene2041	-2.73627283307901	0
gene2042	0	0
gene2043	0	0
gene2044	0	0
gene2045	0	0
gene2046	0	0
gene2047	0	0
gene2048	0	0
gene2049	0	0
gene2050	0	0
gene2051	0	0
gene2052	0	0
gene2053	0	0
gene2054	0	0
gene2055	0	0
gene2056	0	0.546085125891012
gene2057	0	0
gene2058	0	0
gene2059	0	0
gene2060	-0.36944935453853	0
gene2061	0	0
gene2062	0	0
gene2063	0	0
gene2064	0	0
gene2065	0	0
gene2066	0	0
gene2067	-0.0697549221229525	0
gene2068	1.33364221004203	0
gene2069	0	0
gene2070	0	0
gene2071	0	0
gene2072	0	0
gene2073	-0.839738793544449	-2.0010288997445
gene2074	0	0
gene2075	0	0
gene2076	0	0
gene2077	0	0
gene2078	0	0
gene2079	0	0
gene2080	0	0
gene2081	0	0
gene2082	0	0
gene2083	0	0
gene2084	0	0
gene2085	0	0
gene2086	0	0
gene2087	0	0
gene2088	0	0
gene2089	0	0
gene2090	0	0
gene2091	0	0
gene2092	0	0
gene2093	0	0
gene2094	0	0
gene2095	0	0
gene2096	0	0
gene2097	0	0
gene2098	0	0
gene2099	0.0305847013915479	0
gene2100	0	0
gene2101	0	0
gene2102	0	0
gene2103	0	0
gene2104	0	0
gene2105	0	0
gene2106	0	-1.48818243536393
gene2107	2.66081753564661	0
gene2108	0	0
gene2109	0	0
gene2110	0	0
gene2111	0	0
gene2112	0	0
gene2113	0	0
gene2114	0	0
gene2115	0	0
gene2116	0	0
gene2117	0	0.0667527162560467
gene2118	0	0
gene2119	0	0
gene2120	0	0
gene2121	0	0
gene2122	0	0
gene2123	0	0
gene2124	0	0
gene2125	0.662608357668937	0
gene2126	0	0
gene2127	0	0
gene2128	0	0
gene2129	0	0
gene2130	0	0
gene2131	0	0
gene2132	0	0
gene2133	0	0
gene2134	0	0
gene2135	0	0
gene2136	0	0
gene2137	0	0
gene2138	0	0
gene2139	0	0
gene2140	0	0
gene2141	0	0
gene2142	0	0
gene2143	1.61455420281923	0
gene2144	0	0
gene2145	0	0
gene2146	-1.41126549003564	0
gene2147	0	0
gene2148	0	-2.87770604728969
gene2149	0	0
gene2150	0	0
gene2151	0	0
gene2152	0	0
gene2153	0	0
gene2154	0	0
gene2155	0	0
gene2156	0	0
gene2157	0	0
gene2158	0	0
gene2159	0.709379271341472	0
gene2160	0.792474432705416	0
gene2161	0	0
gene2162	0	0
gene2163	0	0
gene2164	0	0
gene2165	0	0
gene2166	0	0
gene2167	1.44316039014447	0
gene2168	0	0
gene2169	0	0
gene2170	0	0
gene2171	0	0
gene2172	0	0
gene2173	0	0
gene2174	0	0
gene2175	0	0
gene2176	0	0
gene2177	0	0
gene2178	2.22306704942692	0.38536844252671
gene2179	0	0
gene2180	-2.31721511716672	0
gene2181	0	0
gene2182	0	0
gene2183	0	0
gene2184	0	0
gene2185	0	0
gene2186	0	0
gene2187	0	0
gene2188	0	0
gene2189	0	0
gene2190	0	1.03579935565279
gene2191	0	0
gene2192	0	0
gene2193	0	0
gene2194	0	-0.144348808719002
gene2195	0	0
gene2196	0	0
gene2197	0	0
gene2198	0	0
gene2199	0	0
gene2200	0	0
gene2201	0	0
gene2202	0	0
gene2203	0	0
gene2204	0	0
gene2205	0	0
gene2206	-0.510882904978753	0
gene2207	0	0
gene2208	0	0
gene2209	0	0
gene2210	0	0
gene2211	0	0
gene2212	0	0
gene2213	0	0
gene2214	0	0
gene2215	0	0
gene2216	1.38544603803413	0
gene2217	0	0
gene2218	-0.165471278431698	0
gene2219	0	0
gene2220	0	0
gene2221	0	0
gene2222	0	0
gene2223	0	1.56677935019571
gene2224	0	0
gene2225	0	0
gene2226	0	0
gene2227	0	0
gene2228	0	0
gene2229	0	0
gene2230	0	0
gene2231	0	0
gene2232	0	0
gene2233	0	0
gene2234	0	0
gene2235	0	0
gene2236	0	0
gene2237	0	0
gene2238	0	0
gene2239	0	0
gene2240	0	0
gene2241	0	0
gene2242	0	0
gene2243	0	0
gene2244	0	0
gene2245	-0.791236889322172	0
gene2246	0	0
gene2247	0	0
gene2248	0	0
gene2249	0	0
gene2250	-1.27471646586073	0
gene2251	0	-2.50755667985102
gene2252	0	0
gene2253	0	0
gene2254	0	0
gene2255	0	0
gene2256	0	0
gene2257	0	0
gene2258	0	-1.82561934397118
gene2259	0	0
gene2260	0	0
gene2261	0	0
gene2262	0	0
gene2263	0	0
gene2264	0	0
gene2265	0	0
gene2266	0	0
gene2267	0	0
gene2268	0	0
gene2269	0	-0.797526872133857
gene2270	0	0
gene2271	0	2.08303160813658
gene2272	0	0
gene2273	0	0
gene2274	0	0
gene2275	0	0
gene2276	0	0
gene2277	0	0
gene2278	0	-0.214143395010119
gene2279	0	0
gene2280	0	0
gene2281	0	0
gene2282	0	0
gene2283	0	0
gene2284	0	0
gene2285	0	0
gene2286	0	0
gene2287	0	0
gene2288	0	0
gene2289	0	0
gene2290	0	0
gene2291	0	0
gene2292	0	0
gene2293	0	0
gene2294	0	-0.563262775526664
gene2295	0	0
gene2296	0	0
gene2297	0	0
gene2298	0	0
gene2299	0	0
gene2300	0	-2.64152985569649
gene2301	0	0
gene2302	0	0
gene2303	0	0
gene2304	0	0
gene2305	0	0
gene2306	0	0
gene2307	0	0
gene2308	0	0
gene2309	0	0
gene2310	0	0
gene2311	0	0
gene2312	0	0
gene2313	0	0
gene2314	0	0
gene2315	0	0
gene2316	0	0
gene2317	0	0
gene2318	-0.41682542444119	0
gene2319	0	1.16318027965329
gene2320	0	0.927704019371025
gene2321	0	0
gene2322	0	0
gene2323	0	0
gene2324	0	0
gene2325	0	0
gene2326	0	-1.87469646583683
gene2327	0	0
gene2328	0	0
gene2329	0	0
gene2330	0.815743303576924	0
gene2331	0	0
gene2332	0	0
gene2333	0	0
gene2334	0	2.94555398205409
gene2335	0	0
gene2336	0	0
gene2337	0	0
gene2338	1.56450377978436	0
gene2339	0	0
gene2340	0	0
gene2341	0	0
gene2342	-1.33173254146093	0
gene2343	0	0
gene2344	0	0
gene2345	0	0
gene2346	0	0
gene2347	0	0
gene2348	0	0
gene2349	0	1.53134368059572
gene2350	0	0
gene2351	0	0
gene2352	0	0
gene2353	0	0
gene2354	0	0
gene2355	0	0
gene2356	0	0
gene2357	0	0
gene2358	0	0
gene2359	0	0
gene2360	0	0
gene2361	0	0
gene2362	0	0
gene2363	0	0
gene2364	0	0
gene2365	0	0
gene2366	0	0
gene2367	0	2.24004094752555
gene2368	0	0
gene2369	0	0
gene2370	-1.81080780696358	0
gene2371	0	0
gene2372	0	0
gene2373	0	0
gene2374	0	-1.70020909840779
gene2375	0	0
gene2376	0	0
gene2377	0	0
gene2378	0	0
gene2379	0	0
gene2380	0	0
gene2381	0	0
gene2382	0	0
gene2383	0	0
gene2384	0	0
gene2385	0	0
gene2386	0	0
gene2387	0.0691317677079703	0
gene2388	0	0
gene2389	0	0
gene2390	0	0
gene2391	0	0
gene2392	0	0
gene2393	0	0
gene2394	0	0
gene2395	-2.01213829551398	0
gene2396	0	0
gene2397	0	0
gene2398	0	0
gene2399	0	0
gene2400	-1.3481511576953	0
gene2401	0	0
gene2402	0	0
gene2403	0	0
gene2404	0.237291069745746	0
gene2405	0	0
gene2406	0	0
gene2407	0.839296795956877	0
gene2408	0	0
gene2409	0	0
gene2410	0	0
gene2411	0	0
gene2412	0	0
gene2413	0	0
gene2414	0	0
gene2415	0	0
gene2416	0	0
gene2417	0	0
gene2418	0.598483944017785	0
gene2419	0	0
gene2420	0	0
gene2421	0	0
gene2422	0	0
gene2423	0	0
gene2424	0	0
gene2425	0	0
gene2426	0	0
gene2427	0	0
gene2428	0	0
gene2429	0	0
gene2430	0	0
gene2431	0	0
gene2432	0	0
gene2433	0	0
gene2434	0	0
gene2435	-0.267620818561947	0
gene2436	0	0
gene2437	0	0
gene2438	0	-0.812617072139701
gene2439	0	-1.70401631294137
gene2440	0	0
gene2441	0	0
gene2442	0	0
gene2443	0	0
gene2444	0	0
gene2445	0	0.157923640059039
gene2446	0	0
gene2447	0	0
gene2448	0	0
gene2449	0	0
gene2450	0	0
gene2451	0	0
gene2452	0	0
gene2453	0	0
gene2454	0	0
gene2455	0	0
gene2456	0	0
gene2457	0	0
gene2458	0	0
gene2459	0	0
gene2460	0	0
gene2461	0	0
gene2462	0	0
gene2463	0	0
gene2464	0	0
gene2465	0	0
gene2466	0	0
gene2467	0	0
gene2468	0	0
gene2469	0	0
gene2470	0	0
gene2471	0	0
gene2472	0	0
gene2473	0	0.513338359329159
gene2474	0	0
gene2475	0	0
gene2476	0	0
gene2477	0	0
gene2478	0	0
gene2479	0	0
gene2480	0	0
gene2481	0	0
gene2482	0	0
gene2483	0	0
gene2484	0	1.36895261709471
gene2485	0	-0.0136898309890457
gene2486	0	0
gene2487	0	0
gene2488	0	0
gene2489	0	0
gene2490	0	0
gene2491	0	0
gene2492	0	0
gene2493	0	0
gene2494	0	0
gene2495	0	0
gene2496	0	0
gene2497	0	0
gene2498	0	0
gene2499	0	0
gene2500	-1.97723169165125	0
gene2501	0	0.0737451297338016
gene2502	0	0
gene2503	0	0
gene2504	-3.82743083802001	0
gene2505	0	0
gene2506	0	-0.402516501734947
gene2507	0	0
gene2508	0	0
gene2509	0	0
gene2510	0	0
gene2511	0	0
gene2512	0	0
gene2513	0	0
gene2514	0	0
gene2515	-0.110942230879098	0
gene2516	0	-1.37469854279105
gene2517	0	-1.51644137452331
gene2518	0	0
gene2519	0	0
gene2520	0	0
gene2521	0	0
gene2522	0	0
gene2523	0	0
gene2524	0	0
gene2525	0	0.350936229936851
gene2526	0	0
gene2527	0	-0.22019600518109
gene2528	0.52181216497789	0
gene2529	0	0
gene2530	0	0
gene2531	0	0
gene2532	-0.613330057558573	0
gene2533	0	0
gene2534	0	0
gene2535	0	0
gene2536	0	0
gene2537	0	0
gene2538	0	0
gene2539	0	-1.43998412877278
gene2540	0	0.595621945872258
gene2541	0	0
gene2542	0	0
gene2543	0	0
gene2544	0	0
gene2545	0	0
gene2546	0	0
gene2547	0	0
gene2548	0	0
gene2549	0	0
gene2550	0	0
gene2551	0	0
gene2552	0	0
gene2553	0	0
gene2554	0	0
gene2555	0	0
gene2556	0	0
gene2557	0	1.89870122879267
gene2558	0	-0.576457705084555
gene2559	0	0
gene2560	0.0513145949369208	0
gene2561	0	0
gene2562	-0.318782475976378	0
gene2563	0	0
gene2564	0	0
gene2565	0	0
gene2566	0	0
gene2567	0	0
gene2568	0	0
gene2569	0	0
gene2570	0	0
gene2571	0	0
gene2572	0	0
gene2573	0	0
gene2574	0	0
gene2575	0	0
gene2576	0	0
gene2577	0	0
gene2578	0	0
gene2579	0	0
gene2580	0	0
gene2581	0	0
gene2582	0	0
gene2583	0	0
gene2584	0	0
gene2585	0	0
gene2586	0	0
gene2587	0	0
gene2588	0.66239772612411	0
gene2589	0	0
gene2590	0	0
gene2591	0	0
gene2592	0	0
gene2593	0	0
gene2594	0	0
gene2595	0.101754483266859	0
gene2596	0	0
gene2597	0	0
gene2598	0	0
gene2599	0	0.0650050656400027
gene2600	0	0
gene2601	0	0
gene2602	0	0
gene2603	0	0
gene2604	0	0
gene2605	0	0
gene2606	-1.39016288714679	-1.09940216850691
gene2607	0	0
gene2608	0	0
gene2609	0	-1.33487220909486
gene2610	0	0
gene2611	0	0
gene2612	0	0
gene2613	0	0
gene2614	0	0
gene2615	0	0
gene2616	0	0
gene2617	0	0
gene2618	0	0
gene2619	0	0
gene2620	0	0
gene2621	0	0
gene2622	0	0
gene2623	0	0
gene2624	0	0
gene2625	0	0.874023371116285
gene2626	0	0
gene2627	0	-0.39939755177315
gene2628	0	0
gene2629	0	0
gene2630	0	0
gene2631	0	0
gene2632	0	0
gene2633	0	0
gene2634	0	0
gene2635	0	0
gene2636	0	0
gene2637	0	0
gene2638	0	0
gene2639	-0.528675661869087	0
gene2640	0	0
gene2641	0	0
gene2642	0	0
gene2643	0	0
gene2644	0	0
gene2645	-1.69392773045771	0
gene2646	0	0
gene2647	0	0
gene2648	0	0
gene2649	0	0
gene2650	0	0
gene2651	0	0
gene2652	0	0
gene2653	0	0
gene2654	0	0
gene2655	0	0
gene2656	0	0
gene2657	0	0
gene2658	0	0
gene2659	0	0
gene2660	0	0
gene2661	0	0
gene2662	0	0
gene2663	0	0
gene2664	0	0
gene2665	0	0
gene2666	0	0
gene2667	0	0
gene2668	0	0
gene2669	0	0
gene2670	0	0
gene2671	0	0
gene2672	0	0
gene2673	0	0
gene2674	0	0
gene2675	0	0
gene2676	0	0
gene2677	0	0
gene2678	0	0
gene2679	0	0
gene2680	0.424664961141766	0
gene2681	0	0
gene2682	0	0
gene2683	0	0
gene2684	0	0
gene2685	0	0
gene2686	0	0
gene2687	0	1.83377850347894
gene2688	0	0
gene2689	0	0
gene2690	-1.36576348400582	0
gene2691	0	0
gene2692	0	0
gene2693	0	0
gene2694	0	1.20785425906597
gene2695	0	0
gene2696	0	0
gene2697	0	0
gene2698	0	0
gene2699	0	0
gene2700	0	0
gene2701	0	0
gene2702	0	0
gene2703	0	0
gene2704	0	0
gene2705	0	0
gene2706	0	0
gene2707	0	0
gene2708	0	0
gene2709	0	0
gene2710	0	0
gene2711	0	0
gene2712	0	0
gene2713	0.0928548653611734	0
gene2714	0	0
gene2715	0	0
gene2716	0	0
gene2717	0	0
gene2718	0	0
gene2719	0	0
gene2720	0	0
gene2721	0	0
gene2722	0	0
gene2723	-0.0507745136416274	0.0441460061420995
gene2724	0	0
gene2725	0	0
gene2726	0	0
gene2727	0	0
gene2728	0	0
gene2729	0	0
gene2730	0	0
gene2731	0	0
gene2732	0	0
gene2733	0	0
gene2734	0	0
gene2735	0	0
gene2736	0	-0.0439039759937733
gene2737	0	-1.58760978064487
gene2738	0	0
gene2739	0	0
gene2740	0	0
gene2741	0	0
gene2742	0	0
gene2743	0	0
gene2744	0	0
gene2745	0	0
gene2746	0	0
gene2747	0	0
gene2748	0	0
gene2749	0	0
gene2750	0	0
gene2751	-1.20638248083189	0.827801708182053
gene2752	0	0
gene2753	0	0
gene2754	0	0
gene2755	0	0
gene2756	0	0
gene2757	0	0
gene2758	0	0
gene2759	0	0
gene2760	0	0
gene2761	0	0
gene2762	0	0
gene2763	0	0
gene2764	0.518026368917896	0
gene2765	0	0
gene2766	0	0
gene2767	0	0
gene2768	0	0
gene2769	0	0
gene2770	0	0
gene2771	0	0
gene2772	0	0
gene2773	0	0
gene2774	0	0
gene2775	0	-0.277923006349511
gene2776	0	0
gene2777	0	0
gene2778	0	0
gene2779	0	0
gene2780	0	0
gene2781	0	0
gene2782	0	0
gene2783	0	0
gene2784	0.282537531912459	0
gene2785	0	0.796130515484577
gene2786	0	0
gene2787	0	0
gene2788	0	0
gene2789	-1.38307224287351	0
gene2790	0	0
gene2791	0	0
gene2792	0	0
gene2793	0	0
gene2794	0	0
gene2795	0	0
gene2796	0	0
gene2797	0	0
gene2798	0	0
gene2799	0	0
gene2800	0.251395432171946	0
gene2801	0	0
gene2802	0	0
gene2803	0	0
gene2804	0	0
gene2805	0	0
gene2806	0	0
gene2807	0	0
gene2808	0	0
gene2809	0	0
gene2810	0	0.864970547015377
gene2811	0	0
gene2812	0	0
gene2813	0	0
gene2814	0	0
gene2815	0	0
gene2816	0	0
gene2817	0	0
gene2818	0	0
gene2819	0	0
gene2820	0	0
gene2821	0	0
gene2822	0.0919570276721841	0
gene2823	0	0
gene2824	0	-0.501250398446927
gene2825	0.921037763927377	0
gene2826	0	0
gene2827	0	0
gene2828	0	0
gene2829	0	0
gene2830	0.347517859600254	0
gene2831	0	0
gene2832	0	-2.26275378783789
gene2833	0	0
gene2834	0	0
gene2835	0	0
gene2836	0	0
gene2837	0	0
gene2838	0	0
gene2839	1.06701349692302	0
gene2840	0	1.28100966248688
gene2841	0	0.768415317785241
gene2842	0	0
gene2843	0	0
gene2844	0	0
gene2845	0	0
gene2846	0	0
gene2847	0	0
gene2848	0	0.215684275781336
gene2849	0	0
gene2850	0	0
gene2851	0	0
gene2852	0	0
gene2853	0	0
gene2854	0	0
gene2855	0	0
gene2856	0	0
gene2857	0	0
gene2858	0	0
gene2859	0	0
gene2860	0	0
gene2861	0	1.22925801407249
gene2862	0	0
gene2863	0	0
gene2864	0	0
gene2865	0	0
gene2866	0	-1.99188834505424
gene2867	-1.06566187454284	0
gene2868	0	0
gene2869	0	0
gene2870	0	0
gene2871	0	0
gene2872	0	0
gene2873	2.66321996827752	0
gene2874	0	0
gene2875	0	0
gene2876	0	0
gene2877	0	-1.15722925089768
gene2878	0	0
gene2879	0	0
gene2880	0	0
gene2881	0	0
gene2882	0	0
gene2883	0	0
gene2884	-0.879678512137087	0
gene2885	0	0
gene2886	0	0
gene2887	0	0
gene2888	0	0
gene2889	0	0
gene2890	0	0
gene2891	0.629663973032369	0
gene2892	0	0.887073744452735
gene2893	0	0
gene2894	0	0
gene2895	0	0
gene2896	0	0
gene2897	0	0
gene2898	0	0
gene2899	0	0
gene2900	0	0
gene2901	0	0
gene2902	0	0
gene2903	0	0
gene2904	0	0
gene2905	-0.0861435332282604	0
gene2906	0	0
gene2907	0	0
gene2908	0	0
gene2909	0	0
gene2910	0	0
gene2911	0	-1.58138402531472
gene2912	0	0
gene2913	-2.19014671516834	0
gene2914	0	0
gene2915	0	0
gene2916	0	0
gene2917	0	0
gene2918	0	0
gene2919	0	0
gene2920	0	0
gene2921	0	0
gene2922	0	0
gene2923	0	0
gene2924	0	0
gene2925	0	0
gene2926	0	0
gene2927	0	0
gene2928	0	0
gene2929	0	0
gene2930	0	0
gene2931	0	0
gene2932	0	0
gene2933	0	0
gene2934	0	0
gene2935	0.897245028226619	0.874702347765261
gene2936	0	0
gene2937	0	0
gene2938	0	0
gene2939	0	0
gene2940	0	0
gene2941	0	0
gene2942	0	0
gene2943	0.493368134992241	0
gene2944	0	0
gene2945	0	0
gene2946	0	0
gene2947	0	0
gene2948	0	0
gene2949	0	0.764051625675119
gene2950	0	0
gene2951	0	0
gene2952	0	0
gene2953	0	0
gene2954	0	0
gene2955	0	0
gene2956	0	0
gene2957	0	-1.39385362533798
gene2958	0	0
gene2959	0	0
gene2960	0	0
gene2961	0	0
gene2962	0	0
gene2963	0	0
gene2964	0	0
gene2965	0	0.189933330589152
gene2966	0	0
gene2967	0	0
gene2968	0	0
gene2969	0	0
gene2970	0	0
gene2971	0	0
gene2972	0	0
gene2973	-0.827007871218479	0
gene2974	0.857058257495188	0
gene2975	0	1.80666447993729
gene2976	0	0
gene2977	-0.786552727448078	0
gene2978	0	0
gene2979	0	0
gene2980	0	0
gene2981	0	0
gene2982	0	0
gene2983	0	0
gene2984	0	0
gene2985	0	0
gene2986	-1.49163806731825	0
gene2987	0	0
gene2988	0	0
gene2989	0	0
gene2990	0	0
gene2991	0	0
gene2992	0	0
gene2993	0	0
gene2994	0	0
gene2995	0	0
gene2996	0	0
gene2997	0	0
gene2998	0	0
gene2999	0	0
gene3000	0	0
gene3001	0	0
gene3002	0	0
gene3003	0	0
gene3004	0	0
gene3005	0	0.311516882617173
gene3006	0	0
gene3007	0	0
gene3008	0	0
gene3009	0	0
gene3010	0	0
gene3011	0	0
gene3012	0	0
gene3013	0	0
gene3014	0	0
gene3015	0	0
gene3016	0	0
gene3017	0	0
gene3018	0	0
gene3019	0	0
gene3020	0	0
gene3021	0	0
gene3022	0	0
gene3023	0	0
gene3024	0	0
gene3025	0	0
gene3026	0	0
gene3027	0	0
gene3028	0	0
gene3029	0	0
gene3030	0	0
gene3031	0	0
gene3032	0	0
gene3033	0	0
gene3034	0	0
gene3035	0	0
gene3036	0	0
gene3037	0	0
gene3038	0	0
gene3039	0	0
gene3040	0	0
gene3041	0	0
gene3042	0	0
gene3043	0	0
gene3044	-0.149813287964402	1.15166451879035
gene3045	-0.318443192754042	0
gene3046	0	1.29489393932301
gene3047	0	0
gene3048	0	0
gene3049	0	0
gene3050	0	0
gene3051	0	0
gene3052	0	0
gene3053	0	0
gene3054	0	0
gene3055	0	0
gene3056	0	0
gene3057	0	0
gene3058	0	0
gene3059	0	0
gene3060	0	0
gene3061	0	0
gene3062	0	0
gene3063	0	0
gene3064	0	0
gene3065	0	0
gene3066	0	0
gene3067	0	0
gene3068	0	0
gene3069	0	0
gene3070	0	0
gene3071	0	0
gene3072	0	0
gene3073	0	0
gene3074	0	0
gene3075	0	-0.505638039420588
gene3076	0	0
gene3077	0	0
gene3078	0	0
gene3079	0	0
gene3080	-0.47642295929039	0
gene3081	0	0
gene3082	0	0
gene3083	0	0
gene3084	0	0
gene3085	0	0
gene3086	0	0
gene3087	0	0
gene3088	0	0
gene3089	0	0
gene3090	0	0
gene3091	0	0
gene3092	2.15678184293265	0
gene3093	0	0
gene3094	0	0
gene3095	0	0
gene3096	0	0
gene3097	0	0
gene3098	0	0
gene3099	0	0
gene3100	-1.03718834723676	-1.72059230270465
gene3101	1.02182546331004	0
gene3102	0	0
gene3103	0	0
gene3104	0	0
gene3105	0	-0.932841691152622
gene3106	0	0
gene3107	0	0
gene3108	0	0
gene3109	0	0
gene3110	0	0
gene3111	0	0
gene3112	0	-0.954988920995277
gene3113	0	0
gene3114	1.62462168611483	0
gene3115	0	0
gene3116	0	0
gene3117	0	0
gene3118	0	0
gene3119	0	0
gene3120	0	0
gene3121	0	0
gene3122	0	0
gene3123	0	0
gene3124	0	0
gene3125	0	0
gene3126	0	0
gene3127	0	0
gene3128	-0.680856854092088	0
gene3129	0	0
gene3130	0	0
gene3131	0	0
gene3132	0	0
gene3133	0	0
gene3134	0	0
gene3135	0	0
gene3136	0	0
gene3137	0	-1.25445790259323
gene3138	0	0
gene3139	0	1.08759760532497
gene3140	0	1.36565138735179
gene3141	0	0
gene3142	0	0
gene3143	0	-0.524591967304568
gene3144	0	0
gene3145	0	0
gene3146	0	0
gene3147	0	0.404517955232643
gene3148	0	0
gene3149	0	0
gene3150	0	0
gene3151	0	0
gene3152	0	0
gene3153	0	0
gene3154	0	0
gene3155	0	0
gene3156	0	0
gene3157	0	0
gene3158	0.912527440596695	0
gene3159	0	0
gene3160	0	0
gene3161	0	0
gene3162	0	0
gene3163	0	0
gene3164	0	0
gene3165	0	0
gene3166	0	0
gene3167	-0.860424558763177	0
gene3168	0	0
gene3169	0	0
gene3170	0	0
gene3171	0	0
gene3172	0	0
gene3173	0	0
gene3174	0	0
gene3175	0	0
gene3176	0	0
gene3177	0	0
gene3178	0	0
gene3179	0	0
gene3180	0	0
gene3181	0	0
gene3182	0	0
gene3183	0	0
gene3184	0	0
gene3185	0	0
gene3186	0	0
gene3187	0	0
gene3188	0	0
gene3189	0	0
gene3190	0	0
gene3191	0	0
gene3192	0	0
gene3193	0	0
gene3194	0	0
gene3195	0	0
gene3196	0	0
gene3197	0	-2.08486257900831
gene3198	0	0
gene3199	0	0
gene3200	0	0
gene3201	0	0
gene3202	0	0
gene3203	0	0
gene3204	0	0
gene3205	-2.11109768618671	0
gene3206	0	0
gene3207	0	0
gene3208	0	0
gene3209	0	0
gene3210	0	0.145202303195193
gene3211	0	0
gene3212	0	0
gene3213	0	0
gene3214	0	0
gene3215	0	0
gene3216	0	0
gene3217	0	0
gene3218	0	0
gene3219	0	0
gene3220	0	0
gene3221	0	0
gene3222	0	0
gene3223	0	0
gene3224	0	0
gene3225	0	0
gene3226	0	0
gene3227	1.75001505985138	0
gene3228	0	0
gene3229	-1.98872877023271	0
gene3230	0	0
gene3231	-2.97706038844836	0
gene3232	0	0
gene3233	0	0
gene3234	0	0
gene3235	0	0
gene3236	0	0
gene3237	0	0
gene3238	0	0
gene3239	0	0
gene3240	0	0.786162495852864
gene3241	0	0
gene3242	0	0
gene3243	0	0
gene3244	0	0
gene3245	0	0
gene3246	0	0
gene3247	0	0
gene3248	0	0
gene3249	0	0
gene3250	0	0
gene3251	0	0
gene3252	0	0
gene3253	0	-0.421341627977775
gene3254	0	0
gene3255	0	0
gene3256	0	0
gene3257	0	0
gene3258	0	0
gene3259	0	0
gene3260	0	0
gene3261	0.0558680181413113	0
gene3262	0	-0.205663037853311
gene3263	0	0
gene3264	0	0
gene3265	0	0
gene3266	0	0
gene3267	0	0
gene3268	0	0
gene3269	0	0
gene3270	0	0
gene3271	0	0
gene3272	0	0
gene3273	0	0
gene3274	0	0
gene3275	0	0
gene3276	0	0
gene3277	0	0
gene3278	0	0
gene3279	0	0.69597389939743
gene3280	0	0
gene3281	0	0
gene3282	0	0
gene3283	0	0
gene3284	0	0
gene3285	0	0
gene3286	0	0
gene3287	0	0
gene3288	0	0
gene3289	0	0
gene3290	0	0
gene3291	0	-0.0203401296870773
gene3292	0	0
gene3293	0	0
gene3294	0	-0.0791239812523009
gene3295	0	0
gene3296	0	-1.88645581671954
gene3297	0	0
gene3298	0	0
gene3299	0	0
gene3300	0	0
gene3301	0	0
gene3302	0	0
gene3303	0	0
gene3304	0	0
gene3305	0	0
gene3306	0	0.877229848456034
gene3307	0	0
gene3308	0	0
gene3309	0	0
gene3310	0	0
gene3311	0	0
gene3312	0	0
gene3313	0	0
gene3314	0	0
gene3315	0	0
gene3316	0	0
gene3317	0	0
gene3318	0	0
gene3319	0	0
gene3320	0	0
gene3321	0	0
gene3322	0	0
gene3323	0	0
gene3324	0	0
gene3325	0	0
gene3326	0	0
gene3327	0	0
gene3328	0	0
gene3329	0	0
gene3330	0	0
gene3331	0	0
gene3332	0	-1.94667130328876
gene3333	0	0
gene3334	-3.09176333069726	0.195698073718953
gene3335	0	0
gene3336	0	0
gene3337	0	0
gene3338	0	0
gene3339	0	0
gene3340	0	-1.32635862646203
gene3341	0	0
gene3342	0	0
gene3343	0	0
gene3344	0	0
gene3345	0	0
gene3346	0	0
gene3347	0	-1.4747523877329
gene3348	0	0
gene3349	0	0
gene3350	0	0
gene3351	0	0
gene3352	0	0
gene3353	0	0
gene3354	0	0
gene3355	0	-0.22727036789742
gene3356	0	0
gene3357	0	0
gene3358	0	0
gene3359	0	0
gene3360	0	0
gene3361	0	0
gene3362	0	0
gene3363	0	0
gene3364	0	0.0448481355370876
gene3365	0	0
gene3366	0	0
gene3367	0	0
gene3368	-0.53576555757423	0
gene3369	0	0
gene3370	0	0
gene3371	0	0
gene3372	0	0
gene3373	0	0
gene3374	0	0
gene3375	0	-0.155572490398108
gene3376	0	0
gene3377	0	0
gene3378	0	0
gene3379	0	0
gene3380	0	0
gene3381	0	0
gene3382	0	0
gene3383	0	0
gene3384	0	0.829565587569261
gene3385	0	0.45970538287465
gene3386	0	0
gene3387	0	0
gene3388	0	0
gene3389	0	0
gene3390	0	0
gene3391	0	0
gene3392	0	0
gene3393	0	0
gene3394	0	0
gene3395	0	0
gene3396	0	0
gene3397	-0.0361139635995268	0
gene3398	3.12368989411325	0
gene3399	0	0
gene3400	0	0
gene3401	0	-1.34161484285199
gene3402	0	0
gene3403	0	0
gene3404	0	0
gene3405	0	0
gene3406	0	0
gene3407	0	0
gene3408	0	0
gene3409	0	0
gene3410	0	0
gene3411	-0.447304632323051	0
gene3412	0	0
gene3413	0	0
gene3414	0	0
gene3415	0	0
gene3416	0	0
gene3417	0	2.34503948739882
gene3418	0	0
gene3419	0	0
gene3420	0	0
gene3421	0	0
gene3422	0	0
gene3423	0	0
gene3424	0	0
gene3425	0	0
gene3426	0	0
gene3427	0	0
gene3428	0	0
gene3429	2.42219103386801	0
gene3430	0	0
gene3431	0	0.290004182839641
gene3432	0	0
gene3433	0	0
gene3434	0	0
gene3435	0	0
gene3436	0	0
gene3437	0	0
gene3438	0	0
gene3439	0	0
gene3440	0	0
gene3441	0	0
gene3442	0	0
gene3443	0	0
gene3444	0	0
gene3445	0	0
gene3446	0	0
gene3447	0	0
gene3448	0	0
gene3449	0	0
gene3450	0	0
gene3451	0	0
gene3452	0.377017819768411	0
gene3453	0.711870775453782	0
gene3454	0	0
gene3455	0	0
gene3456	0	0
gene3457	0	0
gene3458	0	0
gene3459	0	0.50735407883984
gene3460	0	0
gene3461	0	0
gene3462	0	0
gene3463	0	0
gene3464	0	0
gene3465	0	0
gene3466	0	0
gene3467	0	0
gene3468	0	0
gene3469	0	0
gene3470	0	0
gene3471	0	0
gene3472	0	0
gene3473	0	0
gene3474	0	0
gene3475	0	0
gene3476	0.637113486470802	0
gene3477	0	0
gene3478	0	0
gene3479	0	0
gene3480	0	0
gene3481	0	0
gene3482	0	0
gene3483	0	0
gene3484	0	0
gene3485	0	0
gene3486	0	0
gene3487	0	0
gene3488	0	0
gene3489	0	0
gene3490	0	0
gene3491	0	0
gene3492	0	0
gene3493	0	0
gene3494	0.111037753897886	0
gene3495	-0.697295507755378	0
gene3496	0	0
gene3497	0	0
gene3498	0	0
gene3499	0	0
gene3500	0	0
gene3501	0	0
gene3502	0	0
gene3503	0	0
gene3504	0	0
gene3505	0	0
gene3506	0	-1.64451519397419
gene3507	0	0
gene3508	0	0
gene3509	0	0
gene3510	0	0
gene3511	0	0
gene3512	0.193683551552414	0
gene3513	0	0
gene3514	0	0
gene3515	0.795524802281893	0
gene3516	0	0
gene3517	0	0
gene3518	0	0
gene3519	0	0
gene3520	0	0
gene3521	0	0
gene3522	0	0
gene3523	0	0
gene3524	0	0
gene3525	0	0
gene3526	0.150510336311172	0
gene3527	0	0
gene3528	0	0
gene3529	0	0
gene3530	0	0
gene3531	0	0
gene3532	0	0
gene3533	0	0
gene3534	0	0
gene3535	0	0
gene3536	0	0
gene3537	0	0
gene3538	0	0
gene3539	0	0
gene3540	-0.666641358233517	0
gene3541	0	0
gene3542	0	0
gene3543	0	0
gene3544	0	0
gene3545	0	-1.19580554101496
gene3546	0	0
gene3547	0	0
gene3548	0	0
gene3549	0	0
gene3550	0	0
gene3551	0	0
gene3552	0	0
gene3553	0	0
gene3554	0	0
gene3555	0	0
gene3556	0	0.0122753635199976
gene3557	0	0
gene3558	0	0
gene3559	0	0.316048479300808
gene3560	0	0
gene3561	0	0
gene3562	0	0
gene3563	-0.365073525356636	0
gene3564	0	0
gene3565	0	0
gene3566	0	0
gene3567	0	0
gene3568	0	0
gene3569	0	0
gene3570	0	0
gene3571	0	0
gene3572	0	0
gene3573	0	0
gene3574	0	0
gene3575	0	0
gene3576	0	0
gene3577	0	0
gene3578	0	0
gene3579	0	0
gene3580	-0.815521284858511	0
gene3581	0	0
gene3582	0	0
gene3583	0	0
gene3584	1.97573284007555	0
gene3585	0	0
gene3586	0	0
gene3587	0	0
gene3588	0	0
gene3589	0	-1.43943063661473
gene3590	0	0
gene3591	0	0
gene3592	0	0
gene3593	0	0
gene3594	0	0
gene3595	0	0
gene3596	0	0
gene3597	0	-0.666144151529592
gene3598	0	0
gene3599	0	0
gene3600	0	-1.46713080674108
gene3601	0	0
gene3602	0	-1.65805770944007
gene3603	0	0
gene3604	0	0
gene3605	0	0
gene3606	0	0.747583454010671
gene3607	0	0
gene3608	0	0
gene3609	0	0
gene3610	0	0
gene3611	0	0
gene3612	0	0
gene3613	0	0
gene3614	0	0
gene3615	0	0
gene3616	0	1.88762499832828
gene3617	0	0
gene3618	0	-1.87622960425548
gene3619	0	0
gene3620	0	0
gene3621	0	0
gene3622	0	0
gene3623	0	0
gene3624	0	0
gene3625	0	0
gene3626	0	0
gene3627	0	0
gene3628	1.29705996954901	0
gene3629	0	0
gene3630	0	0
gene3631	0	0
gene3632	0	-0.102683179813012
gene3633	0	-1.13294020312137
gene3634	0	0
gene3635	0	0
gene3636	0	0
gene3637	0	0
gene3638	-1.30618087759037	0
gene3639	0	0
gene3640	0	0
gene3641	0	0
gene3642	0	0
gene3643	0	0
gene3644	0	0
gene3645	1.13349252369538	0
gene3646	0	0
gene3647	0	0
gene3648	0	-0.0370045029408736
gene3649	0	0
gene3650	0.495515706313429	0
gene3651	0	0
gene3652	0	0
gene3653	0	0
gene3654	0	0
gene3655	0.111369349763961	0
gene3656	0	0
gene3657	0	0
gene3658	0	0
gene3659	0	0
gene3660	0.253184243333996	0
gene3661	0	0
gene3662	0	0
gene3663	0	0
gene3664	0	0
gene3665	0	0
gene3666	0	0
gene3667	0	0
gene3668	0	0
gene3669	0	0
gene3670	0	0
gene3671	0	0
gene3672	0	0
gene3673	0	0
gene3674	0	0
gene3675	-1.7583561467962	0
gene3676	0	0
gene3677	0	-0.918088971870495
gene3678	0	0
gene3679	0	0
gene3680	0	0
gene3681	0	0
gene3682	0	0
gene3683	-1.06005846922517	0
gene3684	0	0
gene3685	0	0
gene3686	0	0
gene3687	0	0
gene3688	0	0
gene3689	0	0
gene3690	0	0
gene3691	0	0
gene3692	0	0
gene3693	0	0
gene3694	0	0
gene3695	0	0
gene3696	0	0
gene3697	0	0
gene3698	0	0
gene3699	0	0
gene3700	0	0
gene3701	0	0
gene3702	0	0
gene3703	-2.99778824089746	0
gene3704	0	0
gene3705	0	0
gene3706	0	0
gene3707	0	0
gene3708	0	0
gene3709	0	0
gene3710	0	0
gene3711	0	-2.72804561833059
gene3712	0	0
gene3713	0	0
gene3714	0	-0.495992953930358
gene3715	0.0434088861730587	0
gene3716	0	0
gene3717	0	2.0002513832934
gene3718	0	0
gene3719	0	-1.27371398595698
gene3720	0	0
gene3721	0	0
gene3722	0	0
gene3723	0	0
gene3724	0	0
gene3725	0	-1.55303902229038
gene3726	0	0
gene3727	0	0
gene3728	0	0
gene3729	0	0
gene3730	0	0
gene3731	0	0
gene3732	0	0
gene3733	0	0
gene3734	0	0
gene3735	0	0
gene3736	0	0
gene3737	0	0
gene3738	0	0
gene3739	0	0
gene3740	0	0
gene3741	0	0
gene3742	0	0
gene3743	0	0
gene3744	0	0
gene3745	0	-0.763349047235904
gene3746	0	0
gene3747	0	0
gene3748	0.415822268797108	0
gene3749	0	0
gene3750	0	0
gene3751	0	0
gene3752	0	0
gene3753	0	0.659822467580621
gene3754	-0.47516221537407	0
gene3755	0	0
gene3756	0	0
gene3757	0	0
gene3758	0	0
gene3759	0	0
gene3760	0	0
gene3761	0	0
gene3762	0	0
gene3763	0	0
gene3764	0	0
gene3765	0	0
gene3766	0	0
gene3767	0	0
gene3768	0	0
gene3769	0	0
gene3770	0	0
gene3771	0	0
gene3772	0	0
gene3773	0	0
gene3774	0	0
gene3775	0	0
gene3776	0	0
gene3777	0	0
gene3778	1.9832126552355	0
gene3779	0	0
gene3780	0	0
gene3781	0	0
gene3782	0	0
gene3783	0	-0.66491902855934
gene3784	0	0
gene3785	1.79441517204518	0
gene3786	0	0
gene3787	0	0
gene3788	-0.902511906170706	0
gene3789	0	0
gene3790	0	0
gene3791	0	0
gene3792	0	0
gene3793	0	0
gene3794	0	0
gene3795	0	0
gene3796	0	0
gene3797	0	0
gene3798	0	0
gene3799	0	0
gene3800	0	0
gene3801	0	0
gene3802	0	0
gene3803	0	0
gene3804	0	-1.75059253493705
gene3805	0	0
gene3806	0	0
gene3807	0	0
gene3808	0	0
gene3809	0	0
gene3810	0	0
gene3811	0	0
gene3812	0	0
gene3813	0	0
gene3814	0	-2.87290678512692
gene3815	0	0
gene3816	0	0.88777942384779
gene3817	0	0
gene3818	0	0
gene3819	0	0
gene3820	0	0
gene3821	0	0
gene3822	0	0.364802613846474
gene3823	0	0
gene3824	0	0
gene3825	0.178949442462474	0
gene3826	0	0
gene3827	0	0
gene3828	0	0
gene3829	0	0
gene3830	0	0
gene3831	0	0
gene3832	0	0
gene3833	0	0.961570705403074
gene3834	0	0
gene3835	0	0
gene3836	0	0
gene3837	0	0
gene3838	0	0
gene3839	0	0
gene3840	0	0
gene3841	0	0
gene3842	0	1.26721367622549
gene3843	0	0
gene3844	0	0
gene3845	0	0
gene3846	0	0
gene3847	0	0
gene3848	0	0
gene3849	0	-0.279824799323594
gene3850	0	0
gene3851	0	0
gene3852	0	0
gene3853	0	0
gene3854	0	0
gene3855	0	0
gene3856	0	0
gene3857	0	0
gene3858	0	0
gene3859	0	0
gene3860	0	0
gene3861	0	0
gene3862	0.565559460262592	0
gene3863	0	0
gene3864	0	0
gene3865	0	0
gene3866	0	0
gene3867	0	0
gene3868	0	0
gene3869	0	0
gene3870	0	0
gene3871	0	0
gene3872	0	0
gene3873	0	0
gene3874	0	0
gene3875	0	0
gene3876	0	0
gene3877	0	0
gene3878	0	0
gene3879	0	0
gene3880	0	0
gene3881	0	0
gene3882	0	0
gene3883	0	0
gene3884	0	0
gene3885	0	0
gene3886	0	0
gene3887	0	0
gene3888	0	0
gene3889	0	0
gene3890	0	0
gene3891	0	0
gene3892	0	0
gene3893	0	0
gene3894	0	0
gene3895	0	0
gene3896	0	0
gene3897	0	0
gene3898	0	1.45510635019043
gene3899	0	0
gene3900	0	0
gene3901	0	0
gene3902	0	0
gene3903	0	0
gene3904	0	0
gene3905	0	0
gene3906	0	0
gene3907	0	0
gene3908	0	0
gene3909	0	1.75260259554947
gene3910	0	0
gene3911	0	0
gene3912	0	0
gene3913	0	0
gene3914	0	0
gene3915	0	-2.24854886129596
gene3916	0	0
gene3917	0	0
gene3918	0	0
gene3919	0	0
gene3920	0	0
gene3921	0	0
gene3922	0	0
gene3923	0	0
gene3924	0	0
gene3925	0	-1.16850837850336
gene3926	0	0
gene3927	0	0
gene3928	0	1.1112149860905
gene3929	0	0
gene3930	0	0
gene3931	-0.0374230106310586	0
gene3932	-2.75185260262293	0
gene3933	0	-0.573219384356727
gene3934	0	0
gene3935	0	0
gene3936	-1.21208998778255	0
gene3937	0	0
gene3938	0	0
gene3939	0	0
gene3940	0	0
gene3941	0	0
gene3942	0	0
gene3943	0	0
gene3944	0	0
gene3945	0	0
gene3946	0	0
gene3947	0	0
gene3948	0	0
gene3949	0	0
gene3950	0	0
gene3951	0	0
gene3952	-0.111572302006998	0
gene3953	0	0
gene3954	0	0
gene3955	0	0
gene3956	0	0
gene3957	0.397136957453577	0
gene3958	0	0
gene3959	0	0
gene3960	0	0
gene3961	0	0
gene3962	0	0
gene3963	0	0
gene3964	0	0
gene3965	0	0
gene3966	0	0
gene3967	0	0
gene3968	0	0
gene3969	0	0
gene3970	0	0
gene3971	0	0
gene3972	0	0
gene3973	0	0
gene3974	1.21107180728761	0
gene3975	0	0
gene3976	0	0
gene3977	0	0
gene3978	0	0
gene3979	0	0
gene3980	0	0
gene3981	0	0
gene3982	0	0
gene3983	0	0
gene3984	0	0
gene3985	0	0
gene3986	0	0
gene3987	0	0
gene3988	0	0
gene3989	0	0
gene3990	0	0
gene3991	0	0
gene3992	0	0
gene3993	0	0
gene3994	0	0
gene3995	0	0
gene3996	0	0
gene3997	0	0
gene3998	0.773118467263203	0
gene3999	0	0
gene4000	0	0
gene4001	0	0
gene4002	0	0
gene4003	0	0
gene4004	0	0
gene4005	0	0
gene4006	0	0
gene4007	0	0
gene4008	0	0
gene4009	0	0
gene4010	0	0
gene4011	0	0
gene4012	0	0
gene4013	0	0
gene4014	0	-2.21169446797429
gene4015	0	1.15386282709209
gene4016	0	0
gene4017	0	0
gene4018	0	0
gene4019	0	0
gene4020	0	0
gene4021	0	0
gene4022	0	0
gene4023	0	0
gene4024	0	0
gene4025	0	0
gene4026	0	0
gene4027	0	0
gene4028	0	0
gene4029	0	0
gene4030	0	0
gene4031	0	0
gene4032	0	0
gene4033	0	0
gene4034	0	0
gene4035	0	0
gene4036	0	0
gene4037	0	0
gene4038	0	0
gene4039	0	0
gene4040	0	0
gene4041	0	0
gene4042	0	0.124257630308404
gene4043	0	0
gene4044	0	0
gene4045	0	-1.74265748966443
gene4046	0	0
gene4047	0	0
gene4048	0	0
gene4049	0	0
gene4050	0	0
gene4051	-0.967658862514841	0
gene4052	0	0
gene4053	0	0
gene4054	0	0
gene4055	0	0
gene4056	0	0
gene4057	0	0
gene4058	0	0
gene4059	0	0
gene4060	0	0
gene4061	0	0
gene4062	-0.167398940015278	2.21555938147139
gene4063	0	0
gene4064	0	0
gene4065	0	0
gene4066	0	0
gene4067	0	0
gene4068	0	0
gene4069	0	0
gene4070	0	0
gene4071	0	-0.541249242041316
gene4072	0	0
gene4073	0	0
gene4074	0	0
gene4075	0	0
gene4076	0	0
gene4077	0	0
gene4078	0	0
gene4079	0	0
gene4080	0	0
gene4081	0.354502496410788	0
gene4082	0	0
gene4083	0	0
gene4084	-0.576143585600079	0
gene4085	0	0
gene4086	0	1.895169317285
gene4087	0	0
gene4088	0	0
gene4089	0	0
gene4090	0	0
gene4091	0	0
gene4092	0	0
gene4093	0	0
gene4094	0	0
gene4095	0	0
gene4096	-1.24210504847456	0
gene4097	0	0
gene4098	0	0
gene4099	0	0
gene4100	0	0
gene4101	0	0
gene4102	0	0
gene4103	0	0
gene4104	0	0
gene4105	0	0
gene4106	0	0
gene4107	0	0
gene4108	-0.0174020370716339	0
gene4109	0	0
gene4110	0	0
gene4111	2.3034514141612	0
gene4112	0	0
gene4113	0	0
gene4114	0	0
gene4115	0	0
gene4116	0	0
gene4117	0.606427061689933	0
gene4118	1.08375462210956	0
gene4119	0	0
gene4120	0	0
gene4121	0	0
gene4122	0	0.804545061283262
gene4123	0	0
gene4124	0	-0.212660777376541
gene4125	0	0
gene4126	0	0
gene4127	0	0
gene4128	0	0
gene4129	0	0
gene4130	0	0
gene4131	-0.565169641931774	0
gene4132	0	0
gene4133	0	0
gene4134	0	0
gene4135	0	0
gene4136	0	0
gene4137	0	0
gene4138	0	0
gene4139	0	0
gene4140	0	0
gene4141	0	0
gene4142	0	0
gene4143	-0.650373182804648	0
gene4144	0	0
gene4145	0	0
gene4146	0	0
gene4147	0	0
gene4148	0	0
gene4149	0	0
gene4150	0	0
gene4151	0	1.32481497732234
gene4152	0	0
gene4153	0	0
gene4154	0	0
gene4155	0.043458307149981	0
gene4156	0	0
gene4157	0	0
gene4158	0	0
gene4159	0	0
gene4160	0	0
gene4161	0	0
gene4162	0	0
gene4163	0	0
gene4164	-0.394247890612814	0
gene4165	0	-0.769361466097883
gene4166	0	0
gene4167	0	0
gene4168	0	0
gene4169	0.873856760597061	0
gene4170	0	0
gene4171	0	0
gene4172	0	0
gene4173	0	-0.0171153742937107
gene4174	0	0
gene4175	0	0
gene4176	0	0
gene4177	0	0
gene4178	0	0
gene4179	0	0
gene4180	0	0
gene4181	0	0
gene4182	0	0
gene4183	0	0
gene4184	0	0
gene4185	0	0
gene4186	0	0
gene4187	0	0
gene4188	0	0
gene4189	0	0
gene4190	0	0
gene4191	0	0
gene4192	0	0
gene4193	0	0
gene4194	0	0
gene4195	0	0
gene4196	0	0
gene4197	-1.42817834120444	0
gene4198	0	0
gene4199	0	0
gene4200	0	0
gene4201	0	0
gene4202	0	0
gene4203	0	0
gene4204	0	0
gene4205	1.42026610388837	0
gene4206	0	0
gene4207	0	0
gene4208	0	0
gene4209	0	0
gene4210	0	0.794994811270031
gene4211	0	0
gene4212	0	0
gene4213	0	0
gene4214	0	0
gene4215	0	1.24270807573884
gene4216	0	0
gene4217	0	0
gene4218	0	0
gene4219	0	0.00238139343806263
gene4220	0	0
gene4221	0	0
gene4222	0	0
gene4223	0	0
gene4224	0	0
gene4225	0	0
gene4226	0	0
gene4227	0	1.32970322661885
gene4228	0	0
gene4229	0	0
gene4230	0	0
gene4231	0	0
gene4232	0	0
gene4233	0	0
gene4234	0	0
gene4235	0.604418997517453	0
gene4236	0	0
gene4237	1.37946486753712	0
gene4238	0	0
gene4239	0	0
gene4240	0	0
gene4241	0	0
gene4242	0	0
gene4243	0	0
gene4244	0	1.42045078663341
gene4245	0	0.40231134500412
gene4246	0	0
gene4247	0	0
gene4248	0	0
gene4249	0	0
gene4250	0	0.459947097184467
gene4251	0	0
gene4252	0	0
gene4253	0	0
gene4254	0	0
gene4255	0	0
gene4256	-0.95788744760325	0
gene4257	0	0
gene4258	0	0
gene4259	0	0
gene4260	0	0
gene4261	0	0
gene4262	0	0
gene4263	0	0
gene4264	0	0
gene4265	0	0
gene4266	0	0
gene4267	0	0
gene4268	0	0
gene4269	0	0
gene4270	0	0.214352296796159
gene4271	0	0
gene4272	0.642534744069304	0
gene4273	0	0
gene4274	0	0
gene4275	0	0
gene4276	0	0
gene4277	0	0
gene4278	0	0
gene4279	0	0
gene4280	0	0
gene4281	0	0
gene4282	0	0
gene4283	0	0
gene4284	0	0
gene4285	0	0
gene4286	0	0
gene4287	0	0
gene4288	0	2.02714844331575
gene4289	0	0
gene4290	0	0
gene4291	-0.28642944632922	1.48128606620827
gene4292	0	0
gene4293	0	0
gene4294	0	0
gene4295	0	0
gene4296	-1.37163210339746	0
gene4297	0	0
gene4298	0	0
gene4299	0	0
gene4300	0	0
gene4301	0	0
gene4302	0	0
gene4303	0	0
gene4304	0	0
gene4305	1.2535914811931	0
gene4306	0	0
gene4307	0	0
gene4308	0	0
gene4309	0	0
gene4310	0	0
gene4311	0	-0.271281232358859
gene4312	0	0
gene4313	0	0
gene4314	0	0
gene4315	0	0
gene4316	0	0
gene4317	0	0
gene4318	0	0
gene4319	0	0
gene4320	0	0
gene4321	0	0
gene4322	0	0
gene4323	0.515455102316006	0
gene4324	0	0
gene4325	0	0
gene4326	0.846899979843004	0
gene4327	0	0
gene4328	-2.1008230752085	0
gene4329	0	0
gene4330	0	0
gene4331	0	0
gene4332	0	0
gene4333	0	0
gene4334	0	0
gene4335	0	0
gene4336	0	0
gene4337	0	0
gene4338	0	0
gene4339	-0.0943081166890906	1.25039186899369
gene4340	0	0
gene4341	-1.4717696719585	0
gene4342	0	0
gene4343	0	0
gene4344	0	0
gene4345	0	0
gene4346	0	0
gene4347	0	0
gene4348	-1.16434692759306	0
gene4349	0	0
gene4350	0	0
gene4351	0	0
gene4352	0	0
gene4353	0	0
gene4354	0	0
gene4355	0	0
gene4356	0	0
gene4357	0	0
gene4358	0	0
gene4359	0	0.0786495374278741
gene4360	0	0
gene4361	0	0
gene4362	0	0
gene4363	0	0
gene4364	0	0
gene4365	0	0
gene4366	0	0
gene4367	0	0
gene4368	0	0
gene4369	0	0
gene4370	0	0
gene4371	0	0
gene4372	0	0
gene4373	0	0
gene4374	0	0
gene4375	0	0
gene4376	0	0
gene4377	0	0
gene4378	0	0
gene4379	0	0
gene4380	0	0
gene4381	0	0
gene4382	0	0
gene4383	0	0
gene4384	0	0
gene4385	0	0
gene4386	0	0
gene4387	0	0
gene4388	0	0
gene4389	0	0
gene4390	0	0.344415323699528
gene4391	0	0
gene4392	0	0
gene4393	0	0
gene4394	0	0
gene4395	0	0
gene4396	0	0
gene4397	0	0
gene4398	0	0
gene4399	0	0
gene4400	0	0
gene4401	0	0
gene4402	0	0
gene4403	0	0
gene4404	0	0
gene4405	0	0
gene4406	0	0
gene4407	0	0
gene4408	-0.50785790648094	0
gene4409	0	0
gene4410	0	0
gene4411	0	0
gene4412	0	0
gene4413	0	-0.0864161738476161
gene4414	0	0
gene4415	0	0
gene4416	0	0
gene4417	0	0
gene4418	1.8595830624315	0
gene4419	0	0
gene4420	0	0
gene4421	0	0
gene4422	0	0
gene4423	0	0
gene4424	0	0
gene4425	0	0
gene4426	0	0
gene4427	0	0
gene4428	0	0
gene4429	0	0
gene4430	0	0
gene4431	0	0
gene4432	0	0
gene4433	0	0
gene4434	0	0
gene4435	0	0
gene4436	1.08016507133125	0
gene4437	0	0
gene4438	0	0
gene4439	0	0
gene4440	0	0
gene4441	0.706460835755131	0
gene4442	0	0
gene4443	0	0.234211193299312
gene4444	0	0
gene4445	0	0
gene4446	0	0
gene4447	0	0
gene4448	0	0
gene4449	0	0
gene4450	0	0
gene4451	0	0
gene4452	0	0
gene4453	0	0
gene4454	0	0
gene4455	0	0
gene4456	0	0
gene4457	3.6228544233372	0
gene4458	0	0.105889696408064
gene4459	0	0
gene4460	0	0
gene4461	0	0
gene4462	0	0
gene4463	0	0
gene4464	1.23169070115058	0
gene4465	0	0
gene4466	0	0
gene4467	0	0
gene4468	0	0
gene4469	0	0
gene4470	0	0
gene4471	0	0
gene4472	0	-0.149460994884955
gene4473	0	0
gene4474	0	0
gene4475	0	0
gene4476	0	0
gene4477	0	0
gene4478	-1.1041832583154	-0.00119588996604869
gene4479	0	0
gene4480	0	0
gene4481	0	0
gene4482	0	0
gene4483	0	0
gene4484	0	0
gene4485	0	0
gene4486	0	0
gene4487	0	0
gene4488	0	0
gene4489	1.93149130979029	0
gene4490	0	0
gene4491	0	0
gene4492	0	0
gene4493	0	0
gene4494	0	0
gene4495	0	0
gene4496	0	0
gene4497	0	0
gene4498	0	0
gene4499	0	0
gene4500	1.29653400663379	0
gene4501	0	0
gene4502	0	0
gene4503	0	0
gene4504	0	0
gene4505	0	0
gene4506	0	0.232276054960286
gene4507	0	0
gene4508	0	0
gene4509	0	0
gene4510	0	0
gene4511	0	0
gene4512	0	0
gene4513	0	0
gene4514	0	0
gene4515	0	0
gene4516	0	0
gene4517	-0.513984196961548	0
gene4518	0	0
gene4519	-0.602822283066153	0
gene4520	0	0
gene4521	0	0
gene4522	0	0
gene4523	0	0
gene4524	0	-2.06024477616949
gene4525	0	0
gene4526	0	0
gene4527	0	0
gene4528	0	0
gene4529	0	0
gene4530	0	0
gene4531	0	0
gene4532	0	-0.882774489553716
gene4533	0	0
gene4534	0	0
gene4535	0	0
gene4536	0	0
gene4537	0	0
gene4538	0.13544384603831	0
gene4539	0	0
gene4540	-0.723646675115954	0
gene4541	0	0
gene4542	0	0
gene4543	0	0
gene4544	0	0
gene4545	0	0
gene4546	2.66369781969239	0
gene4547	1.76267599737544	0
gene4548	0	0
gene4549	0	0
gene4550	0	0
gene4551	0	0
gene4552	0	0
gene4553	0	0
gene4554	0	0
gene4555	0	0
gene4556	0	0
gene4557	0	0
gene4558	0	0
gene4559	0	0
gene4560	0	0
gene4561	0	0
gene4562	0	0
gene4563	0	0
gene4564	0	0
gene4565	0	0
gene4566	0	0
gene4567	0	0
gene4568	0	0
gene4569	0	0
gene4570	0	0
gene4571	0	0
gene4572	0	1.29483645333889
gene4573	0	0
gene4574	0	0
gene4575	0	0
gene4576	0	0
gene4577	0	0
gene4578	0	-1.00543578443911
gene4579	0	0
gene4580	0	0
gene4581	0	0
gene4582	0	0
gene4583	0	0
gene4584	0	0
gene4585	0	0
gene4586	0	0
gene4587	0	0
gene4588	0	0
gene4589	-0.466215000665878	0
gene4590	0	0
gene4591	0	0
gene4592	-1.08139636071236	0
gene4593	0	0
gene4594	0	0
gene4595	0	0
gene4596	0	0.563955537877858
gene4597	0	0
gene4598	-0.0413792471448874	-1.8032085175324
gene4599	-0.115956774664217	0
gene4600	0	0
gene4601	0	0
gene4602	0	0
gene4603	0	0
gene4604	0	0
gene4605	0	0
gene4606	0	0
gene4607	0	0
gene4608	0	0
gene4609	0	0
gene4610	0	0
gene4611	-0.0496883738412103	0
gene4612	0	0
gene4613	0	-0.855939489763268
gene4614	0	0
gene4615	0	0
gene4616	0	0
gene4617	0	0
gene4618	0	0
gene4619	0	0
gene4620	0	0
gene4621	0	0
gene4622	0	0
gene4623	0	3.19587084698975
gene4624	0	0
gene4625	0	0
gene4626	0	0
gene4627	0	0
gene4628	0	0
gene4629	0	0
gene4630	0	0
gene4631	0	0
gene4632	0	0
gene4633	0	0.570526776600503
gene4634	0	0.454965205599049
gene4635	0	0
gene4636	0	0
gene4637	0	0
gene4638	0	0
gene4639	0	0
gene4640	0	0
gene4641	0	0
gene4642	0	0
gene4643	0	0
gene4644	0	0
gene4645	0	0
gene4646	0	0
gene4647	0	0
gene4648	0	0
gene4649	-0.649466282294508	0
gene4650	0	0
gene4651	0	0
gene4652	0	0.439042312345956
gene4653	0	0
gene4654	0	0
gene4655	0	0
gene4656	0	0
gene4657	0.43507213434538	0
gene4658	0	0
gene4659	0	0
gene4660	0	0
gene4661	0	0
gene4662	0	0
gene4663	0	0
gene4664	0	0
gene4665	0	0
gene4666	-0.781027019210865	0
gene4667	0	0
gene4668	0	0
gene4669	0	0
gene4670	0	0
gene4671	0	0
gene4672	1.02970172314942	0
gene4673	0	0
gene4674	0	0
gene4675	0	0.0515168241318518
gene4676	0	0
gene4677	0	0
gene4678	0	0
gene4679	0	0
gene4680	0	0
gene4681	0	0
gene4682	0	0
gene4683	0	0
gene4684	0	0
gene4685	0	0
gene4686	0	0
gene4687	0	0
gene4688	0	0
gene4689	0	0
gene4690	0	0
gene4691	0	0
gene4692	0	0
gene4693	0	0
gene4694	0	0
gene4695	0	0
gene4696	0	0
gene4697	0	0
gene4698	0	0
gene4699	-1.23200270845891	0
gene4700	0	0
gene4701	0	0
gene4702	0	0
gene4703	0	0
gene4704	0	0
gene4705	0	0
gene4706	0	0
gene4707	0	-0.333832635813336
gene4708	0	0
gene4709	0	0
gene4710	0	0
gene4711	0	0
gene4712	0	0
gene4713	0	0
gene4714	0.416787743962901	0
gene4715	0	0
gene4716	0	0
gene4717	0	0
gene4718	0	0
gene4719	0	0
gene4720	0	0
gene4721	0	0
gene4722	0	0
gene4723	0	0
gene4724	0	0
gene4725	0	0
gene4726	0	0.0377533420234272
gene4727	0	0
gene4728	0	0
gene4729	0	-0.859782762288828
gene4730	0.300355062880109	0
gene4731	0	0
gene4732	0	0
gene4733	0	0
gene4734	0	0
gene4735	0	0
gene4736	2.36013243719801	-1.38899602171349
gene4737	0	0
gene4738	0	1.92955443754114
gene4739	0.512927483384845	0
gene4740	0	0
gene4741	0	0
gene4742	0	0
gene4743	0	0
gene4744	0	0
gene4745	0	0
gene4746	0	0
gene4747	0	-2.43452417259285
gene4748	0	0
gene4749	0	0
gene4750	0	0
gene4751	0	0
gene4752	0	0
gene4753	0	0
gene4754	0	0
gene4755	0	0
gene4756	0	0
gene4757	0	0
gene4758	0	0
gene4759	0	0
gene4760	-0.776988957570383	0
gene4761	0	0
gene4762	0	0
gene4763	0	0
gene4764	0	0
gene4765	0	0
gene4766	0	0
gene4767	0	-0.784474089824323
gene4768	0	0
gene4769	0	0
gene4770	0.131936542434649	0
gene4771	0	0
gene4772	0	0.374183425721506
gene4773	0	0
gene4774	0	0
gene4775	0	0
gene4776	1.49766363122817	0
gene4777	0	0
gene4778	0	0
gene4779	0	0
gene4780	0	0
gene4781	0	0
gene4782	-2.02630261312953	0
gene4783	0	0
gene4784	0	0
gene4785	0	0
gene4786	0	0
gene4787	0	0
gene4788	0	0
gene4789	0	0.0329551445018361
gene4790	0	0
gene4791	0	0
gene4792	0	0
gene4793	0	0
gene4794	0	0
gene4795	0	0
gene4796	0	0
gene4797	0.879468853807107	0
gene4798	0	0
gene4799	0	1.20496994200755
gene4800	0	0
gene4801	0	0
gene4802	0	0
gene4803	0	0
gene4804	0	0
gene4805	3.00009744191837	0
gene4806	-0.0791910149426178	0
gene4807	0.237252030941379	0
gene4808	0	0
gene4809	0	0
gene4810	1.05100147459147	0.195559317728382
gene4811	0	0
gene4812	0	0
gene4813	0	0
gene4814	0	0
gene4815	0	0
gene4816	0	0
gene4817	0	0
gene4818	0	0
gene4819	0	0
gene4820	0	0
gene4821	0	0
gene4822	0	0
gene4823	0	0
gene4824	0	0
gene4825	0	0
gene4826	1.6548991197413	0
gene4827	0	0
gene4828	0	0
gene4829	0	0
gene4830	0	0
gene4831	0	0
gene4832	0	0
gene4833	-0.482860320205322	0
gene4834	0	0
gene4835	0	0
gene4836	0	0
gene4837	0	0
gene4838	0	0
gene4839	0	0
gene4840	0	0
gene4841	0	0
gene4842	0	0
gene4843	0	0
gene4844	0	0
gene4845	0	0
gene4846	0	0
gene4847	0	0
gene4848	0	0
gene4849	0	0
gene4850	-0.272563393944079	0
gene4851	0	0
gene4852	0	0
gene4853	0	0
gene4854	0	0
gene4855	0	0
gene4856	0	0
gene4857	0	0
gene4858	0	0
gene4859	0	0.873954408277126
gene4860	0	0
gene4861	0	0
gene4862	0	0
gene4863	0	0
gene4864	0	0
gene4865	0	0
gene4866	0	0
gene4867	-1.63726669679697	0
gene4868	0	0
gene4869	0	0
gene4870	0	0
gene4871	0	0
gene4872	0.544041974133026	1.04473816995065
gene4873	0	0
gene4874	0	0
gene4875	0	0
gene4876	0	0
gene4877	0	0
gene4878	0	0
gene4879	-0.313544499396908	0
gene4880	0	0
gene4881	0	0
gene4882	0	0
gene4883	0	0
gene4884	0	0
gene4885	-0.626131011272962	-1.56463923168172
gene4886	0	0
gene4887	0	0
gene4888	0	0
gene4889	0	0
gene4890	0	0
gene4891	0	0
gene4892	0	0
gene4893	0	0
gene4894	0	0
gene4895	0	0
gene4896	0	0
gene4897	0	0
gene4898	0	0
gene4899	0	0
gene4900	0	0
gene4901	0	0
gene4902	0	0
gene4903	-0.229338062552585	0
gene4904	0	0
gene4905	0	0
gene4906	0	-1.22903907855225
gene4907	-1.85407395712734	0
gene4908	0	0
gene4909	0	0
gene4910	0	0
gene4911	0	-0.955211244628986
gene4912	0	0
gene4913	0	0
gene4914	-1.11733424868704	0
gene4915	0	0
gene4916	0	0.501586180561383
gene4917	0	0
gene4918	0	0
gene4919	0	0
gene4920	0	0
gene4921	0	0
gene4922	0	0
gene4923	0	0
gene4924	0	0
gene4925	0	0
gene4926	0	0
gene4927	0	0
gene4928	0	0
gene4929	-0.694987917848798	0
gene4930	0	0
gene4931	0	0
gene4932	0	0
gene4933	0	0
gene4934	0	0
gene4935	0	0
gene4936	0	0
gene4937	0	0
gene4938	0	0
gene4939	0	0
gene4940	1.18050271533182	0
gene4941	0	0
gene4942	0	0
gene4943	0	0
gene4944	0	0
gene4945	0	0
gene4946	0	0
gene4947	0	0
gene4948	2.66391479304057	0
gene4949	0	0
gene4950	0	0
gene4951	0	-1.06791065996611
gene4952	0	0.305607011505118
gene4953	0	0
gene4954	0	0
gene4955	0	-1.26723168903281
gene4956	0	0
gene4957	0	0
gene4958	0	0
gene4959	0	0
gene4960	0	0
gene4961	1.47502466566075	0
gene4962	0	0
gene4963	0.444033626943359	0
gene4964	0	0
gene4965	0	0
gene4966	0	0
gene4967	0	0
gene4968	0	0
gene4969	0	0
gene4970	1.43809426659228	0
gene4971	0	0
gene4972	0	0
gene4973	-0.338748600669924	0
gene4974	0	0
gene4975	0	0
gene4976	0	0
gene4977	0	0
gene4978	0	-0.970898154955483
gene4979	0	0
gene4980	0	0
gene4981	0	0
gene4982	0	0
gene4983	0	0
gene4984	0	0
gene4985	0	0
gene4986	0	0
gene4987	0	0
gene4988	0	1.67016982194213
gene4989	0	0
gene4990	0	0
gene4991	0	0
gene4992	0	0
gene4993	0	0
gene4994	0	0
gene4995	0	0
gene4996	0	0.371025087104902
gene4997	0	0
gene4998	0	0
gene4999	0	0
gene5000	0	0
gene5001	0	0
gene5002	0	0
gene5003	0	0
gene5004	0	0
gene5005	0	0
gene5006	0	0
gene5007	0	0
gene5008	0	0
gene5009	0	0
gene5010	0	0
gene5011	0	0
gene5012	0	0
gene5013	0	0
gene5014	0	0
gene5015	0	0
gene5016	0	0
gene5017	0	0
gene5018	0	0
gene5019	0	0
gene5020	0	0
gene5021	0	0
gene5022	0	0
gene5023	0.391988977128439	0
gene5024	0	0
gene5025	0	0
gene5026	0	0
gene5027	0	0
gene5028	0	0
gene5029	0	0
gene5030	0	0
gene5031	-2.11672124130133	0
gene5032	0	0
gene5033	0	0
gene5034	0	0
gene5035	0	0
gene5036	0	0
gene5037	0	0
gene5038	0	0
gene5039	0	0
gene5040	0	0
gene5041	0	0
gene5042	-2.15939030136962	0
gene5043	0	0
gene5044	0	0
gene5045	0	0
gene5046	0	0
gene5047	1.16820963504987	0
gene5048	0	0
gene5049	0	0
gene5050	0	0
gene5051	0	0
gene5052	0	0
gene5053	0	0
gene5054	0	0
gene5055	0	0
gene5056	0	0
gene5057	0	0
gene5058	0	0
gene5059	0	0
gene5060	0	0
gene5061	0	0
gene5062	0	0
gene5063	0	0
gene5064	0	0
gene5065	0	0
gene5066	0	0
gene5067	0	0
gene5068	0	0
gene5069	0	-0.564591700897641
gene5070	0	0
gene5071	0	0
gene5072	1.69406977331931	0
gene5073	0	0
gene5074	0	0
gene5075	0	0
gene5076	0	0
gene5077	0	0
gene5078	0	0
gene5079	0	0
gene5080	0	0
gene5081	0	0
gene5082	0	0
gene5083	-1.92441109212442	0
gene5084	0	0
gene5085	0	0
gene5086	0	0
gene5087	1.11349669346917	0
gene5088	0	0
gene5089	0	0
gene5090	0	0
gene5091	0	0
gene5092	0	0
gene5093	-1.01986184921604	0
gene5094	0	0
gene5095	0	0
gene5096	0	0
gene5097	0	0.278551779269003
gene5098	0	0
gene5099	0	0
gene5100	0	0
gene5101	0	0
gene5102	0	0
gene5103	0	0
gene5104	0	0
gene5105	0	0
gene5106	0	0
gene5107	0	0
gene5108	0	0
gene5109	0	0
gene5110	0	0
gene5111	0	0
gene5112	0	0
gene5113	0	0
gene5114	0	0
gene5115	0	0
gene5116	0	0
gene5117	0	0
gene5118	0	0
gene5119	0	0
gene5120	0	0
gene5121	0	0
gene5122	0	0
gene5123	0	0
gene5124	0	0
gene5125	0	0
gene5126	0	0
gene5127	0	0
gene5128	0	0.746415235151282
gene5129	0	0
gene5130	0	0
gene5131	0	0
gene5132	0	0
gene5133	0	0
gene5134	0	0
gene5135	0	0
gene5136	0	0
gene5137	0	0
gene5138	0	0
gene5139	0	0
gene5140	0	0
gene5141	0	0
gene5142	0	0
gene5143	0	0
gene5144	0	0
gene5145	0	0
gene5146	0	0
gene5147	0	0
gene5148	0	0
gene5149	0	0
gene5150	0	0
gene5151	0	0
gene5152	0	0
gene5153	-0.123985240589598	0
gene5154	0	0
gene5155	0	0
gene5156	0	0
gene5157	0	0
gene5158	0	0
gene5159	0	0
gene5160	0	0
gene5161	0	0
gene5162	0	0
gene5163	0	0
gene5164	0	0
gene5165	0	0
gene5166	0	0
gene5167	0	0
gene5168	0	-1.76119136230969
gene5169	0	0.580202810125631
gene5170	0	0
gene5171	0	0
gene5172	0	-0.400513001250739
gene5173	0	0
gene5174	0	0
gene5175	0	0
gene5176	0	0
gene5177	0	1.620518048164
gene5178	0	0
gene5179	0	-0.57331216368003
gene5180	0	0
gene5181	0	0
gene5182	0	0.459834426186757
gene5183	0	0
gene5184	1.73713667372173	0
gene5185	0	0
gene5186	0	0
gene5187	0	0
gene5188	0	0
gene5189	0	0
gene5190	0	0
gene5191	0	0
gene5192	0	0
gene5193	0	0
gene5194	0	0
gene5195	0	0
gene5196	2.33070665371318	0
gene5197	0	0
gene5198	0	0
gene5199	0	0
gene5200	0	0
gene5201	0	1.03014843103483
gene5202	0	0
gene5203	0	0
gene5204	0	0
gene5205	0	0.126136547615683
gene5206	0	0
gene5207	0	0
gene5208	0	0
gene5209	0	0
gene5210	0	0
gene5211	0	0
gene5212	-0.9074067475554	0
gene5213	0	0
gene5214	0	0
gene5215	0.722277910844478	0
gene5216	0	0
gene5217	0.957873735525399	0
gene5218	0	0
gene5219	0	0
gene5220	0	0
gene5221	0	0
gene5222	0	0
gene5223	0	-0.261568508536747
gene5224	0	0
gene5225	-0.455137543528722	0
gene5226	0	0
gene5227	0	0
gene5228	0	0.390477813027657
gene5229	0	0
gene5230	0	0.657818530088338
gene5231	0	0
gene5232	0	0.366675808323459
gene5233	0	0
gene5234	0	0
gene5235	0	0
gene5236	0	0
gene5237	0	1.28880030066194
gene5238	0	-0.0638111222779059
gene5239	0	0
gene5240	0	0
gene5241	0	0
gene5242	0	0
gene5243	0	0
gene5244	0	0
gene5245	0	0
gene5246	0	0
gene5247	0	0
gene5248	0	0
gene5249	0	0
gene5250	0	0
gene5251	0	0
gene5252	0	0
gene5253	0	0
gene5254	0	0
gene5255	0	0
gene5256	0	0
gene5257	0	0.0599122847028549
gene5258	0	0
gene5259	0	0
gene5260	-0.943049051201603	0
gene5261	0	0
gene5262	0	0
gene5263	0	0
gene5264	0	0
gene5265	0	0
gene5266	0	0
gene5267	0	0
gene5268	0	0
gene5269	0	-0.323670686677811
gene5270	0	0
gene5271	0	0.603837127099096
gene5272	0	0
gene5273	0	0
gene5274	0	0
gene5275	0	0
gene5276	0	0
gene5277	0	0
gene5278	0	0
gene5279	0	0
gene5280	0	0
gene5281	0	0
gene5282	0	0
gene5283	0	0
gene5284	0	0
gene5285	0	0
gene5286	0	0
gene5287	0	0
gene5288	0	0
gene5289	0	0
gene5290	1.86971401270139	0
gene5291	0	0
gene5292	0	0
gene5293	0	0
gene5294	0	0
gene5295	0	0
gene5296	0	0
gene5297	0	0
gene5298	0	0
gene5299	0	0
gene5300	0.813908357600284	0
gene5301	0	0
gene5302	0	-1.3065528228768
gene5303	-0.238254043780815	0
gene5304	0	0
gene5305	0	0
gene5306	0	0
gene5307	0	0
gene5308	0	0
gene5309	0	0
gene5310	0	0
gene5311	0	0
gene5312	0	0
gene5313	0	0
gene5314	0	0
gene5315	0	0
gene5316	0	0
gene5317	0	0
gene5318	0	0
gene5319	0	0
gene5320	0	0
gene5321	0	0
gene5322	-0.449162397036236	0
gene5323	0	0
gene5324	0	0
gene5325	0	0
gene5326	0	0
gene5327	0	0
gene5328	0	0
gene5329	0	0
gene5330	0	1.29602804903605
gene5331	0	0
gene5332	0	0
gene5333	0	0
gene5334	0	0
gene5335	0	0
gene5336	0	0
gene5337	0	0
gene5338	0	0
gene5339	0	0
gene5340	0	0
gene5341	0	0
gene5342	0	0
gene5343	0	0
gene5344	0.778528876580664	0
gene5345	0	0
gene5346	0	0
gene5347	0	0
gene5348	0	0
gene5349	0	0
gene5350	0	0
gene5351	0	0
gene5352	-0.711628482670845	0
gene5353	0	0
gene5354	0	0
gene5355	0	0
gene5356	0	0
gene5357	0	0
gene5358	0	0
gene5359	0	0
gene5360	0	0
gene5361	0	0
gene5362	0	0
gene5363	0	0
gene5364	0	0
gene5365	0	0
gene5366	0	0
gene5367	-2.00731617069947	0
gene5368	0	0
gene5369	0	0
gene5370	0	0
gene5371	0	0
gene5372	0	0
gene5373	0	0
gene5374	0	0
gene5375	0	0
gene5376	0	0
gene5377	0	0
gene5378	0	0
gene5379	0	0
gene5380	0	0
gene5381	0	0
gene5382	0	0
gene5383	0	0
gene5384	0	-1.27754223372072
gene5385	0	0
gene5386	0	0
gene5387	0	0
gene5388	0	0
gene5389	0	0.479680744219718
gene5390	0	0
gene5391	0	0
gene5392	0	0
gene5393	0	0
gene5394	0	0
gene5395	0	0.469823394642272
gene5396	0	0
gene5397	0	0
gene5398	0	0
gene5399	0	0
gene5400	0.0938834016708763	0
gene5401	0	0
gene5402	0	0
gene5403	0	0
gene5404	-0.209107270380217	0
gene5405	1.12841787492441	0
gene5406	0	0
gene5407	0	0
gene5408	0	0
gene5409	0	0
gene5410	0	0
gene5411	0	0
gene5412	0	1.09284733686631
gene5413	-0.63171838200085	0
gene5414	0	0
gene5415	0	0
gene5416	0.301213053473244	0
gene5417	0	0
gene5418	0	0
gene5419	0	2.23163529944769
gene5420	0	0
gene5421	0	0
gene5422	0	0
gene5423	0	0
gene5424	0	0
gene5425	0	0
gene5426	0	0
gene5427	0	0
gene5428	0	0
gene5429	0	0
gene5430	0	0
gene5431	0	0
gene5432	0	0
gene5433	0	0
gene5434	0	0
gene5435	0	0
gene5436	0	0
gene5437	0	0
gene5438	0.792276548374259	0
gene5439	0	0
gene5440	0.0617069705653949	0
gene5441	-0.819410549331424	0
gene5442	-1.10812864535197	0
gene5443	0	0
gene5444	0	0
gene5445	0	0
gene5446	0	0
gene5447	0	0
gene5448	0.720851629532235	0
gene5449	0	0
gene5450	0	0
gene5451	0	0
gene5452	0.855248093344244	0
gene5453	0	0
gene5454	0	0
gene5455	0	0
gene5456	0	0
gene5457	0	0
gene5458	0	0
gene5459	0	0
gene5460	0	0
gene5461	-1.8281608833308	0
gene5462	0	0
gene5463	0	0
gene5464	0	0
gene5465	0	1.50917624759368
gene5466	0	0
gene5467	0	0
gene5468	0	0
gene5469	0	0
gene5470	0	0
gene5471	0	0
gene5472	0	0
gene5473	0	0
gene5474	0	0
gene5475	0	0
gene5476	0	0
gene5477	0	0
gene5478	0	0
gene5479	0	0
gene5480	0	0
gene5481	0	0
gene5482	0	0
gene5483	0	-0.708205394592163
gene5484	0	-1.36445123317917
gene5485	1.06017230266412	0
gene5486	0	0
gene5487	0	0
gene5488	0.658578733044551	0
gene5489	0	0
gene5490	0	0
gene5491	0	0
gene5492	0	0
gene5493	0	1.10213286732125
gene5494	0	0
gene5495	0	0
gene5496	0	0
gene5497	0	0.850226733813215
gene5498	0	0
gene5499	0	0
gene5500	0	0
gene5501	0	0
gene5502	0	0
gene5503	0	0
gene5504	0	0
gene5505	0	0
gene5506	0	0
gene5507	0	0
gene5508	-1.61465375538356	0
gene5509	0	0
gene5510	0	0
gene5511	0	0
gene5512	0	0
gene5513	-0.513219567194158	0
gene5514	0	0
gene5515	0	0
gene5516	0	0
gene5517	0	0
gene5518	0	0
gene5519	0	0
gene5520	0	1.4571527831689
gene5521	0	0
gene5522	0	0
gene5523	0	0
gene5524	0	0
gene5525	0	0
gene5526	0	0
gene5527	0	0
gene5528	0	0
gene5529	0	0
gene5530	0	0
gene5531	0	0
gene5532	0	0
gene5533	-1.49469101015164	0
gene5534	0	-0.699655410286914
gene5535	-0.542492465659025	0
gene5536	0	0
gene5537	0	0
gene5538	0	0
gene5539	0	0
gene5540	0	0
gene5541	0	0
gene5542	0	0
gene5543	0	0
gene5544	0	0
gene5545	2.22367515180564	0
gene5546	0	0
gene5547	0	0
gene5548	0	0
gene5549	0	0
gene5550	0	0
gene5551	0	0
gene5552	-0.741943310744885	0
gene5553	0	0
gene5554	0	0
gene5555	0	0.783644945895122
gene5556	0	0
gene5557	0	0
gene5558	0	0
gene5559	0	0
gene5560	0	0
gene5561	0	0
gene5562	0	0
gene5563	0	-1.18465966640308
gene5564	0	0
gene5565	-1.46658958341694	0
gene5566	0	0
gene5567	0	0
gene5568	0	0
gene5569	0	0
gene5570	0	0
gene5571	0	-0.6492931018876
gene5572	0	0
gene5573	0	0
gene5574	0	0
gene5575	0	0
gene5576	0	0
gene5577	0	0
gene5578	0	0
gene5579	0	0
gene5580	0	0
gene5581	0	0
gene5582	0	0
gene5583	0	0
gene5584	0	0
gene5585	0	0
gene5586	0	0
gene5587	0	0
gene5588	0	0
gene5589	0	0
gene5590	0	0
gene5591	0	0
gene5592	0	0
gene5593	0.341367329622105	0
gene5594	0	0
gene5595	0	0
gene5596	0	0
gene5597	0	0
gene5598	0	0
gene5599	0	0
gene5600	0	0
gene5601	0	0
gene5602	0	0
gene5603	0	0
gene5604	0	0
gene5605	0	0
gene5606	0	0.738654347347932
gene5607	0	0
gene5608	0	0
gene5609	0.267434914619203	0
gene5610	0	0
gene5611	0	0.386348891339948
gene5612	0	0
gene5613	0	0
gene5614	0	0
gene5615	0	0
gene5616	0	0
gene5617	0	0
gene5618	0	0
gene5619	0	0
gene5620	0.21664608307926	0
gene5621	0	0
gene5622	0	0
gene5623	0	0
gene5624	0	0
gene5625	0	0
gene5626	0	0
gene5627	0	0
gene5628	0	0
gene5629	0	0
gene5630	0	0
gene5631	0	0
gene5632	0	0
gene5633	0	0
gene5634	0	0
gene5635	0	0
gene5636	0	-1.59791322159276
gene5637	0	0
gene5638	0	0
gene5639	0	0
gene5640	0	0
gene5641	0	0
gene5642	0	0
gene5643	0	0
gene5644	0	0
gene5645	-0.477120407436269	0
gene5646	0	0
gene5647	0	0
gene5648	0	0
gene5649	0	0
gene5650	0	0
gene5651	0	0
gene5652	0	0
gene5653	0	0
gene5654	0	0
gene5655	0	0
gene5656	0	0
gene5657	0	0
gene5658	0	0
gene5659	0	0
gene5660	0	-1.24272830296833
gene5661	0	0
gene5662	0	0
gene5663	0	0
gene5664	-1.10630741252315	0
gene5665	0	0
gene5666	0	-1.88142097181267
gene5667	0	0
gene5668	0	0
gene5669	0	0
gene5670	0	0
gene5671	0	0
gene5672	0	0
gene5673	0	0
gene5674	0	0
gene5675	0	0
gene5676	0	0
gene5677	0	0
gene5678	0	0
gene5679	0	-3.84163758629265
gene5680	0.242294440765203	0
gene5681	0	0
gene5682	0	0
gene5683	0	1.80142280012641
gene5684	0	0
gene5685	0	0
gene5686	0	0
gene5687	0	0
gene5688	0	0
gene5689	0	0
gene5690	0	0
gene5691	0	0
gene5692	1.59476040718615	0
gene5693	0	0
gene5694	0	0
gene5695	0	0
gene5696	0	0
gene5697	0	0
gene5698	0	0
gene5699	0	0
gene5700	0	0
gene5701	0	0
gene5702	0	0
gene5703	0	0
gene5704	0	0
gene5705	0	0
gene5706	0	0
gene5707	0	0
gene5708	0	0
gene5709	0.1086091728301	0
gene5710	0	0
gene5711	0	0
gene5712	0	0
gene5713	0	0
gene5714	0	0
gene5715	-1.29529825906337	0
gene5716	0	0
gene5717	0	0
gene5718	0	0
gene5719	0	0
gene5720	0	0
gene5721	0	0
gene5722	0	0
gene5723	0	0
gene5724	0	0
gene5725	0	0
gene5726	0	0
gene5727	0	0
gene5728	0	0
gene5729	1.39486567624981	0
gene5730	0	0
gene5731	0	0
gene5732	0	0
gene5733	0	0
gene5734	0	0
gene5735	0	0
gene5736	0	0
gene5737	0	0
gene5738	0	0
gene5739	0	0
gene5740	0	0
gene5741	0	0
gene5742	0	0
gene5743	0.615947819369612	0
gene5744	0	0
gene5745	0	0
gene5746	0	0
gene5747	-0.451826267272384	0
gene5748	0	0
gene5749	0	-0.526756547689053
gene5750	0	0
gene5751	0	0
gene5752	0	0
gene5753	0	0
gene5754	0	0
gene5755	0	0
gene5756	0	0
gene5757	0.925849322656983	0
gene5758	0	0
gene5759	0	0
gene5760	0	0
gene5761	0	0
gene5762	0	0
gene5763	0	0
gene5764	0	-0.0693675506861122
gene5765	0	0
gene5766	0.0344544419309742	0
gene5767	0	0
gene5768	0	0
gene5769	0	0
gene5770	0	-0.563526359218213
gene5771	0	0
gene5772	1.89727040128426	0
gene5773	0	-1.12820362790951
gene5774	0	0
gene5775	0	0
gene5776	0	1.4091631317718
gene5777	0	0
gene5778	0	0
gene5779	0	0
gene5780	0	0
gene5781	0	0
gene5782	0	0
gene5783	0	0
gene5784	0	0
gene5785	0.440503158996091	0
gene5786	0	0
gene5787	0	0
gene5788	0	0
gene5789	0	0
gene5790	0	0
gene5791	0	0
gene5792	0	0
gene5793	0	0
gene5794	0	0
gene5795	0	0
gene5796	0	0
gene5797	0	0
gene5798	0	0
gene5799	0	0
gene5800	-0.851204247568357	0
gene5801	0	0
gene5802	0	0
gene5803	0	0
gene5804	0	0
gene5805	0	0
gene5806	0	0
gene5807	0	0.349732083421858
gene5808	0	0
gene5809	0	0
gene5810	0	0
gene5811	0	0
gene5812	0	0
gene5813	0	0
gene5814	0	0
gene5815	0	1.0278998514222
gene5816	0	0
gene5817	0	0
gene5818	0	0
gene5819	0	0
gene5820	0	0
gene5821	0	0
gene5822	0	0
gene5823	0	-1.09961405473373
gene5824	0	0
gene5825	0.150059086847596	0
gene5826	0	0
gene5827	0	0
gene5828	0	0
gene5829	0	0
gene5830	0	-0.998203273649478
gene5831	0	0
gene5832	0	0
gene5833	0	0
gene5834	0	0
gene5835	0	-2.07113306407961
gene5836	0	0.116752267990127
gene5837	0	0
gene5838	0	0
gene5839	0	0
gene5840	0	0
gene5841	0	0
gene5842	0	0
gene5843	0	0
gene5844	0	0
gene5845	0	0
gene5846	0	0
gene5847	0	0
gene5848	0	0
gene5849	0	0
gene5850	0	0
gene5851	0	0
gene5852	0	0
gene5853	0	-2.30028257458133
gene5854	0	0
gene5855	0	0
gene5856	0	0
gene5857	0	0
gene5858	0	0
gene5859	0	0
gene5860	0	0
gene5861	0	0
gene5862	0	0
gene5863	0	0
gene5864	0.16003230869577	0
gene5865	0	-0.506643461202495
gene5866	0	0
gene5867	0	0
gene5868	0	0
gene5869	0	0
gene5870	0	0
gene5871	0	0
gene5872	0	-2.42881682702775
gene5873	0	0
gene5874	0	0
gene5875	0	0
gene5876	0	0
gene5877	0	0
gene5878	0	0
gene5879	0	0
gene5880	0	0
gene5881	0	0
gene5882	0	0
gene5883	0	-1.48960080346352
gene5884	0	0
gene5885	0	0
gene5886	0	0
gene5887	0	0
gene5888	0	1.74515195698776
gene5889	0	0
gene5890	0	0
gene5891	0	0
gene5892	0	0
gene5893	0	0
gene5894	0	0
gene5895	0	0
gene5896	0	0
gene5897	2.78183819588201	0
gene5898	-1.23680907916039	0
gene5899	0	0
gene5900	0	0
gene5901	0	0
gene5902	0	-0.279462083010698
gene5903	0	0
gene5904	0	0
gene5905	0	0
gene5906	0	0
gene5907	0	0
gene5908	1.97266362367745	0
gene5909	0	0
gene5910	0	0
gene5911	-1.67112205653226	0
gene5912	0	0.0646498694638336
gene5913	0	0
gene5914	0	0
gene5915	0	0
gene5916	0	0
gene5917	0	0
gene5918	0	0
gene5919	0	0
gene5920	0	0
gene5921	0	-2.52217578722733
gene5922	0	0
gene5923	0	0
gene5924	0	-0.490665939073274
gene5925	0	0
gene5926	0	0
gene5927	0	0
gene5928	0	0
gene5929	0	0
gene5930	-0.0373046683041926	0
gene5931	0	0
gene5932	0	-0.830953074068223
gene5933	0	0
gene5934	0	0
gene5935	0	0
gene5936	0	0
gene5937	0	0
gene5938	0	0
gene5939	0	0
gene5940	0	0
gene5941	0	0
gene5942	0	0
gene5943	0	0
gene5944	0	0
gene5945	0	0
gene5946	0	0
gene5947	0	0
gene5948	0	-0.698214239676274
gene5949	0	0
gene5950	0	0
gene5951	0	0
gene5952	0	0
gene5953	0	0
gene5954	0	0
gene5955	0	0
gene5956	0	0
gene5957	0	0
gene5958	0	0
gene5959	0	0
gene5960	0	0
gene5961	0	0
gene5962	0	0
gene5963	0	0.12248481070045
gene5964	0	0
gene5965	0	0
gene5966	0	0
gene5967	0	0
gene5968	0	0
gene5969	0.389428621210783	0
gene5970	0	0
gene5971	0	-1.0626061706599
gene5972	0	0
gene5973	0	1.75584528779948
gene5974	0	0
gene5975	0	0
gene5976	0	1.27735489365624
gene5977	0	0.260628435546648
gene5978	0	0
gene5979	0	0
gene5980	0	0
gene5981	0	0
gene5982	0	0
gene5983	0	-1.96314708443516
gene5984	0	0
gene5985	0	0
gene5986	0.135928499600848	0
gene5987	0	0
gene5988	0	0
gene5989	0	0
gene5990	0	0
gene5991	0	0
gene5992	-0.258476041048133	0
gene5993	0	0
gene5994	0	0
gene5995	0.40211702020088	0
gene5996	0	0
gene5997	0	0
gene5998	0	0
gene5999	0	0
gene6000	0.208893090699933	0
gene6001	0	0
gene6002	0	0
gene6003	0	0
gene6004	0	0
gene6005	0	0
gene6006	0	-0.141268438125545
gene6007	0	0
gene6008	0	0
gene6009	0	0
gene6010	0	0
gene6011	0	0
gene6012	0	0
gene6013	0	0
gene6014	0	0
gene6015	0	0
gene6016	0	0.0978827817913219
gene6017	0	0
gene6018	0	0
gene6019	0	0
gene6020	0	0
gene6021	0	0.456665326965182
gene6022	0	0
gene6023	0	0
gene6024	0	0
gene6025	0	0
gene6026	0	0
gene6027	0	0
gene6028	0	0
gene6029	0	0
gene6030	0	0
gene6031	0	0
gene6032	0.673004060549396	0.167452388676038
gene6033	2.78321987705847	0
gene6034	0	0
gene6035	0	0
gene6036	0	0
gene6037	0	0
gene6038	0	0
gene6039	0	0
gene6040	0	0
gene6041	0.31778407398833	0
gene6042	0	0
gene6043	0	0
gene6044	0	-0.785953171247063
gene6045	0	0
gene6046	0	0
gene6047	0	0
gene6048	0	0
gene6049	0	0
gene6050	0	0
gene6051	0	0
gene6052	0	0
gene6053	0	0
gene6054	0	0
gene6055	0	0
gene6056	0	0
gene6057	0	0
gene6058	0	0
gene6059	0	0
gene6060	0	0
gene6061	0	0
gene6062	0	0
gene6063	0	0
gene6064	0	0
gene6065	0	0
gene6066	0	0
gene6067	0	0
gene6068	0	0
gene6069	0	0
gene6070	0	0
gene6071	0.384301972451919	0
gene6072	0	0
gene6073	0	0
gene6074	0	0
gene6075	0	0
gene6076	0	0
gene6077	0	0
gene6078	0	0
gene6079	0	0
gene6080	0	0
gene6081	0	0
gene6082	0	0
gene6083	0	0
gene6084	0	0
gene6085	0	0
gene6086	0.856029077925143	0
gene6087	0	0
gene6088	0	0
gene6089	0	-0.21702880486823
gene6090	0	0
gene6091	0	-0.312970906376837
gene6092	0	0
gene6093	0	0
gene6094	0	0
gene6095	0	0
gene6096	0	0
gene6097	0	0
gene6098	0	0
gene6099	0	0
gene6100	-2.16219662642874	0
gene6101	0	0
gene6102	0	0
gene6103	0	0
gene6104	0	0
gene6105	0	0
gene6106	0	0
gene6107	0	0
gene6108	0	0
gene6109	1.10158900447047	0
gene6110	0	0
gene6111	0	0
gene6112	0	0
gene6113	0	0
gene6114	0	0
gene6115	0	0
gene6116	0	0
gene6117	0	-0.468455095176563
gene6118	0	0
gene6119	0	0
gene6120	0	0
gene6121	-0.398888554288239	0
gene6122	0	0
gene6123	0	0
gene6124	0	0
gene6125	0	-0.425818776641327
gene6126	0	0
gene6127	0	0
gene6128	0	0
gene6129	0	0
gene6130	0	0
gene6131	0	0
gene6132	0.349021583830281	0
gene6133	0	0
gene6134	0	0
gene6135	0	0
gene6136	0	0
gene6137	0	0
gene6138	0	0
gene6139	0	0
gene6140	0	0
gene6141	0	0
gene6142	0	0
gene6143	0	0
gene6144	0	0
gene6145	0	0
gene6146	0	0
gene6147	0	0.225607164319544
gene6148	0	0
gene6149	0	0
gene6150	0	0
gene6151	0	0
gene6152	0	0
gene6153	0	0
gene6154	0	0
gene6155	0	0
gene6156	0	0
gene6157	0	0
gene6158	0	0
gene6159	0	0
gene6160	0	0
gene6161	0	0
gene6162	0	0
gene6163	0	0
gene6164	0	0
gene6165	0	0
gene6166	0	0
gene6167	0	0
gene6168	0	0
gene6169	0	0
gene6170	0	0
gene6171	0	0
gene6172	0	0
gene6173	0	0
gene6174	-1.6840509922215	0
gene6175	0	0
gene6176	-0.617212077087944	0
gene6177	0	0
gene6178	0	0
gene6179	0	0
gene6180	0	0
gene6181	0	0
gene6182	0	0.23222609174666
gene6183	0	0
gene6184	0	0
gene6185	0	0
gene6186	0	0
gene6187	0	0
gene6188	0	0
gene6189	0	0
gene6190	0	0
gene6191	0	0
gene6192	0	1.06087294744522
gene6193	0	0
gene6194	0	0.690852759198549
gene6195	0	0
gene6196	0	0
gene6197	0	0
gene6198	0	0
gene6199	-1.26890616655983	0
gene6200	0	-0.933506668767192
gene6201	0	0
gene6202	0	0
gene6203	0	0
gene6204	0	0
gene6205	0	0
gene6206	0	0
gene6207	0	0
gene6208	0.340157494833474	0
gene6209	0	0
gene6210	0	0.688299392952169
gene6211	0	0
gene6212	0	0
gene6213	0	0
gene6214	0	0
gene6215	0	0
gene6216	0	0
gene6217	0	0
gene6218	0	0
gene6219	0.353561881873516	0
gene6220	0.489032116694214	0
gene6221	0	1.0145128453045
gene6222	1.66723559773312	0
gene6223	0	0
gene6224	0	-1.04894740639828
gene6225	0	0
gene6226	0	0.666973259754105
gene6227	0	0
gene6228	0	0
gene6229	0	0
gene6230	0	1.10100909535735
gene6231	0	0
gene6232	0	0
gene6233	0	0
gene6234	0	0
gene6235	-1.65811211543866	0
gene6236	0	0
gene6237	0	0
gene6238	0	0
gene6239	0	0
gene6240	0	0
gene6241	0	0
gene6242	-0.224035501563866	0
gene6243	0	0
gene6244	0	0
gene6245	0.779152231648144	0
gene6246	0	0
gene6247	0.296075917156667	0
gene6248	0	0
gene6249	-1.01660563499599	0
gene6250	0	0
gene6251	0	0
gene6252	0	0
gene6253	0	0
gene6254	0	0
gene6255	0.502387654279694	0
gene6256	0	0
gene6257	0	0
gene6258	0	0
gene6259	0	0
gene6260	0	0
gene6261	0	0
gene6262	0	0
gene6263	0	0
gene6264	0	0
gene6265	-1.00836095691999	0
gene6266	0	0
gene6267	0	0
gene6268	0	1.23468404919618
gene6269	0.520337255924006	0
gene6270	0	0
gene6271	0	0
gene6272	0	0
gene6273	0	0
gene6274	0	0
gene6275	-1.76291980644341	0
gene6276	0	0
gene6277	0	0
gene6278	0	0
gene6279	0	0
gene6280	0	0
gene6281	0	0
gene6282	0	0
gene6283	0	0
gene6284	0	0
gene6285	0	0
gene6286	0	0
gene6287	0	2.36175207520596
gene6288	0	0
gene6289	0	0
gene6290	-0.462974230147604	0
gene6291	0	-0.290461899566386
gene6292	0	0
gene6293	0.898607835055454	3.10802741013461
gene6294	0	0
gene6295	0	0
gene6296	0	0
gene6297	0	0
gene6298	0	0
gene6299	0	0
gene6300	0	0
gene6301	0	0
gene6302	0	0
gene6303	0	0
gene6304	0	0
gene6305	0	0
gene6306	0	0
gene6307	-0.187683055331257	0
gene6308	0	0
gene6309	0	0
gene6310	0	0
gene6311	0	0
gene6312	0	0
gene6313	0	0
gene6314	0	0
gene6315	0	0
gene6316	0	0
gene6317	0	0
gene6318	0	0
gene6319	0	0
gene6320	0	1.03573537370726
gene6321	0	0
gene6322	0	0
gene6323	0	0
gene6324	0	0
gene6325	0	0
gene6326	0	0
gene6327	0	0
gene6328	0	0
gene6329	0	0
gene6330	0	0
gene6331	0	0
gene6332	0	0
gene6333	0	0
gene6334	0	0
gene6335	0	0
gene6336	0	0
gene6337	0	0
gene6338	0	-1.92490650797032
gene6339	0	0
gene6340	1.73931930301525	0
gene6341	0	0
gene6342	0	0
gene6343	0	0
gene6344	0	0
gene6345	0	0
gene6346	0	0
gene6347	0	0
gene6348	0	0
gene6349	0	0
gene6350	0	0
gene6351	0	0
gene6352	0.640562721692117	0
gene6353	0	-0.641711150728671
gene6354	0	0
gene6355	0	0
gene6356	0	0
gene6357	0	0
gene6358	0	0
gene6359	0	0
gene6360	0	0
gene6361	-1.32424094952533	0
gene6362	0	0
gene6363	0.641864341831934	0
gene6364	0	0
gene6365	0	0
gene6366	0	0
gene6367	0	0
gene6368	0	0
gene6369	0	0
gene6370	0	0
gene6371	0	0
gene6372	0	0
gene6373	0	0
gene6374	-1.18720074191461	0
gene6375	0	0
gene6376	0	0
gene6377	0	0
gene6378	-1.13070915922074	0
gene6379	0	0
gene6380	0	0
gene6381	0	0
gene6382	0	0
gene6383	0	0
gene6384	0	0
gene6385	0	0
gene6386	0	0
gene6387	0	0
gene6388	0	0
gene6389	0	0
gene6390	0	0
gene6391	0	0
gene6392	0	0
gene6393	0	0
gene6394	0	0
gene6395	0	0
gene6396	0	-2.54132918932776
gene6397	0	0
gene6398	0	0
gene6399	0	0
gene6400	0	0
gene6401	0	0
gene6402	-0.0525707974619622	0
gene6403	0	0
gene6404	0	0
gene6405	-2.01328723136825	0
gene6406	0	0
gene6407	0	0
gene6408	0	0
gene6409	0	0
gene6410	0	0
gene6411	0	0
gene6412	0	0
gene6413	-0.721840499267694	0
gene6414	0	0
gene6415	0	0
gene6416	0	0
gene6417	0	0
gene6418	0	0
gene6419	0	0
gene6420	0	0
gene6421	0	0
gene6422	0	0
gene6423	0	0
gene6424	0	0
gene6425	0	0
gene6426	0	0
gene6427	0	0
gene6428	0	0
gene6429	0	0
gene6430	0	0
gene6431	0	0
gene6432	0	0
gene6433	0	0
gene6434	0	0
gene6435	0	0.886323801009445
gene6436	0	0
gene6437	0	0
gene6438	-0.583945085094962	0
gene6439	0	0
gene6440	0	-0.117699839043229
gene6441	1.31906645792613	0
gene6442	1.90641417274684	0
gene6443	0	0
gene6444	0	0
gene6445	0	0
gene6446	0	0
gene6447	0	0
gene6448	0	0
gene6449	0	0
gene6450	0	0
gene6451	0	0
gene6452	0	0
gene6453	0	0
gene6454	0	0
gene6455	0.422954314423502	0
gene6456	0	-0.581838642926836
gene6457	0	-1.57070612651889
gene6458	0	-1.79296780365571
gene6459	0	-2.51347293893304
gene6460	0	0
gene6461	0	0
gene6462	-0.841216424554024	0
gene6463	0	0
gene6464	0	0
gene6465	0	0
gene6466	0	0
gene6467	0	0
gene6468	0	0
gene6469	0	0
gene6470	0	0
gene6471	0	0
gene6472	0	0
gene6473	0	0
gene6474	0	0
gene6475	0	0
gene6476	0	0
gene6477	0	0
gene6478	0	0
gene6479	0	0
gene6480	0	0
gene6481	0	0
gene6482	0	0
gene6483	0	0
gene6484	0	0
gene6485	0	0
gene6486	0	0
gene6487	0	0
gene6488	0	-0.249701275360924
gene6489	0	0
gene6490	0	0
gene6491	0	0
gene6492	0	0
gene6493	0	0
gene6494	0	0
gene6495	0	0
gene6496	0	0
gene6497	0	0
gene6498	0	0
gene6499	0	0
gene6500	0	0
gene6501	0	0
gene6502	1.56201680358217	0
gene6503	0	0
gene6504	0	0
gene6505	0	0
gene6506	0	0
gene6507	0	-1.40007060916365
gene6508	0	0
gene6509	0	0
gene6510	0	0
gene6511	0	0
gene6512	0	0
gene6513	0	0
gene6514	0	0
gene6515	0	0
gene6516	0	0
gene6517	0	0
gene6518	0	0
gene6519	0	0
gene6520	0	0
gene6521	0	0
gene6522	0	0
gene6523	0	0
gene6524	0	0
gene6525	0	0
gene6526	0	0
gene6527	0	0
gene6528	0	0
gene6529	0	0
gene6530	0	0
gene6531	0	0
gene6532	0	0
gene6533	0.00151810323852691	0
gene6534	0	0
gene6535	0	0
gene6536	0	0
gene6537	0	0
gene6538	0	0
gene6539	0	0
gene6540	0	0
gene6541	0	0
gene6542	0	0
gene6543	0	0
gene6544	0	0
gene6545	0	0
gene6546	0	0
gene6547	0	0
gene6548	0	0
gene6549	0	0
gene6550	0	0
gene6551	0	0
gene6552	0	0
gene6553	0	0.816569208250767
gene6554	0	0
gene6555	0	0
gene6556	0	0
gene6557	0	0
gene6558	0	0
gene6559	0	0
gene6560	0	0
gene6561	0	0
gene6562	0	0
gene6563	0	0
gene6564	0	0
gene6565	0	0
gene6566	0	0
gene6567	0	0
gene6568	0	0
gene6569	0	0
gene6570	2.28778219475906	0
gene6571	0	0
gene6572	0	0
gene6573	0.172866410397301	0
gene6574	0	0
gene6575	0	0
gene6576	0	0
gene6577	0.742011681227276	0
gene6578	0	0
gene6579	0.866517695775458	1.86634381795908
gene6580	0	0
gene6581	0	0
gene6582	2.30239121126327	-0.728165834839556
gene6583	0	0
gene6584	0	-1.63141691908407
gene6585	0	0
gene6586	0	0
gene6587	0	0
gene6588	0	0
gene6589	0	0
gene6590	0	-0.072827153508308
gene6591	0	0
gene6592	-1.15477033300494	0
gene6593	0	0
gene6594	0.980986300262864	0
gene6595	0	-0.791688830534222
gene6596	0	0.00996071469413914
gene6597	0	0
gene6598	0	1.3071493941885
gene6599	-0.64609683729093	-1.56622944818984
gene6600	0.648811157597901	0
gene6601	0	0
gene6602	0	0
gene6603	0	0
gene6604	0	0
gene6605	0	0
gene6606	0	0
gene6607	0	0
gene6608	0	0
gene6609	0	0.0610931542086807
gene6610	0	0
gene6611	0	0
gene6612	0	0
gene6613	0	0
gene6614	0	0
gene6615	0	0
gene6616	0	0
gene6617	0	0
gene6618	0	0
gene6619	0	0
gene6620	1.21134076352292	0
gene6621	0	0
gene6622	0	0
gene6623	0	0
gene6624	0	0
gene6625	0	0
gene6626	0	-3.36988306750604
gene6627	0	0
gene6628	0.976270801208915	0
gene6629	0.805548631303092	0
gene6630	-0.431422227878029	0
gene6631	0	0
gene6632	0	0
gene6633	0	0
gene6634	0	0
gene6635	0	0
gene6636	0	0
gene6637	0	0
gene6638	0	0
gene6639	0	0
gene6640	0	0
gene6641	0	0
gene6642	0	0
gene6643	0	0
gene6644	-1.14823343886115	0
gene6645	0	0
gene6646	0.126296765041447	0
gene6647	0	0
gene6648	0	0
gene6649	0	0.951515028574534
gene6650	-0.872292380302346	0
gene6651	0	0
gene6652	0	0
gene6653	-0.606769064728957	0
gene6654	0	0
gene6655	0	0
gene6656	0	0
gene6657	0	0
gene6658	-0.440304863110636	0
gene6659	0	0
gene6660	0	-1.94524120508506
gene6661	0	0
gene6662	0	0
gene6663	-0.748496889873288	0
gene6664	0	0
gene6665	0	0
gene6666	0	0
gene6667	0	0
gene6668	0	0
gene6669	0	0
gene6670	0	0
gene6671	0	0
gene6672	0	0
gene6673	0	1.14574792748619
gene6674	0	0
gene6675	0	0
gene6676	0	0
gene6677	1.12318850517486	0
gene6678	0	0
gene6679	0	0
gene6680	0	0
gene6681	0	0
gene6682	0	0
gene6683	0	0
gene6684	0	0
gene6685	0	0
gene6686	0	0
gene6687	-3.26240240075904	0
gene6688	0	0
gene6689	0	0
gene6690	0	0
gene6691	0	0
gene6692	2.37901410843898	0
gene6693	0	0
gene6694	0	0
gene6695	0	0.650282981864566
gene6696	0	0
gene6697	0.338077815154756	0
gene6698	-1.66233334284599	-1.37730499979958
gene6699	0	0
gene6700	0	0
gene6701	0	0
gene6702	0	0
gene6703	0	0
gene6704	0	0
gene6705	0	0
gene6706	0	0.299572249002305
gene6707	0	0
gene6708	0	0
gene6709	0	-2.1941603274297
gene6710	0	0
gene6711	0	0
gene6712	0	0.370047080912246
gene6713	-0.157835086667277	-0.420184414651416
gene6714	0	0
gene6715	0	0
gene6716	0	0
gene6717	0	0
gene6718	0	0
gene6719	0	-1.29578838597384
gene6720	0	0
gene6721	0	-0.989187448527704
gene6722	0	0
gene6723	0	0
gene6724	0	0
gene6725	0	0
gene6726	0	0
gene6727	0	0
gene6728	0	0
gene6729	0	0
gene6730	0	0
gene6731	0	0
gene6732	0	0
gene6733	0	0
gene6734	0	0
gene6735	0	0
gene6736	0	0
gene6737	0	0
gene6738	0	0
gene6739	-0.961276443089006	0
gene6740	0	0
gene6741	0	0.352540366132879
gene6742	0	0
gene6743	0	0
gene6744	0	0.813371948684672
gene6745	0	0
gene6746	0	0
gene6747	0	-1.79522961920542
gene6748	0	0
gene6749	0	0
gene6750	0	0
gene6751	0	0
gene6752	0	0
gene6753	0	0
gene6754	0	0
gene6755	0	0
gene6756	0	0
gene6757	0	0
gene6758	0	0
gene6759	0	0
gene6760	0	0
gene6761	0	0
gene6762	0	0
gene6763	0	0
gene6764	0	0
gene6765	0	0
gene6766	0	0
gene6767	0	1.198960047269
gene6768	0	0
gene6769	0	0
gene6770	-0.494820016716089	0
gene6771	0	0
gene6772	0	0
gene6773	0	0
gene6774	0	0
gene6775	0	0
gene6776	0	0
gene6777	0	0
gene6778	0	0
gene6779	0	0
gene6780	0	0
gene6781	0	0
gene6782	0	0
gene6783	0	0
gene6784	0.879145623958124	0
gene6785	0	0
gene6786	0	0
gene6787	0	0
gene6788	0	0
gene6789	0	0
gene6790	0	-0.0291816929344632
gene6791	0	0
gene6792	0	0
gene6793	0	0
gene6794	0	0
gene6795	0	0
gene6796	-3.2982093767572	0
gene6797	0	0
gene6798	0	0
gene6799	0	0
gene6800	0	0
gene6801	0.062139035188861	0
gene6802	0	0
gene6803	0	0
gene6804	0	0
gene6805	0	0
gene6806	0	0
gene6807	0	0
gene6808	0.72202490369531	0
gene6809	0	0
gene6810	0	0
gene6811	0	0
gene6812	0	0
gene6813	0	0
gene6814	0	0
gene6815	0	0.483686294110093
gene6816	0	0
gene6817	0	0
gene6818	0	0
gene6819	0	0
gene6820	0	0
gene6821	0	0
gene6822	0	0
gene6823	0	0
gene6824	0	1.30467676657304
gene6825	0	0
gene6826	0.807458922036633	0
gene6827	0	0
gene6828	0	0
gene6829	0	0
gene6830	0	0
gene6831	0	0.737519277587011
gene6832	0	-0.177001499338893
gene6833	0	0
gene6834	0	0
gene6835	0	0
gene6836	0	0
gene6837	0	0
gene6838	0	0
gene6839	0	0
gene6840	0	0
gene6841	0	0
gene6842	0	0
gene6843	0	0
gene6844	0	0
gene6845	0	0
gene6846	0	0
gene6847	0	0
gene6848	0	0
gene6849	0	0
gene6850	0	0
gene6851	0	0
gene6852	0	0
gene6853	0	0
gene6854	0	0
gene6855	0	0
gene6856	0	0
gene6857	0	0
gene6858	-0.618943843108308	0
gene6859	0	0
gene6860	0	0
gene6861	0	0
gene6862	0	0
gene6863	0	0
gene6864	0	0
gene6865	0	0
gene6866	0	0
gene6867	0	0
gene6868	0	0
gene6869	0	0
gene6870	0.592528765015794	0
gene6871	0	0
gene6872	0	0
gene6873	0	0
gene6874	0	0
gene6875	0	0
gene6876	0	0
gene6877	0	2.8653107982265
gene6878	0	0
gene6879	0	0
gene6880	0	0
gene6881	0	0
gene6882	0	0
gene6883	0	0
gene6884	0	0
gene6885	0.651589794219109	0
gene6886	0	0
gene6887	0	0
gene6888	0	1.0224044792651
gene6889	0	0
gene6890	0	0
gene6891	0	0
gene6892	0	0
gene6893	0	0
gene6894	0	0
gene6895	0	0
gene6896	0	0
gene6897	0	0
gene6898	0	0
gene6899	0	-1.48208664477778
gene6900	0	0
gene6901	0	0
gene6902	0	0
gene6903	0	0
gene6904	0	0
gene6905	0	0
gene6906	0	0
gene6907	0	0
gene6908	0	0
gene6909	0.777466800944138	0
gene6910	0	0
gene6911	0	0
gene6912	0	0
gene6913	0	0
gene6914	0	0
gene6915	1.0301067024358	0.387097502431075
gene6916	0	0
gene6917	0	0
gene6918	0	0
gene6919	0	0
gene6920	0	0
gene6921	0	0
gene6922	0	0
gene6923	0	0
gene6924	0	0
gene6925	0	0
gene6926	0	0
gene6927	0	0
gene6928	0	0
gene6929	0	0
gene6930	2.02498699795581	0
gene6931	0	0
gene6932	0	0
gene6933	0	0
gene6934	0	0
gene6935	0	0
gene6936	0	0
gene6937	0	0
gene6938	0	0
gene6939	0	0
gene6940	-1.39511841853701	0
gene6941	0	0
gene6942	0	0
gene6943	0	0
gene6944	0	0
gene6945	0	0
gene6946	0	0
gene6947	0	0
gene6948	0	0
gene6949	0	0
gene6950	0	-0.349086650731192
gene6951	0	0
gene6952	0	0
gene6953	0	0
gene6954	0	0
gene6955	0	-1.174674762261
gene6956	-0.923646991800583	0
gene6957	0	0
gene6958	0	0
gene6959	0	0
gene6960	0	0
gene6961	0	0
gene6962	0	0
gene6963	0	0
gene6964	0	0
gene6965	0	0
gene6966	0	0
gene6967	0	0
gene6968	0	0
gene6969	0	0
gene6970	0	0
gene6971	0	0
gene6972	0	0
gene6973	0	0
gene6974	0	0
gene6975	0	0
gene6976	0	0
gene6977	0	0
gene6978	0	0
gene6979	0	0
gene6980	0	0
gene6981	0	0
gene6982	0	0
gene6983	0	-0.326995854194424
gene6984	0	0
gene6985	0	0
gene6986	0	0
gene6987	0	0
gene6988	0	0
gene6989	0	0
gene6990	0	0
gene6991	0	0
gene6992	0	0.935554843004603
gene6993	0	0
gene6994	0	0
gene6995	0	0
gene6996	0	0
gene6997	0	0
gene6998	0	-0.16558538711761
gene6999	0	0
gene7000	0	0
gene7001	-1.6052283065953	0
gene7002	0	0
gene7003	0	0
gene7004	0	0
gene7005	0	-0.664429435310263
gene7006	0	0
gene7007	0	-0.904617343832907
gene7008	0	0
gene7009	-1.990870139814	0
gene7010	0	0
gene7011	0	0
gene7012	0	0
gene7013	0	0
gene7014	0	0
gene7015	1.25789358442935	0
gene7016	0	0
gene7017	0	0
gene7018	0	0
gene7019	1.45894691512158	0
gene7020	0	0
gene7021	0	0
gene7022	0	0
gene7023	0	0
gene7024	0	0
gene7025	0	0
gene7026	0	0
gene7027	0	0
gene7028	0	-1.0064306741184
gene7029	0	0
gene7030	0	-0.446501019154805
gene7031	0	0
gene7032	0	-1.5558949195617
gene7033	0	0
gene7034	0	0
gene7035	0	0
gene7036	0	0
gene7037	0	0
gene7038	-1.67280294941343	0
gene7039	0	1.44799114028771
gene7040	0	0
gene7041	0	0
gene7042	0	-1.79388434984237
gene7043	0	0
gene7044	0	0
gene7045	0	0
gene7046	0	1.65195240156339
gene7047	0	0
gene7048	0	0
gene7049	0	0
gene7050	0	0
gene7051	0	0
gene7052	0	0
gene7053	0	0
gene7054	0	-0.401560288380095
gene7055	0	0
gene7056	0	0
gene7057	0	0
gene7058	0	0
gene7059	0	-2.48009094635536
gene7060	-0.0442649759708022	0
gene7061	0	-1.04471087103794
gene7062	0	0
gene7063	0	0
gene7064	0	0
gene7065	-3.02123033183746	0
gene7066	0	0
gene7067	0	0
gene7068	0	0
gene7069	0	0
gene7070	0	0
gene7071	0	-0.53331209040931
gene7072	0	0
gene7073	0	0
gene7074	0	0
gene7075	0	0
gene7076	0	0
gene7077	0	0
gene7078	0	0
gene7079	0	0
gene7080	0	0
gene7081	0	0
gene7082	0	0
gene7083	0	0
gene7084	0	0
gene7085	0	0
gene7086	0	0
gene7087	0	0
gene7088	0	0
gene7089	0	0
gene7090	0	0
gene7091	0	0
gene7092	0	0
gene7093	0	0
gene7094	0	0
gene7095	1.95498829788577	0
gene7096	0	0
gene7097	0	0
gene7098	0	0
gene7099	0	0
gene7100	0	0
gene7101	0	0
gene7102	0	0
gene7103	0	0
gene7104	0	0
gene7105	0	0
gene7106	0	0
gene7107	0	0
gene7108	0	0
gene7109	0	-0.997652972451479
gene7110	0	0
gene7111	0	0
gene7112	0	1.70068040364702
gene7113	0	0
gene7114	0	-0.192112121815617
gene7115	0	0
gene7116	0	0
gene7117	0	0
gene7118	0	0
gene7119	0	0
gene7120	0	0
gene7121	0	0
gene7122	0	0
gene7123	0	0
gene7124	0	0
gene7125	0	0
gene7126	0	0
gene7127	0	0
gene7128	0	0
gene7129	0	-0.132528622228584
gene7130	0	0
gene7131	0	0
gene7132	0	0
gene7133	0	0
gene7134	0	0
gene7135	0	0
gene7136	0	0
gene7137	0	0
gene7138	0	0
gene7139	0	0
gene7140	0	0
gene7141	0	0
gene7142	0	0
gene7143	0	0.647979333822294
gene7144	0	0
gene7145	0	0
gene7146	0	0
gene7147	-0.490127686432574	0
gene7148	0	0
gene7149	0	0
gene7150	0	0
gene7151	0	0
gene7152	0	0
gene7153	0	0
gene7154	0	0
gene7155	0	0
gene7156	0	0
gene7157	0	0
gene7158	-0.048315893823264	1.75723508910264
gene7159	0	0
gene7160	0	0
gene7161	0	0
gene7162	0	0
gene7163	0	0
gene7164	0	0
gene7165	0	0
gene7166	0	0
gene7167	0	0
gene7168	0	1.87392877110577
gene7169	0	0
gene7170	0	0
gene7171	0	0
gene7172	0	0
gene7173	0	0
gene7174	0	0
gene7175	0	0
gene7176	0	0
gene7177	-1.06468210225492	0
gene7178	0	0
gene7179	0	0
gene7180	0	0
gene7181	0	0
gene7182	0	0
gene7183	0	0
gene7184	0	0
gene7185	0	0
gene7186	0	0
gene7187	0	0
gene7188	0	0
gene7189	0	0
gene7190	0	0
gene7191	0	0
gene7192	0	0
gene7193	0	0
gene7194	0	0
gene7195	0	0
gene7196	-0.143823106823734	0
gene7197	0	0.8229524130724
gene7198	0	0
gene7199	0	0
gene7200	0	0.840230904080294
gene7201	0	0
gene7202	0	0
gene7203	0	0
gene7204	0	0
gene7205	0	0
gene7206	0	0
gene7207	0	0
gene7208	0	0
gene7209	0	0
gene7210	0	0.629233098130246
gene7211	0	-0.0647057977538573
gene7212	0	0
gene7213	0	0
gene7214	0	0
gene7215	0	0
gene7216	0	0
gene7217	0	0
gene7218	0	0
gene7219	0	0
gene7220	-2.76966003608093	0
gene7221	0	0
gene7222	0	0
gene7223	0	0
gene7224	0	0
gene7225	0	2.09853478180128
gene7226	0	-0.0377046738586174
gene7227	0	0
gene7228	0	0
gene7229	0	0
gene7230	0	0
gene7231	0	0
gene7232	0	0
gene7233	0	0
gene7234	0	0
gene7235	0	0
gene7236	0	0
gene7237	0	0
gene7238	0	-0.161776738530564
gene7239	0	0
gene7240	-0.367963364265186	0
gene7241	0	0
gene7242	0	0
gene7243	0	0
gene7244	0	0
gene7245	0	0
gene7246	0	0
gene7247	0	0
gene7248	0	0
gene7249	0	1.95727246775983
gene7250	0	0
gene7251	0	0
gene7252	0	0
gene7253	0	0
gene7254	0	0
gene7255	0	0
gene7256	0	0.0990585218134274
gene7257	0	0
gene7258	0	0
gene7259	0	0
gene7260	0	0
gene7261	0	0
gene7262	0	0
gene7263	0	0
gene7264	0	-0.462390621867837
gene7265	0	0
gene7266	0	0
gene7267	0	0
gene7268	0	0
gene7269	0	0
gene7270	0	0
gene7271	0	0
gene7272	0	0
gene7273	-1.80695145506844	0
gene7274	0	0
gene7275	0	0
gene7276	0	0
gene7277	0	0
gene7278	0	0
gene7279	0	0
gene7280	0	0
gene7281	0	0
gene7282	0	0
gene7283	0	0
gene7284	0	0
gene7285	0	0
gene7286	0	0
gene7287	0	0
gene7288	0	0
gene7289	0	0
gene7290	0	0
gene7291	0	0
gene7292	1.18371970858949	0
gene7293	0	0
gene7294	0	0
gene7295	0	0
gene7296	0.248441533175019	0
gene7297	0	0
gene7298	0	0
gene7299	0	0
gene7300	0	0
gene7301	-3.35517256857555	0
gene7302	0	0
gene7303	0	0
gene7304	0	0
gene7305	0	0
gene7306	0	0
gene7307	0	0
gene7308	0	0
gene7309	0	1.87323318669334
gene7310	0	0
gene7311	0	0
gene7312	0	0
gene7313	0	1.05705209294008
gene7314	0	0.184878567918465
gene7315	0	0
gene7316	0	-0.529847209173465
gene7317	0	-0.568562226516337
gene7318	0.319468312055598	0
gene7319	0	0
gene7320	0	0
gene7321	0.590772678816322	0
gene7322	0	0
gene7323	0	0
gene7324	0	0
gene7325	0	0
gene7326	0	0
gene7327	0	0
gene7328	0	0
gene7329	0	0
gene7330	0	0
gene7331	0	0
gene7332	1.81855585401931	0
gene7333	0	0
gene7334	0	0
gene7335	0	0
gene7336	-0.161380312192544	0
gene7337	0	0
gene7338	0	0
gene7339	0	0
gene7340	0	0
gene7341	0	0
gene7342	0	0
gene7343	0	0
gene7344	0	0
gene7345	0	0
gene7346	0	0
gene7347	1.16169912934443	0
gene7348	0	0
gene7349	0	0
gene7350	0	0
gene7351	0	0
gene7352	0	0
gene7353	2.19386773715593	0
gene7354	0	0
gene7355	0	0
gene7356	0	0
gene7357	0	-0.579205334477458
gene7358	0	0
gene7359	0	-0.553409539858947
gene7360	0	0
gene7361	0	0
gene7362	0	-2.08186272026007
gene7363	0	0
gene7364	0	0
gene7365	0	0
gene7366	0	0
gene7367	0	0
gene7368	0	0
gene7369	0	0
gene7370	0	0
gene7371	0	0
gene7372	0	0
gene7373	0	0
gene7374	0	0
gene7375	0	0
gene7376	0	0
gene7377	0	0
gene7378	0	0
gene7379	0	0
gene7380	0	0
gene7381	0	-1.00507932283975
gene7382	0	0
gene7383	0	0
gene7384	0	0
gene7385	0	0
gene7386	0	1.46172192652172
gene7387	0	0
gene7388	0	0
gene7389	0	0
gene7390	0	0
gene7391	0	0
gene7392	0	0
gene7393	0	0
gene7394	0	0
gene7395	0	0.411120602525275
gene7396	0.522547580930646	0
gene7397	0	0
gene7398	0	0
gene7399	0	0
gene7400	0	0
gene7401	0	0
gene7402	0	0
gene7403	0	1.55390749005037
gene7404	0.143087158851968	0
gene7405	0	0
gene7406	0	0
gene7407	0	0
gene7408	0	0
gene7409	0	0
gene7410	0	0
gene7411	-1.4863559649959	0.392238383445701
gene7412	0	0
gene7413	0	0
gene7414	0	0
gene7415	0	0
gene7416	0	0
gene7417	0	0
gene7418	0	0
gene7419	0	-1.89284200315945
gene7420	0	0
gene7421	0	0
gene7422	0	0
gene7423	0	0
gene7424	0	0
gene7425	0	0
gene7426	0	0
gene7427	1.37971276979922	0
gene7428	0	0
gene7429	0	0
gene7430	0	0
gene7431	0	0
gene7432	0	-0.282910399284514
gene7433	0	0
gene7434	0	0
gene7435	0	0
gene7436	0	0
gene7437	0	0
gene7438	0	0
gene7439	0	0
gene7440	0	0
gene7441	0	0
gene7442	0	0
gene7443	0	0.391998912708854
gene7444	0	0
gene7445	0	0
gene7446	0	0
gene7447	0	0
gene7448	0	0
gene7449	0	0
gene7450	0	0
gene7451	0	0
gene7452	0	0
gene7453	0	0
gene7454	0	0
gene7455	0	0
gene7456	0	0
gene7457	0	0.669914248740422
gene7458	0	0
gene7459	0	0
gene7460	0	0
gene7461	0	0
gene7462	1.98196060192507	0
gene7463	0	0
gene7464	0	0
gene7465	0	0
gene7466	0	0
gene7467	0	0
gene7468	0	0
gene7469	0	0
gene7470	0	0
gene7471	0	0
gene7472	0	0
gene7473	0	0.606659364095804
gene7474	0	0
gene7475	0.500358288153174	0
gene7476	0	0
gene7477	0	0
gene7478	0	0
gene7479	0	0
gene7480	0	-0.818675490041704
gene7481	0	0
gene7482	0	0
gene7483	0	0
gene7484	0	0
gene7485	0	0
gene7486	0	0
gene7487	0	0
gene7488	0	0
gene7489	1.94413257990908	0
gene7490	0	0
gene7491	0	0
gene7492	0	0
gene7493	0	0
gene7494	0	0
gene7495	0	0
gene7496	0	0
gene7497	0	0
gene7498	0	0
gene7499	0	0
gene7500	0	0.717320046406373
gene7501	0	-2.65166390063643
gene7502	0	0
gene7503	0	0
gene7504	0	0
gene7505	0	0
gene7506	0	0
gene7507	0	0
gene7508	0	0
gene7509	0	0
gene7510	0	0
gene7511	0	0
gene7512	0	0.85268950822006
gene7513	0	0
gene7514	0	0
gene7515	0	0
gene7516	0	0
gene7517	0	0
gene7518	0	0
gene7519	1.07006954962551	-0.3349036308895
gene7520	0	0
gene7521	0	0
gene7522	0	0
gene7523	0	0
gene7524	0	0
gene7525	0	0
gene7526	0	0
gene7527	0	-0.344522208506338
gene7528	0	0
gene7529	0	0
gene7530	0	0
gene7531	0	0
gene7532	0	0
gene7533	0	0
gene7534	0	0
gene7535	0	0
gene7536	0	0
gene7537	0	0
gene7538	0	0
gene7539	0	0
gene7540	0	0
gene7541	0	0
gene7542	2.45458669472847	0
gene7543	0	0
gene7544	0	0
gene7545	0	0
gene7546	0	0
gene7547	0	0
gene7548	1.06511195639228	0
gene7549	0	0
gene7550	0	0
gene7551	0	0
gene7552	0	0
gene7553	0	0
gene7554	0	0
gene7555	0	0
gene7556	0	0
gene7557	0	0
gene7558	0	0
gene7559	0	0
gene7560	0	0
gene7561	0	0
gene7562	0	0
gene7563	0	0
gene7564	0	0
gene7565	0	0
gene7566	0	0
gene7567	0	0
gene7568	0	0
gene7569	0	0
gene7570	0	0
gene7571	-0.329310934401303	0
gene7572	0	0
gene7573	0	0
gene7574	0	0
gene7575	0	0
gene7576	0	0
gene7577	0	0
gene7578	0.714953580725491	0
gene7579	0	0
gene7580	-0.24241767979885	0
gene7581	0	0
gene7582	0	0
gene7583	1.58519917777715	0
gene7584	0	0
gene7585	0	0
gene7586	0	0
gene7587	0	0
gene7588	0	0
gene7589	0	0
gene7590	0	0
gene7591	0	0
gene7592	1.2625964369646	0
gene7593	0	2.54432610543767
gene7594	-1.52283071510378	0
gene7595	0	0
gene7596	0	-0.790163323053296
gene7597	0	0
gene7598	1.24628486245424	0
gene7599	0	0
gene7600	0	0
gene7601	0.109512016958705	0
gene7602	0	0
gene7603	0	0
gene7604	0	0
gene7605	0	0
gene7606	0	0
gene7607	0	0
gene7608	0	0
gene7609	0	0
gene7610	0	0
gene7611	0	0
gene7612	0	0
gene7613	-1.64071661641065	0
gene7614	0	0
gene7615	0	0
gene7616	0	0
gene7617	0	0
gene7618	0	0
gene7619	0	0
gene7620	0	0
gene7621	0	0
gene7622	0	0
gene7623	0	0
gene7624	0	0
gene7625	-0.673519590355668	0
gene7626	0	0
gene7627	0	0
gene7628	0	0
gene7629	0	-0.521767298259447
gene7630	0.342976466932672	0
gene7631	0	-0.734285024799414
gene7632	0	0
gene7633	1.44170261429067	0
gene7634	0	0
gene7635	0	0
gene7636	0	0
gene7637	0	0
gene7638	0	0
gene7639	0	0
gene7640	0.159762623137737	0
gene7641	-1.23178989523984	0
gene7642	0	-0.751640531347147
gene7643	0	0
gene7644	0	0
gene7645	0	0
gene7646	0	0
gene7647	0	0
gene7648	-2.51667441777405	0
gene7649	0	0
gene7650	1.06113503806799	0
gene7651	0	0
gene7652	0	0.0522222790582091
gene7653	0	0
gene7654	0	0
gene7655	0	0
gene7656	0	0
gene7657	0	0
gene7658	0	0
gene7659	0	0
gene7660	0	0
gene7661	0.928438320271393	0
gene7662	0	0
gene7663	0	0
gene7664	0	0
gene7665	0	0
gene7666	0	0
gene7667	0	0
gene7668	0	0
gene7669	0	0
gene7670	0	0
gene7671	0	0
gene7672	0	0
gene7673	0	0
gene7674	0	0
gene7675	0	0
gene7676	0	-0.632851211734543
gene7677	0	0
gene7678	0	0
gene7679	0	-0.378088197235664
gene7680	0	0
gene7681	0	0
gene7682	0	0
gene7683	0	0
gene7684	0	0
gene7685	0	0
gene7686	0	0
gene7687	0	0
gene7688	0	1.0445013257909
gene7689	0	0
gene7690	0	0
gene7691	0	0.320593680074305
gene7692	0	0
gene7693	0	0.017272689066591
gene7694	0	0
gene7695	-1.06331296360139	0
gene7696	0	0
gene7697	0	0
gene7698	0	0
gene7699	0	0
gene7700	0	0
gene7701	3.09273566919279	0
gene7702	0	0
gene7703	0	0.722502897001807
gene7704	0	0
gene7705	0	0
gene7706	0	0
gene7707	0	0
gene7708	0	0
gene7709	0	0
gene7710	0	-0.979845473407649
gene7711	0	0
gene7712	0	0
gene7713	0	0
gene7714	0	0
gene7715	0	0
gene7716	-0.8051784826797	0
gene7717	0	0
gene7718	0	0
gene7719	0	0
gene7720	0	0
gene7721	-0.113684200783296	0
gene7722	0	0
gene7723	0	0.250284438155037
gene7724	0	0
gene7725	0	0
gene7726	0	0
gene7727	0	0
gene7728	-0.316550470971149	0
gene7729	0	0
gene7730	0	0
gene7731	0	0
gene7732	0	0
gene7733	-0.785692364393885	0
gene7734	0	0
gene7735	0	0
gene7736	0	0
gene7737	0	0
gene7738	0	0
gene7739	0	0
gene7740	0	0
gene7741	0	0
gene7742	0	0
gene7743	0	-0.220881187684731
gene7744	0	0
gene7745	0	0
gene7746	0	0
gene7747	0	0
gene7748	0	0
gene7749	0	0
gene7750	0	0
gene7751	0	0
gene7752	0	0
gene7753	0	0
gene7754	0	0
gene7755	0	0
gene7756	0	-0.611696233778579
gene7757	0	-0.545648637182304
gene7758	0	0
gene7759	0	0
gene7760	0	0
gene7761	0	0
gene7762	0	0
gene7763	0	0.136133492536043
gene7764	0	0
gene7765	0	0
gene7766	0	0
gene7767	0	0
gene7768	0	0
gene7769	2.33194640274377	0
gene7770	0	0
gene7771	-1.24483262916786	0
gene7772	-0.245310348697805	0
gene7773	0	0
gene7774	0	0
gene7775	0	0
gene7776	0	0
gene7777	0	0
gene7778	0	0
gene7779	0	0
gene7780	0	0
gene7781	0	0
gene7782	0	0
gene7783	0	0
gene7784	0	0
gene7785	0.977945709536328	0
gene7786	0.708926012190253	0
gene7787	0	0
gene7788	0	0
gene7789	0	0
gene7790	0	0
gene7791	0	0
gene7792	0	0
gene7793	0	0
gene7794	0	0
gene7795	0	0
gene7796	0	0
gene7797	0	0
gene7798	0	0
gene7799	0	0
gene7800	0	0
gene7801	0	0
gene7802	0	0
gene7803	0	0
gene7804	0	0
gene7805	0	0
gene7806	0	0
gene7807	0	0
gene7808	0	0
gene7809	0	0
gene7810	0	0
gene7811	0	0
gene7812	-0.835570213865474	-0.755801987655228
gene7813	0	0
gene7814	0	0
gene7815	0	0
gene7816	0	1.74341001719842
gene7817	0	0
gene7818	0.571198455818378	0
gene7819	0	0
gene7820	0	0
gene7821	0	0
gene7822	0	0
gene7823	0	0
gene7824	0	0
gene7825	0	0
gene7826	0.439790687516006	0
gene7827	0	1.25296086427764
gene7828	0	0
gene7829	0	0
gene7830	0.612238021011672	0
gene7831	0	0
gene7832	-0.624853106814313	0
gene7833	0	0
gene7834	0	0
gene7835	0	0
gene7836	0	0
gene7837	0	0
gene7838	0	0
gene7839	-0.0189055534991877	0
gene7840	0	0
gene7841	0	0
gene7842	0	0
gene7843	0	0
gene7844	0	0
gene7845	-1.85670985477205	0
gene7846	0	0
gene7847	0	0
gene7848	0	0
gene7849	-0.162210488616787	0
gene7850	0	0
gene7851	0	0
gene7852	0	0
gene7853	0	0
gene7854	0	0
gene7855	0	0
gene7856	0	0
gene7857	0	0
gene7858	0	0
gene7859	0	0
gene7860	0	0
gene7861	0	0
gene7862	0	0
gene7863	0	0
gene7864	0	1.46100938666158
gene7865	0	0
gene7866	0	0
gene7867	-0.338681397210089	0
gene7868	0	0
gene7869	0	0
gene7870	0	0
gene7871	0	0
gene7872	0	0
gene7873	0	0
gene7874	0	0
gene7875	0	0
gene7876	0	0
gene7877	0	0
gene7878	0	0
gene7879	0	0
gene7880	0	0
gene7881	0	0
gene7882	0	0
gene7883	-1.39372367495621	-0.980373714900152
gene7884	0	0
gene7885	0	0
gene7886	0	0
gene7887	0	0
gene7888	0	0
gene7889	0	0
gene7890	0	0
gene7891	0	0
gene7892	0	0
gene7893	0	0
gene7894	0	0
gene7895	0	0
gene7896	0	1.04541846057097
gene7897	0	0
gene7898	0	0
gene7899	0	0
gene7900	0	0
gene7901	0	0
gene7902	0	0
gene7903	0	0
gene7904	0	0
gene7905	0	0
gene7906	0	0
gene7907	0	0
gene7908	0	1.14626687737
gene7909	0	0
gene7910	0	0
gene7911	0	0
gene7912	0	0
gene7913	0	0
gene7914	0	0
gene7915	0	0
gene7916	0	0
gene7917	0	0
gene7918	0	0
gene7919	0	0
gene7920	0	0
gene7921	0	0
gene7922	0	0
gene7923	0	0
gene7924	0	0
gene7925	0	0
gene7926	0	0
gene7927	0	0.834112366332106
gene7928	-0.373048259377957	0
gene7929	0	0
gene7930	0	0
gene7931	0	0
gene7932	-0.556444103299414	0
gene7933	0	0
gene7934	0	0.720150190649281
gene7935	0	0
gene7936	0	0
gene7937	0	0
gene7938	0	-2.22839860942978
gene7939	0	0
gene7940	0	0
gene7941	0	0
gene7942	0	0
gene7943	0	0
gene7944	0	0
gene7945	0	0
gene7946	0	0
gene7947	0	0
gene7948	0	0
gene7949	0.725490219520678	0
gene7950	0	0
gene7951	0	0
gene7952	1.47409723746017	0
gene7953	0	0
gene7954	0	0.300790786139935
gene7955	0	0
gene7956	0.15252292651554	0
gene7957	0	0
gene7958	0	0
gene7959	0	0
gene7960	0	0
gene7961	0	0
gene7962	0	0
gene7963	0	0
gene7964	0	0
gene7965	0	0
gene7966	0	0
gene7967	0	0
gene7968	0	0
gene7969	0	0
gene7970	0.0600171930998821	0
gene7971	0	0
gene7972	0	0
gene7973	0	0
gene7974	-1.46652569272224	0
gene7975	0	0
gene7976	0	0
gene7977	0	0
gene7978	0	0
gene7979	0	0
gene7980	0	0
gene7981	0	0
gene7982	0	-1.53327905673201
gene7983	0	0
gene7984	0	0
gene7985	0	0
gene7986	-0.574984199731146	0
gene7987	0.798013794183884	0
gene7988	0	0
gene7989	0	0
gene7990	0	0
gene7991	0	0
gene7992	0	1.57327158499144
gene7993	0	0
gene7994	0	0
gene7995	0	0
gene7996	0	0
gene7997	0	0
gene7998	0	0
gene7999	0	0
gene8000	0	0
