gene	true_lfc	is_de
gene1	0	FALSE
gene2	0	FALSE
gene3	0	FALSE
gene4	-1.79453449387802	TRUE
gene5	0	FALSE
gene6	0	FALSE
gene7	0	FALSE
gene8	0	FALSE
gene9	0	FALSE
gene10	0	FALSE
gene11	0	FALSE
gene12	0	FALSE
gene13	0	FALSE
gene14	0	FALSE
gene15	-1.50750509463251	TRUE
gene16	0	FALSE
gene17	0	FALSE
gene18	2.2930187760503	TRUE
gene19	0	FALSE
gene20	0	FALSE
gene21	0	FALSE
gene22	0	FALSE
gene23	0	FALSE
gene24	0	FALSE
gene25	0	FALSE
gene26	0	FALSE
gene27	0	FALSE
gene28	0	FALSE
gene29	0	FALSE
gene30	0	FALSE
gene31	0	FALSE
gene32	0	FALSE
gene33	0	FALSE
gene34	0	FALSE
gene35	0	FALSE
gene36	0	FALSE
gene37	0	FALSE
gene38	0	FALSE
gene39	0	FALSE
gene40	0	FALSE
gene41	0	FALSE
gene42	0	FALSE
gene43	0	FALSE
gene44	0	FALSE
gene45	0	FALSE
gene46	0	FALSE
gene47	0	FALSE
gene48	1.59981120406883	TRUE
gene49	0	FALSE
gene50	0	FALSE
gene51	0	FALSE
gene52	0	FALSE
gene53	0	FALSE
gene54	0	FALSE
gene55	0	FALSE
gene56	1.9738923763507	TRUE
gene57	0	FALSE
gene58	0	FALSE
gene59	0	FALSE
gene60	-2.87073468585731	TRUE
gene61	0	FALSE
gene62	0	FALSE
gene63	0	FALSE
gene64	0	FALSE
gene65	0	FALSE
gene66	0	FALSE
gene67	0	FALSE
gene68	2.81170408608159	TRUE
gene69	-1.9244428005768	TRUE
gene70	0	FALSE
gene71	0	FALSE
gene72	0	FALSE
gene73	0	FALSE
gene74	-0.869310698763002	TRUE
gene75	2.50589405209757	TRUE
gene76	0	FALSE
gene77	0	FALSE
gene78	0	FALSE
gene79	0	FALSE
gene80	0	FALSE
gene81	0	FALSE
gene82	0	FALSE
gene83	0	FALSE
gene84	-2.08372142486041	TRUE
gene85	2.38443333283067	TRUE
gene86	0	FALSE
gene87	0	FALSE
gene88	0	FALSE
gene89	0	FALSE
gene90	2.86449058447033	TRUE
gene91	0	FALSE
gene92	0	FALSE
gene93	0	FALSE
gene94	0	FALSE
gene95	0	FALSE
gene96	0	FALSE
gene97	0	FALSE
gene98	1.6355209609028	TRUE
gene99	0	FALSE
gene100	0	FALSE
gene101	0	FALSE
gene102	0	FALSE
gene103	-0.883773237874266	TRUE
gene104	0	FALSE
gene105	-1.09687782183755	TRUE
gene106	0	FALSE
gene107	0	FALSE
gene108	0	FALSE
gene109	0	FALSE
gene110	0	FALSE
gene111	0	FALSE
gene112	0	FALSE
gene113	0	FALSE
gene114	0	FALSE
gene115	0	FALSE
gene116	0	FALSE
gene117	0	FALSE
gene118	0	FALSE
gene119	0	FALSE
gene120	0	FALSE
gene121	0	FALSE
gene122	0	FALSE
gene123	0	FALSE
gene124	0	FALSE
gene125	0	FALSE
gene126	0	FALSE
gene127	0	FALSE
gene128	0	FALSE
gene129	0	FALSE
gene130	-2.73307043127716	TRUE
gene131	0	FALSE
gene132	0	FALSE
gene133	0	FALSE
gene134	0	FALSE
gene135	2.42206421715673	TRUE
gene136	0	FALSE
gene137	0	FALSE
gene138	0	FALSE
gene139	0	FALSE
gene140	0	FALSE
gene141	0	FALSE
gene142	0	FALSE
gene143	0	FALSE
gene144	0	FALSE
gene145	0	FALSE
gene146	0	FALSE
gene147	0	FALSE
gene148	0	FALSE
gene149	0	FALSE
gene150	0	FALSE
gene151	0	FALSE
gene152	0	FALSE
gene153	0	FALSE
gene154	0	FALSE
gene155	0	FALSE
gene156	0	FALSE
gene157	0	FALSE
gene158	0	FALSE
gene159	0	FALSE
gene160	0	FALSE
gene161	0	FALSE
gene162	0	FALSE
gene163	0	FALSE
gene164	0	FALSE
gene165	0	FALSE
gene166	0	FALSE
gene167	0	FALSE
gene168	0	FALSE
gene169	0	FALSE
gene170	0	FALSE
gene171	0	FALSE
gene172	0	FALSE
gene173	0	FALSE
gene174	0	FALSE
gene175	0	FALSE
gene176	0	FALSE
gene177	0	FALSE
gene178	-1.0192460375838	TRUE
gene179	0	FALSE
gene180	0	FALSE
gene181	0	FALSE
gene182	0	FALSE
gene183	0	FALSE
gene184	0	FALSE
gene185	0	FALSE
gene186	0	FALSE
gene187	0	FALSE
gene188	0	FALSE
gene189	0	FALSE
gene190	0	FALSE
gene191	0	FALSE
gene192	0	FALSE
gene193	0	FALSE
gene194	0	FALSE
gene195	0	FALSE
gene196	0.763707809499465	TRUE
gene197	0	FALSE
gene198	0	FALSE
gene199	0	FALSE
gene200	0	FALSE
gene201	0	FALSE
gene202	0	FALSE
gene203	0	FALSE
gene204	-1.41379987215623	TRUE
gene205	0	FALSE
gene206	0	FALSE
gene207	0	FALSE
gene208	2.91673365264433	TRUE
gene209	0	FALSE
gene210	0	FALSE
gene211	0	FALSE
gene212	0	FALSE
gene213	0	FALSE
gene214	0	FALSE
gene215	-1.85143211617833	TRUE
gene216	0	FALSE
gene217	0	FALSE
gene218	0	FALSE
gene219	0	FALSE
gene220	-1.63904970075237	TRUE
gene221	0	FALSE
gene222	0	FALSE
gene223	0	FALSE
gene224	0	FALSE
gene225	0	FALSE
gene226	0	FALSE
gene227	0	FALSE
gene228	0	FALSE
gene229	0	FALSE
gene230	0	FALSE
gene231	0	FALSE
gene232	0	FALSE
gene233	0	FALSE
gene234	0	FALSE
gene235	0	FALSE
gene236	0	FALSE
gene237	-1.13517395110102	TRUE
gene238	0	FALSE
gene239	0	FALSE
gene240	0	FALSE
gene241	0	FALSE
gene242	0	FALSE
gene243	0	FALSE
gene244	0	FALSE
gene245	0	FALSE
gene246	0	FALSE
gene247	0	FALSE
gene248	0	FALSE
gene249	-2.55705181782832	TRUE
gene250	0	FALSE
gene251	0	FALSE
gene252	0	FALSE
gene253	0	FALSE
gene254	0	FALSE
gene255	1.68201743607642	TRUE
gene256	0	FALSE
gene257	0	FALSE
gene258	0.772300600307062	TRUE
gene259	0	FALSE
gene260	0	FALSE
gene261	0	FALSE
gene262	0	FALSE
gene263	0	FALSE
gene264	0	FALSE
gene265	0	FALSE
gene266	0	FALSE
gene267	0	FALSE
gene268	0	FALSE
gene269	0	FALSE
gene270	0	FALSE
gene271	0	FALSE
gene272	0	FALSE
gene273	0	FALSE
gene274	0	FALSE
gene275	0	FALSE
gene276	0	FALSE
gene277	0	FALSE
gene278	0	FALSE
gene279	0	FALSE
gene280	0	FALSE
gene281	0	FALSE
gene282	0	FALSE
gene283	0	FALSE
gene284	0	FALSE
gene285	1.99002062855288	TRUE
gene286	0	FALSE
gene287	0	FALSE
gene288	0	FALSE
gene289	0	FALSE
gene290	0	FALSE
gene291	0	FALSE
gene292	0	FALSE
gene293	0	FALSE
gene294	0	FALSE
gene295	0	FALSE
gene296	0	FALSE
gene297	0	FALSE
gene298	0	FALSE
gene299	0	FALSE
gene300	1.12079150840873	TRUE
gene301	0	FALSE
gene302	0	FALSE
gene303	0	FALSE
gene304	0	FALSE
gene305	0	FALSE
gene306	1.86731532867998	TRUE
gene307	0	FALSE
gene308	0	FALSE
gene309	0	FALSE
gene310	0	FALSE
gene311	0	FALSE
gene312	0	FALSE
gene313	0	FALSE
gene314	0	FALSE
gene315	0	FALSE
gene316	0	FALSE
gene317	0	FALSE
gene318	0	FALSE
gene319	0	FALSE
gene320	0	FALSE
gene321	0	FALSE
gene322	0	FALSE
gene323	0	FALSE
gene324	0	FALSE
gene325	0	FALSE
gene326	0	FALSE
gene327	0	FALSE
gene328	0	FALSE
gene329	0	FALSE
gene330	0	FALSE
gene331	0	FALSE
gene332	0	FALSE
gene333	0	FALSE
gene334	0	FALSE
gene335	0.837916826305445	TRUE
gene336	0	FALSE
gene337	0	FALSE
gene338	0	FALSE
gene339	0	FALSE
gene340	0	FALSE
gene341	0	FALSE
gene342	0	FALSE
gene343	0	FALSE
gene344	0	FALSE
gene345	0	FALSE
gene346	0	FALSE
gene347	0	FALSE
gene348	0	FALSE
gene349	0	FALSE
gene350	0	FALSE
gene351	0	FALSE
gene352	0	FALSE
gene353	0	FALSE
gene354	0	FALSE
gene355	0	FALSE
gene356	0	FALSE
gene357	0	FALSE
gene358	0	FALSE
gene359	0	FALSE
gene360	0	FALSE
gene361	0	FALSE
gene362	-1.89626340422546	TRUE
gene363	0	FALSE
gene364	0	FALSE
gene365	0	FALSE
gene366	-1.59199268108932	TRUE
gene367	0	FALSE
gene368	0	FALSE
gene369	0	FALSE
gene370	1.79023823834723	TRUE
gene371	0	FALSE
gene372	0	FALSE
gene373	0	FALSE
gene374	0	FALSE
gene375	0	FALSE
gene376	0	FALSE
gene377	0	FALSE
gene378	0	FALSE
gene379	0	FALSE
gene380	0	FALSE
gene381	0	FALSE
gene382	0	FALSE
gene383	0	FALSE
gene384	0	FALSE
gene385	0	FALSE
gene386	0	FALSE
gene387	0	FALSE
gene388	0	FALSE
gene389	0	FALSE
gene390	1.40179485833505	TRUE
gene391	0	FALSE
gene392	0	FALSE
gene393	-1.03282537660562	TRUE
gene394	0	FALSE
gene395	0	FALSE
gene396	0	FALSE
gene397	0	FALSE
gene398	0	FALSE
gene399	0	FALSE
gene400	0	FALSE
gene401	0	FALSE
gene402	0	FALSE
gene403	0	FALSE
gene404	0	FALSE
gene405	0	FALSE
gene406	0	FALSE
gene407	0	FALSE
gene408	0	FALSE
gene409	0	FALSE
gene410	0	FALSE
gene411	0	FALSE
gene412	0	FALSE
gene413	0	FALSE
gene414	0	FALSE
gene415	0	FALSE
gene416	0	FALSE
gene417	0	FALSE
gene418	0	FALSE
gene419	0	FALSE
gene420	0	FALSE
gene421	0	FALSE
gene422	0	FALSE
gene423	0	FALSE
gene424	0	FALSE
gene425	0	FALSE
gene426	0	FALSE
gene427	0	FALSE
gene428	0	FALSE
gene429	0	FALSE
gene430	0	FALSE
gene431	0	FALSE
gene432	2.03361202043016	TRUE
gene433	0	FALSE
gene434	0	FALSE
gene435	0	FALSE
gene436	0	FALSE
gene437	0	FALSE
gene438	-1.37483514781343	TRUE
gene439	0	FALSE
gene440	0	FALSE
gene441	0	FALSE
gene442	2.08442329242826	TRUE
gene443	2.64866281446302	TRUE
gene444	0	FALSE
gene445	0	FALSE
gene446	0	FALSE
gene447	0	FALSE
gene448	0	FALSE
gene449	0	FALSE
gene450	0	FALSE
gene451	0	FALSE
gene452	0	FALSE
gene453	0	FALSE
gene454	0	FALSE
gene455	-0.787023514334578	TRUE
gene456	0	FALSE
gene457	0	FALSE
gene458	0	FALSE
gene459	0	FALSE
gene460	0	FALSE
gene461	0	FALSE
gene462	0	FALSE
gene463	0	FALSE
gene464	0	FALSE
gene465	0	FALSE
gene466	0	FALSE
gene467	0	FALSE
gene468	0	FALSE
gene469	0	FALSE
gene470	-2.58345373574411	TRUE
gene471	0.944673323712777	TRUE
gene472	0	FALSE
gene473	1.98734663118375	TRUE
gene474	0	FALSE
gene475	0	FALSE
gene476	0	FALSE
gene477	0	FALSE
gene478	0	FALSE
gene479	0	FALSE
gene480	0	FALSE
gene481	2.04783622064861	TRUE
gene482	0	FALSE
gene483	-1.05846034252318	TRUE
gene484	0	FALSE
gene485	0	FALSE
gene486	0	FALSE
gene487	0	FALSE
gene488	0	FALSE
gene489	0	FALSE
gene490	0	FALSE
gene491	0	FALSE
gene492	0	FALSE
gene493	0	FALSE
gene494	0	FALSE
gene495	0	FALSE
gene496	0	FALSE
gene497	0	FALSE
gene498	0	FALSE
gene499	0	FALSE
gene500	0	FALSE
gene501	0	FALSE
gene502	0	FALSE
gene503	2.48982916132081	TRUE
gene504	0	FALSE
gene505	0	FALSE
gene506	0	FALSE
gene507	0	FALSE
gene508	0	FALSE
gene509	0	FALSE
gene510	2.3446077524568	TRUE
gene511	1.90239032974932	TRUE
gene512	0	FALSE
gene513	0	FALSE
gene514	0	FALSE
gene515	0	FALSE
gene516	0	FALSE
gene517	0	FALSE
gene518	0	FALSE
gene519	0	FALSE
gene520	0	FALSE
gene521	0	FALSE
gene522	0	FALSE
gene523	0	FALSE
gene524	0	FALSE
gene525	0	FALSE
gene526	0	FALSE
gene527	0	FALSE
gene528	0	FALSE
gene529	1.78386740677524	TRUE
gene530	0	FALSE
gene531	0	FALSE
gene532	0	FALSE
gene533	0	FALSE
gene534	1.26395324949408	TRUE
gene535	0	FALSE
gene536	0	FALSE
gene537	0	FALSE
gene538	0	FALSE
gene539	0	FALSE
gene540	0	FALSE
gene541	-1.8313774211565	TRUE
gene542	0	FALSE
gene543	0	FALSE
gene544	-1.81272282352438	TRUE
gene545	1.6332956541446	TRUE
gene546	0	FALSE
gene547	0	FALSE
gene548	0	FALSE
gene549	0	FALSE
gene550	0	FALSE
gene551	-2.89995170995826	TRUE
gene552	-1.78837385005318	TRUE
gene553	0	FALSE
gene554	0	FALSE
gene555	0	FALSE
gene556	0	FALSE
gene557	0	FALSE
gene558	0	FALSE
gene559	0	FALSE
gene560	0	FALSE
gene561	0	FALSE
gene562	0	FALSE
gene563	0	FALSE
gene564	0	FALSE
gene565	0	FALSE
gene566	2.53169930318836	TRUE
gene567	0	FALSE
gene568	0	FALSE
gene569	0	FALSE
gene570	0	FALSE
gene571	0	FALSE
gene572	0	FALSE
gene573	0	FALSE
gene574	2.78701710083988	TRUE
gene575	0	FALSE
gene576	0	FALSE
gene577	0	FALSE
gene578	0	FALSE
gene579	0	FALSE
gene580	0	FALSE
gene581	0	FALSE
gene582	0	FALSE
gene583	2.1895781364874	TRUE
gene584	0	FALSE
gene585	1.74089365795953	TRUE
gene586	0	FALSE
gene587	0	FALSE
gene588	0	FALSE
gene589	0	FALSE
gene590	0	FALSE
gene591	-1.53308529476635	TRUE
gene592	0	FALSE
gene593	0	FALSE
gene594	0	FALSE
gene595	0	FALSE
gene596	0	FALSE
gene597	2.30259840551298	TRUE
gene598	0	FALSE
gene599	0	FALSE
gene600	0	FALSE
gene601	-1.01296118285973	TRUE
gene602	0	FALSE
gene603	2.49926900892751	TRUE
gene604	0	FALSE
gene605	0	FALSE
gene606	0	FALSE
gene607	0	FALSE
gene608	2.24699604447233	TRUE
gene609	-2.31792805669829	TRUE
gene610	0	FALSE
gene611	-1.51307912467746	TRUE
gene612	0	FALSE
gene613	0	FALSE
gene614	0	FALSE
gene615	-0.866486345767044	TRUE
gene616	0	FALSE
gene617	0	FALSE
gene618	0	FALSE
gene619	0	FALSE
gene620	0	FALSE
gene621	0	FALSE
gene622	0	FALSE
gene623	0	FALSE
gene624	0	FALSE
gene625	-0.83501887548482	TRUE
gene626	2.25847676658304	TRUE
gene627	0	FALSE
gene628	0	FALSE
gene629	0	FALSE
gene630	0	FALSE
gene631	0	FALSE
gene632	0	FALSE
gene633	0	FALSE
gene634	0	FALSE
gene635	0	FALSE
gene636	0	FALSE
gene637	0	FALSE
gene638	2.00968318461673	TRUE
gene639	0	FALSE
gene640	0	FALSE
gene641	0	FALSE
gene642	0	FALSE
gene643	0	FALSE
gene644	0	FALSE
gene645	0	FALSE
gene646	0	FALSE
gene647	0	FALSE
gene648	0	FALSE
gene649	0	FALSE
gene650	0	FALSE
gene651	0	FALSE
gene652	2.16853547439678	TRUE
gene653	0	FALSE
gene654	0	FALSE
gene655	0	FALSE
gene656	-2.72443730727537	TRUE
gene657	0	FALSE
gene658	0	FALSE
gene659	0	FALSE
gene660	0	FALSE
gene661	0	FALSE
gene662	0	FALSE
gene663	2.2886417870759	TRUE
gene664	0	FALSE
gene665	0	FALSE
gene666	0	FALSE
gene667	0	FALSE
gene668	-1.47261282167165	TRUE
gene669	-1.52579689153936	TRUE
gene670	0	FALSE
gene671	0	FALSE
gene672	0	FALSE
gene673	0	FALSE
gene674	0	FALSE
gene675	0	FALSE
gene676	0	FALSE
gene677	0	FALSE
gene678	0	FALSE
gene679	0	FALSE
gene680	0	FALSE
gene681	0	FALSE
gene682	0	FALSE
gene683	0	FALSE
gene684	0	FALSE
gene685	0	FALSE
gene686	0	FALSE
gene687	1.12991043651709	TRUE
gene688	0	FALSE
gene689	0	FALSE
gene690	-2.35839621420018	TRUE
gene691	0	FALSE
gene692	0	FALSE
gene693	0	FALSE
gene694	0	FALSE
gene695	0	FALSE
gene696	-2.05569251300767	TRUE
gene697	0	FALSE
gene698	0	FALSE
gene699	0	FALSE
gene700	0	FALSE
gene701	-1.79540769592859	TRUE
gene702	0	FALSE
gene703	0	FALSE
gene704	0	FALSE
gene705	0	FALSE
gene706	0	FALSE
gene707	0	FALSE
gene708	0	FALSE
gene709	-1.03043740644353	TRUE
gene710	0	FALSE
gene711	0	FALSE
gene712	0	FALSE
gene713	0	FALSE
gene714	0	FALSE
gene715	0	FALSE
gene716	0	FALSE
gene717	-1.53631554666208	TRUE
gene718	0	FALSE
gene719	0	FALSE
gene720	0	FALSE
gene721	-1.93676053010859	TRUE
gene722	0	FALSE
gene723	0	FALSE
gene724	0	FALSE
gene725	0	FALSE
gene726	0	FALSE
gene727	0	FALSE
gene728	0	FALSE
gene729	0	FALSE
gene730	0	FALSE
gene731	0	FALSE
gene732	0	FALSE
gene733	0	FALSE
gene734	0	FALSE
gene735	0	FALSE
gene736	0	FALSE
gene737	-1.87274715607055	TRUE
gene738	0	FALSE
gene739	0	FALSE
gene740	-2.549149376282	TRUE
gene741	0	FALSE
gene742	0	FALSE
gene743	0	FALSE
gene744	0	FALSE
gene745	0	FALSE
gene746	0	FALSE
gene747	0	FALSE
gene748	0	FALSE
gene749	0	FALSE
gene750	-1.10902116430225	TRUE
gene751	0	FALSE
gene752	0	FALSE
gene753	0	FALSE
gene754	0	FALSE
gene755	0	FALSE
gene756	0	FALSE
gene757	0	FALSE
gene758	0	FALSE
gene759	0	FALSE
gene760	0	FALSE
gene761	0	FALSE
gene762	0	FALSE
gene763	0	FALSE
gene764	0	FALSE
gene765	0	FALSE
gene766	0	FALSE
gene767	0	FALSE
gene768	0	FALSE
gene769	0	FALSE
gene770	0	FALSE
gene771	0	FALSE
gene772	0	FALSE
gene773	1.43615751707694	TRUE
gene774	0	FALSE
gene775	0	FALSE
gene776	0	FALSE
gene777	0	FALSE
gene778	0	FALSE
gene779	0	FALSE
gene780	0	FALSE
gene781	2.08508437627461	TRUE
gene782	0	FALSE
gene783	0	FALSE
gene784	0	FALSE
gene785	0	FALSE
gene786	0	FALSE
gene787	0	FALSE
gene788	0	FALSE
gene789	0	FALSE
gene790	0	FALSE
gene791	0	FALSE
gene792	0	FALSE
gene793	0	FALSE
gene794	0	FALSE
gene795	0	FALSE
gene796	0	FALSE
gene797	0	FALSE
gene798	0	FALSE
gene799	0	FALSE
gene800	0	FALSE
gene801	1.88960305857472	TRUE
gene802	0	FALSE
gene803	0	FALSE
gene804	0	FALSE
gene805	0	FALSE
gene806	0	FALSE
gene807	0	FALSE
gene808	0	FALSE
gene809	0	FALSE
gene810	0	FALSE
gene811	0	FALSE
gene812	0	FALSE
gene813	0	FALSE
gene814	0	FALSE
gene815	0	FALSE
gene816	2.20212353055831	TRUE
gene817	0	FALSE
gene818	0	FALSE
gene819	0	FALSE
gene820	0	FALSE
gene821	0	FALSE
gene822	-2.76731640449725	TRUE
gene823	0	FALSE
gene824	0	FALSE
gene825	0	FALSE
gene826	0	FALSE
gene827	0	FALSE
gene828	0	FALSE
gene829	0	FALSE
gene830	0	FALSE
gene831	0	FALSE
gene832	0	FALSE
gene833	0	FALSE
gene834	-2.00016340718139	TRUE
gene835	0	FALSE
gene836	0	FALSE
gene837	0	FALSE
gene838	0	FALSE
gene839	0	FALSE
gene840	0	FALSE
gene841	0	FALSE
gene842	0	FALSE
gene843	0	FALSE
gene844	0	FALSE
gene845	0.836600317445118	TRUE
gene846	0	FALSE
gene847	0	FALSE
gene848	0	FALSE
gene849	0	FALSE
gene850	0	FALSE
gene851	0	FALSE
gene852	0	FALSE
gene853	0	FALSE
gene854	0	FALSE
gene855	0	FALSE
gene856	0	FALSE
gene857	0	FALSE
gene858	0	FALSE
gene859	0	FALSE
gene860	0	FALSE
gene861	0	FALSE
gene862	0	FALSE
gene863	0	FALSE
gene864	-1.75191101065138	TRUE
gene865	0	FALSE
gene866	0	FALSE
gene867	0	FALSE
gene868	0	FALSE
gene869	0	FALSE
gene870	0	FALSE
gene871	0	FALSE
gene872	0	FALSE
gene873	0	FALSE
gene874	0	FALSE
gene875	-2.18683519063052	TRUE
gene876	-1.49866352841491	TRUE
gene877	0	FALSE
gene878	0	FALSE
gene879	0	FALSE
gene880	0	FALSE
gene881	0	FALSE
gene882	-2.01768632215681	TRUE
gene883	0	FALSE
gene884	0	FALSE
gene885	0	FALSE
gene886	0	FALSE
gene887	0	FALSE
gene888	0	FALSE
gene889	0	FALSE
gene890	0	FALSE
gene891	0	FALSE
gene892	0	FALSE
gene893	0	FALSE
gene894	0	FALSE
gene895	0	FALSE
gene896	0	FALSE
gene897	0	FALSE
gene898	0	FALSE
gene899	0	FALSE
gene900	0	FALSE
gene901	0	FALSE
gene902	1.60096955217887	TRUE
gene903	0	FALSE
gene904	0	FALSE
gene905	0	FALSE
gene906	0	FALSE
gene907	0	FALSE
gene908	0	FALSE
gene909	0	FALSE
gene910	0	FALSE
gene911	0	FALSE
gene912	0	FALSE
gene913	-1.67813570599537	TRUE
gene914	0	FALSE
gene915	0	FALSE
gene916	-1.78826880070847	TRUE
gene917	0	FALSE
gene918	0	FALSE
gene919	0	FALSE
gene920	0	FALSE
gene921	0	FALSE
gene922	-1.58824341441505	TRUE
gene923	0	FALSE
gene924	0	FALSE
gene925	0	FALSE
gene926	0	FALSE
gene927	0	FALSE
gene928	0	FALSE
gene929	2.55227361805737	TRUE
gene930	1.05568662879523	TRUE
gene931	0	FALSE
gene932	0	FALSE
gene933	0	FALSE
gene934	2.64205910061719	TRUE
gene935	0	FALSE
gene936	0	FALSE
gene937	0	FALSE
gene938	0	FALSE
gene939	0	FALSE
gene940	0	FALSE
gene941	0	FALSE
gene942	0	FALSE
gene943	0	FALSE
gene944	0	FALSE
gene945	0	FALSE
gene946	0	FALSE
gene947	0	FALSE
gene948	-1.86565464944579	TRUE
gene949	0	FALSE
gene950	0	FALSE
gene951	0	FALSE
gene952	0	FALSE
gene953	0	FALSE
gene954	0	FALSE
gene955	0.815977146557998	TRUE
gene956	0	FALSE
gene957	0	FALSE
gene958	0	FALSE
gene959	0	FALSE
gene960	0	FALSE
gene961	0	FALSE
gene962	0	FALSE
gene963	0	FALSE
gene964	0	FALSE
gene965	0	FALSE
gene966	0	FALSE
gene967	0	FALSE
gene968	0	FALSE
gene969	0	FALSE
gene970	0	FALSE
gene971	0	FALSE
gene972	0	FALSE
gene973	0	FALSE
gene974	1.1926355806645	TRUE
gene975	0	FALSE
gene976	0	FALSE
gene977	0	FALSE
gene978	0	FALSE
gene979	0	FALSE
gene980	0	FALSE
gene981	0	FALSE
gene982	0	FALSE
gene983	0	FALSE
gene984	0	FALSE
gene985	0	FALSE
gene986	0	FALSE
gene987	0	FALSE
gene988	0	FALSE
gene989	0	FALSE
gene990	0	FALSE
gene991	0	FALSE
gene992	0	FALSE
gene993	0	FALSE
gene994	0	FALSE
gene995	0	FALSE
gene996	0	FALSE
gene997	0	FALSE
gene998	0	FALSE
gene999	0	FALSE
gene1000	-0.918038659729064	TRUE
gene1001	0	FALSE
gene1002	0	FALSE
gene1003	0	FALSE
gene1004	0	FALSE
gene1005	0	FALSE
gene1006	0	FALSE
gene1007	-2.06141437939368	TRUE
gene1008	0	FALSE
gene1009	0	FALSE
gene1010	0	FALSE
gene1011	0	FALSE
gene1012	0	FALSE
gene1013	0	FALSE
gene1014	0	FALSE
gene1015	0	FALSE
gene1016	0	FALSE
gene1017	0	FALSE
gene1018	0	FALSE
gene1019	0	FALSE
gene1020	0	FALSE
gene1021	0	FALSE
gene1022	0	FALSE
gene1023	0	FALSE
gene1024	0	FALSE
gene1025	0	FALSE
gene1026	-1.97047939267941	TRUE
gene1027	0	FALSE
gene1028	0	FALSE
gene1029	1.55184015672421	TRUE
gene1030	0	FALSE
gene1031	0	FALSE
gene1032	0	FALSE
gene1033	0	FALSE
gene1034	0	FALSE
gene1035	0	FALSE
gene1036	0	FALSE
gene1037	0	FALSE
gene1038	0	FALSE
gene1039	0	FALSE
gene1040	2.53530610003509	TRUE
gene1041	2.0408811866655	TRUE
gene1042	0	FALSE
gene1043	0	FALSE
gene1044	0	FALSE
gene1045	0	FALSE
gene1046	0	FALSE
gene1047	0	FALSE
gene1048	0	FALSE
gene1049	0	FALSE
gene1050	0	FALSE
gene1051	0	FALSE
gene1052	0	FALSE
gene1053	0	FALSE
gene1054	0	FALSE
gene1055	0	FALSE
gene1056	0	FALSE
gene1057	0	FALSE
gene1058	0	FALSE
gene1059	0	FALSE
gene1060	0	FALSE
gene1061	0	FALSE
gene1062	0	FALSE
gene1063	0	FALSE
gene1064	0	FALSE
gene1065	0	FALSE
gene1066	0	FALSE
gene1067	1.02582498919219	TRUE
gene1068	0	FALSE
gene1069	0	FALSE
gene1070	0	FALSE
gene1071	0	FALSE
gene1072	0	FALSE
gene1073	0	FALSE
gene1074	0	FALSE
gene1075	0	FALSE
gene1076	0	FALSE
gene1077	0	FALSE
gene1078	0	FALSE
gene1079	0	FALSE
gene1080	0	FALSE
gene1081	0	FALSE
gene1082	0	FALSE
gene1083	0	FALSE
gene1084	0	FALSE
gene1085	0	FALSE
gene1086	0	FALSE
gene1087	0	FALSE
gene1088	0	FALSE
gene1089	0	FALSE
gene1090	0	FALSE
gene1091	0	FALSE
gene1092	0	FALSE
gene1093	0	FALSE
gene1094	0	FALSE
gene1095	0	FALSE
gene1096	0	FALSE
gene1097	-2.22513986105332	TRUE
gene1098	0	FALSE
gene1099	0	FALSE
gene1100	0	FALSE
gene1101	2.96033504465595	TRUE
gene1102	0	FALSE
gene1103	-1.31624590605497	TRUE
gene1104	0	FALSE
gene1105	0	FALSE
gene1106	1.79256974486634	TRUE
gene1107	0	FALSE
gene1108	0	FALSE
gene1109	0	FALSE
gene1110	0	FALSE
gene1111	0	FALSE
gene1112	0	FALSE
gene1113	0	FALSE
gene1114	-0.957274104352109	TRUE
gene1115	0	FALSE
gene1116	0	FALSE
gene1117	0	FALSE
gene1118	0	FALSE
gene1119	2.51512469421141	TRUE
gene1120	0	FALSE
gene1121	0	FALSE
gene1122	0	FALSE
gene1123	0	FALSE
gene1124	0	FALSE
gene1125	0	FALSE
gene1126	0	FALSE
gene1127	0	FALSE
gene1128	0	FALSE
gene1129	-1.72643311007414	TRUE
gene1130	-2.36237312603043	TRUE
gene1131	0	FALSE
gene1132	0	FALSE
gene1133	0	FALSE
gene1134	0	FALSE
gene1135	0.841235567000695	TRUE
gene1136	0	FALSE
gene1137	0	FALSE
gene1138	0	FALSE
gene1139	1.51124935521511	TRUE
gene1140	0	FALSE
gene1141	0	FALSE
gene1142	0	FALSE
gene1143	0	FALSE
gene1144	0	FALSE
gene1145	0	FALSE
gene1146	0	FALSE
gene1147	0	FALSE
gene1148	0	FALSE
gene1149	1.91744479414774	TRUE
gene1150	0	FALSE
gene1151	-2.95560081477743	TRUE
gene1152	0	FALSE
gene1153	0	FALSE
gene1154	0	FALSE
gene1155	0	FALSE
gene1156	-1.10154039168265	TRUE
gene1157	0	FALSE
gene1158	0	FALSE
gene1159	-1.08499442157336	TRUE
gene1160	0	FALSE
gene1161	0	FALSE
gene1162	0	FALSE
gene1163	1.26315252209315	TRUE
gene1164	0	FALSE
gene1165	0	FALSE
gene1166	0	FALSE
gene1167	0	FALSE
gene1168	0	FALSE
gene1169	0	FALSE
gene1170	1.30705719755497	TRUE
gene1171	0	FALSE
gene1172	0	FALSE
gene1173	0	FALSE
gene1174	0	FALSE
gene1175	2.63750302704284	TRUE
gene1176	0	FALSE
gene1177	0	FALSE
gene1178	0	FALSE
gene1179	0	FALSE
gene1180	0	FALSE
gene1181	0	FALSE
gene1182	0	FALSE
gene1183	0	FALSE
gene1184	0	FALSE
gene1185	1.1040849101264	TRUE
gene1186	0	FALSE
gene1187	0	FALSE
gene1188	0	FALSE
gene1189	0	FALSE
gene1190	0	FALSE
gene1191	0	FALSE
gene1192	0	FALSE
gene1193	0	FALSE
gene1194	0	FALSE
gene1195	0	FALSE
gene1196	1.40090731327655	TRUE
gene1197	0	FALSE
gene1198	0	FALSE
gene1199	0	FALSE
gene1200	0	FALSE
gene1201	-1.12250863190275	TRUE
gene1202	2.83395001647295	TRUE
gene1203	0	FALSE
gene1204	0	FALSE
gene1205	0	FALSE
gene1206	0	FALSE
gene1207	0	FALSE
gene1208	0	FALSE
gene1209	0	FALSE
gene1210	0	FALSE
gene1211	0	FALSE
gene1212	0	FALSE
gene1213	0	FALSE
gene1214	-2.28933283203514	TRUE
gene1215	0	FALSE
gene1216	0	FALSE
gene1217	0	FALSE
gene1218	0	FALSE
gene1219	0	FALSE
gene1220	0	FALSE
gene1221	0	FALSE
gene1222	0	FALSE
gene1223	0	FALSE
gene1224	0	FALSE
gene1225	0	FALSE
gene1226	0	FALSE
gene1227	0	FALSE
gene1228	-2.48611469106982	TRUE
gene1229	-0.753982311347499	TRUE
gene1230	0	FALSE
gene1231	0	FALSE
gene1232	0	FALSE
gene1233	0	FALSE
gene1234	0	FALSE
gene1235	0	FALSE
gene1236	0	FALSE
gene1237	0	FALSE
gene1238	-0.956404646916781	TRUE
gene1239	-1.95141493988922	TRUE
gene1240	0	FALSE
gene1241	0	FALSE
gene1242	0	FALSE
gene1243	0	FALSE
gene1244	0	FALSE
gene1245	0	FALSE
gene1246	0	FALSE
gene1247	0	FALSE
gene1248	0	FALSE
gene1249	0	FALSE
gene1250	0	FALSE
gene1251	1.08173892181367	TRUE
gene1252	0	FALSE
gene1253	0	FALSE
gene1254	0	FALSE
gene1255	0	FALSE
gene1256	0	FALSE
gene1257	0	FALSE
gene1258	0	FALSE
gene1259	0	FALSE
gene1260	0	FALSE
gene1261	0	FALSE
gene1262	0	FALSE
gene1263	0	FALSE
gene1264	2.6740105173667	TRUE
gene1265	-1.77461418590974	TRUE
gene1266	0	FALSE
gene1267	0	FALSE
gene1268	0	FALSE
gene1269	0	FALSE
gene1270	0	FALSE
gene1271	0	FALSE
gene1272	1.06444433826255	TRUE
gene1273	0	FALSE
gene1274	0	FALSE
gene1275	2.66340935288463	TRUE
gene1276	-1.68265012622578	TRUE
gene1277	0	FALSE
gene1278	0	FALSE
gene1279	0	FALSE
gene1280	0	FALSE
gene1281	-2.67798205954023	TRUE
gene1282	0	FALSE
gene1283	0	FALSE
gene1284	0	FALSE
gene1285	0	FALSE
gene1286	0	FALSE
gene1287	0	FALSE
gene1288	0	FALSE
gene1289	0	FALSE
gene1290	0	FALSE
gene1291	0	FALSE
gene1292	0	FALSE
gene1293	0	FALSE
gene1294	0	FALSE
gene1295	0	FALSE
gene1296	0	FALSE
gene1297	0	FALSE
gene1298	0	FALSE
gene1299	0	FALSE
gene1300	0	FALSE
gene1301	0	FALSE
gene1302	0	FALSE
gene1303	0	FALSE
gene1304	0	FALSE
gene1305	-0.81526569428388	TRUE
gene1306	0	FALSE
gene1307	0	FALSE
gene1308	0	FALSE
gene1309	0	FALSE
gene1310	0	FALSE
gene1311	0	FALSE
gene1312	0	FALSE
gene1313	0	FALSE
gene1314	0	FALSE
gene1315	0	FALSE
gene1316	-2.51758064894238	TRUE
gene1317	0	FALSE
gene1318	0	FALSE
gene1319	0	FALSE
gene1320	0	FALSE
gene1321	0	FALSE
gene1322	0	FALSE
gene1323	1.50553769693943	TRUE
gene1324	0	FALSE
gene1325	0	FALSE
gene1326	0	FALSE
gene1327	0	FALSE
gene1328	0	FALSE
gene1329	0	FALSE
gene1330	0	FALSE
gene1331	0	FALSE
gene1332	1.11040082818363	TRUE
gene1333	0	FALSE
gene1334	0	FALSE
gene1335	0	FALSE
gene1336	0	FALSE
gene1337	0	FALSE
gene1338	0	FALSE
gene1339	1.64421321504051	TRUE
gene1340	0	FALSE
gene1341	0	FALSE
gene1342	0	FALSE
gene1343	0	FALSE
gene1344	0	FALSE
gene1345	0	FALSE
gene1346	0	FALSE
gene1347	0	FALSE
gene1348	0	FALSE
gene1349	-2.66856618103338	TRUE
gene1350	0	FALSE
gene1351	0	FALSE
gene1352	0	FALSE
gene1353	0	FALSE
gene1354	0	FALSE
gene1355	0	FALSE
gene1356	0	FALSE
gene1357	0	FALSE
gene1358	0	FALSE
gene1359	0	FALSE
gene1360	-1.47776965453522	TRUE
gene1361	0	FALSE
gene1362	0	FALSE
gene1363	0	FALSE
gene1364	0	FALSE
gene1365	0	FALSE
gene1366	-1.7940377802006	TRUE
gene1367	0	FALSE
gene1368	0	FALSE
gene1369	0	FALSE
gene1370	0	FALSE
gene1371	0	FALSE
gene1372	0	FALSE
gene1373	0	FALSE
gene1374	0	FALSE
gene1375	0	FALSE
gene1376	0	FALSE
gene1377	0.964755372027867	TRUE
gene1378	0	FALSE
gene1379	0	FALSE
gene1380	0	FALSE
gene1381	0	FALSE
gene1382	0	FALSE
gene1383	0	FALSE
gene1384	0	FALSE
gene1385	0	FALSE
gene1386	0	FALSE
gene1387	0	FALSE
gene1388	0	FALSE
gene1389	2.79617020301521	TRUE
gene1390	0	FALSE
gene1391	0	FALSE
gene1392	0	FALSE
gene1393	0	FALSE
gene1394	0	FALSE
gene1395	0	FALSE
gene1396	-1.96875596494647	TRUE
gene1397	0	FALSE
gene1398	2.88793344487203	TRUE
gene1399	0	FALSE
gene1400	0	FALSE
gene1401	0	FALSE
gene1402	0	FALSE
gene1403	0	FALSE
gene1404	0	FALSE
gene1405	0	FALSE
gene1406	0	FALSE
gene1407	0	FALSE
gene1408	0	FALSE
gene1409	0	FALSE
gene1410	0	FALSE
gene1411	0	FALSE
gene1412	0	FALSE
gene1413	0	FALSE
gene1414	0	FALSE
gene1415	0	FALSE
gene1416	0	FALSE
gene1417	0	FALSE
gene1418	0	FALSE
gene1419	0	FALSE
gene1420	0	FALSE
gene1421	0	FALSE
gene1422	0	FALSE
gene1423	-1.08124182309257	TRUE
gene1424	0	FALSE
gene1425	0	FALSE
gene1426	0	FALSE
gene1427	0	FALSE
gene1428	0	FALSE
gene1429	0	FALSE
gene1430	0	FALSE
gene1431	0	FALSE
gene1432	0	FALSE
gene1433	2.57590043346863	TRUE
gene1434	0	FALSE
gene1435	0	FALSE
gene1436	0	FALSE
gene1437	0	FALSE
gene1438	0	FALSE
gene1439	2.83643756678794	TRUE
gene1440	-2.53640042559709	TRUE
gene1441	0	FALSE
gene1442	0	FALSE
gene1443	0	FALSE
gene1444	0	FALSE
gene1445	0	FALSE
gene1446	-2.65374579594936	TRUE
gene1447	0	FALSE
gene1448	0	FALSE
gene1449	0	FALSE
gene1450	0	FALSE
gene1451	0	FALSE
gene1452	0	FALSE
gene1453	0	FALSE
gene1454	0	FALSE
gene1455	-0.809424931649119	TRUE
gene1456	0.762894976534881	TRUE
gene1457	0	FALSE
gene1458	0	FALSE
gene1459	0	FALSE
gene1460	0	FALSE
gene1461	0	FALSE
gene1462	-1.92238954547793	TRUE
gene1463	2.27020707505289	TRUE
gene1464	0	FALSE
gene1465	0	FALSE
gene1466	0	FALSE
gene1467	0	FALSE
gene1468	0	FALSE
gene1469	0	FALSE
gene1470	0	FALSE
gene1471	0	FALSE
gene1472	0	FALSE
gene1473	0	FALSE
gene1474	0	FALSE
gene1475	0	FALSE
gene1476	0	FALSE
gene1477	0	FALSE
gene1478	1.09587919875048	TRUE
gene1479	0	FALSE
gene1480	0	FALSE
gene1481	0	FALSE
gene1482	0	FALSE
gene1483	0	FALSE
gene1484	1.9783173763426	TRUE
gene1485	0	FALSE
gene1486	0	FALSE
gene1487	0	FALSE
gene1488	1.4001435401151	TRUE
gene1489	0	FALSE
gene1490	1.71564336429583	TRUE
gene1491	1.40584028384183	TRUE
gene1492	1.16981516301166	TRUE
gene1493	0	FALSE
gene1494	0	FALSE
gene1495	0	FALSE
gene1496	2.318230018951	TRUE
gene1497	0	FALSE
gene1498	0	FALSE
gene1499	0	FALSE
gene1500	0	FALSE
gene1501	0	FALSE
gene1502	0	FALSE
gene1503	0	FALSE
gene1504	0	FALSE
gene1505	0	FALSE
gene1506	0	FALSE
gene1507	0	FALSE
gene1508	0	FALSE
gene1509	0	FALSE
gene1510	0	FALSE
gene1511	0	FALSE
gene1512	0	FALSE
gene1513	0	FALSE
gene1514	0	FALSE
gene1515	0	FALSE
gene1516	0	FALSE
gene1517	0	FALSE
gene1518	0	FALSE
gene1519	0	FALSE
gene1520	0	FALSE
gene1521	0	FALSE
gene1522	0	FALSE
gene1523	0	FALSE
gene1524	1.25852667703293	TRUE
gene1525	0	FALSE
gene1526	0	FALSE
gene1527	-0.994597992044874	TRUE
gene1528	0	FALSE
gene1529	0	FALSE
gene1530	0	FALSE
gene1531	0.858162756019738	TRUE
gene1532	0	FALSE
gene1533	0	FALSE
gene1534	0	FALSE
gene1535	0	FALSE
gene1536	0	FALSE
gene1537	0	FALSE
gene1538	0	FALSE
gene1539	-2.35220236546593	TRUE
gene1540	0	FALSE
gene1541	0	FALSE
gene1542	2.37577918596799	TRUE
gene1543	0	FALSE
gene1544	-2.44223584287101	TRUE
gene1545	0	FALSE
gene1546	0	FALSE
gene1547	0	FALSE
gene1548	0	FALSE
gene1549	0	FALSE
gene1550	0	FALSE
gene1551	0	FALSE
gene1552	0	FALSE
gene1553	2.53087765193777	TRUE
gene1554	0	FALSE
gene1555	0	FALSE
gene1556	0	FALSE
gene1557	0	FALSE
gene1558	0	FALSE
gene1559	0	FALSE
gene1560	0	FALSE
gene1561	0	FALSE
gene1562	0	FALSE
gene1563	0	FALSE
gene1564	0	FALSE
gene1565	0	FALSE
gene1566	0	FALSE
gene1567	2.91924592433497	TRUE
gene1568	0	FALSE
gene1569	0	FALSE
gene1570	0	FALSE
gene1571	0	FALSE
gene1572	0	FALSE
gene1573	0	FALSE
gene1574	0	FALSE
gene1575	0	FALSE
gene1576	0	FALSE
gene1577	0.90380241262028	TRUE
gene1578	0	FALSE
gene1579	0	FALSE
gene1580	0	FALSE
gene1581	0	FALSE
gene1582	-1.65329597156961	TRUE
gene1583	0	FALSE
gene1584	2.93433625751641	TRUE
gene1585	0	FALSE
gene1586	0	FALSE
gene1587	1.98707017034758	TRUE
gene1588	0	FALSE
gene1589	0	FALSE
gene1590	0	FALSE
gene1591	0	FALSE
gene1592	0	FALSE
gene1593	0	FALSE
gene1594	0	FALSE
gene1595	0	FALSE
gene1596	0	FALSE
gene1597	-0.782415105728433	TRUE
gene1598	0	FALSE
gene1599	0	FALSE
gene1600	0	FALSE
gene1601	0	FALSE
gene1602	0	FALSE
gene1603	0	FALSE
gene1604	0	FALSE
gene1605	0	FALSE
gene1606	0.985020763997454	TRUE
gene1607	0	FALSE
gene1608	0	FALSE
gene1609	0	FALSE
gene1610	0	FALSE
gene1611	0	FALSE
gene1612	0	FALSE
gene1613	0	FALSE
gene1614	0	FALSE
gene1615	0	FALSE
gene1616	0	FALSE
gene1617	0	FALSE
gene1618	0	FALSE
gene1619	0	FALSE
gene1620	0	FALSE
gene1621	0	FALSE
gene1622	0	FALSE
gene1623	0	FALSE
gene1624	0	FALSE
gene1625	0	FALSE
gene1626	0	FALSE
gene1627	-2.91455687501002	TRUE
gene1628	0	FALSE
gene1629	0	FALSE
gene1630	0	FALSE
gene1631	-1.69380261929473	TRUE
gene1632	0	FALSE
gene1633	0	FALSE
gene1634	0	FALSE
gene1635	0	FALSE
gene1636	0	FALSE
gene1637	0	FALSE
gene1638	0	FALSE
gene1639	0	FALSE
gene1640	0	FALSE
gene1641	0	FALSE
gene1642	0	FALSE
gene1643	0	FALSE
gene1644	0	FALSE
gene1645	0	FALSE
gene1646	0	FALSE
gene1647	0	FALSE
gene1648	0	FALSE
gene1649	0	FALSE
gene1650	0	FALSE
gene1651	0	FALSE
gene1652	0	FALSE
gene1653	1.36423576972447	TRUE
gene1654	0	FALSE
gene1655	0	FALSE
gene1656	0	FALSE
gene1657	-1.77061693591531	TRUE
gene1658	0	FALSE
gene1659	0	FALSE
gene1660	0	FALSE
gene1661	0	FALSE
gene1662	0	FALSE
gene1663	0	FALSE
gene1664	0	FALSE
gene1665	0	FALSE
gene1666	0	FALSE
gene1667	0	FALSE
gene1668	0	FALSE
gene1669	0	FALSE
gene1670	0	FALSE
gene1671	0	FALSE
gene1672	0	FALSE
gene1673	0	FALSE
gene1674	0	FALSE
gene1675	0	FALSE
gene1676	0.828756668139249	TRUE
gene1677	0	FALSE
gene1678	0	FALSE
gene1679	0	FALSE
gene1680	0	FALSE
gene1681	0	FALSE
gene1682	0	FALSE
gene1683	0	FALSE
gene1684	0	FALSE
gene1685	0	FALSE
gene1686	0	FALSE
gene1687	0	FALSE
gene1688	0	FALSE
gene1689	0	FALSE
gene1690	0	FALSE
gene1691	2.09870837460039	TRUE
gene1692	0	FALSE
gene1693	0	FALSE
gene1694	0	FALSE
gene1695	0	FALSE
gene1696	0	FALSE
gene1697	-2.82439730549231	TRUE
gene1698	2.36226273007924	TRUE
gene1699	0	FALSE
gene1700	-1.20316788885975	TRUE
gene1701	0	FALSE
gene1702	0	FALSE
gene1703	0	FALSE
gene1704	0	FALSE
gene1705	0	FALSE
gene1706	0	FALSE
gene1707	-1.64830263715703	TRUE
gene1708	0	FALSE
gene1709	0	FALSE
gene1710	0	FALSE
gene1711	0	FALSE
gene1712	0	FALSE
gene1713	-1.1463142579305	TRUE
gene1714	1.69952797045698	TRUE
gene1715	0	FALSE
gene1716	0	FALSE
gene1717	0	FALSE
gene1718	0	FALSE
gene1719	0	FALSE
gene1720	0	FALSE
gene1721	2.65916165424278	TRUE
gene1722	0	FALSE
gene1723	1.74050875206012	TRUE
gene1724	2.47819289413746	TRUE
gene1725	0	FALSE
gene1726	-1.47113070840714	TRUE
gene1727	0	FALSE
gene1728	0	FALSE
gene1729	0	FALSE
gene1730	0	FALSE
gene1731	0	FALSE
gene1732	0	FALSE
gene1733	0	FALSE
gene1734	0	FALSE
gene1735	0	FALSE
gene1736	0	FALSE
gene1737	-2.11276336933952	TRUE
gene1738	0	FALSE
gene1739	0	FALSE
gene1740	0	FALSE
gene1741	0	FALSE
gene1742	0	FALSE
gene1743	0	FALSE
gene1744	0	FALSE
gene1745	0	FALSE
gene1746	2.96693769609556	TRUE
gene1747	0	FALSE
gene1748	2.00296280410839	TRUE
gene1749	0	FALSE
gene1750	0	FALSE
gene1751	0	FALSE
gene1752	0	FALSE
gene1753	0	FALSE
gene1754	0	FALSE
gene1755	0	FALSE
gene1756	0	FALSE
gene1757	0	FALSE
gene1758	-1.84159930871101	TRUE
gene1759	0	FALSE
gene1760	0	FALSE
gene1761	-0.792664485401474	TRUE
gene1762	0.753419627377298	TRUE
gene1763	0	FALSE
gene1764	0	FALSE
gene1765	-2.80702779663261	TRUE
gene1766	0	FALSE
gene1767	0	FALSE
gene1768	0	FALSE
gene1769	0	FALSE
gene1770	0	FALSE
gene1771	0	FALSE
gene1772	0	FALSE
gene1773	0	FALSE
gene1774	0	FALSE
gene1775	0	FALSE
gene1776	0	FALSE
gene1777	0	FALSE
gene1778	0	FALSE
gene1779	1.33038407861022	TRUE
gene1780	0	FALSE
gene1781	0	FALSE
gene1782	0	FALSE
gene1783	0	FALSE
gene1784	0	FALSE
gene1785	0	FALSE
gene1786	0	FALSE
gene1787	0	FALSE
gene1788	0	FALSE
gene1789	2.66770687251119	TRUE
gene1790	0	FALSE
gene1791	0	FALSE
gene1792	0	FALSE
gene1793	0	FALSE
gene1794	0	FALSE
gene1795	0	FALSE
gene1796	0	FALSE
gene1797	0.791626542282756	TRUE
gene1798	0	FALSE
gene1799	0	FALSE
gene1800	0	FALSE
gene1801	0	FALSE
gene1802	0	FALSE
gene1803	0	FALSE
gene1804	0	FALSE
gene1805	0	FALSE
gene1806	0	FALSE
gene1807	0	FALSE
gene1808	0	FALSE
gene1809	0	FALSE
gene1810	0	FALSE
gene1811	0	FALSE
gene1812	0	FALSE
gene1813	0	FALSE
gene1814	0	FALSE
gene1815	0	FALSE
gene1816	0	FALSE
gene1817	0	FALSE
gene1818	0	FALSE
gene1819	0	FALSE
gene1820	0	FALSE
gene1821	2.29583285283297	TRUE
gene1822	0	FALSE
gene1823	0	FALSE
gene1824	0	FALSE
gene1825	0	FALSE
gene1826	0	FALSE
gene1827	0	FALSE
gene1828	0	FALSE
gene1829	0	FALSE
gene1830	0	FALSE
gene1831	0	FALSE
gene1832	0	FALSE
gene1833	0	FALSE
gene1834	0	FALSE
gene1835	0	FALSE
gene1836	0	FALSE
gene1837	0	FALSE
gene1838	0	FALSE
gene1839	0	FALSE
gene1840	0	FALSE
gene1841	0	FALSE
gene1842	0	FALSE
gene1843	0	FALSE
gene1844	0	FALSE
gene1845	0	FALSE
gene1846	0	FALSE
gene1847	0	FALSE
gene1848	0	FALSE
gene1849	0	FALSE
gene1850	0	FALSE
gene1851	0	FALSE
gene1852	0	FALSE
gene1853	0	FALSE
gene1854	0	FALSE
gene1855	0	FALSE
gene1856	0	FALSE
gene1857	2.69658444839297	TRUE
gene1858	0	FALSE
gene1859	0	FALSE
gene1860	1.43029165221378	TRUE
gene1861	0	FALSE
gene1862	0	FALSE
gene1863	0	FALSE
gene1864	0.797575321455952	TRUE
gene1865	0	FALSE
gene1866	0	FALSE
gene1867	0	FALSE
gene1868	0	FALSE
gene1869	0	FALSE
gene1870	-2.25575831840979	TRUE
gene1871	1.88578408642206	TRUE
gene1872	0	FALSE
gene1873	0	FALSE
gene1874	0	FALSE
gene1875	0	FALSE
gene1876	0	FALSE
gene1877	0	FALSE
gene1878	0	FALSE
gene1879	0	FALSE
gene1880	0	FALSE
gene1881	0	FALSE
gene1882	0	FALSE
gene1883	0	FALSE
gene1884	0	FALSE
gene1885	0	FALSE
gene1886	0	FALSE
gene1887	0	FALSE
gene1888	0	FALSE
gene1889	0	FALSE
gene1890	0	FALSE
gene1891	0	FALSE
gene1892	0	FALSE
gene1893	0	FALSE
gene1894	0	FALSE
gene1895	0	FALSE
gene1896	0	FALSE
gene1897	0	FALSE
gene1898	0	FALSE
gene1899	0	FALSE
gene1900	0	FALSE
gene1901	0	FALSE
gene1902	0	FALSE
gene1903	-2.31716551620048	TRUE
gene1904	0	FALSE
gene1905	0	FALSE
gene1906	-1.70329624257283	TRUE
gene1907	0	FALSE
gene1908	2.03113499621395	TRUE
gene1909	0	FALSE
gene1910	0	FALSE
gene1911	0	FALSE
gene1912	0	FALSE
gene1913	0	FALSE
gene1914	0	FALSE
gene1915	-2.96633411053335	TRUE
gene1916	0	FALSE
gene1917	0	FALSE
gene1918	0	FALSE
gene1919	0	FALSE
gene1920	0	FALSE
gene1921	0	FALSE
gene1922	1.35496854322264	TRUE
gene1923	0	FALSE
gene1924	0	FALSE
gene1925	0	FALSE
gene1926	0	FALSE
gene1927	0	FALSE
gene1928	-2.25825326261111	TRUE
gene1929	0	FALSE
gene1930	0	FALSE
gene1931	0	FALSE
gene1932	0	FALSE
gene1933	0	FALSE
gene1934	0	FALSE
gene1935	0	FALSE
gene1936	0	FALSE
gene1937	0	FALSE
gene1938	0	FALSE
gene1939	1.34960624424275	TRUE
gene1940	0	FALSE
gene1941	1.3572721699602	TRUE
gene1942	0	FALSE
gene1943	0	FALSE
gene1944	0	FALSE
gene1945	0	FALSE
gene1946	0	FALSE
gene1947	0	FALSE
gene1948	0	FALSE
gene1949	0	FALSE
gene1950	-1.53488971525803	TRUE
gene1951	0	FALSE
gene1952	0	FALSE
gene1953	0	FALSE
gene1954	1.86265104630729	TRUE
gene1955	0	FALSE
gene1956	0	FALSE
gene1957	0	FALSE
gene1958	0	FALSE
gene1959	0	FALSE
gene1960	0	FALSE
gene1961	0	FALSE
gene1962	0	FALSE
gene1963	-2.28409181238385	TRUE
gene1964	0	FALSE
gene1965	0	FALSE
gene1966	2.47421957447659	TRUE
gene1967	0	FALSE
gene1968	0	FALSE
gene1969	0	FALSE
gene1970	-0.771576377679594	TRUE
gene1971	0	FALSE
gene1972	0	FALSE
gene1973	0	FALSE
gene1974	0	FALSE
gene1975	0	FALSE
gene1976	0	FALSE
gene1977	0	FALSE
gene1978	0	FALSE
gene1979	0	FALSE
gene1980	0	FALSE
gene1981	0	FALSE
gene1982	2.4189111982123	TRUE
gene1983	0	FALSE
gene1984	-1.20737944263965	TRUE
gene1985	-2.79828070441727	TRUE
gene1986	-2.70976787974359	TRUE
gene1987	0	FALSE
gene1988	0	FALSE
gene1989	0	FALSE
gene1990	0	FALSE
gene1991	0	FALSE
gene1992	0	FALSE
gene1993	-0.967262302350719	TRUE
gene1994	0	FALSE
gene1995	0	FALSE
gene1996	0	FALSE
gene1997	0	FALSE
gene1998	0	FALSE
gene1999	2.29664151108591	TRUE
gene2000	0	FALSE
gene2001	-1.92789550923044	TRUE
gene2002	2.31519383535488	TRUE
gene2003	0	FALSE
gene2004	0	FALSE
gene2005	0	FALSE
gene2006	0	FALSE
gene2007	0	FALSE
gene2008	0	FALSE
gene2009	0	FALSE
gene2010	0	FALSE
gene2011	0	FALSE
gene2012	0	FALSE
gene2013	0	FALSE
gene2014	0	FALSE
gene2015	0	FALSE
gene2016	0	FALSE
gene2017	0	FALSE
gene2018	0	FALSE
gene2019	0	FALSE
gene2020	2.31863381975563	TRUE
gene2021	0	FALSE
gene2022	0	FALSE
gene2023	0	FALSE
gene2024	0	FALSE
gene2025	0	FALSE
gene2026	0	FALSE
gene2027	0	FALSE
gene2028	0	FALSE
gene2029	0	FALSE
gene2030	0	FALSE
gene2031	0	FALSE
gene2032	0	FALSE
gene2033	0	FALSE
gene2034	0	FALSE
gene2035	0	FALSE
gene2036	0	FALSE
gene2037	0	FALSE
gene2038	0	FALSE
gene2039	0	FALSE
gene2040	0	FALSE
gene2041	0	FALSE
gene2042	0	FALSE
gene2043	0	FALSE
gene2044	0	FALSE
gene2045	2.8293270636932	TRUE
gene2046	1.48025321296882	TRUE
gene2047	0	FALSE
gene2048	0	FALSE
gene2049	0	FALSE
gene2050	2.84514480514918	TRUE
gene2051	0	FALSE
gene2052	0	FALSE
gene2053	0	FALSE
gene2054	0	FALSE
gene2055	0	FALSE
gene2056	0	FALSE
gene2057	0	FALSE
gene2058	0	FALSE
gene2059	0	FALSE
gene2060	0	FALSE
gene2061	2.04522396699758	TRUE
gene2062	2.9720898141386	TRUE
gene2063	-1.87053327122703	TRUE
gene2064	0	FALSE
gene2065	0	FALSE
gene2066	0	FALSE
gene2067	0	FALSE
gene2068	0	FALSE
gene2069	0	FALSE
gene2070	0	FALSE
gene2071	-1.96437885548221	TRUE
gene2072	0	FALSE
gene2073	0	FALSE
gene2074	0	FALSE
gene2075	0	FALSE
gene2076	0	FALSE
gene2077	0	FALSE
gene2078	-2.72701013612095	TRUE
gene2079	0	FALSE
gene2080	0	FALSE
gene2081	-0.976863457588479	TRUE
gene2082	0	FALSE
gene2083	0	FALSE
gene2084	0	FALSE
gene2085	0	FALSE
gene2086	0	FALSE
gene2087	2.63255243038293	TRUE
gene2088	0	FALSE
gene2089	0	FALSE
gene2090	0	FALSE
gene2091	0	FALSE
gene2092	0	FALSE
gene2093	0	FALSE
gene2094	0	FALSE
gene2095	0	FALSE
gene2096	0	FALSE
gene2097	0	FALSE
gene2098	0	FALSE
gene2099	0	FALSE
gene2100	-2.72644625301473	TRUE
gene2101	0	FALSE
gene2102	0	FALSE
gene2103	0	FALSE
gene2104	1.81559615721926	TRUE
gene2105	0	FALSE
gene2106	0	FALSE
gene2107	0	FALSE
gene2108	0	FALSE
gene2109	0	FALSE
gene2110	0	FALSE
gene2111	0	FALSE
gene2112	0	FALSE
gene2113	0	FALSE
gene2114	0	FALSE
gene2115	0	FALSE
gene2116	0	FALSE
gene2117	0	FALSE
gene2118	0	FALSE
gene2119	0	FALSE
gene2120	0	FALSE
gene2121	0	FALSE
gene2122	0	FALSE
gene2123	1.11731706024148	TRUE
gene2124	1.58175006037345	TRUE
gene2125	0	FALSE
gene2126	0	FALSE
gene2127	0	FALSE
gene2128	0	FALSE
gene2129	0	FALSE
gene2130	0	FALSE
gene2131	0	FALSE
gene2132	0	FALSE
gene2133	1.41865320311626	TRUE
gene2134	0	FALSE
gene2135	0	FALSE
gene2136	0	FALSE
gene2137	0	FALSE
gene2138	0	FALSE
gene2139	0	FALSE
gene2140	0	FALSE
gene2141	1.60096078418428	TRUE
gene2142	0	FALSE
gene2143	0	FALSE
gene2144	0	FALSE
gene2145	0	FALSE
gene2146	0	FALSE
gene2147	0	FALSE
gene2148	0	FALSE
gene2149	0	FALSE
gene2150	0	FALSE
gene2151	0	FALSE
gene2152	0	FALSE
gene2153	0	FALSE
gene2154	0	FALSE
gene2155	0	FALSE
gene2156	0	FALSE
gene2157	-1.22609890729655	TRUE
gene2158	0	FALSE
gene2159	0	FALSE
gene2160	0	FALSE
gene2161	0	FALSE
gene2162	0	FALSE
gene2163	0	FALSE
gene2164	0	FALSE
gene2165	0	FALSE
gene2166	0	FALSE
gene2167	-1.29805753449909	TRUE
gene2168	0	FALSE
gene2169	-0.791389157355297	TRUE
gene2170	0	FALSE
gene2171	1.80646371538751	TRUE
gene2172	0	FALSE
gene2173	0	FALSE
gene2174	0	FALSE
gene2175	0	FALSE
gene2176	0	FALSE
gene2177	0	FALSE
gene2178	0	FALSE
gene2179	0	FALSE
gene2180	0	FALSE
gene2181	0	FALSE
gene2182	0	FALSE
gene2183	0	FALSE
gene2184	0	FALSE
gene2185	0	FALSE
gene2186	0	FALSE
gene2187	0	FALSE
gene2188	0	FALSE
gene2189	0	FALSE
gene2190	0	FALSE
gene2191	0	FALSE
gene2192	0	FALSE
gene2193	0	FALSE
gene2194	0	FALSE
gene2195	0	FALSE
gene2196	0	FALSE
gene2197	0	FALSE
gene2198	-2.690315199201	TRUE
gene2199	0	FALSE
gene2200	0	FALSE
gene2201	0	FALSE
gene2202	0	FALSE
gene2203	0	FALSE
gene2204	0	FALSE
gene2205	0	FALSE
gene2206	0	FALSE
gene2207	0	FALSE
gene2208	-2.76180899015162	TRUE
gene2209	0	FALSE
gene2210	0	FALSE
gene2211	0	FALSE
gene2212	0	FALSE
gene2213	0	FALSE
gene2214	0	FALSE
gene2215	0	FALSE
gene2216	0	FALSE
gene2217	0	FALSE
gene2218	0	FALSE
gene2219	1.32975629449356	TRUE
gene2220	0	FALSE
gene2221	0	FALSE
gene2222	0	FALSE
gene2223	0	FALSE
gene2224	0	FALSE
gene2225	0	FALSE
gene2226	0	FALSE
gene2227	0	FALSE
gene2228	0	FALSE
gene2229	0	FALSE
gene2230	0	FALSE
gene2231	0	FALSE
gene2232	0	FALSE
gene2233	0	FALSE
gene2234	0	FALSE
gene2235	0	FALSE
gene2236	0	FALSE
gene2237	-1.35351197695127	TRUE
gene2238	0	FALSE
gene2239	0	FALSE
gene2240	0	FALSE
gene2241	0	FALSE
gene2242	0	FALSE
gene2243	0	FALSE
gene2244	0	FALSE
gene2245	0	FALSE
gene2246	0	FALSE
gene2247	0	FALSE
gene2248	0	FALSE
gene2249	0	FALSE
gene2250	0	FALSE
gene2251	0	FALSE
gene2252	0	FALSE
gene2253	0	FALSE
gene2254	0	FALSE
gene2255	0	FALSE
gene2256	0	FALSE
gene2257	-2.55057024926646	TRUE
gene2258	0	FALSE
gene2259	0	FALSE
gene2260	0	FALSE
gene2261	1.70412963529816	TRUE
gene2262	0	FALSE
gene2263	0	FALSE
gene2264	2.8511990433326	TRUE
gene2265	0	FALSE
gene2266	0	FALSE
gene2267	0	FALSE
gene2268	1.83435509959236	TRUE
gene2269	0	FALSE
gene2270	0	FALSE
gene2271	0	FALSE
gene2272	0	FALSE
gene2273	0	FALSE
gene2274	0	FALSE
gene2275	0	FALSE
gene2276	0	FALSE
gene2277	0	FALSE
gene2278	0	FALSE
gene2279	-1.09909498452907	TRUE
gene2280	0	FALSE
gene2281	0	FALSE
gene2282	0	FALSE
gene2283	0	FALSE
gene2284	0	FALSE
gene2285	0	FALSE
gene2286	0	FALSE
gene2287	0	FALSE
gene2288	0	FALSE
gene2289	0	FALSE
gene2290	0	FALSE
gene2291	0	FALSE
gene2292	0	FALSE
gene2293	0	FALSE
gene2294	0	FALSE
gene2295	0	FALSE
gene2296	0	FALSE
gene2297	0	FALSE
gene2298	0	FALSE
gene2299	0	FALSE
gene2300	0	FALSE
gene2301	-0.927552914014086	TRUE
gene2302	2.83555159595562	TRUE
gene2303	0	FALSE
gene2304	0	FALSE
gene2305	0	FALSE
gene2306	0	FALSE
gene2307	0	FALSE
gene2308	0	FALSE
gene2309	0	FALSE
gene2310	0	FALSE
gene2311	0	FALSE
gene2312	0	FALSE
gene2313	0	FALSE
gene2314	0	FALSE
gene2315	0	FALSE
gene2316	0	FALSE
gene2317	0	FALSE
gene2318	0	FALSE
gene2319	1.17660822614562	TRUE
gene2320	0	FALSE
gene2321	0	FALSE
gene2322	0	FALSE
gene2323	0	FALSE
gene2324	0	FALSE
gene2325	0	FALSE
gene2326	0	FALSE
gene2327	2.10754704487044	TRUE
gene2328	0	FALSE
gene2329	0	FALSE
gene2330	0	FALSE
gene2331	0	FALSE
gene2332	0	FALSE
gene2333	0	FALSE
gene2334	0	FALSE
gene2335	0	FALSE
gene2336	0	FALSE
gene2337	0	FALSE
gene2338	0	FALSE
gene2339	0	FALSE
gene2340	0	FALSE
gene2341	0	FALSE
gene2342	-2.4293422823539	TRUE
gene2343	0	FALSE
gene2344	0	FALSE
gene2345	0	FALSE
gene2346	0	FALSE
gene2347	0	FALSE
gene2348	0	FALSE
gene2349	0	FALSE
gene2350	0	FALSE
gene2351	0	FALSE
gene2352	0	FALSE
gene2353	0	FALSE
gene2354	0	FALSE
gene2355	0	FALSE
gene2356	0	FALSE
gene2357	0	FALSE
gene2358	0	FALSE
gene2359	0	FALSE
gene2360	0	FALSE
gene2361	0	FALSE
gene2362	0	FALSE
gene2363	0	FALSE
gene2364	-2.75186751969159	TRUE
gene2365	0	FALSE
gene2366	0	FALSE
gene2367	0	FALSE
gene2368	-2.42791724251583	TRUE
gene2369	-1.74520694132661	TRUE
gene2370	0	FALSE
gene2371	0	FALSE
gene2372	0	FALSE
gene2373	0	FALSE
gene2374	2.37692874093773	TRUE
gene2375	0	FALSE
gene2376	0	FALSE
gene2377	0	FALSE
gene2378	0	FALSE
gene2379	0	FALSE
gene2380	0	FALSE
gene2381	0.920069620537106	TRUE
gene2382	0	FALSE
gene2383	0	FALSE
gene2384	0	FALSE
gene2385	0	FALSE
gene2386	0	FALSE
gene2387	0	FALSE
gene2388	0	FALSE
gene2389	0	FALSE
gene2390	0	FALSE
gene2391	0	FALSE
gene2392	0	FALSE
gene2393	2.01252303575166	TRUE
gene2394	0	FALSE
gene2395	0	FALSE
gene2396	0	FALSE
gene2397	0	FALSE
gene2398	0	FALSE
gene2399	0	FALSE
gene2400	0	FALSE
gene2401	2.93546506622806	TRUE
gene2402	0	FALSE
gene2403	0	FALSE
gene2404	0	FALSE
gene2405	0	FALSE
gene2406	0	FALSE
gene2407	0	FALSE
gene2408	0	FALSE
gene2409	0	FALSE
gene2410	0	FALSE
gene2411	0	FALSE
gene2412	0	FALSE
gene2413	0	FALSE
gene2414	0	FALSE
gene2415	0	FALSE
gene2416	0	FALSE
gene2417	0	FALSE
gene2418	0	FALSE
gene2419	-2.18937626044499	TRUE
gene2420	0	FALSE
gene2421	0	FALSE
gene2422	0	FALSE
gene2423	0	FALSE
gene2424	0	FALSE
gene2425	2.68555159179959	TRUE
gene2426	0	FALSE
gene2427	0	FALSE
gene2428	0	FALSE
gene2429	0	FALSE
gene2430	2.94805524637923	TRUE
gene2431	0	FALSE
gene2432	0	FALSE
gene2433	-2.1576163895661	TRUE
gene2434	0	FALSE
gene2435	0	FALSE
gene2436	0	FALSE
gene2437	0	FALSE
gene2438	1.72232638037531	TRUE
gene2439	0	FALSE
gene2440	0	FALSE
gene2441	0	FALSE
gene2442	0	FALSE
gene2443	2.12442720355466	TRUE
gene2444	0	FALSE
gene2445	0	FALSE
gene2446	0	FALSE
gene2447	0	FALSE
gene2448	0	FALSE
gene2449	0	FALSE
gene2450	0	FALSE
gene2451	0	FALSE
gene2452	0	FALSE
gene2453	0	FALSE
gene2454	0	FALSE
gene2455	0	FALSE
gene2456	1.28806391183753	TRUE
gene2457	0	FALSE
gene2458	0	FALSE
gene2459	0	FALSE
gene2460	-2.2493943128502	TRUE
gene2461	0	FALSE
gene2462	0	FALSE
gene2463	0	FALSE
gene2464	0	FALSE
gene2465	0	FALSE
gene2466	0	FALSE
gene2467	1.46598022064427	TRUE
gene2468	0	FALSE
gene2469	0	FALSE
gene2470	0	FALSE
gene2471	0	FALSE
gene2472	0	FALSE
gene2473	0	FALSE
gene2474	0	FALSE
gene2475	0	FALSE
gene2476	0	FALSE
gene2477	0	FALSE
gene2478	0	FALSE
gene2479	0	FALSE
gene2480	0	FALSE
gene2481	-1.40746141254203	TRUE
gene2482	-2.05243920302019	TRUE
gene2483	0	FALSE
gene2484	0	FALSE
gene2485	0	FALSE
gene2486	0	FALSE
gene2487	0	FALSE
gene2488	0	FALSE
gene2489	0	FALSE
gene2490	0.787552320223767	TRUE
gene2491	0	FALSE
gene2492	0	FALSE
gene2493	0	FALSE
gene2494	0	FALSE
gene2495	0	FALSE
gene2496	0	FALSE
gene2497	0	FALSE
gene2498	0	FALSE
gene2499	0	FALSE
gene2500	0	FALSE
gene2501	0	FALSE
gene2502	1.85241051530465	TRUE
gene2503	0	FALSE
gene2504	0	FALSE
gene2505	0	FALSE
gene2506	0	FALSE
gene2507	0	FALSE
gene2508	0	FALSE
gene2509	0	FALSE
gene2510	0	FALSE
gene2511	0	FALSE
gene2512	0	FALSE
gene2513	0	FALSE
gene2514	0	FALSE
gene2515	-2.12234689953038	TRUE
gene2516	0	FALSE
gene2517	0	FALSE
gene2518	2.27778966317419	TRUE
gene2519	0	FALSE
gene2520	0	FALSE
gene2521	0.848624945443589	TRUE
gene2522	0	FALSE
gene2523	0	FALSE
gene2524	0	FALSE
gene2525	0	FALSE
gene2526	0	FALSE
gene2527	0	FALSE
gene2528	2.71842951269355	TRUE
gene2529	0	FALSE
gene2530	0	FALSE
gene2531	0	FALSE
gene2532	0	FALSE
gene2533	0	FALSE
gene2534	0	FALSE
gene2535	0	FALSE
gene2536	0	FALSE
gene2537	0	FALSE
gene2538	0	FALSE
gene2539	0	FALSE
gene2540	2.50948462629458	TRUE
gene2541	0	FALSE
gene2542	2.65728836070048	TRUE
gene2543	0	FALSE
gene2544	0	FALSE
gene2545	-1.87860559561523	TRUE
gene2546	0	FALSE
gene2547	0	FALSE
gene2548	0	FALSE
gene2549	2.0153957795701	TRUE
gene2550	0	FALSE
gene2551	0	FALSE
gene2552	0	FALSE
gene2553	0	FALSE
gene2554	0	FALSE
gene2555	0	FALSE
gene2556	-1.8289258836885	TRUE
gene2557	1.15974784927676	TRUE
gene2558	2.21336872590473	TRUE
gene2559	0	FALSE
gene2560	0	FALSE
gene2561	0	FALSE
gene2562	1.6406326739816	TRUE
gene2563	0	FALSE
gene2564	0	FALSE
gene2565	0	FALSE
gene2566	0	FALSE
gene2567	0	FALSE
gene2568	0	FALSE
gene2569	0	FALSE
gene2570	-2.09084287367295	TRUE
gene2571	0	FALSE
gene2572	0	FALSE
gene2573	-1.51657058653655	TRUE
gene2574	0	FALSE
gene2575	0	FALSE
gene2576	2.56086141639389	TRUE
gene2577	0	FALSE
gene2578	0	FALSE
gene2579	0	FALSE
gene2580	0	FALSE
gene2581	0	FALSE
gene2582	0	FALSE
gene2583	0	FALSE
gene2584	1.68406038667308	TRUE
gene2585	0	FALSE
gene2586	0	FALSE
gene2587	0	FALSE
gene2588	0	FALSE
gene2589	0	FALSE
gene2590	0	FALSE
gene2591	0	FALSE
gene2592	0	FALSE
gene2593	0	FALSE
gene2594	0	FALSE
gene2595	0	FALSE
gene2596	0	FALSE
gene2597	0.774115166044794	TRUE
gene2598	0	FALSE
gene2599	0	FALSE
gene2600	0	FALSE
gene2601	0	FALSE
gene2602	1.29678823146969	TRUE
gene2603	-1.7779014808475	TRUE
gene2604	0	FALSE
gene2605	0	FALSE
gene2606	0	FALSE
gene2607	0	FALSE
gene2608	1.99476160429185	TRUE
gene2609	0	FALSE
gene2610	0	FALSE
gene2611	0	FALSE
gene2612	0	FALSE
gene2613	0	FALSE
gene2614	0	FALSE
gene2615	0	FALSE
gene2616	0	FALSE
gene2617	0	FALSE
gene2618	0	FALSE
gene2619	0	FALSE
gene2620	0	FALSE
gene2621	2.32904890336795	TRUE
gene2622	0	FALSE
gene2623	0	FALSE
gene2624	-1.9278080566437	TRUE
gene2625	0	FALSE
gene2626	0	FALSE
gene2627	0	FALSE
gene2628	0	FALSE
gene2629	-1.58457584300777	TRUE
gene2630	0	FALSE
gene2631	0	FALSE
gene2632	0	FALSE
gene2633	0	FALSE
gene2634	0	FALSE
gene2635	-1.19040325772949	TRUE
gene2636	0	FALSE
gene2637	0	FALSE
gene2638	0	FALSE
gene2639	0	FALSE
gene2640	0	FALSE
gene2641	0	FALSE
gene2642	0	FALSE
gene2643	0	FALSE
gene2644	0	FALSE
gene2645	0	FALSE
gene2646	0	FALSE
gene2647	0	FALSE
gene2648	0	FALSE
gene2649	0	FALSE
gene2650	0	FALSE
gene2651	0	FALSE
gene2652	0	FALSE
gene2653	0	FALSE
gene2654	0	FALSE
gene2655	0	FALSE
gene2656	0	FALSE
gene2657	0	FALSE
gene2658	0	FALSE
gene2659	0	FALSE
gene2660	0	FALSE
gene2661	0	FALSE
gene2662	0	FALSE
gene2663	0.991116824210621	TRUE
gene2664	0	FALSE
gene2665	0	FALSE
gene2666	0	FALSE
gene2667	0	FALSE
gene2668	0	FALSE
gene2669	0	FALSE
gene2670	0	FALSE
gene2671	0	FALSE
gene2672	0	FALSE
gene2673	0	FALSE
gene2674	-2.71146843378665	TRUE
gene2675	0	FALSE
gene2676	0	FALSE
gene2677	0	FALSE
gene2678	0	FALSE
gene2679	0	FALSE
gene2680	0	FALSE
gene2681	0	FALSE
gene2682	0	FALSE
gene2683	0	FALSE
gene2684	0	FALSE
gene2685	0	FALSE
gene2686	0	FALSE
gene2687	0	FALSE
gene2688	0	FALSE
gene2689	0	FALSE
gene2690	0	FALSE
gene2691	0	FALSE
gene2692	0	FALSE
gene2693	-2.15219564933795	TRUE
gene2694	0	FALSE
gene2695	0	FALSE
gene2696	1.82311205577571	TRUE
gene2697	0	FALSE
gene2698	0	FALSE
gene2699	0	FALSE
gene2700	0	FALSE
gene2701	2.2410354630556	TRUE
gene2702	0	FALSE
gene2703	0	FALSE
gene2704	0	FALSE
gene2705	0	FALSE
gene2706	0	FALSE
gene2707	0	FALSE
gene2708	1.60999540187186	TRUE
gene2709	0	FALSE
gene2710	0	FALSE
gene2711	-1.66288930701558	TRUE
gene2712	0	FALSE
gene2713	0	FALSE
gene2714	0	FALSE
gene2715	0	FALSE
gene2716	0	FALSE
gene2717	0	FALSE
gene2718	0	FALSE
gene2719	0	FALSE
gene2720	-1.01298367098207	TRUE
gene2721	-0.860527571698185	TRUE
gene2722	0	FALSE
gene2723	0	FALSE
gene2724	0	FALSE
gene2725	0	FALSE
gene2726	0	FALSE
gene2727	0	FALSE
gene2728	0	FALSE
gene2729	0	FALSE
gene2730	-1.1114467671141	TRUE
gene2731	0	FALSE
gene2732	0	FALSE
gene2733	0	FALSE
gene2734	0	FALSE
gene2735	0	FALSE
gene2736	-2.39018212765222	TRUE
gene2737	0	FALSE
gene2738	0	FALSE
gene2739	1.53857267741114	TRUE
gene2740	0	FALSE
gene2741	0	FALSE
gene2742	0	FALSE
gene2743	0	FALSE
gene2744	0	FALSE
gene2745	1.642300671665	TRUE
gene2746	0	FALSE
gene2747	0	FALSE
gene2748	0	FALSE
gene2749	0	FALSE
gene2750	0	FALSE
gene2751	0	FALSE
gene2752	0	FALSE
gene2753	0	FALSE
gene2754	0	FALSE
gene2755	0	FALSE
gene2756	0	FALSE
gene2757	0	FALSE
gene2758	0	FALSE
gene2759	0	FALSE
gene2760	0	FALSE
gene2761	0	FALSE
gene2762	0	FALSE
gene2763	0	FALSE
gene2764	0	FALSE
gene2765	0	FALSE
gene2766	1.17725318321027	TRUE
gene2767	0	FALSE
gene2768	-2.05857434176141	TRUE
gene2769	0	FALSE
gene2770	0	FALSE
gene2771	0	FALSE
gene2772	0	FALSE
gene2773	0	FALSE
gene2774	2.58043287950568	TRUE
gene2775	0	FALSE
gene2776	0	FALSE
gene2777	0	FALSE
gene2778	2.45921524119331	TRUE
gene2779	-2.63433539425023	TRUE
gene2780	0	FALSE
gene2781	0	FALSE
gene2782	0	FALSE
gene2783	0	FALSE
gene2784	0	FALSE
gene2785	-0.838125993555877	TRUE
gene2786	0	FALSE
gene2787	0	FALSE
gene2788	0	FALSE
gene2789	0	FALSE
gene2790	0	FALSE
gene2791	0	FALSE
gene2792	0	FALSE
gene2793	0	FALSE
gene2794	0	FALSE
gene2795	0	FALSE
gene2796	0	FALSE
gene2797	0	FALSE
gene2798	0	FALSE
gene2799	0	FALSE
gene2800	0	FALSE
gene2801	0	FALSE
gene2802	0	FALSE
gene2803	1.10197344166227	TRUE
gene2804	0	FALSE
gene2805	0	FALSE
gene2806	0	FALSE
gene2807	0	FALSE
gene2808	0	FALSE
gene2809	0	FALSE
gene2810	0	FALSE
gene2811	0	FALSE
gene2812	0	FALSE
gene2813	0	FALSE
gene2814	0	FALSE
gene2815	0	FALSE
gene2816	0	FALSE
gene2817	0	FALSE
gene2818	0	FALSE
gene2819	1.98880040680524	TRUE
gene2820	0	FALSE
gene2821	-2.68913699121913	TRUE
gene2822	0	FALSE
gene2823	0	FALSE
gene2824	0	FALSE
gene2825	0	FALSE
gene2826	0	FALSE
gene2827	-1.16502173594199	TRUE
gene2828	0	FALSE
gene2829	0	FALSE
gene2830	0	FALSE
gene2831	-2.8742811853881	TRUE
gene2832	0	FALSE
gene2833	-2.42691761464812	TRUE
gene2834	0	FALSE
gene2835	0	FALSE
gene2836	0	FALSE
gene2837	0	FALSE
gene2838	0	FALSE
gene2839	0	FALSE
gene2840	0	FALSE
gene2841	0	FALSE
gene2842	0	FALSE
gene2843	0	FALSE
gene2844	0	FALSE
gene2845	0	FALSE
gene2846	0	FALSE
gene2847	0	FALSE
gene2848	0	FALSE
gene2849	0	FALSE
gene2850	0	FALSE
gene2851	0	FALSE
gene2852	-1.2591656834702	TRUE
gene2853	0	FALSE
gene2854	0	FALSE
gene2855	2.69149032840505	TRUE
gene2856	0	FALSE
gene2857	0	FALSE
gene2858	0	FALSE
gene2859	0	FALSE
gene2860	0	FALSE
gene2861	0	FALSE
gene2862	0	FALSE
gene2863	0	FALSE
gene2864	0	FALSE
gene2865	0	FALSE
gene2866	0	FALSE
gene2867	2.62495010968996	TRUE
gene2868	0	FALSE
gene2869	-1.62312896980438	TRUE
gene2870	0	FALSE
gene2871	-2.87757439218694	TRUE
gene2872	0	FALSE
gene2873	1.11643982073292	TRUE
gene2874	0	FALSE
gene2875	0	FALSE
gene2876	1.92229917703662	TRUE
gene2877	-1.81521645019529	TRUE
gene2878	0	FALSE
gene2879	0	FALSE
gene2880	0	FALSE
gene2881	0	FALSE
gene2882	0	FALSE
gene2883	0	FALSE
gene2884	1.33648397563957	TRUE
gene2885	-1.71068636438577	TRUE
gene2886	0	FALSE
gene2887	0	FALSE
gene2888	-1.43704133795109	TRUE
gene2889	0	FALSE
gene2890	-1.89641652221326	TRUE
gene2891	0	FALSE
gene2892	0	FALSE
gene2893	0	FALSE
gene2894	0	FALSE
gene2895	0	FALSE
gene2896	0	FALSE
gene2897	0	FALSE
gene2898	0	FALSE
gene2899	0	FALSE
gene2900	0	FALSE
gene2901	0	FALSE
gene2902	2.4945467049256	TRUE
gene2903	0	FALSE
gene2904	0	FALSE
gene2905	0	FALSE
gene2906	0	FALSE
gene2907	2.30853769218083	TRUE
gene2908	0.913145004480612	TRUE
gene2909	0	FALSE
gene2910	0	FALSE
gene2911	0	FALSE
gene2912	0	FALSE
gene2913	0	FALSE
gene2914	0	FALSE
gene2915	0	FALSE
gene2916	0	FALSE
gene2917	0	FALSE
gene2918	0	FALSE
gene2919	0	FALSE
gene2920	0	FALSE
gene2921	0	FALSE
gene2922	0	FALSE
gene2923	0	FALSE
gene2924	0	FALSE
gene2925	0	FALSE
gene2926	0	FALSE
gene2927	0	FALSE
gene2928	0	FALSE
gene2929	0	FALSE
gene2930	0	FALSE
gene2931	0	FALSE
gene2932	0	FALSE
gene2933	0	FALSE
gene2934	-2.05188264412573	TRUE
gene2935	0	FALSE
gene2936	0	FALSE
gene2937	0	FALSE
gene2938	0	FALSE
gene2939	0	FALSE
gene2940	1.12439047603402	TRUE
gene2941	0	FALSE
gene2942	0	FALSE
gene2943	0	FALSE
gene2944	0	FALSE
gene2945	0	FALSE
gene2946	0	FALSE
gene2947	2.2001512273564	TRUE
gene2948	0	FALSE
gene2949	0	FALSE
gene2950	0	FALSE
gene2951	0	FALSE
gene2952	0	FALSE
gene2953	0	FALSE
gene2954	0	FALSE
gene2955	0	FALSE
gene2956	0	FALSE
gene2957	0	FALSE
gene2958	0	FALSE
gene2959	1.88255906483391	TRUE
gene2960	0	FALSE
gene2961	0	FALSE
gene2962	0	FALSE
gene2963	0	FALSE
gene2964	0	FALSE
gene2965	0	FALSE
gene2966	0	FALSE
gene2967	2.70917565689888	TRUE
gene2968	0	FALSE
gene2969	0	FALSE
gene2970	0	FALSE
gene2971	0	FALSE
gene2972	0	FALSE
gene2973	0	FALSE
gene2974	0	FALSE
gene2975	0	FALSE
gene2976	-2.94177352177212	TRUE
gene2977	0	FALSE
gene2978	0	FALSE
gene2979	0	FALSE
gene2980	0	FALSE
gene2981	0	FALSE
gene2982	0	FALSE
gene2983	0	FALSE
gene2984	0	FALSE
gene2985	0	FALSE
gene2986	0	FALSE
gene2987	0	FALSE
gene2988	0	FALSE
gene2989	0	FALSE
gene2990	0	FALSE
gene2991	0	FALSE
gene2992	0	FALSE
gene2993	0	FALSE
gene2994	0	FALSE
gene2995	0	FALSE
gene2996	0	FALSE
gene2997	0	FALSE
gene2998	0	FALSE
gene2999	0	FALSE
gene3000	0	FALSE
gene3001	0	FALSE
gene3002	0	FALSE
gene3003	0	FALSE
gene3004	2.50916056253482	TRUE
gene3005	0	FALSE
gene3006	0	FALSE
gene3007	0	FALSE
gene3008	0	FALSE
gene3009	0	FALSE
gene3010	0	FALSE
gene3011	0	FALSE
gene3012	0	FALSE
gene3013	0	FALSE
gene3014	0	FALSE
gene3015	1.19868632045109	TRUE
gene3016	0	FALSE
gene3017	-1.88445945287822	TRUE
gene3018	0	FALSE
gene3019	2.68479295202997	TRUE
gene3020	0	FALSE
gene3021	0	FALSE
gene3022	0	FALSE
gene3023	0	FALSE
gene3024	1.32538465788821	TRUE
gene3025	0	FALSE
gene3026	1.03983477666043	TRUE
gene3027	0	FALSE
gene3028	0	FALSE
gene3029	0.955245276214555	TRUE
gene3030	0	FALSE
gene3031	0	FALSE
gene3032	0	FALSE
gene3033	0	FALSE
gene3034	0	FALSE
gene3035	0	FALSE
gene3036	0	FALSE
gene3037	0	FALSE
gene3038	0	FALSE
gene3039	-1.37346378201619	TRUE
gene3040	0	FALSE
gene3041	0	FALSE
gene3042	0	FALSE
gene3043	0	FALSE
gene3044	0	FALSE
gene3045	0	FALSE
gene3046	0	FALSE
gene3047	0	FALSE
gene3048	0	FALSE
gene3049	0	FALSE
gene3050	0	FALSE
gene3051	0	FALSE
gene3052	0	FALSE
gene3053	1.43577447824646	TRUE
gene3054	0	FALSE
gene3055	0	FALSE
gene3056	0	FALSE
gene3057	0	FALSE
gene3058	0	FALSE
gene3059	0	FALSE
gene3060	0	FALSE
gene3061	1.11772092076717	TRUE
gene3062	0	FALSE
gene3063	0	FALSE
gene3064	0	FALSE
gene3065	0	FALSE
gene3066	0	FALSE
gene3067	0	FALSE
gene3068	0	FALSE
gene3069	0	FALSE
gene3070	0.947802556387614	TRUE
gene3071	0	FALSE
gene3072	0	FALSE
gene3073	0	FALSE
gene3074	0	FALSE
gene3075	0	FALSE
gene3076	0	FALSE
gene3077	0	FALSE
gene3078	0	FALSE
gene3079	0	FALSE
gene3080	0	FALSE
gene3081	0	FALSE
gene3082	0	FALSE
gene3083	0	FALSE
gene3084	0	FALSE
gene3085	0	FALSE
gene3086	0	FALSE
gene3087	0	FALSE
gene3088	0	FALSE
gene3089	0	FALSE
gene3090	0	FALSE
gene3091	0	FALSE
gene3092	-1.44865910784574	TRUE
gene3093	0	FALSE
gene3094	0	FALSE
gene3095	0	FALSE
gene3096	0	FALSE
gene3097	0	FALSE
gene3098	0	FALSE
gene3099	0	FALSE
gene3100	0	FALSE
gene3101	0	FALSE
gene3102	0	FALSE
gene3103	0	FALSE
gene3104	0	FALSE
gene3105	0	FALSE
gene3106	0	FALSE
gene3107	0	FALSE
gene3108	0	FALSE
gene3109	0	FALSE
gene3110	0	FALSE
gene3111	0	FALSE
gene3112	0	FALSE
gene3113	-2.47218609385891	TRUE
gene3114	0	FALSE
gene3115	2.5414275972289	TRUE
gene3116	0	FALSE
gene3117	0	FALSE
gene3118	2.29356523737079	TRUE
gene3119	0	FALSE
gene3120	0	FALSE
gene3121	0	FALSE
gene3122	0	FALSE
gene3123	0	FALSE
gene3124	0	FALSE
gene3125	0	FALSE
gene3126	0	FALSE
gene3127	0	FALSE
gene3128	0	FALSE
gene3129	0	FALSE
gene3130	0	FALSE
gene3131	0	FALSE
gene3132	0	FALSE
gene3133	0	FALSE
gene3134	0	FALSE
gene3135	0	FALSE
gene3136	0	FALSE
gene3137	1.37368851236533	TRUE
gene3138	0	FALSE
gene3139	0	FALSE
gene3140	0	FALSE
gene3141	-1.32912006927654	TRUE
gene3142	0	FALSE
gene3143	0	FALSE
gene3144	2.80520064075245	TRUE
gene3145	0	FALSE
gene3146	-2.47366854711436	TRUE
gene3147	0	FALSE
gene3148	0	FALSE
gene3149	0	FALSE
gene3150	-2.09517157240771	TRUE
gene3151	0	FALSE
gene3152	0	FALSE
gene3153	0	FALSE
gene3154	0	FALSE
gene3155	0	FALSE
gene3156	0	FALSE
gene3157	0	FALSE
gene3158	0	FALSE
gene3159	0	FALSE
gene3160	0	FALSE
gene3161	0	FALSE
gene3162	0	FALSE
gene3163	0	FALSE
gene3164	0	FALSE
gene3165	0	FALSE
gene3166	0	FALSE
gene3167	0	FALSE
gene3168	0	FALSE
gene3169	0	FALSE
gene3170	1.51727986842161	TRUE
gene3171	0	FALSE
gene3172	0	FALSE
gene3173	0	FALSE
gene3174	0	FALSE
gene3175	0	FALSE
gene3176	0	FALSE
gene3177	0	FALSE
gene3178	0	FALSE
gene3179	0	FALSE
gene3180	0	FALSE
gene3181	0	FALSE
gene3182	0	FALSE
gene3183	0	FALSE
gene3184	-1.53437900118297	TRUE
gene3185	0	FALSE
gene3186	0	FALSE
gene3187	0	FALSE
gene3188	-1.04481482313713	TRUE
gene3189	1.48791110515594	TRUE
gene3190	0	FALSE
gene3191	0	FALSE
gene3192	0	FALSE
gene3193	0	FALSE
gene3194	0	FALSE
gene3195	0	FALSE
gene3196	0	FALSE
gene3197	-2.38900857267436	TRUE
gene3198	1.38928150880383	TRUE
gene3199	0	FALSE
gene3200	0	FALSE
gene3201	0	FALSE
gene3202	0	FALSE
gene3203	0	FALSE
gene3204	0	FALSE
gene3205	0	FALSE
gene3206	0	FALSE
gene3207	0	FALSE
gene3208	0.793978056928609	TRUE
gene3209	0	FALSE
gene3210	0	FALSE
gene3211	0	FALSE
gene3212	0	FALSE
gene3213	0	FALSE
gene3214	0	FALSE
gene3215	0	FALSE
gene3216	0	FALSE
gene3217	0	FALSE
gene3218	0	FALSE
gene3219	1.85160624602577	TRUE
gene3220	0	FALSE
gene3221	0	FALSE
gene3222	0	FALSE
gene3223	-0.873040621576365	TRUE
gene3224	-1.05571224703453	TRUE
gene3225	0	FALSE
gene3226	0	FALSE
gene3227	0	FALSE
gene3228	0	FALSE
gene3229	0	FALSE
gene3230	0	FALSE
gene3231	0	FALSE
gene3232	0	FALSE
gene3233	0	FALSE
gene3234	0	FALSE
gene3235	0	FALSE
gene3236	0	FALSE
gene3237	-1.5742052301066	TRUE
gene3238	0	FALSE
gene3239	0	FALSE
gene3240	0	FALSE
gene3241	0	FALSE
gene3242	-2.3742799704778	TRUE
gene3243	0	FALSE
gene3244	0	FALSE
gene3245	0	FALSE
gene3246	0	FALSE
gene3247	2.18233549216529	TRUE
gene3248	0	FALSE
gene3249	-2.49355513992487	TRUE
gene3250	-1.15259562211577	TRUE
gene3251	0	FALSE
gene3252	0	FALSE
gene3253	0	FALSE
gene3254	0	FALSE
gene3255	0	FALSE
gene3256	0	FALSE
gene3257	0	FALSE
gene3258	0	FALSE
gene3259	0	FALSE
gene3260	0	FALSE
gene3261	0	FALSE
gene3262	0	FALSE
gene3263	0	FALSE
gene3264	2.69027274695691	TRUE
gene3265	0	FALSE
gene3266	0	FALSE
gene3267	0	FALSE
gene3268	-0.977180919551756	TRUE
gene3269	0	FALSE
gene3270	0	FALSE
gene3271	0	FALSE
gene3272	0	FALSE
gene3273	0	FALSE
gene3274	0	FALSE
gene3275	0	FALSE
gene3276	0	FALSE
gene3277	0	FALSE
gene3278	0	FALSE
gene3279	0	FALSE
gene3280	0	FALSE
gene3281	2.58071748283692	TRUE
gene3282	0	FALSE
gene3283	0	FALSE
gene3284	0	FALSE
gene3285	-1.68716529087396	TRUE
gene3286	0	FALSE
gene3287	0	FALSE
gene3288	0	FALSE
gene3289	0	FALSE
gene3290	0	FALSE
gene3291	0	FALSE
gene3292	0.841807127406355	TRUE
gene3293	0	FALSE
gene3294	0	FALSE
gene3295	0	FALSE
gene3296	0	FALSE
gene3297	0	FALSE
gene3298	0	FALSE
gene3299	0	FALSE
gene3300	0	FALSE
gene3301	0	FALSE
gene3302	0	FALSE
gene3303	0	FALSE
gene3304	0	FALSE
gene3305	0	FALSE
gene3306	0	FALSE
gene3307	0	FALSE
gene3308	0	FALSE
gene3309	0	FALSE
gene3310	0	FALSE
gene3311	0	FALSE
gene3312	0	FALSE
gene3313	0	FALSE
gene3314	0	FALSE
gene3315	0	FALSE
gene3316	-2.94794404157437	TRUE
gene3317	0	FALSE
gene3318	0	FALSE
gene3319	0	FALSE
gene3320	0	FALSE
gene3321	0	FALSE
gene3322	0	FALSE
gene3323	0	FALSE
gene3324	-2.9567646959913	TRUE
gene3325	0	FALSE
gene3326	0	FALSE
gene3327	0	FALSE
gene3328	0	FALSE
gene3329	0	FALSE
gene3330	0	FALSE
gene3331	0	FALSE
gene3332	0	FALSE
gene3333	0	FALSE
gene3334	0	FALSE
gene3335	1.01099497906398	TRUE
gene3336	0	FALSE
gene3337	0	FALSE
gene3338	0	FALSE
gene3339	1.61457651900128	TRUE
gene3340	0	FALSE
gene3341	0	FALSE
gene3342	0	FALSE
gene3343	0	FALSE
gene3344	0	FALSE
gene3345	0	FALSE
gene3346	0	FALSE
gene3347	0	FALSE
gene3348	0	FALSE
gene3349	0	FALSE
gene3350	0	FALSE
gene3351	0	FALSE
gene3352	0	FALSE
gene3353	0	FALSE
gene3354	0	FALSE
gene3355	0	FALSE
gene3356	0	FALSE
gene3357	0	FALSE
gene3358	0	FALSE
gene3359	0	FALSE
gene3360	0	FALSE
gene3361	0	FALSE
gene3362	-2.42771036247723	TRUE
gene3363	0	FALSE
gene3364	0	FALSE
gene3365	0	FALSE
gene3366	0	FALSE
gene3367	0	FALSE
gene3368	0	FALSE
gene3369	0	FALSE
gene3370	0	FALSE
gene3371	0	FALSE
gene3372	0	FALSE
gene3373	0	FALSE
gene3374	0	FALSE
gene3375	2.65268199256388	TRUE
gene3376	0	FALSE
gene3377	2.21957068622578	TRUE
gene3378	0	FALSE
gene3379	0	FALSE
gene3380	0	FALSE
gene3381	0	FALSE
gene3382	0	FALSE
gene3383	0	FALSE
gene3384	0	FALSE
gene3385	0	FALSE
gene3386	1.69186767790234	TRUE
gene3387	0	FALSE
gene3388	0	FALSE
gene3389	2.34834897879045	TRUE
gene3390	-2.55425598687725	TRUE
gene3391	0	FALSE
gene3392	0	FALSE
gene3393	0	FALSE
gene3394	0	FALSE
gene3395	0	FALSE
gene3396	0	FALSE
gene3397	0	FALSE
gene3398	-1.96573890780564	TRUE
gene3399	0	FALSE
gene3400	-2.66169890976744	TRUE
gene3401	0	FALSE
gene3402	0	FALSE
gene3403	-2.8275101641193	TRUE
gene3404	0	FALSE
gene3405	0	FALSE
gene3406	0	FALSE
gene3407	0	FALSE
gene3408	0	FALSE
gene3409	0	FALSE
gene3410	0	FALSE
gene3411	0	FALSE
gene3412	0	FALSE
gene3413	0	FALSE
gene3414	0	FALSE
gene3415	0	FALSE
gene3416	0	FALSE
gene3417	0	FALSE
gene3418	0	FALSE
gene3419	0	FALSE
gene3420	0	FALSE
gene3421	0	FALSE
gene3422	0	FALSE
gene3423	0	FALSE
gene3424	1.84908019501017	TRUE
gene3425	-1.62647172046127	TRUE
gene3426	0	FALSE
gene3427	-1.79691752290819	TRUE
gene3428	0	FALSE
gene3429	1.67068280477542	TRUE
gene3430	1.33718882087851	TRUE
gene3431	0	FALSE
gene3432	0	FALSE
gene3433	0	FALSE
gene3434	1.82910913304659	TRUE
gene3435	2.6628091368475	TRUE
gene3436	0	FALSE
gene3437	-1.56458747189026	TRUE
gene3438	0	FALSE
gene3439	0	FALSE
gene3440	0	FALSE
gene3441	-1.71451473474735	TRUE
gene3442	0	FALSE
gene3443	0	FALSE
gene3444	0	FALSE
gene3445	0	FALSE
gene3446	0	FALSE
gene3447	0	FALSE
gene3448	0	FALSE
gene3449	0	FALSE
gene3450	0	FALSE
gene3451	0	FALSE
gene3452	0	FALSE
gene3453	-0.890677540912293	TRUE
gene3454	0	FALSE
gene3455	0	FALSE
gene3456	0	FALSE
gene3457	0	FALSE
gene3458	0	FALSE
gene3459	2.66141060006339	TRUE
gene3460	0	FALSE
gene3461	0	FALSE
gene3462	0	FALSE
gene3463	0	FALSE
gene3464	0	FALSE
gene3465	0	FALSE
gene3466	0	FALSE
gene3467	0	FALSE
gene3468	0	FALSE
gene3469	0	FALSE
gene3470	1.31182661256753	TRUE
gene3471	2.13501806667773	TRUE
gene3472	0	FALSE
gene3473	0	FALSE
gene3474	0	FALSE
gene3475	0	FALSE
gene3476	0	FALSE
gene3477	0	FALSE
gene3478	0	FALSE
gene3479	0	FALSE
gene3480	0	FALSE
gene3481	0	FALSE
gene3482	0	FALSE
gene3483	0	FALSE
gene3484	0	FALSE
gene3485	0	FALSE
gene3486	0	FALSE
gene3487	-0.875790913123637	TRUE
gene3488	0	FALSE
gene3489	0	FALSE
gene3490	0	FALSE
gene3491	0	FALSE
gene3492	0	FALSE
gene3493	0	FALSE
gene3494	0	FALSE
gene3495	0	FALSE
gene3496	0	FALSE
gene3497	0	FALSE
gene3498	0	FALSE
gene3499	2.91402702243067	TRUE
gene3500	0	FALSE
gene3501	0	FALSE
gene3502	0	FALSE
gene3503	0	FALSE
gene3504	0	FALSE
gene3505	0	FALSE
gene3506	0	FALSE
gene3507	0	FALSE
gene3508	0	FALSE
gene3509	0	FALSE
gene3510	0	FALSE
gene3511	0	FALSE
gene3512	0	FALSE
gene3513	0	FALSE
gene3514	0	FALSE
gene3515	0	FALSE
gene3516	0	FALSE
gene3517	0	FALSE
gene3518	0	FALSE
gene3519	0	FALSE
gene3520	0	FALSE
gene3521	0	FALSE
gene3522	0	FALSE
gene3523	0	FALSE
gene3524	0	FALSE
gene3525	2.3192290480365	TRUE
gene3526	0	FALSE
gene3527	1.44347846147139	TRUE
gene3528	0	FALSE
gene3529	0	FALSE
gene3530	0	FALSE
gene3531	0	FALSE
gene3532	0	FALSE
gene3533	0	FALSE
gene3534	0	FALSE
gene3535	0	FALSE
gene3536	0	FALSE
gene3537	0	FALSE
gene3538	0	FALSE
gene3539	0	FALSE
gene3540	0	FALSE
gene3541	0	FALSE
gene3542	0	FALSE
gene3543	-1.0345271769329	TRUE
gene3544	0	FALSE
gene3545	0	FALSE
gene3546	0	FALSE
gene3547	0	FALSE
gene3548	0	FALSE
gene3549	0	FALSE
gene3550	0	FALSE
gene3551	2.96545075171161	TRUE
gene3552	0	FALSE
gene3553	0	FALSE
gene3554	0	FALSE
gene3555	0	FALSE
gene3556	0	FALSE
gene3557	0	FALSE
gene3558	0	FALSE
gene3559	0	FALSE
gene3560	0	FALSE
gene3561	0	FALSE
gene3562	0	FALSE
gene3563	0	FALSE
gene3564	-2.02214012498735	TRUE
gene3565	0	FALSE
gene3566	0	FALSE
gene3567	0	FALSE
gene3568	2.6955319888657	TRUE
gene3569	0	FALSE
gene3570	0	FALSE
gene3571	0	FALSE
gene3572	0	FALSE
gene3573	0	FALSE
gene3574	0	FALSE
gene3575	0	FALSE
gene3576	2.64993518212577	TRUE
gene3577	0	FALSE
gene3578	0	FALSE
gene3579	0	FALSE
gene3580	0	FALSE
gene3581	0	FALSE
gene3582	0	FALSE
gene3583	0	FALSE
gene3584	0	FALSE
gene3585	0	FALSE
gene3586	0	FALSE
gene3587	0	FALSE
gene3588	0	FALSE
gene3589	0	FALSE
gene3590	-2.33508805150632	TRUE
gene3591	0	FALSE
gene3592	2.26922410464613	TRUE
gene3593	0	FALSE
gene3594	0	FALSE
gene3595	0	FALSE
gene3596	0	FALSE
gene3597	0	FALSE
gene3598	0	FALSE
gene3599	0	FALSE
gene3600	0	FALSE
gene3601	0	FALSE
gene3602	-0.944237509276718	TRUE
gene3603	0	FALSE
gene3604	0	FALSE
gene3605	0	FALSE
gene3606	0	FALSE
gene3607	0	FALSE
gene3608	0	FALSE
gene3609	0	FALSE
gene3610	0	FALSE
gene3611	0	FALSE
gene3612	0	FALSE
gene3613	-2.36705358966719	TRUE
gene3614	-1.48437727644341	TRUE
gene3615	0	FALSE
gene3616	0	FALSE
gene3617	0	FALSE
gene3618	0	FALSE
gene3619	0	FALSE
gene3620	0	FALSE
gene3621	0	FALSE
gene3622	0	FALSE
gene3623	2.56318843335612	TRUE
gene3624	-2.45427103835391	TRUE
gene3625	0	FALSE
gene3626	0	FALSE
gene3627	0	FALSE
gene3628	0	FALSE
gene3629	0	FALSE
gene3630	0	FALSE
gene3631	0	FALSE
gene3632	0	FALSE
gene3633	0	FALSE
gene3634	0	FALSE
gene3635	0	FALSE
gene3636	0	FALSE
gene3637	2.0251263671089	TRUE
gene3638	0	FALSE
gene3639	0	FALSE
gene3640	0	FALSE
gene3641	0	FALSE
gene3642	0	FALSE
gene3643	0	FALSE
gene3644	0	FALSE
gene3645	0	FALSE
gene3646	0	FALSE
gene3647	0	FALSE
gene3648	1.2032872440177	TRUE
gene3649	0	FALSE
gene3650	0	FALSE
gene3651	0	FALSE
gene3652	0	FALSE
gene3653	0	FALSE
gene3654	0	FALSE
gene3655	0	FALSE
gene3656	0	FALSE
gene3657	0	FALSE
gene3658	0	FALSE
gene3659	0	FALSE
gene3660	0	FALSE
gene3661	0	FALSE
gene3662	-1.48194090498146	TRUE
gene3663	0	FALSE
gene3664	0	FALSE
gene3665	0	FALSE
gene3666	0	FALSE
gene3667	0	FALSE
gene3668	0	FALSE
gene3669	0	FALSE
gene3670	0	FALSE
gene3671	0	FALSE
gene3672	0	FALSE
gene3673	0	FALSE
gene3674	0	FALSE
gene3675	0	FALSE
gene3676	0	FALSE
gene3677	0	FALSE
gene3678	0	FALSE
gene3679	0	FALSE
gene3680	0	FALSE
gene3681	2.05757833749522	TRUE
gene3682	1.90257905930048	TRUE
gene3683	0	FALSE
gene3684	2.09819080831949	TRUE
gene3685	0	FALSE
gene3686	0	FALSE
gene3687	0	FALSE
gene3688	0	FALSE
gene3689	0	FALSE
gene3690	0	FALSE
gene3691	0	FALSE
gene3692	0	FALSE
gene3693	0	FALSE
gene3694	0	FALSE
gene3695	0	FALSE
gene3696	0	FALSE
gene3697	-1.89561043091817	TRUE
gene3698	0	FALSE
gene3699	0	FALSE
gene3700	0	FALSE
gene3701	2.46032612310955	TRUE
gene3702	-1.08020372700412	TRUE
gene3703	0	FALSE
gene3704	0	FALSE
gene3705	2.76753377291607	TRUE
gene3706	0	FALSE
gene3707	0	FALSE
gene3708	0	FALSE
gene3709	0	FALSE
gene3710	0	FALSE
gene3711	0	FALSE
gene3712	0	FALSE
gene3713	0	FALSE
gene3714	-2.34874252171721	TRUE
gene3715	1.77341427770443	TRUE
gene3716	0	FALSE
gene3717	0	FALSE
gene3718	0	FALSE
gene3719	-2.25143671809928	TRUE
gene3720	0	FALSE
gene3721	0	FALSE
gene3722	0	FALSE
gene3723	0	FALSE
gene3724	0	FALSE
gene3725	0	FALSE
gene3726	0	FALSE
gene3727	0	FALSE
gene3728	0	FALSE
gene3729	0	FALSE
gene3730	0	FALSE
gene3731	0	FALSE
gene3732	0	FALSE
gene3733	0	FALSE
gene3734	0	FALSE
gene3735	0	FALSE
gene3736	0	FALSE
gene3737	0	FALSE
gene3738	0.989132082788274	TRUE
gene3739	0	FALSE
gene3740	0	FALSE
gene3741	0	FALSE
gene3742	0	FALSE
gene3743	0	FALSE
gene3744	0	FALSE
gene3745	0	FALSE
gene3746	0	FALSE
gene3747	0	FALSE
gene3748	0	FALSE
gene3749	-2.68639366398565	TRUE
gene3750	0	FALSE
gene3751	0	FALSE
gene3752	0	FALSE
gene3753	0	FALSE
gene3754	0	FALSE
gene3755	0	FALSE
gene3756	0	FALSE
gene3757	0	FALSE
gene3758	0	FALSE
gene3759	0	FALSE
gene3760	-0.830097918282263	TRUE
gene3761	0	FALSE
gene3762	0	FALSE
gene3763	0	FALSE
gene3764	0	FALSE
gene3765	0	FALSE
gene3766	-1.56176325929118	TRUE
gene3767	0	FALSE
gene3768	0	FALSE
gene3769	0	FALSE
gene3770	0.924868751491886	TRUE
gene3771	-2.29045342543395	TRUE
gene3772	0	FALSE
gene3773	0	FALSE
gene3774	0	FALSE
gene3775	0	FALSE
gene3776	0	FALSE
gene3777	0	FALSE
gene3778	0	FALSE
gene3779	0	FALSE
gene3780	0	FALSE
gene3781	-2.21022641326999	TRUE
gene3782	0	FALSE
gene3783	0	FALSE
gene3784	0	FALSE
gene3785	1.551273275516	TRUE
gene3786	0	FALSE
gene3787	0	FALSE
gene3788	0	FALSE
gene3789	0	FALSE
gene3790	0	FALSE
gene3791	0	FALSE
gene3792	0	FALSE
gene3793	0	FALSE
gene3794	0	FALSE
gene3795	0	FALSE
gene3796	0	FALSE
gene3797	0	FALSE
gene3798	0	FALSE
gene3799	0	FALSE
gene3800	0	FALSE
gene3801	0	FALSE
gene3802	0	FALSE
gene3803	0	FALSE
gene3804	0	FALSE
gene3805	-2.97138122428441	TRUE
gene3806	0	FALSE
gene3807	-2.15694300894393	TRUE
gene3808	0	FALSE
gene3809	0	FALSE
gene3810	0	FALSE
gene3811	0	FALSE
gene3812	0	FALSE
gene3813	0	FALSE
gene3814	0	FALSE
gene3815	0	FALSE
gene3816	0	FALSE
gene3817	0	FALSE
gene3818	0	FALSE
gene3819	0	FALSE
gene3820	0	FALSE
gene3821	0	FALSE
gene3822	0	FALSE
gene3823	0	FALSE
gene3824	0	FALSE
gene3825	0	FALSE
gene3826	0	FALSE
gene3827	0	FALSE
gene3828	0	FALSE
gene3829	0	FALSE
gene3830	0	FALSE
gene3831	0	FALSE
gene3832	0	FALSE
gene3833	0	FALSE
gene3834	0	FALSE
gene3835	0	FALSE
gene3836	0	FALSE
gene3837	0	FALSE
gene3838	0	FALSE
gene3839	0	FALSE
gene3840	0	FALSE
gene3841	0	FALSE
gene3842	0	FALSE
gene3843	0	FALSE
gene3844	0	FALSE
gene3845	0	FALSE
gene3846	0	FALSE
gene3847	0	FALSE
gene3848	0	FALSE
gene3849	0	FALSE
gene3850	0	FALSE
gene3851	0	FALSE
gene3852	0	FALSE
gene3853	0	FALSE
gene3854	-2.48674947669497	TRUE
gene3855	0	FALSE
gene3856	-1.67530218581669	TRUE
gene3857	0	FALSE
gene3858	0	FALSE
gene3859	-2.1518908215221	TRUE
gene3860	0	FALSE
gene3861	0	FALSE
gene3862	0	FALSE
gene3863	0	FALSE
gene3864	-2.56937174970517	TRUE
gene3865	0	FALSE
gene3866	0	FALSE
gene3867	0	FALSE
gene3868	0	FALSE
gene3869	0	FALSE
gene3870	0	FALSE
gene3871	0	FALSE
gene3872	0	FALSE
gene3873	0	FALSE
gene3874	0	FALSE
gene3875	0	FALSE
gene3876	0	FALSE
gene3877	0	FALSE
gene3878	2.91577992774546	TRUE
gene3879	0	FALSE
gene3880	0	FALSE
gene3881	0	FALSE
gene3882	0	FALSE
gene3883	0	FALSE
gene3884	0	FALSE
gene3885	0	FALSE
gene3886	0	FALSE
gene3887	0	FALSE
gene3888	2.96442965517053	TRUE
gene3889	0	FALSE
gene3890	0	FALSE
gene3891	0	FALSE
gene3892	0	FALSE
gene3893	0	FALSE
gene3894	0	FALSE
gene3895	0	FALSE
gene3896	0	FALSE
gene3897	0	FALSE
gene3898	0	FALSE
gene3899	0	FALSE
gene3900	0	FALSE
gene3901	0	FALSE
gene3902	0	FALSE
gene3903	0	FALSE
gene3904	0	FALSE
gene3905	0	FALSE
gene3906	0	FALSE
gene3907	0	FALSE
gene3908	2.37254209758248	TRUE
gene3909	-2.57467631885083	TRUE
gene3910	2.65565592324128	TRUE
gene3911	0	FALSE
gene3912	-1.17498201486887	TRUE
gene3913	0	FALSE
gene3914	0	FALSE
gene3915	0	FALSE
gene3916	0	FALSE
gene3917	0	FALSE
gene3918	0	FALSE
gene3919	0	FALSE
gene3920	0	FALSE
gene3921	-0.839427747647278	TRUE
gene3922	1.4414884368307	TRUE
gene3923	0	FALSE
gene3924	0	FALSE
gene3925	0	FALSE
gene3926	0	FALSE
gene3927	0	FALSE
gene3928	0	FALSE
gene3929	0	FALSE
gene3930	0	FALSE
gene3931	-1.78781891253311	TRUE
gene3932	0	FALSE
gene3933	0	FALSE
gene3934	0	FALSE
gene3935	0	FALSE
gene3936	1.88232166209491	TRUE
gene3937	0	FALSE
gene3938	0	FALSE
gene3939	0	FALSE
gene3940	0	FALSE
gene3941	0	FALSE
gene3942	0	FALSE
gene3943	-0.880292789835948	TRUE
gene3944	0	FALSE
gene3945	0	FALSE
gene3946	-1.28685201070039	TRUE
gene3947	0	FALSE
gene3948	0	FALSE
gene3949	0	FALSE
gene3950	0	FALSE
gene3951	0	FALSE
gene3952	1.74752958450699	TRUE
gene3953	0	FALSE
gene3954	0	FALSE
gene3955	0	FALSE
gene3956	0	FALSE
gene3957	0	FALSE
gene3958	0	FALSE
gene3959	0	FALSE
gene3960	0	FALSE
gene3961	-0.974075941485353	TRUE
gene3962	0	FALSE
gene3963	0	FALSE
gene3964	0	FALSE
gene3965	0	FALSE
gene3966	0	FALSE
gene3967	0	FALSE
gene3968	-1.61385641869856	TRUE
gene3969	0	FALSE
gene3970	1.52135756792268	TRUE
gene3971	0	FALSE
gene3972	0	FALSE
gene3973	0	FALSE
gene3974	-1.42023497720947	TRUE
gene3975	-1.33053581934655	TRUE
gene3976	0	FALSE
gene3977	0	FALSE
gene3978	0	FALSE
gene3979	0	FALSE
gene3980	0	FALSE
gene3981	0	FALSE
gene3982	-1.73431927972706	TRUE
gene3983	2.37367018021178	TRUE
gene3984	0	FALSE
gene3985	-2.58832205197541	TRUE
gene3986	1.60787899489515	TRUE
gene3987	0	FALSE
gene3988	0	FALSE
gene3989	0	FALSE
gene3990	0	FALSE
gene3991	0	FALSE
gene3992	1.99280194204766	TRUE
gene3993	0	FALSE
gene3994	0	FALSE
gene3995	0	FALSE
gene3996	0	FALSE
gene3997	0	FALSE
gene3998	0	FALSE
gene3999	1.56782207713695	TRUE
gene4000	-1.97266970132478	TRUE
gene4001	-0.897399884881452	TRUE
gene4002	0	FALSE
gene4003	0	FALSE
gene4004	0	FALSE
gene4005	0	FALSE
gene4006	0	FALSE
gene4007	0	FALSE
gene4008	0	FALSE
gene4009	0	FALSE
gene4010	0	FALSE
gene4011	0	FALSE
gene4012	0	FALSE
gene4013	0	FALSE
gene4014	0	FALSE
gene4015	0	FALSE
gene4016	0	FALSE
gene4017	0	FALSE
gene4018	0	FALSE
gene4019	0	FALSE
gene4020	0	FALSE
gene4021	0	FALSE
gene4022	0	FALSE
gene4023	0	FALSE
gene4024	0	FALSE
gene4025	0	FALSE
gene4026	0	FALSE
gene4027	0	FALSE
gene4028	0	FALSE
gene4029	0	FALSE
gene4030	0	FALSE
gene4031	0	FALSE
gene4032	2.12267153221183	TRUE
gene4033	0	FALSE
gene4034	0	FALSE
gene4035	0	FALSE
gene4036	2.96157972741639	TRUE
gene4037	0	FALSE
gene4038	0	FALSE
gene4039	0	FALSE
gene4040	1.4128968823934	TRUE
gene4041	0	FALSE
gene4042	0	FALSE
gene4043	0	FALSE
gene4044	0	FALSE
gene4045	0	FALSE
gene4046	0	FALSE
gene4047	1.42716627992922	TRUE
gene4048	0	FALSE
gene4049	0	FALSE
gene4050	0	FALSE
gene4051	0	FALSE
gene4052	0	FALSE
gene4053	2.10731655824929	TRUE
gene4054	0	FALSE
gene4055	0	FALSE
gene4056	-2.59153321984923	TRUE
gene4057	0	FALSE
gene4058	0	FALSE
gene4059	0	FALSE
gene4060	0	FALSE
gene4061	0	FALSE
gene4062	-1.2314703745069	TRUE
gene4063	1.95833961147582	TRUE
gene4064	0	FALSE
gene4065	0	FALSE
gene4066	0	FALSE
gene4067	0	FALSE
gene4068	0	FALSE
gene4069	0	FALSE
gene4070	0	FALSE
gene4071	0	FALSE
gene4072	0	FALSE
gene4073	0	FALSE
gene4074	-1.78240885399282	TRUE
gene4075	0	FALSE
gene4076	0	FALSE
gene4077	0	FALSE
gene4078	0	FALSE
gene4079	0	FALSE
gene4080	0	FALSE
gene4081	0	FALSE
gene4082	-2.6005400766735	TRUE
gene4083	0	FALSE
gene4084	2.12983273848658	TRUE
gene4085	2.66585229156772	TRUE
gene4086	0	FALSE
gene4087	0	FALSE
gene4088	0	FALSE
gene4089	0	FALSE
gene4090	-2.68942663731286	TRUE
gene4091	0	FALSE
gene4092	1.48802513361443	TRUE
gene4093	0	FALSE
gene4094	0	FALSE
gene4095	0	FALSE
gene4096	0	FALSE
gene4097	0.960590790957212	TRUE
gene4098	0	FALSE
gene4099	0	FALSE
gene4100	0	FALSE
gene4101	0	FALSE
gene4102	0	FALSE
gene4103	0	FALSE
gene4104	0	FALSE
gene4105	0	FALSE
gene4106	0	FALSE
gene4107	0	FALSE
gene4108	0	FALSE
gene4109	0.750398584117647	TRUE
gene4110	0	FALSE
gene4111	0	FALSE
gene4112	0	FALSE
gene4113	0	FALSE
gene4114	0	FALSE
gene4115	2.90198738558684	TRUE
gene4116	0	FALSE
gene4117	0	FALSE
gene4118	0	FALSE
gene4119	0	FALSE
gene4120	0	FALSE
gene4121	0	FALSE
gene4122	0	FALSE
gene4123	0	FALSE
gene4124	1.24137080716901	TRUE
gene4125	-1.32748608116526	TRUE
gene4126	0	FALSE
gene4127	0	FALSE
gene4128	0	FALSE
gene4129	0	FALSE
gene4130	0	FALSE
gene4131	0	FALSE
gene4132	0	FALSE
gene4133	2.37595915590646	TRUE
gene4134	0	FALSE
gene4135	0	FALSE
gene4136	-1.35957289760699	TRUE
gene4137	-1.93713248334825	TRUE
gene4138	0	FALSE
gene4139	0	FALSE
gene4140	0	FALSE
gene4141	0	FALSE
gene4142	0	FALSE
gene4143	0	FALSE
gene4144	0	FALSE
gene4145	0	FALSE
gene4146	0	FALSE
gene4147	0	FALSE
gene4148	0	FALSE
gene4149	0	FALSE
gene4150	0	FALSE
gene4151	0	FALSE
gene4152	0	FALSE
gene4153	0	FALSE
gene4154	0	FALSE
gene4155	0	FALSE
gene4156	0	FALSE
gene4157	2.02276987308869	TRUE
gene4158	0	FALSE
gene4159	0	FALSE
gene4160	-1.38332016463391	TRUE
gene4161	0	FALSE
gene4162	0	FALSE
gene4163	0	FALSE
gene4164	0	FALSE
gene4165	0	FALSE
gene4166	0	FALSE
gene4167	0	FALSE
gene4168	0	FALSE
gene4169	0	FALSE
gene4170	0	FALSE
gene4171	0	FALSE
gene4172	0	FALSE
gene4173	1.55110011744546	TRUE
gene4174	0	FALSE
gene4175	0	FALSE
gene4176	0	FALSE
gene4177	0	FALSE
gene4178	0	FALSE
gene4179	0	FALSE
gene4180	0	FALSE
gene4181	0	FALSE
gene4182	0	FALSE
gene4183	0	FALSE
gene4184	0	FALSE
gene4185	0	FALSE
gene4186	0	FALSE
gene4187	-2.68454610550543	TRUE
gene4188	0	FALSE
gene4189	1.5149445811403	TRUE
gene4190	0	FALSE
gene4191	0.871520401036832	TRUE
gene4192	-0.97941974789137	TRUE
gene4193	0	FALSE
gene4194	0	FALSE
gene4195	0	FALSE
gene4196	0	FALSE
gene4197	0	FALSE
gene4198	0	FALSE
gene4199	0	FALSE
gene4200	0	FALSE
gene4201	0	FALSE
gene4202	0	FALSE
gene4203	0	FALSE
gene4204	0	FALSE
gene4205	0	FALSE
gene4206	0	FALSE
gene4207	0	FALSE
gene4208	0	FALSE
gene4209	1.3386887414963	TRUE
gene4210	0	FALSE
gene4211	-2.37549982866039	TRUE
gene4212	0	FALSE
gene4213	0	FALSE
gene4214	0	FALSE
gene4215	0	FALSE
gene4216	0	FALSE
gene4217	0	FALSE
gene4218	-0.919801588752307	TRUE
gene4219	0	FALSE
gene4220	0	FALSE
gene4221	0	FALSE
gene4222	1.07211403216934	TRUE
gene4223	0	FALSE
gene4224	0	FALSE
gene4225	2.96227614989039	TRUE
gene4226	0.911564905196428	TRUE
gene4227	0	FALSE
gene4228	0	FALSE
gene4229	0	FALSE
gene4230	0	FALSE
gene4231	0	FALSE
gene4232	0	FALSE
gene4233	0	FALSE
gene4234	0	FALSE
gene4235	0	FALSE
gene4236	0	FALSE
gene4237	0	FALSE
gene4238	-2.99796743772458	TRUE
gene4239	0	FALSE
gene4240	0	FALSE
gene4241	0	FALSE
gene4242	0	FALSE
gene4243	0	FALSE
gene4244	0	FALSE
gene4245	-2.49615128984442	TRUE
gene4246	0	FALSE
gene4247	-2.79997813829686	TRUE
gene4248	0	FALSE
gene4249	0	FALSE
gene4250	0	FALSE
gene4251	0	FALSE
gene4252	0	FALSE
gene4253	0	FALSE
gene4254	0	FALSE
gene4255	0	FALSE
gene4256	0	FALSE
gene4257	0	FALSE
gene4258	0	FALSE
gene4259	0	FALSE
gene4260	0	FALSE
gene4261	0	FALSE
gene4262	0	FALSE
gene4263	0	FALSE
gene4264	0	FALSE
gene4265	0	FALSE
gene4266	1.21175253036199	TRUE
gene4267	0	FALSE
gene4268	0	FALSE
gene4269	0	FALSE
gene4270	0	FALSE
gene4271	1.3351179920719	TRUE
gene4272	0	FALSE
gene4273	0	FALSE
gene4274	0	FALSE
gene4275	0	FALSE
gene4276	0	FALSE
gene4277	0	FALSE
gene4278	0	FALSE
gene4279	0	FALSE
gene4280	0	FALSE
gene4281	0	FALSE
gene4282	0	FALSE
gene4283	0	FALSE
gene4284	-2.14715011348017	TRUE
gene4285	0	FALSE
gene4286	0	FALSE
gene4287	0	FALSE
gene4288	0	FALSE
gene4289	0	FALSE
gene4290	0	FALSE
gene4291	-1.80610743473517	TRUE
gene4292	2.5383276870707	TRUE
gene4293	0	FALSE
gene4294	0	FALSE
gene4295	0	FALSE
gene4296	0	FALSE
gene4297	0	FALSE
gene4298	0.898766705067828	TRUE
gene4299	0	FALSE
gene4300	0	FALSE
gene4301	0	FALSE
gene4302	0	FALSE
gene4303	0	FALSE
gene4304	0	FALSE
gene4305	0	FALSE
gene4306	0	FALSE
gene4307	0	FALSE
gene4308	-2.30687597882934	TRUE
gene4309	2.27695019933162	TRUE
gene4310	0	FALSE
gene4311	0	FALSE
gene4312	-2.86979434738168	TRUE
gene4313	0	FALSE
gene4314	0	FALSE
gene4315	0	FALSE
gene4316	1.89924657542724	TRUE
gene4317	0	FALSE
gene4318	0	FALSE
gene4319	-1.04940735694254	TRUE
gene4320	0	FALSE
gene4321	-2.78316194872605	TRUE
gene4322	0	FALSE
gene4323	0	FALSE
gene4324	0	FALSE
gene4325	0	FALSE
gene4326	0	FALSE
gene4327	0	FALSE
gene4328	-2.54738924786216	TRUE
gene4329	0	FALSE
gene4330	0	FALSE
gene4331	0	FALSE
gene4332	0	FALSE
gene4333	0	FALSE
gene4334	0	FALSE
gene4335	0	FALSE
gene4336	0	FALSE
gene4337	0	FALSE
gene4338	0	FALSE
gene4339	-1.74849168764194	TRUE
gene4340	0	FALSE
gene4341	0	FALSE
gene4342	0	FALSE
gene4343	0	FALSE
gene4344	0	FALSE
gene4345	-1.45767903100932	TRUE
gene4346	0	FALSE
gene4347	0	FALSE
gene4348	0	FALSE
gene4349	0	FALSE
gene4350	0	FALSE
gene4351	0	FALSE
gene4352	1.32679811707931	TRUE
gene4353	0	FALSE
gene4354	0	FALSE
gene4355	0	FALSE
gene4356	0	FALSE
gene4357	0	FALSE
gene4358	2.45516419614432	TRUE
gene4359	2.71014518430457	TRUE
gene4360	0	FALSE
gene4361	0	FALSE
gene4362	0	FALSE
gene4363	0	FALSE
gene4364	0	FALSE
gene4365	0	FALSE
gene4366	0	FALSE
gene4367	0	FALSE
gene4368	0	FALSE
gene4369	0	FALSE
gene4370	0	FALSE
gene4371	0	FALSE
gene4372	0	FALSE
gene4373	0	FALSE
gene4374	-1.30211845814483	TRUE
gene4375	0	FALSE
gene4376	0	FALSE
gene4377	0	FALSE
gene4378	0	FALSE
gene4379	0	FALSE
gene4380	0	FALSE
gene4381	0	FALSE
gene4382	0	FALSE
gene4383	0	FALSE
gene4384	0	FALSE
gene4385	0	FALSE
gene4386	0	FALSE
gene4387	0	FALSE
gene4388	0	FALSE
gene4389	0	FALSE
gene4390	0	FALSE
gene4391	0	FALSE
gene4392	0	FALSE
gene4393	0	FALSE
gene4394	0	FALSE
gene4395	1.42538193828659	TRUE
gene4396	0	FALSE
gene4397	0	FALSE
gene4398	0	FALSE
gene4399	0	FALSE
gene4400	0	FALSE
gene4401	0	FALSE
gene4402	0	FALSE
gene4403	0	FALSE
gene4404	0	FALSE
gene4405	0	FALSE
gene4406	0	FALSE
gene4407	0	FALSE
gene4408	0	FALSE
gene4409	0	FALSE
gene4410	-0.833162039285526	TRUE
gene4411	0	FALSE
gene4412	0	FALSE
gene4413	0	FALSE
gene4414	0	FALSE
gene4415	0	FALSE
gene4416	0	FALSE
gene4417	0	FALSE
gene4418	0	FALSE
gene4419	1.89999672851991	TRUE
gene4420	0	FALSE
gene4421	0	FALSE
gene4422	1.09307204751531	TRUE
gene4423	0	FALSE
gene4424	0	FALSE
gene4425	0	FALSE
gene4426	0	FALSE
gene4427	0	FALSE
gene4428	0	FALSE
gene4429	0	FALSE
gene4430	0	FALSE
gene4431	0	FALSE
gene4432	0	FALSE
gene4433	0	FALSE
gene4434	0	FALSE
gene4435	0	FALSE
gene4436	0	FALSE
gene4437	0	FALSE
gene4438	0	FALSE
gene4439	0	FALSE
gene4440	-2.96806730946992	TRUE
gene4441	0	FALSE
gene4442	0	FALSE
gene4443	0	FALSE
gene4444	0	FALSE
gene4445	0	FALSE
gene4446	0	FALSE
gene4447	0	FALSE
gene4448	0	FALSE
gene4449	0	FALSE
gene4450	1.45850251318188	TRUE
gene4451	0	FALSE
gene4452	0	FALSE
gene4453	0	FALSE
gene4454	0	FALSE
gene4455	0	FALSE
gene4456	0	FALSE
gene4457	0	FALSE
gene4458	0	FALSE
gene4459	2.45668435801053	TRUE
gene4460	0	FALSE
gene4461	0	FALSE
gene4462	0.921066365553997	TRUE
gene4463	0	FALSE
gene4464	0	FALSE
gene4465	0	FALSE
gene4466	0	FALSE
gene4467	0	FALSE
gene4468	0	FALSE
gene4469	0	FALSE
gene4470	0	FALSE
gene4471	0	FALSE
gene4472	0	FALSE
gene4473	0	FALSE
gene4474	0	FALSE
gene4475	0	FALSE
gene4476	0	FALSE
gene4477	0.884462819143664	TRUE
gene4478	0	FALSE
gene4479	0	FALSE
gene4480	0	FALSE
gene4481	0	FALSE
gene4482	0	FALSE
gene4483	0	FALSE
gene4484	0	FALSE
gene4485	0	FALSE
gene4486	0	FALSE
gene4487	0	FALSE
gene4488	0	FALSE
gene4489	0	FALSE
gene4490	0	FALSE
gene4491	0	FALSE
gene4492	0	FALSE
gene4493	0	FALSE
gene4494	0	FALSE
gene4495	0	FALSE
gene4496	0	FALSE
gene4497	0	FALSE
gene4498	0	FALSE
gene4499	0	FALSE
gene4500	0.847914255398791	TRUE
gene4501	0	FALSE
gene4502	0	FALSE
gene4503	0	FALSE
gene4504	0	FALSE
gene4505	1.78577166778268	TRUE
gene4506	1.98562066687737	TRUE
gene4507	0	FALSE
gene4508	0	FALSE
gene4509	0	FALSE
gene4510	0	FALSE
gene4511	0	FALSE
gene4512	0	FALSE
gene4513	0	FALSE
gene4514	0	FALSE
gene4515	0	FALSE
gene4516	0	FALSE
gene4517	0	FALSE
gene4518	0	FALSE
gene4519	0	FALSE
gene4520	0	FALSE
gene4521	0	FALSE
gene4522	0	FALSE
gene4523	0	FALSE
gene4524	0	FALSE
gene4525	0	FALSE
gene4526	0	FALSE
gene4527	0	FALSE
gene4528	0	FALSE
gene4529	0	FALSE
gene4530	0	FALSE
gene4531	0	FALSE
gene4532	0	FALSE
gene4533	0	FALSE
gene4534	0	FALSE
gene4535	0	FALSE
gene4536	0	FALSE
gene4537	0	FALSE
gene4538	0	FALSE
gene4539	0	FALSE
gene4540	0	FALSE
gene4541	2.40761277044658	TRUE
gene4542	0	FALSE
gene4543	0	FALSE
gene4544	0	FALSE
gene4545	0	FALSE
gene4546	0	FALSE
gene4547	0	FALSE
gene4548	0	FALSE
gene4549	0	FALSE
gene4550	0	FALSE
gene4551	0	FALSE
gene4552	0	FALSE
gene4553	0	FALSE
gene4554	0	FALSE
gene4555	0	FALSE
gene4556	-2.82103248947533	TRUE
gene4557	0	FALSE
gene4558	0	FALSE
gene4559	0	FALSE
gene4560	0	FALSE
gene4561	0	FALSE
gene4562	0	FALSE
gene4563	0	FALSE
gene4564	0	FALSE
gene4565	0.795793785131536	TRUE
gene4566	0	FALSE
gene4567	0	FALSE
gene4568	0	FALSE
gene4569	0	FALSE
gene4570	0	FALSE
gene4571	0	FALSE
gene4572	0	FALSE
gene4573	0	FALSE
gene4574	0	FALSE
gene4575	0	FALSE
gene4576	0	FALSE
gene4577	0	FALSE
gene4578	-2.47724431887036	TRUE
gene4579	0	FALSE
gene4580	0	FALSE
gene4581	0	FALSE
gene4582	0	FALSE
gene4583	2.55382359487703	TRUE
gene4584	0	FALSE
gene4585	0	FALSE
gene4586	0	FALSE
gene4587	0	FALSE
gene4588	0	FALSE
gene4589	0	FALSE
gene4590	0	FALSE
gene4591	0	FALSE
gene4592	0	FALSE
gene4593	0	FALSE
gene4594	0	FALSE
gene4595	0	FALSE
gene4596	0	FALSE
gene4597	0	FALSE
gene4598	0	FALSE
gene4599	0	FALSE
gene4600	0	FALSE
gene4601	0	FALSE
gene4602	0	FALSE
gene4603	0	FALSE
gene4604	0	FALSE
gene4605	0	FALSE
gene4606	0	FALSE
gene4607	0	FALSE
gene4608	0	FALSE
gene4609	0	FALSE
gene4610	0	FALSE
gene4611	0	FALSE
gene4612	0	FALSE
gene4613	0	FALSE
gene4614	0	FALSE
gene4615	0	FALSE
gene4616	0	FALSE
gene4617	0	FALSE
gene4618	1.62124026822858	TRUE
gene4619	0	FALSE
gene4620	0	FALSE
gene4621	0	FALSE
gene4622	0	FALSE
gene4623	0	FALSE
gene4624	-2.95064252981683	TRUE
gene4625	0	FALSE
gene4626	0	FALSE
gene4627	0	FALSE
gene4628	0	FALSE
gene4629	0	FALSE
gene4630	0	FALSE
gene4631	0	FALSE
gene4632	0	FALSE
gene4633	1.22922602039762	TRUE
gene4634	-2.13952085649362	TRUE
gene4635	0	FALSE
gene4636	0	FALSE
gene4637	-1.02752641180996	TRUE
gene4638	0	FALSE
gene4639	0	FALSE
gene4640	0	FALSE
gene4641	0	FALSE
gene4642	0	FALSE
gene4643	0	FALSE
gene4644	0	FALSE
gene4645	0	FALSE
gene4646	0	FALSE
gene4647	0	FALSE
gene4648	0	FALSE
gene4649	0	FALSE
gene4650	0	FALSE
gene4651	0	FALSE
gene4652	0	FALSE
gene4653	0	FALSE
gene4654	0	FALSE
gene4655	0	FALSE
gene4656	1.01481456414331	TRUE
gene4657	0	FALSE
gene4658	0	FALSE
gene4659	0	FALSE
gene4660	1.70403601363068	TRUE
gene4661	0	FALSE
gene4662	0	FALSE
gene4663	0	FALSE
gene4664	0	FALSE
gene4665	0	FALSE
gene4666	0	FALSE
gene4667	0	FALSE
gene4668	0	FALSE
gene4669	0	FALSE
gene4670	0	FALSE
gene4671	0	FALSE
gene4672	0	FALSE
gene4673	0	FALSE
gene4674	0	FALSE
gene4675	0	FALSE
gene4676	0	FALSE
gene4677	0	FALSE
gene4678	0	FALSE
gene4679	0	FALSE
gene4680	0	FALSE
gene4681	-2.82523788308026	TRUE
gene4682	0	FALSE
gene4683	0	FALSE
gene4684	0	FALSE
gene4685	0	FALSE
gene4686	0	FALSE
gene4687	0	FALSE
gene4688	0	FALSE
gene4689	0	FALSE
gene4690	0	FALSE
gene4691	-2.37790779856732	TRUE
gene4692	0	FALSE
gene4693	2.18237850390142	TRUE
gene4694	0	FALSE
gene4695	0	FALSE
gene4696	0	FALSE
gene4697	0	FALSE
gene4698	0	FALSE
gene4699	0	FALSE
gene4700	0	FALSE
gene4701	0	FALSE
gene4702	0	FALSE
gene4703	0	FALSE
gene4704	0	FALSE
gene4705	0	FALSE
gene4706	0	FALSE
gene4707	0	FALSE
gene4708	0	FALSE
gene4709	0	FALSE
gene4710	0	FALSE
gene4711	0	FALSE
gene4712	0	FALSE
gene4713	0	FALSE
gene4714	0	FALSE
gene4715	-1.65817498468095	TRUE
gene4716	0	FALSE
gene4717	0	FALSE
gene4718	0	FALSE
gene4719	0	FALSE
gene4720	0	FALSE
gene4721	2.09480024519144	TRUE
gene4722	0	FALSE
gene4723	0	FALSE
gene4724	0	FALSE
gene4725	1.95439418312162	TRUE
gene4726	0	FALSE
gene4727	0	FALSE
gene4728	0	FALSE
gene4729	0	FALSE
gene4730	0	FALSE
gene4731	0	FALSE
gene4732	0	FALSE
gene4733	1.3788190454361	TRUE
gene4734	0.829603002523072	TRUE
gene4735	0	FALSE
gene4736	0	FALSE
gene4737	0	FALSE
gene4738	0	FALSE
gene4739	0	FALSE
gene4740	0	FALSE
gene4741	0	FALSE
gene4742	0	FALSE
gene4743	0	FALSE
gene4744	0	FALSE
gene4745	0	FALSE
gene4746	0	FALSE
gene4747	0	FALSE
gene4748	0	FALSE
gene4749	0	FALSE
gene4750	0	FALSE
gene4751	0	FALSE
gene4752	0	FALSE
gene4753	0	FALSE
gene4754	2.58505871932721	TRUE
gene4755	0	FALSE
gene4756	0	FALSE
gene4757	0	FALSE
gene4758	-1.89042884367518	TRUE
gene4759	0	FALSE
gene4760	0	FALSE
gene4761	0	FALSE
gene4762	0	FALSE
gene4763	0	FALSE
gene4764	0	FALSE
gene4765	0	FALSE
gene4766	0	FALSE
gene4767	1.94530912156915	TRUE
gene4768	0	FALSE
gene4769	0	FALSE
gene4770	0	FALSE
gene4771	1.22714471421205	TRUE
gene4772	0	FALSE
gene4773	0	FALSE
gene4774	0	FALSE
gene4775	0	FALSE
gene4776	0	FALSE
gene4777	0	FALSE
gene4778	0	FALSE
gene4779	0	FALSE
gene4780	-2.89242923579877	TRUE
gene4781	0	FALSE
gene4782	0	FALSE
gene4783	0	FALSE
gene4784	-2.89462895313045	TRUE
gene4785	0	FALSE
gene4786	2.37835499981884	TRUE
gene4787	0	FALSE
gene4788	0	FALSE
gene4789	0	FALSE
gene4790	0	FALSE
gene4791	0	FALSE
gene4792	0	FALSE
gene4793	0	FALSE
gene4794	0	FALSE
gene4795	0	FALSE
gene4796	0	FALSE
gene4797	0	FALSE
gene4798	0	FALSE
gene4799	0	FALSE
gene4800	0	FALSE
gene4801	0	FALSE
gene4802	0	FALSE
gene4803	0	FALSE
gene4804	0	FALSE
gene4805	0	FALSE
gene4806	1.41284374217503	TRUE
gene4807	0	FALSE
gene4808	0	FALSE
gene4809	0	FALSE
gene4810	-2.57137392024742	TRUE
gene4811	0	FALSE
gene4812	-2.29652263526805	TRUE
gene4813	0	FALSE
gene4814	0	FALSE
gene4815	0	FALSE
gene4816	0	FALSE
gene4817	-2.50914786028443	TRUE
gene4818	0	FALSE
gene4819	0	FALSE
gene4820	0	FALSE
gene4821	0	FALSE
gene4822	0	FALSE
gene4823	0	FALSE
gene4824	0	FALSE
gene4825	0	FALSE
gene4826	0	FALSE
gene4827	-1.26098632608773	TRUE
gene4828	0	FALSE
gene4829	0	FALSE
gene4830	0	FALSE
gene4831	0	FALSE
gene4832	0	FALSE
gene4833	0	FALSE
gene4834	0	FALSE
gene4835	2.63780968316132	TRUE
gene4836	-2.30998395290226	TRUE
gene4837	0	FALSE
gene4838	0	FALSE
gene4839	0	FALSE
gene4840	0	FALSE
gene4841	0	FALSE
gene4842	0	FALSE
gene4843	0	FALSE
gene4844	0	FALSE
gene4845	0	FALSE
gene4846	0	FALSE
gene4847	0	FALSE
gene4848	0	FALSE
gene4849	0	FALSE
gene4850	0	FALSE
gene4851	0	FALSE
gene4852	0	FALSE
gene4853	0	FALSE
gene4854	0	FALSE
gene4855	0	FALSE
gene4856	1.41363971232204	TRUE
gene4857	0	FALSE
gene4858	0	FALSE
gene4859	0	FALSE
gene4860	0	FALSE
gene4861	0	FALSE
gene4862	0	FALSE
gene4863	0	FALSE
gene4864	0	FALSE
gene4865	0	FALSE
gene4866	0	FALSE
gene4867	-0.913468233193271	TRUE
gene4868	0	FALSE
gene4869	2.87998546758899	TRUE
gene4870	0	FALSE
gene4871	0	FALSE
gene4872	0	FALSE
gene4873	0	FALSE
gene4874	0	FALSE
gene4875	-1.28207512217341	TRUE
gene4876	0	FALSE
gene4877	0	FALSE
gene4878	0	FALSE
gene4879	0	FALSE
gene4880	0	FALSE
gene4881	0	FALSE
gene4882	-0.982745357556269	TRUE
gene4883	0	FALSE
gene4884	0	FALSE
gene4885	0	FALSE
gene4886	0	FALSE
gene4887	0	FALSE
gene4888	0	FALSE
gene4889	0	FALSE
gene4890	0	FALSE
gene4891	0	FALSE
gene4892	-1.5620886211982	TRUE
gene4893	0	FALSE
gene4894	0	FALSE
gene4895	0	FALSE
gene4896	0	FALSE
gene4897	0	FALSE
gene4898	0	FALSE
gene4899	0	FALSE
gene4900	0	FALSE
gene4901	0	FALSE
gene4902	0	FALSE
gene4903	0	FALSE
gene4904	0	FALSE
gene4905	0	FALSE
gene4906	0	FALSE
gene4907	0	FALSE
gene4908	0	FALSE
gene4909	0	FALSE
gene4910	0	FALSE
gene4911	0	FALSE
gene4912	0	FALSE
gene4913	0	FALSE
gene4914	0	FALSE
gene4915	0	FALSE
gene4916	0.793545499909669	TRUE
gene4917	0	FALSE
gene4918	0	FALSE
gene4919	-1.72064714098815	TRUE
gene4920	0	FALSE
gene4921	0	FALSE
gene4922	0	FALSE
gene4923	0	FALSE
gene4924	2.15087363671046	TRUE
gene4925	0	FALSE
gene4926	0	FALSE
gene4927	0	FALSE
gene4928	0	FALSE
gene4929	0	FALSE
gene4930	0	FALSE
gene4931	0	FALSE
gene4932	0	FALSE
gene4933	-1.10998279700289	TRUE
gene4934	0	FALSE
gene4935	0	FALSE
gene4936	0	FALSE
gene4937	0	FALSE
gene4938	0	FALSE
gene4939	0	FALSE
gene4940	0	FALSE
gene4941	0	FALSE
gene4942	0	FALSE
gene4943	0	FALSE
gene4944	-1.31337050936418	TRUE
gene4945	0	FALSE
gene4946	0	FALSE
gene4947	0	FALSE
gene4948	0	FALSE
gene4949	0	FALSE
gene4950	0	FALSE
gene4951	0	FALSE
gene4952	0	FALSE
gene4953	0	FALSE
gene4954	0	FALSE
gene4955	0	FALSE
gene4956	0	FALSE
gene4957	0	FALSE
gene4958	0	FALSE
gene4959	0	FALSE
gene4960	0	FALSE
gene4961	0	FALSE
gene4962	0	FALSE
gene4963	0	FALSE
gene4964	0	FALSE
gene4965	0	FALSE
gene4966	0	FALSE
gene4967	0	FALSE
gene4968	0	FALSE
gene4969	0	FALSE
gene4970	0	FALSE
gene4971	0	FALSE
gene4972	0	FALSE
gene4973	0	FALSE
gene4974	0	FALSE
gene4975	0	FALSE
gene4976	1.81006500637159	TRUE
gene4977	0	FALSE
gene4978	0	FALSE
gene4979	0	FALSE
gene4980	0	FALSE
gene4981	0	FALSE
gene4982	0	FALSE
gene4983	0	FALSE
gene4984	0	FALSE
gene4985	0	FALSE
gene4986	0	FALSE
gene4987	0	FALSE
gene4988	0	FALSE
gene4989	0	FALSE
gene4990	0	FALSE
gene4991	-2.1872362002614	TRUE
gene4992	0	FALSE
gene4993	0	FALSE
gene4994	0	FALSE
gene4995	0	FALSE
gene4996	0	FALSE
gene4997	0	FALSE
gene4998	0	FALSE
gene4999	0	FALSE
gene5000	0	FALSE
gene5001	0	FALSE
gene5002	0	FALSE
gene5003	0	FALSE
gene5004	1.35774173412938	TRUE
gene5005	0.94630599062657	TRUE
gene5006	0	FALSE
gene5007	0	FALSE
gene5008	0	FALSE
gene5009	0	FALSE
gene5010	0	FALSE
gene5011	0	FALSE
gene5012	0	FALSE
gene5013	0	FALSE
gene5014	0	FALSE
gene5015	0	FALSE
gene5016	0	FALSE
gene5017	-2.43611273425631	TRUE
gene5018	0	FALSE
gene5019	0	FALSE
gene5020	-2.44184315489838	TRUE
gene5021	0	FALSE
gene5022	0	FALSE
gene5023	0	FALSE
gene5024	0	FALSE
gene5025	0	FALSE
gene5026	2.66017278312938	TRUE
gene5027	0	FALSE
gene5028	0	FALSE
gene5029	0	FALSE
gene5030	0	FALSE
gene5031	0	FALSE
gene5032	0	FALSE
gene5033	0	FALSE
gene5034	-2.3913697359385	TRUE
gene5035	0	FALSE
gene5036	-2.6030465051299	TRUE
gene5037	0	FALSE
gene5038	0	FALSE
gene5039	0	FALSE
gene5040	0	FALSE
gene5041	0	FALSE
gene5042	0	FALSE
gene5043	0	FALSE
gene5044	0	FALSE
gene5045	1.01006871537538	TRUE
gene5046	0	FALSE
gene5047	0	FALSE
gene5048	0	FALSE
gene5049	0	FALSE
gene5050	0	FALSE
gene5051	0	FALSE
gene5052	0	FALSE
gene5053	0	FALSE
gene5054	-0.756073671625927	TRUE
gene5055	0	FALSE
gene5056	1.87175733660115	TRUE
gene5057	0	FALSE
gene5058	0	FALSE
gene5059	0	FALSE
gene5060	0	FALSE
gene5061	0	FALSE
gene5062	0	FALSE
gene5063	0	FALSE
gene5064	0	FALSE
gene5065	0	FALSE
gene5066	0	FALSE
gene5067	0	FALSE
gene5068	0	FALSE
gene5069	0	FALSE
gene5070	0	FALSE
gene5071	0	FALSE
gene5072	0	FALSE
gene5073	0	FALSE
gene5074	0	FALSE
gene5075	0	FALSE
gene5076	0	FALSE
gene5077	0	FALSE
gene5078	0	FALSE
gene5079	0	FALSE
gene5080	0	FALSE
gene5081	0.93571640207665	TRUE
gene5082	2.58654691261472	TRUE
gene5083	0	FALSE
gene5084	0	FALSE
gene5085	0	FALSE
gene5086	0	FALSE
gene5087	0	FALSE
gene5088	0	FALSE
gene5089	0	FALSE
gene5090	0	FALSE
gene5091	0	FALSE
gene5092	2.5139919706271	TRUE
gene5093	0	FALSE
gene5094	0	FALSE
gene5095	0	FALSE
gene5096	0	FALSE
gene5097	0	FALSE
gene5098	0	FALSE
gene5099	0	FALSE
gene5100	0	FALSE
gene5101	0	FALSE
gene5102	2.32076928875176	TRUE
gene5103	0	FALSE
gene5104	0	FALSE
gene5105	0	FALSE
gene5106	0	FALSE
gene5107	0	FALSE
gene5108	0	FALSE
gene5109	0	FALSE
gene5110	0	FALSE
gene5111	0	FALSE
gene5112	0	FALSE
gene5113	0	FALSE
gene5114	0	FALSE
gene5115	0	FALSE
gene5116	0	FALSE
gene5117	0	FALSE
gene5118	0	FALSE
gene5119	0	FALSE
gene5120	0	FALSE
gene5121	0	FALSE
gene5122	0	FALSE
gene5123	0	FALSE
gene5124	1.18120402051136	TRUE
gene5125	0	FALSE
gene5126	0	FALSE
gene5127	0	FALSE
gene5128	0	FALSE
gene5129	-2.12034220289206	TRUE
gene5130	0	FALSE
gene5131	0	FALSE
gene5132	0	FALSE
gene5133	0	FALSE
gene5134	0	FALSE
gene5135	-2.74757293844596	TRUE
gene5136	0	FALSE
gene5137	0	FALSE
gene5138	-2.80022023594938	TRUE
gene5139	0	FALSE
gene5140	0	FALSE
gene5141	0	FALSE
gene5142	0	FALSE
gene5143	0	FALSE
gene5144	-2.78847420669626	TRUE
gene5145	0	FALSE
gene5146	0	FALSE
gene5147	1.46174572140444	TRUE
gene5148	0	FALSE
gene5149	0	FALSE
gene5150	0	FALSE
gene5151	0	FALSE
gene5152	0	FALSE
gene5153	0	FALSE
gene5154	0	FALSE
gene5155	0	FALSE
gene5156	0	FALSE
gene5157	0	FALSE
gene5158	0	FALSE
gene5159	-2.04146479815245	TRUE
gene5160	0	FALSE
gene5161	0	FALSE
gene5162	-2.34036537108477	TRUE
gene5163	0	FALSE
gene5164	0	FALSE
gene5165	0	FALSE
gene5166	0	FALSE
gene5167	-1.05180736875627	TRUE
gene5168	0	FALSE
gene5169	2.29642257787054	TRUE
gene5170	0	FALSE
gene5171	0	FALSE
gene5172	0	FALSE
gene5173	0	FALSE
gene5174	0	FALSE
gene5175	0	FALSE
gene5176	0	FALSE
gene5177	0	FALSE
gene5178	0	FALSE
gene5179	0	FALSE
gene5180	0	FALSE
gene5181	0	FALSE
gene5182	0	FALSE
gene5183	-2.91282212227816	TRUE
gene5184	0	FALSE
gene5185	0	FALSE
gene5186	0	FALSE
gene5187	0	FALSE
gene5188	0	FALSE
gene5189	0	FALSE
gene5190	2.04786207724828	TRUE
gene5191	0	FALSE
gene5192	0	FALSE
gene5193	0	FALSE
gene5194	0	FALSE
gene5195	0	FALSE
gene5196	0	FALSE
gene5197	0	FALSE
gene5198	-1.33731255715247	TRUE
gene5199	0	FALSE
gene5200	0	FALSE
gene5201	0	FALSE
gene5202	-2.87109497777419	TRUE
gene5203	0	FALSE
gene5204	0	FALSE
gene5205	1.14283304975834	TRUE
gene5206	0	FALSE
gene5207	0	FALSE
gene5208	0	FALSE
gene5209	0	FALSE
gene5210	0	FALSE
gene5211	-2.83703437924851	TRUE
gene5212	0	FALSE
gene5213	0	FALSE
gene5214	0	FALSE
gene5215	0	FALSE
gene5216	0	FALSE
gene5217	0	FALSE
gene5218	0	FALSE
gene5219	0	FALSE
gene5220	0	FALSE
gene5221	0	FALSE
gene5222	0	FALSE
gene5223	0	FALSE
gene5224	0	FALSE
gene5225	0	FALSE
gene5226	2.5735302476096	TRUE
gene5227	0	FALSE
gene5228	0	FALSE
gene5229	0	FALSE
gene5230	0	FALSE
gene5231	0	FALSE
gene5232	0	FALSE
gene5233	0	FALSE
gene5234	0	FALSE
gene5235	0	FALSE
gene5236	0	FALSE
gene5237	0	FALSE
gene5238	0	FALSE
gene5239	0	FALSE
gene5240	0	FALSE
gene5241	-2.31322345894296	TRUE
gene5242	0	FALSE
gene5243	1.01385108847171	TRUE
gene5244	0	FALSE
gene5245	0	FALSE
gene5246	0	FALSE
gene5247	0	FALSE
gene5248	0	FALSE
gene5249	0	FALSE
gene5250	0	FALSE
gene5251	0	FALSE
gene5252	0	FALSE
gene5253	0	FALSE
gene5254	1.4775017023785	TRUE
gene5255	0	FALSE
gene5256	0	FALSE
gene5257	0	FALSE
gene5258	0	FALSE
gene5259	0	FALSE
gene5260	0	FALSE
gene5261	0	FALSE
gene5262	0	FALSE
gene5263	0	FALSE
gene5264	0	FALSE
gene5265	0	FALSE
gene5266	0	FALSE
gene5267	0	FALSE
gene5268	0	FALSE
gene5269	0	FALSE
gene5270	0	FALSE
gene5271	0	FALSE
gene5272	0	FALSE
gene5273	0	FALSE
gene5274	0	FALSE
gene5275	0	FALSE
gene5276	0	FALSE
gene5277	0	FALSE
gene5278	0	FALSE
gene5279	0	FALSE
gene5280	-2.80263114476111	TRUE
gene5281	0	FALSE
gene5282	0	FALSE
gene5283	0	FALSE
gene5284	0	FALSE
gene5285	0	FALSE
gene5286	0	FALSE
gene5287	0	FALSE
gene5288	0	FALSE
gene5289	0	FALSE
gene5290	-1.06228787521832	TRUE
gene5291	0.932677204138599	TRUE
gene5292	0	FALSE
gene5293	0	FALSE
gene5294	-2.12120729807066	TRUE
gene5295	0	FALSE
gene5296	0	FALSE
gene5297	0	FALSE
gene5298	0	FALSE
gene5299	0	FALSE
gene5300	0	FALSE
gene5301	0	FALSE
gene5302	0	FALSE
gene5303	0	FALSE
gene5304	0	FALSE
gene5305	0	FALSE
gene5306	0	FALSE
gene5307	0	FALSE
gene5308	0	FALSE
gene5309	0	FALSE
gene5310	0	FALSE
gene5311	2.455590186466	TRUE
gene5312	0	FALSE
gene5313	0	FALSE
gene5314	0	FALSE
gene5315	0	FALSE
gene5316	0	FALSE
gene5317	0	FALSE
gene5318	0	FALSE
gene5319	-1.35337888804497	TRUE
gene5320	0	FALSE
gene5321	0	FALSE
gene5322	0	FALSE
gene5323	0	FALSE
gene5324	0	FALSE
gene5325	0	FALSE
gene5326	0	FALSE
gene5327	0	FALSE
gene5328	0	FALSE
gene5329	-1.33439322828781	TRUE
gene5330	0	FALSE
gene5331	0	FALSE
gene5332	2.45549115375616	TRUE
gene5333	0	FALSE
gene5334	0	FALSE
gene5335	0	FALSE
gene5336	0	FALSE
gene5337	-1.87918152980274	TRUE
gene5338	0	FALSE
gene5339	0	FALSE
gene5340	0	FALSE
gene5341	0	FALSE
gene5342	0	FALSE
gene5343	0	FALSE
gene5344	-1.04462995869108	TRUE
gene5345	1.64216983277583	TRUE
gene5346	0	FALSE
gene5347	0	FALSE
gene5348	0	FALSE
gene5349	0	FALSE
gene5350	0	FALSE
gene5351	1.09307209256804	TRUE
gene5352	0	FALSE
gene5353	0	FALSE
gene5354	0	FALSE
gene5355	0	FALSE
gene5356	-0.847949642222375	TRUE
gene5357	0	FALSE
gene5358	0	FALSE
gene5359	0	FALSE
gene5360	0	FALSE
gene5361	0	FALSE
gene5362	0	FALSE
gene5363	0	FALSE
gene5364	0	FALSE
gene5365	0	FALSE
gene5366	2.47412396158325	TRUE
gene5367	0	FALSE
gene5368	0	FALSE
gene5369	0	FALSE
gene5370	-2.76053344993852	TRUE
gene5371	0	FALSE
gene5372	0	FALSE
gene5373	0	FALSE
gene5374	2.2554609515355	TRUE
gene5375	0.914466716931202	TRUE
gene5376	0	FALSE
gene5377	0	FALSE
gene5378	0	FALSE
gene5379	0	FALSE
gene5380	-2.11155662778765	TRUE
gene5381	0	FALSE
gene5382	0	FALSE
gene5383	0	FALSE
gene5384	0	FALSE
gene5385	-2.49218537349952	TRUE
gene5386	0	FALSE
gene5387	0	FALSE
gene5388	0	FALSE
gene5389	0	FALSE
gene5390	0	FALSE
gene5391	0	FALSE
gene5392	0	FALSE
gene5393	0	FALSE
gene5394	2.3710769644822	TRUE
gene5395	1.82584111596225	TRUE
gene5396	0	FALSE
gene5397	0	FALSE
gene5398	0	FALSE
gene5399	0	FALSE
gene5400	0	FALSE
gene5401	0	FALSE
gene5402	0	FALSE
gene5403	0	FALSE
gene5404	-2.92398880067049	TRUE
gene5405	0	FALSE
gene5406	0	FALSE
gene5407	0	FALSE
gene5408	0	FALSE
gene5409	0	FALSE
gene5410	0	FALSE
gene5411	0	FALSE
gene5412	0	FALSE
gene5413	0	FALSE
gene5414	-0.857994902646169	TRUE
gene5415	0	FALSE
gene5416	0	FALSE
gene5417	0	FALSE
gene5418	0	FALSE
gene5419	0	FALSE
gene5420	0	FALSE
gene5421	0	FALSE
gene5422	0	FALSE
gene5423	0	FALSE
gene5424	0	FALSE
gene5425	0	FALSE
gene5426	0	FALSE
gene5427	0	FALSE
gene5428	0	FALSE
gene5429	0	FALSE
gene5430	0	FALSE
gene5431	0	FALSE
gene5432	0	FALSE
gene5433	0	FALSE
gene5434	0	FALSE
gene5435	0	FALSE
gene5436	0	FALSE
gene5437	0	FALSE
gene5438	0	FALSE
gene5439	2.76802761893487	TRUE
gene5440	0	FALSE
gene5441	0	FALSE
gene5442	0	FALSE
gene5443	0	FALSE
gene5444	0	FALSE
gene5445	0	FALSE
gene5446	0	FALSE
gene5447	0	FALSE
gene5448	0	FALSE
gene5449	-2.30262311117258	TRUE
gene5450	0	FALSE
gene5451	0	FALSE
gene5452	0	FALSE
gene5453	0	FALSE
gene5454	0	FALSE
gene5455	0	FALSE
gene5456	1.142769508122	TRUE
gene5457	2.30248059734004	TRUE
gene5458	0	FALSE
gene5459	0	FALSE
gene5460	1.44658034242457	TRUE
gene5461	0	FALSE
gene5462	0	FALSE
gene5463	0	FALSE
gene5464	0	FALSE
gene5465	0	FALSE
gene5466	0	FALSE
gene5467	0	FALSE
gene5468	0	FALSE
gene5469	1.81903566489927	TRUE
gene5470	0	FALSE
gene5471	0	FALSE
gene5472	0	FALSE
gene5473	0	FALSE
gene5474	0	FALSE
gene5475	0	FALSE
gene5476	0	FALSE
gene5477	0	FALSE
gene5478	0	FALSE
gene5479	0	FALSE
gene5480	0	FALSE
gene5481	0	FALSE
gene5482	0	FALSE
gene5483	0	FALSE
gene5484	0	FALSE
gene5485	0	FALSE
gene5486	1.40974482474849	TRUE
gene5487	0	FALSE
gene5488	0	FALSE
gene5489	0	FALSE
gene5490	-1.30885321676033	TRUE
gene5491	0	FALSE
gene5492	0	FALSE
gene5493	1.01247782836435	TRUE
gene5494	0	FALSE
gene5495	0.972940795531031	TRUE
gene5496	0	FALSE
gene5497	1.5298431830015	TRUE
gene5498	0	FALSE
gene5499	0	FALSE
gene5500	0	FALSE
gene5501	1.43622470379341	TRUE
gene5502	0	FALSE
gene5503	0	FALSE
gene5504	0	FALSE
gene5505	0	FALSE
gene5506	0	FALSE
gene5507	0	FALSE
gene5508	-2.55962329194881	TRUE
gene5509	0.912514571158681	TRUE
gene5510	0	FALSE
gene5511	-1.60685107967583	TRUE
gene5512	0	FALSE
gene5513	0	FALSE
gene5514	0	FALSE
gene5515	0	FALSE
gene5516	1.90452743426431	TRUE
gene5517	0	FALSE
gene5518	0	FALSE
gene5519	0	FALSE
gene5520	0	FALSE
gene5521	0	FALSE
gene5522	0	FALSE
gene5523	0	FALSE
gene5524	0	FALSE
gene5525	0	FALSE
gene5526	0	FALSE
gene5527	2.98569776111981	TRUE
gene5528	0	FALSE
gene5529	0	FALSE
gene5530	0	FALSE
gene5531	0	FALSE
gene5532	0	FALSE
gene5533	0	FALSE
gene5534	0	FALSE
gene5535	0	FALSE
gene5536	0	FALSE
gene5537	0	FALSE
gene5538	0	FALSE
gene5539	0	FALSE
gene5540	0	FALSE
gene5541	0	FALSE
gene5542	0	FALSE
gene5543	0	FALSE
gene5544	0	FALSE
gene5545	0	FALSE
gene5546	0	FALSE
gene5547	0	FALSE
gene5548	0	FALSE
gene5549	0	FALSE
gene5550	0	FALSE
gene5551	-1.59057041356573	TRUE
gene5552	0	FALSE
gene5553	0	FALSE
gene5554	0	FALSE
gene5555	0	FALSE
gene5556	0	FALSE
gene5557	0	FALSE
gene5558	0	FALSE
gene5559	0	FALSE
gene5560	0	FALSE
gene5561	0	FALSE
gene5562	0	FALSE
gene5563	0	FALSE
gene5564	0	FALSE
gene5565	0	FALSE
gene5566	0	FALSE
gene5567	0	FALSE
gene5568	0	FALSE
gene5569	0	FALSE
gene5570	0	FALSE
gene5571	0	FALSE
gene5572	0	FALSE
gene5573	1.59582814673195	TRUE
gene5574	0	FALSE
gene5575	0	FALSE
gene5576	0	FALSE
gene5577	0	FALSE
gene5578	0	FALSE
gene5579	0	FALSE
gene5580	0	FALSE
gene5581	0	FALSE
gene5582	0	FALSE
gene5583	2.87192496692296	TRUE
gene5584	0	FALSE
gene5585	0	FALSE
gene5586	0	FALSE
gene5587	0	FALSE
gene5588	0	FALSE
gene5589	0	FALSE
gene5590	0	FALSE
gene5591	0	FALSE
gene5592	0	FALSE
gene5593	0	FALSE
gene5594	0	FALSE
gene5595	0	FALSE
gene5596	0	FALSE
gene5597	0	FALSE
gene5598	0	FALSE
gene5599	0	FALSE
gene5600	0	FALSE
gene5601	0	FALSE
gene5602	1.93347956350772	TRUE
gene5603	0	FALSE
gene5604	0	FALSE
gene5605	0	FALSE
gene5606	0	FALSE
gene5607	0	FALSE
gene5608	0	FALSE
gene5609	0	FALSE
gene5610	0	FALSE
gene5611	0	FALSE
gene5612	0	FALSE
gene5613	0	FALSE
gene5614	0	FALSE
gene5615	0	FALSE
gene5616	0	FALSE
gene5617	0	FALSE
gene5618	0	FALSE
gene5619	0	FALSE
gene5620	0	FALSE
gene5621	0	FALSE
gene5622	0	FALSE
gene5623	0	FALSE
gene5624	0	FALSE
gene5625	0	FALSE
gene5626	-1.97317044669762	TRUE
gene5627	0	FALSE
gene5628	0	FALSE
gene5629	0	FALSE
gene5630	0	FALSE
gene5631	0	FALSE
gene5632	0	FALSE
gene5633	0	FALSE
gene5634	0	FALSE
gene5635	0	FALSE
gene5636	0	FALSE
gene5637	0	FALSE
gene5638	1.38257811265066	TRUE
gene5639	0	FALSE
gene5640	0	FALSE
gene5641	-1.70803173811873	TRUE
gene5642	0	FALSE
gene5643	0	FALSE
gene5644	0	FALSE
gene5645	1.76338212814881	TRUE
gene5646	0	FALSE
gene5647	0	FALSE
gene5648	0	FALSE
gene5649	0	FALSE
gene5650	0	FALSE
gene5651	0	FALSE
gene5652	0	FALSE
gene5653	0	FALSE
gene5654	0	FALSE
gene5655	0	FALSE
gene5656	0	FALSE
gene5657	0	FALSE
gene5658	0	FALSE
gene5659	0	FALSE
gene5660	0	FALSE
gene5661	0	FALSE
gene5662	0	FALSE
gene5663	0	FALSE
gene5664	0	FALSE
gene5665	0	FALSE
gene5666	0	FALSE
gene5667	-2.11739124020096	TRUE
gene5668	0	FALSE
gene5669	0	FALSE
gene5670	-2.51114367682021	TRUE
gene5671	0	FALSE
gene5672	0	FALSE
gene5673	0	FALSE
gene5674	0	FALSE
gene5675	0	FALSE
gene5676	0	FALSE
gene5677	0	FALSE
gene5678	0	FALSE
gene5679	0	FALSE
gene5680	0	FALSE
gene5681	-2.74954074004199	TRUE
gene5682	0	FALSE
gene5683	0	FALSE
gene5684	0	FALSE
gene5685	0	FALSE
gene5686	0	FALSE
gene5687	0	FALSE
gene5688	1.69133930630051	TRUE
gene5689	0	FALSE
gene5690	-1.89193789009005	TRUE
gene5691	0	FALSE
gene5692	0	FALSE
gene5693	0	FALSE
gene5694	0	FALSE
gene5695	0	FALSE
gene5696	0	FALSE
gene5697	0	FALSE
gene5698	0	FALSE
gene5699	0	FALSE
gene5700	0	FALSE
gene5701	0	FALSE
gene5702	0	FALSE
gene5703	0	FALSE
gene5704	0	FALSE
gene5705	0	FALSE
gene5706	0	FALSE
gene5707	0	FALSE
gene5708	0	FALSE
gene5709	0	FALSE
gene5710	0	FALSE
gene5711	1.2502617391292	TRUE
gene5712	0	FALSE
gene5713	0	FALSE
gene5714	0	FALSE
gene5715	0	FALSE
gene5716	0	FALSE
gene5717	1.84178249572869	TRUE
gene5718	0	FALSE
gene5719	0	FALSE
gene5720	0	FALSE
gene5721	0	FALSE
gene5722	0	FALSE
gene5723	0	FALSE
gene5724	0	FALSE
gene5725	0	FALSE
gene5726	0	FALSE
gene5727	0	FALSE
gene5728	-2.34880332194734	TRUE
gene5729	0	FALSE
gene5730	0	FALSE
gene5731	0	FALSE
gene5732	0	FALSE
gene5733	0	FALSE
gene5734	0	FALSE
gene5735	0	FALSE
gene5736	0	FALSE
gene5737	-2.57428253232501	TRUE
gene5738	-2.27835672197398	TRUE
gene5739	0	FALSE
gene5740	0	FALSE
gene5741	0	FALSE
gene5742	0	FALSE
gene5743	1.16600271931384	TRUE
gene5744	0	FALSE
gene5745	0	FALSE
gene5746	0	FALSE
gene5747	0	FALSE
gene5748	0	FALSE
gene5749	0	FALSE
gene5750	0	FALSE
gene5751	0	FALSE
gene5752	1.49062056164257	TRUE
gene5753	0	FALSE
gene5754	0	FALSE
gene5755	0	FALSE
gene5756	0	FALSE
gene5757	0	FALSE
gene5758	0	FALSE
gene5759	-2.56851503171492	TRUE
gene5760	0	FALSE
gene5761	0	FALSE
gene5762	0	FALSE
gene5763	0	FALSE
gene5764	-2.01343464420643	TRUE
gene5765	0	FALSE
gene5766	0	FALSE
gene5767	0	FALSE
gene5768	0	FALSE
gene5769	0	FALSE
gene5770	1.8368884549127	TRUE
gene5771	0	FALSE
gene5772	0	FALSE
gene5773	0	FALSE
gene5774	0	FALSE
gene5775	0	FALSE
gene5776	0	FALSE
gene5777	0	FALSE
gene5778	0	FALSE
gene5779	0	FALSE
gene5780	0	FALSE
gene5781	0	FALSE
gene5782	0	FALSE
gene5783	0	FALSE
gene5784	0	FALSE
gene5785	0	FALSE
gene5786	0	FALSE
gene5787	-1.69734581373632	TRUE
gene5788	0	FALSE
gene5789	0	FALSE
gene5790	0	FALSE
gene5791	0	FALSE
gene5792	0	FALSE
gene5793	0	FALSE
gene5794	0	FALSE
gene5795	0	FALSE
gene5796	0	FALSE
gene5797	0	FALSE
gene5798	0	FALSE
gene5799	2.38835433631903	TRUE
gene5800	0	FALSE
gene5801	0	FALSE
gene5802	0	FALSE
gene5803	0	FALSE
gene5804	0	FALSE
gene5805	0	FALSE
gene5806	0	FALSE
gene5807	-1.86589021969121	TRUE
gene5808	0	FALSE
gene5809	0	FALSE
gene5810	-2.70724259043345	TRUE
gene5811	0	FALSE
gene5812	0	FALSE
gene5813	0	FALSE
gene5814	0	FALSE
gene5815	-1.52983051585034	TRUE
gene5816	0	FALSE
gene5817	0	FALSE
gene5818	0	FALSE
gene5819	-2.79136067535728	TRUE
gene5820	0	FALSE
gene5821	0	FALSE
gene5822	0	FALSE
gene5823	0	FALSE
gene5824	0	FALSE
gene5825	-2.91452681802912	TRUE
gene5826	0	FALSE
gene5827	1.21574225655058	TRUE
gene5828	1.37205179699231	TRUE
gene5829	0	FALSE
gene5830	0	FALSE
gene5831	0	FALSE
gene5832	0	FALSE
gene5833	0	FALSE
gene5834	0	FALSE
gene5835	0	FALSE
gene5836	0	FALSE
gene5837	0	FALSE
gene5838	0	FALSE
gene5839	0	FALSE
gene5840	0	FALSE
gene5841	0	FALSE
gene5842	0	FALSE
gene5843	0	FALSE
gene5844	0	FALSE
gene5845	0	FALSE
gene5846	0	FALSE
gene5847	0	FALSE
gene5848	0	FALSE
gene5849	0	FALSE
gene5850	0	FALSE
gene5851	0	FALSE
gene5852	0	FALSE
gene5853	0	FALSE
gene5854	0	FALSE
gene5855	1.60895605687983	TRUE
gene5856	0	FALSE
gene5857	0	FALSE
gene5858	0	FALSE
gene5859	0	FALSE
gene5860	0	FALSE
gene5861	0	FALSE
gene5862	0	FALSE
gene5863	0	FALSE
gene5864	0	FALSE
gene5865	0	FALSE
gene5866	0	FALSE
gene5867	0	FALSE
gene5868	2.03445475845365	TRUE
gene5869	0	FALSE
gene5870	2.62024587288033	TRUE
gene5871	0	FALSE
gene5872	0	FALSE
gene5873	0	FALSE
gene5874	0	FALSE
gene5875	0	FALSE
gene5876	0	FALSE
gene5877	0	FALSE
gene5878	0	FALSE
gene5879	-2.42562749097124	TRUE
gene5880	0	FALSE
gene5881	0	FALSE
gene5882	0	FALSE
gene5883	0	FALSE
gene5884	0	FALSE
gene5885	0	FALSE
gene5886	0	FALSE
gene5887	0	FALSE
gene5888	0	FALSE
gene5889	0	FALSE
gene5890	0	FALSE
gene5891	0	FALSE
gene5892	0	FALSE
gene5893	-1.45434803806711	TRUE
gene5894	0	FALSE
gene5895	0	FALSE
gene5896	0	FALSE
gene5897	0	FALSE
gene5898	0	FALSE
gene5899	0	FALSE
gene5900	0	FALSE
gene5901	0	FALSE
gene5902	0	FALSE
gene5903	0	FALSE
gene5904	0	FALSE
gene5905	0	FALSE
gene5906	0	FALSE
gene5907	0	FALSE
gene5908	0	FALSE
gene5909	0	FALSE
gene5910	0	FALSE
gene5911	0	FALSE
gene5912	0	FALSE
gene5913	0	FALSE
gene5914	0	FALSE
gene5915	0	FALSE
gene5916	0	FALSE
gene5917	0	FALSE
gene5918	2.61911457264796	TRUE
gene5919	0	FALSE
gene5920	-1.39870123041328	TRUE
gene5921	0	FALSE
gene5922	0	FALSE
gene5923	0	FALSE
gene5924	0	FALSE
gene5925	0	FALSE
gene5926	0	FALSE
gene5927	0	FALSE
gene5928	0	FALSE
gene5929	0	FALSE
gene5930	0	FALSE
gene5931	0.978975198464468	TRUE
gene5932	0	FALSE
gene5933	0	FALSE
gene5934	0	FALSE
gene5935	0	FALSE
gene5936	0	FALSE
gene5937	1.88738085469231	TRUE
gene5938	0	FALSE
gene5939	0	FALSE
gene5940	0	FALSE
gene5941	0	FALSE
gene5942	0.920882223523222	TRUE
gene5943	2.07658731675474	TRUE
gene5944	0	FALSE
gene5945	-2.53144238475943	TRUE
gene5946	0	FALSE
gene5947	0	FALSE
gene5948	0	FALSE
gene5949	0	FALSE
gene5950	0	FALSE
gene5951	0.852512656536419	TRUE
gene5952	-2.64533538173418	TRUE
gene5953	-1.56784232624341	TRUE
gene5954	0	FALSE
gene5955	0	FALSE
gene5956	0	FALSE
gene5957	0	FALSE
gene5958	0	FALSE
gene5959	0	FALSE
gene5960	0	FALSE
gene5961	0	FALSE
gene5962	0	FALSE
gene5963	0	FALSE
gene5964	0	FALSE
gene5965	0	FALSE
gene5966	0	FALSE
gene5967	1.06257816095604	TRUE
gene5968	0	FALSE
gene5969	0	FALSE
gene5970	0	FALSE
gene5971	0	FALSE
gene5972	0	FALSE
gene5973	0	FALSE
gene5974	1.47310753678903	TRUE
gene5975	0	FALSE
gene5976	-0.943774237297475	TRUE
gene5977	0	FALSE
gene5978	0	FALSE
gene5979	0	FALSE
gene5980	0	FALSE
gene5981	0	FALSE
gene5982	0	FALSE
gene5983	0	FALSE
gene5984	0	FALSE
gene5985	0	FALSE
gene5986	0	FALSE
gene5987	0	FALSE
gene5988	0	FALSE
gene5989	0	FALSE
gene5990	-1.58401287090965	TRUE
gene5991	0	FALSE
gene5992	0	FALSE
gene5993	0	FALSE
gene5994	0	FALSE
gene5995	0	FALSE
gene5996	0	FALSE
gene5997	0	FALSE
gene5998	0	FALSE
gene5999	0	FALSE
gene6000	-1.57214268209646	TRUE
gene6001	-2.15154718968552	TRUE
gene6002	0	FALSE
gene6003	0	FALSE
gene6004	0	FALSE
gene6005	0	FALSE
gene6006	0	FALSE
gene6007	0	FALSE
gene6008	0	FALSE
gene6009	0	FALSE
gene6010	-2.82936338457512	TRUE
gene6011	-2.25878587859916	TRUE
gene6012	0	FALSE
gene6013	0	FALSE
gene6014	0	FALSE
gene6015	0	FALSE
gene6016	0	FALSE
gene6017	0	FALSE
gene6018	0	FALSE
gene6019	-1.56113310833462	TRUE
gene6020	0	FALSE
gene6021	2.7649140227004	TRUE
gene6022	0	FALSE
gene6023	0	FALSE
gene6024	0	FALSE
gene6025	0	FALSE
gene6026	1.00259531254414	TRUE
gene6027	0	FALSE
gene6028	0	FALSE
gene6029	0	FALSE
gene6030	1.57215193519369	TRUE
gene6031	0	FALSE
gene6032	0	FALSE
gene6033	0	FALSE
gene6034	-1.27284354652511	TRUE
gene6035	1.90664926485624	TRUE
gene6036	0	FALSE
gene6037	0	FALSE
gene6038	0	FALSE
gene6039	0	FALSE
gene6040	0	FALSE
gene6041	1.35650152468588	TRUE
gene6042	0	FALSE
gene6043	0	FALSE
gene6044	0	FALSE
gene6045	0	FALSE
gene6046	0	FALSE
gene6047	1.0749167263275	TRUE
gene6048	0	FALSE
gene6049	0	FALSE
gene6050	2.86835886264453	TRUE
gene6051	1.75148544780677	TRUE
gene6052	0	FALSE
gene6053	-0.945935133320745	TRUE
gene6054	0	FALSE
gene6055	-2.27321825281251	TRUE
gene6056	0	FALSE
gene6057	0	FALSE
gene6058	0	FALSE
gene6059	0	FALSE
gene6060	0	FALSE
gene6061	0	FALSE
gene6062	0	FALSE
gene6063	0	FALSE
gene6064	-2.97380909597268	TRUE
gene6065	2.54520569607848	TRUE
gene6066	0	FALSE
gene6067	0	FALSE
gene6068	0	FALSE
gene6069	0	FALSE
gene6070	0	FALSE
gene6071	0	FALSE
gene6072	0	FALSE
gene6073	0	FALSE
gene6074	0	FALSE
gene6075	0	FALSE
gene6076	0	FALSE
gene6077	0	FALSE
gene6078	0	FALSE
gene6079	0	FALSE
gene6080	0	FALSE
gene6081	0	FALSE
gene6082	-2.11659778881585	TRUE
gene6083	0	FALSE
gene6084	0	FALSE
gene6085	0	FALSE
gene6086	0	FALSE
gene6087	2.52192922169343	TRUE
gene6088	-2.73264653381193	TRUE
gene6089	0	FALSE
gene6090	0	FALSE
gene6091	0	FALSE
gene6092	0	FALSE
gene6093	1.32092740852386	TRUE
gene6094	0	FALSE
gene6095	0	FALSE
gene6096	2.45679445378482	TRUE
gene6097	0	FALSE
gene6098	0	FALSE
gene6099	-0.930090121342801	TRUE
gene6100	0	FALSE
gene6101	0	FALSE
gene6102	-1.4510875212145	TRUE
gene6103	0	FALSE
gene6104	-1.55878624197794	TRUE
gene6105	0	FALSE
gene6106	0	FALSE
gene6107	0	FALSE
gene6108	0	FALSE
gene6109	0	FALSE
gene6110	0	FALSE
gene6111	0	FALSE
gene6112	0	FALSE
gene6113	0	FALSE
gene6114	0	FALSE
gene6115	0	FALSE
gene6116	0	FALSE
gene6117	0	FALSE
gene6118	0	FALSE
gene6119	0	FALSE
gene6120	0	FALSE
gene6121	0	FALSE
gene6122	0	FALSE
gene6123	0	FALSE
gene6124	0	FALSE
gene6125	0	FALSE
gene6126	0	FALSE
gene6127	1.91800137085374	TRUE
gene6128	0	FALSE
gene6129	0	FALSE
gene6130	0	FALSE
gene6131	0.913075868447777	TRUE
gene6132	0	FALSE
gene6133	0	FALSE
gene6134	0	FALSE
gene6135	0	FALSE
gene6136	0	FALSE
gene6137	0	FALSE
gene6138	0	FALSE
gene6139	0	FALSE
gene6140	0	FALSE
gene6141	0	FALSE
gene6142	0	FALSE
gene6143	0	FALSE
gene6144	0	FALSE
gene6145	2.95458441891242	TRUE
gene6146	0	FALSE
gene6147	0	FALSE
gene6148	1.40042927814648	TRUE
gene6149	0	FALSE
gene6150	0	FALSE
gene6151	1.95178884034976	TRUE
gene6152	0	FALSE
gene6153	0	FALSE
gene6154	0	FALSE
gene6155	0	FALSE
gene6156	1.97674114216352	TRUE
gene6157	0	FALSE
gene6158	0	FALSE
gene6159	0	FALSE
gene6160	0	FALSE
gene6161	0	FALSE
gene6162	0	FALSE
gene6163	0	FALSE
gene6164	0	FALSE
gene6165	-1.46884314768249	TRUE
gene6166	1.45602584467269	TRUE
gene6167	0	FALSE
gene6168	0	FALSE
gene6169	0	FALSE
gene6170	0	FALSE
gene6171	0	FALSE
gene6172	0	FALSE
gene6173	0	FALSE
gene6174	0	FALSE
gene6175	0	FALSE
gene6176	0	FALSE
gene6177	2.35770361544564	TRUE
gene6178	0	FALSE
gene6179	0	FALSE
gene6180	-2.18818207603181	TRUE
gene6181	0	FALSE
gene6182	0	FALSE
gene6183	0	FALSE
gene6184	0	FALSE
gene6185	0	FALSE
gene6186	0	FALSE
gene6187	0	FALSE
gene6188	0	FALSE
gene6189	0	FALSE
gene6190	0	FALSE
gene6191	0	FALSE
gene6192	0	FALSE
gene6193	0	FALSE
gene6194	0	FALSE
gene6195	0	FALSE
gene6196	0	FALSE
gene6197	0	FALSE
gene6198	0	FALSE
gene6199	0	FALSE
gene6200	0	FALSE
gene6201	0	FALSE
gene6202	0	FALSE
gene6203	0	FALSE
gene6204	0	FALSE
gene6205	0	FALSE
gene6206	0	FALSE
gene6207	0	FALSE
gene6208	2.9747598641552	TRUE
gene6209	0	FALSE
gene6210	0	FALSE
gene6211	0	FALSE
gene6212	2.33835342829116	TRUE
gene6213	0	FALSE
gene6214	-1.62532845087117	TRUE
gene6215	0	FALSE
gene6216	0	FALSE
gene6217	0	FALSE
gene6218	1.28165832156083	TRUE
gene6219	0	FALSE
gene6220	0	FALSE
gene6221	0	FALSE
gene6222	0	FALSE
gene6223	0	FALSE
gene6224	0	FALSE
gene6225	1.19856877002167	TRUE
gene6226	0	FALSE
gene6227	0	FALSE
gene6228	0	FALSE
gene6229	0	FALSE
gene6230	0	FALSE
gene6231	0	FALSE
gene6232	-2.40629750787048	TRUE
gene6233	0	FALSE
gene6234	0	FALSE
gene6235	0	FALSE
gene6236	0	FALSE
gene6237	0	FALSE
gene6238	0	FALSE
gene6239	0	FALSE
gene6240	0	FALSE
gene6241	0	FALSE
gene6242	0	FALSE
gene6243	0	FALSE
gene6244	0	FALSE
gene6245	0	FALSE
gene6246	0	FALSE
gene6247	0	FALSE
gene6248	0	FALSE
gene6249	0	FALSE
gene6250	0	FALSE
gene6251	0	FALSE
gene6252	0	FALSE
gene6253	0	FALSE
gene6254	0	FALSE
gene6255	0	FALSE
gene6256	2.11660427588504	TRUE
gene6257	1.152104706096	TRUE
gene6258	0	FALSE
gene6259	-2.75324219791219	TRUE
gene6260	0	FALSE
gene6261	0	FALSE
gene6262	0	FALSE
gene6263	0	FALSE
gene6264	0	FALSE
gene6265	-2.44064885837724	TRUE
gene6266	0	FALSE
gene6267	0	FALSE
gene6268	0	FALSE
gene6269	0	FALSE
gene6270	0	FALSE
gene6271	0	FALSE
gene6272	1.69940074678743	TRUE
gene6273	0	FALSE
gene6274	0	FALSE
gene6275	0	FALSE
gene6276	0	FALSE
gene6277	0	FALSE
gene6278	0	FALSE
gene6279	0	FALSE
gene6280	0	FALSE
gene6281	0	FALSE
gene6282	0	FALSE
gene6283	0	FALSE
gene6284	0	FALSE
gene6285	0	FALSE
gene6286	0	FALSE
gene6287	0	FALSE
gene6288	0	FALSE
gene6289	0	FALSE
gene6290	0	FALSE
gene6291	0	FALSE
gene6292	0	FALSE
gene6293	0	FALSE
gene6294	0	FALSE
gene6295	0	FALSE
gene6296	0	FALSE
gene6297	0	FALSE
gene6298	-1.7278221527813	TRUE
gene6299	2.01136891893111	TRUE
gene6300	0	FALSE
gene6301	0	FALSE
gene6302	0	FALSE
gene6303	-1.68136940913973	TRUE
gene6304	0	FALSE
gene6305	0	FALSE
gene6306	0	FALSE
gene6307	0	FALSE
gene6308	0	FALSE
gene6309	0	FALSE
gene6310	0	FALSE
gene6311	-1.61487852840219	TRUE
gene6312	0	FALSE
gene6313	-1.97290540201357	TRUE
gene6314	0	FALSE
gene6315	2.24247039249167	TRUE
gene6316	0	FALSE
gene6317	0	FALSE
gene6318	0	FALSE
gene6319	0	FALSE
gene6320	0	FALSE
gene6321	0	FALSE
gene6322	0	FALSE
gene6323	0	FALSE
gene6324	0	FALSE
gene6325	0	FALSE
gene6326	0	FALSE
gene6327	0	FALSE
gene6328	0	FALSE
gene6329	0	FALSE
gene6330	0	FALSE
gene6331	0	FALSE
gene6332	0	FALSE
gene6333	-1.81461092841346	TRUE
gene6334	0	FALSE
gene6335	0	FALSE
gene6336	0	FALSE
gene6337	0	FALSE
gene6338	0	FALSE
gene6339	0	FALSE
gene6340	0	FALSE
gene6341	0	FALSE
gene6342	0	FALSE
gene6343	-1.62391923449468	TRUE
gene6344	0	FALSE
gene6345	0	FALSE
gene6346	0	FALSE
gene6347	0	FALSE
gene6348	-2.53685100318398	TRUE
gene6349	-1.46668478456559	TRUE
gene6350	0	FALSE
gene6351	0	FALSE
gene6352	0	FALSE
gene6353	0	FALSE
gene6354	0	FALSE
gene6355	0	FALSE
gene6356	0	FALSE
gene6357	0	FALSE
gene6358	0	FALSE
gene6359	-1.93887335801264	TRUE
gene6360	0	FALSE
gene6361	0	FALSE
gene6362	1.2345802282216	TRUE
gene6363	0	FALSE
gene6364	0	FALSE
gene6365	0	FALSE
gene6366	2.58890244533541	TRUE
gene6367	0	FALSE
gene6368	0	FALSE
gene6369	0	FALSE
gene6370	0	FALSE
gene6371	0	FALSE
gene6372	2.17725428607082	TRUE
gene6373	0	FALSE
gene6374	0	FALSE
gene6375	0	FALSE
gene6376	0	FALSE
gene6377	0	FALSE
gene6378	0	FALSE
gene6379	2.55612920917338	TRUE
gene6380	0	FALSE
gene6381	0	FALSE
gene6382	0	FALSE
gene6383	0	FALSE
gene6384	0	FALSE
gene6385	0	FALSE
gene6386	0	FALSE
gene6387	0	FALSE
gene6388	2.74504385475302	TRUE
gene6389	0	FALSE
gene6390	0	FALSE
gene6391	0	FALSE
gene6392	0	FALSE
gene6393	0	FALSE
gene6394	0	FALSE
gene6395	1.34369387343759	TRUE
gene6396	0	FALSE
gene6397	0	FALSE
gene6398	0	FALSE
gene6399	0	FALSE
gene6400	0	FALSE
gene6401	0	FALSE
gene6402	0	FALSE
gene6403	0	FALSE
gene6404	0	FALSE
gene6405	0	FALSE
gene6406	0	FALSE
gene6407	0	FALSE
gene6408	0	FALSE
gene6409	0	FALSE
gene6410	2.82108903065091	TRUE
gene6411	0	FALSE
gene6412	0	FALSE
gene6413	0	FALSE
gene6414	0	FALSE
gene6415	0	FALSE
gene6416	0	FALSE
gene6417	0	FALSE
gene6418	0	FALSE
gene6419	0	FALSE
gene6420	0	FALSE
gene6421	0	FALSE
gene6422	0	FALSE
gene6423	0	FALSE
gene6424	0	FALSE
gene6425	0	FALSE
gene6426	0	FALSE
gene6427	0	FALSE
gene6428	0	FALSE
gene6429	0	FALSE
gene6430	0	FALSE
gene6431	0	FALSE
gene6432	0	FALSE
gene6433	2.55845381057588	TRUE
gene6434	0	FALSE
gene6435	2.02526291616959	TRUE
gene6436	0	FALSE
gene6437	0	FALSE
gene6438	0	FALSE
gene6439	1.83484468603274	TRUE
gene6440	0	FALSE
gene6441	0	FALSE
gene6442	0	FALSE
gene6443	0	FALSE
gene6444	0	FALSE
gene6445	0	FALSE
gene6446	0	FALSE
gene6447	0	FALSE
gene6448	2.14556036924478	TRUE
gene6449	0	FALSE
gene6450	0	FALSE
gene6451	0	FALSE
gene6452	0	FALSE
gene6453	0	FALSE
gene6454	0	FALSE
gene6455	0	FALSE
gene6456	0	FALSE
gene6457	0	FALSE
gene6458	0	FALSE
gene6459	0	FALSE
gene6460	0	FALSE
gene6461	-1.87307100347243	TRUE
gene6462	0	FALSE
gene6463	0	FALSE
gene6464	0	FALSE
gene6465	0	FALSE
gene6466	0	FALSE
gene6467	0	FALSE
gene6468	0	FALSE
gene6469	0	FALSE
gene6470	0	FALSE
gene6471	0	FALSE
gene6472	0	FALSE
gene6473	0	FALSE
gene6474	0	FALSE
gene6475	0	FALSE
gene6476	-2.45412225538166	TRUE
gene6477	0	FALSE
gene6478	0	FALSE
gene6479	-1.9020617051865	TRUE
gene6480	0	FALSE
gene6481	0	FALSE
gene6482	0	FALSE
gene6483	0	FALSE
gene6484	0	FALSE
gene6485	0	FALSE
gene6486	0	FALSE
gene6487	0	FALSE
gene6488	-1.30402099090861	TRUE
gene6489	0	FALSE
gene6490	0	FALSE
gene6491	0	FALSE
gene6492	0	FALSE
gene6493	0.816121633804869	TRUE
gene6494	0	FALSE
gene6495	0	FALSE
gene6496	0	FALSE
gene6497	0	FALSE
gene6498	0	FALSE
gene6499	0	FALSE
gene6500	0.990756960818544	TRUE
gene6501	0	FALSE
gene6502	-1.96340377820889	TRUE
gene6503	-2.72079550183844	TRUE
gene6504	0	FALSE
gene6505	0	FALSE
gene6506	0	FALSE
gene6507	1.46097136085154	TRUE
gene6508	0	FALSE
gene6509	0	FALSE
gene6510	0	FALSE
gene6511	-2.48374262242578	TRUE
gene6512	0	FALSE
gene6513	0	FALSE
gene6514	0	FALSE
gene6515	0	FALSE
gene6516	0	FALSE
gene6517	0	FALSE
gene6518	0	FALSE
gene6519	1.92701035563368	TRUE
gene6520	0	FALSE
gene6521	-1.84257477888605	TRUE
gene6522	0	FALSE
gene6523	0	FALSE
gene6524	0	FALSE
gene6525	0	FALSE
gene6526	0	FALSE
gene6527	0	FALSE
gene6528	0	FALSE
gene6529	0	FALSE
gene6530	-0.755596696806606	TRUE
gene6531	2.4191345492145	TRUE
gene6532	-2.77058969589416	TRUE
gene6533	-1.75224315613741	TRUE
gene6534	0	FALSE
gene6535	0	FALSE
gene6536	0	FALSE
gene6537	0	FALSE
gene6538	0	FALSE
gene6539	0	FALSE
gene6540	0	FALSE
gene6541	0	FALSE
gene6542	0	FALSE
gene6543	0	FALSE
gene6544	0	FALSE
gene6545	0	FALSE
gene6546	2.42402843496529	TRUE
gene6547	0	FALSE
gene6548	0	FALSE
gene6549	-2.75164063100237	TRUE
gene6550	0	FALSE
gene6551	0	FALSE
gene6552	0	FALSE
gene6553	0	FALSE
gene6554	0	FALSE
gene6555	0	FALSE
gene6556	0	FALSE
gene6557	0	FALSE
gene6558	0	FALSE
gene6559	0	FALSE
gene6560	0	FALSE
gene6561	0	FALSE
gene6562	1.65779425820801	TRUE
gene6563	0	FALSE
gene6564	0	FALSE
gene6565	0	FALSE
gene6566	0	FALSE
gene6567	0	FALSE
gene6568	0	FALSE
gene6569	0	FALSE
gene6570	0	FALSE
gene6571	0	FALSE
gene6572	0	FALSE
gene6573	0	FALSE
gene6574	0	FALSE
gene6575	1.37897657492431	TRUE
gene6576	0	FALSE
gene6577	0	FALSE
gene6578	0	FALSE
gene6579	0	FALSE
gene6580	0	FALSE
gene6581	1.69774335430702	TRUE
gene6582	0	FALSE
gene6583	0	FALSE
gene6584	0	FALSE
gene6585	-2.07977690384723	TRUE
gene6586	0	FALSE
gene6587	0	FALSE
gene6588	0	FALSE
gene6589	0	FALSE
gene6590	0	FALSE
gene6591	0	FALSE
gene6592	0	FALSE
gene6593	0	FALSE
gene6594	0	FALSE
gene6595	0	FALSE
gene6596	0	FALSE
gene6597	0	FALSE
gene6598	0	FALSE
gene6599	0	FALSE
gene6600	0	FALSE
gene6601	0	FALSE
gene6602	0	FALSE
gene6603	0	FALSE
gene6604	1.93685852712952	TRUE
gene6605	2.04706240072846	TRUE
gene6606	0	FALSE
gene6607	0	FALSE
gene6608	0	FALSE
gene6609	0	FALSE
gene6610	0	FALSE
gene6611	0	FALSE
gene6612	0	FALSE
gene6613	0	FALSE
gene6614	-2.60797742108116	TRUE
gene6615	0	FALSE
gene6616	0	FALSE
gene6617	0	FALSE
gene6618	0	FALSE
gene6619	0	FALSE
gene6620	0	FALSE
gene6621	0	FALSE
gene6622	0	FALSE
gene6623	0	FALSE
gene6624	0	FALSE
gene6625	0	FALSE
gene6626	0	FALSE
gene6627	0	FALSE
gene6628	0	FALSE
gene6629	-0.983720888500102	TRUE
gene6630	0	FALSE
gene6631	0	FALSE
gene6632	0	FALSE
gene6633	0	FALSE
gene6634	0	FALSE
gene6635	0	FALSE
gene6636	-0.799149229656905	TRUE
gene6637	0	FALSE
gene6638	0	FALSE
gene6639	0	FALSE
gene6640	0	FALSE
gene6641	0	FALSE
gene6642	0	FALSE
gene6643	0	FALSE
gene6644	0	FALSE
gene6645	0	FALSE
gene6646	0	FALSE
gene6647	0	FALSE
gene6648	0	FALSE
gene6649	0	FALSE
gene6650	0	FALSE
gene6651	0	FALSE
gene6652	0	FALSE
gene6653	0	FALSE
gene6654	0	FALSE
gene6655	0	FALSE
gene6656	0	FALSE
gene6657	0	FALSE
gene6658	0	FALSE
gene6659	0	FALSE
gene6660	-2.70815597951878	TRUE
gene6661	0	FALSE
gene6662	0	FALSE
gene6663	0	FALSE
gene6664	0	FALSE
gene6665	0	FALSE
gene6666	0	FALSE
gene6667	0	FALSE
gene6668	0	FALSE
gene6669	0	FALSE
gene6670	0	FALSE
gene6671	0	FALSE
gene6672	1.06360326352296	TRUE
gene6673	0	FALSE
gene6674	0	FALSE
gene6675	0	FALSE
gene6676	0	FALSE
gene6677	0	FALSE
gene6678	0	FALSE
gene6679	0	FALSE
gene6680	0	FALSE
gene6681	0	FALSE
gene6682	0	FALSE
gene6683	0	FALSE
gene6684	0	FALSE
gene6685	2.18325363955228	TRUE
gene6686	0	FALSE
gene6687	0	FALSE
gene6688	0	FALSE
gene6689	0	FALSE
gene6690	0	FALSE
gene6691	0	FALSE
gene6692	0	FALSE
gene6693	0	FALSE
gene6694	0	FALSE
gene6695	0	FALSE
gene6696	0	FALSE
gene6697	0	FALSE
gene6698	0	FALSE
gene6699	0	FALSE
gene6700	0	FALSE
gene6701	0	FALSE
gene6702	0	FALSE
gene6703	0	FALSE
gene6704	0	FALSE
gene6705	0	FALSE
gene6706	0	FALSE
gene6707	0	FALSE
gene6708	0	FALSE
gene6709	0	FALSE
gene6710	0	FALSE
gene6711	0	FALSE
gene6712	0	FALSE
gene6713	1.93778689362807	TRUE
gene6714	0	FALSE
gene6715	0	FALSE
gene6716	0	FALSE
gene6717	0	FALSE
gene6718	0	FALSE
gene6719	-1.39498391503002	TRUE
gene6720	0	FALSE
gene6721	0	FALSE
gene6722	0	FALSE
gene6723	0	FALSE
gene6724	0	FALSE
gene6725	0	FALSE
gene6726	-2.00829407590209	TRUE
gene6727	0	FALSE
gene6728	0	FALSE
gene6729	0	FALSE
gene6730	0	FALSE
gene6731	0	FALSE
gene6732	2.34538461448392	TRUE
gene6733	0	FALSE
gene6734	0	FALSE
gene6735	0	FALSE
gene6736	0	FALSE
gene6737	0.759965812554583	TRUE
gene6738	0	FALSE
gene6739	0	FALSE
gene6740	0	FALSE
gene6741	0	FALSE
gene6742	0	FALSE
gene6743	0	FALSE
gene6744	0	FALSE
gene6745	0	FALSE
gene6746	0	FALSE
gene6747	0	FALSE
gene6748	0	FALSE
gene6749	0	FALSE
gene6750	-1.67855566291837	TRUE
gene6751	0	FALSE
gene6752	2.22170634957729	TRUE
gene6753	0	FALSE
gene6754	0	FALSE
gene6755	0	FALSE
gene6756	0	FALSE
gene6757	0	FALSE
gene6758	0	FALSE
gene6759	0	FALSE
gene6760	2.19146078894846	TRUE
gene6761	0	FALSE
gene6762	0	FALSE
gene6763	0	FALSE
gene6764	0	FALSE
gene6765	0	FALSE
gene6766	0	FALSE
gene6767	0	FALSE
gene6768	-2.36738841579063	TRUE
gene6769	0	FALSE
gene6770	-2.3440968618379	TRUE
gene6771	0.942372851190157	TRUE
gene6772	0	FALSE
gene6773	0	FALSE
gene6774	0.862075884710066	TRUE
gene6775	-2.8968114356976	TRUE
gene6776	0	FALSE
gene6777	0	FALSE
gene6778	0	FALSE
gene6779	2.90637171501294	TRUE
gene6780	0	FALSE
gene6781	0	FALSE
gene6782	0	FALSE
gene6783	0	FALSE
gene6784	0	FALSE
gene6785	0	FALSE
gene6786	0	FALSE
gene6787	0	FALSE
gene6788	-2.02781514701201	TRUE
gene6789	0	FALSE
gene6790	0	FALSE
gene6791	0	FALSE
gene6792	0	FALSE
gene6793	0	FALSE
gene6794	0	FALSE
gene6795	0	FALSE
gene6796	0	FALSE
gene6797	0	FALSE
gene6798	0	FALSE
gene6799	0	FALSE
gene6800	0	FALSE
gene6801	0	FALSE
gene6802	0	FALSE
gene6803	0	FALSE
gene6804	0	FALSE
gene6805	0	FALSE
gene6806	-1.82870591792744	TRUE
gene6807	0	FALSE
gene6808	0	FALSE
gene6809	0	FALSE
gene6810	0	FALSE
gene6811	0	FALSE
gene6812	0	FALSE
gene6813	-2.46696480677929	TRUE
gene6814	0	FALSE
gene6815	0	FALSE
gene6816	0	FALSE
gene6817	0	FALSE
gene6818	0	FALSE
gene6819	0	FALSE
gene6820	0	FALSE
gene6821	0	FALSE
gene6822	0	FALSE
gene6823	0	FALSE
gene6824	0	FALSE
gene6825	0	FALSE
gene6826	0	FALSE
gene6827	0	FALSE
gene6828	0	FALSE
gene6829	0	FALSE
gene6830	-2.76024613610934	TRUE
gene6831	0	FALSE
gene6832	0	FALSE
gene6833	0	FALSE
gene6834	0	FALSE
gene6835	0	FALSE
gene6836	0	FALSE
gene6837	0	FALSE
gene6838	0	FALSE
gene6839	0	FALSE
gene6840	0	FALSE
gene6841	0	FALSE
gene6842	0	FALSE
gene6843	0	FALSE
gene6844	1.41019929415779	TRUE
gene6845	0	FALSE
gene6846	0	FALSE
gene6847	0	FALSE
gene6848	0	FALSE
gene6849	0	FALSE
gene6850	0	FALSE
gene6851	0	FALSE
gene6852	0	FALSE
gene6853	0	FALSE
gene6854	0	FALSE
gene6855	0	FALSE
gene6856	0	FALSE
gene6857	1.05122363049304	TRUE
gene6858	0	FALSE
gene6859	0	FALSE
gene6860	0	FALSE
gene6861	0	FALSE
gene6862	0	FALSE
gene6863	0	FALSE
gene6864	0	FALSE
gene6865	2.19265258137602	TRUE
gene6866	0	FALSE
gene6867	0	FALSE
gene6868	0	FALSE
gene6869	-1.10378200281411	TRUE
gene6870	0	FALSE
gene6871	0	FALSE
gene6872	0	FALSE
gene6873	0	FALSE
gene6874	0	FALSE
gene6875	-1.89473013620591	TRUE
gene6876	0	FALSE
gene6877	0	FALSE
gene6878	0	FALSE
gene6879	0	FALSE
gene6880	0	FALSE
gene6881	0	FALSE
gene6882	0	FALSE
gene6883	0	FALSE
gene6884	0	FALSE
gene6885	0	FALSE
gene6886	-1.68068436300382	TRUE
gene6887	0	FALSE
gene6888	0	FALSE
gene6889	-2.29062958841678	TRUE
gene6890	0	FALSE
gene6891	0	FALSE
gene6892	0	FALSE
gene6893	0	FALSE
gene6894	0	FALSE
gene6895	0	FALSE
gene6896	0	FALSE
gene6897	0	FALSE
gene6898	0	FALSE
gene6899	0	FALSE
gene6900	1.58617721713381	TRUE
gene6901	0	FALSE
gene6902	0	FALSE
gene6903	-1.16564926650608	TRUE
gene6904	0	FALSE
gene6905	0	FALSE
gene6906	0	FALSE
gene6907	1.35617542936234	TRUE
gene6908	0	FALSE
gene6909	2.35178536054445	TRUE
gene6910	0	FALSE
gene6911	0	FALSE
gene6912	0	FALSE
gene6913	0	FALSE
gene6914	0	FALSE
gene6915	0	FALSE
gene6916	0	FALSE
gene6917	0	FALSE
gene6918	0	FALSE
gene6919	-2.89176576049067	TRUE
gene6920	0	FALSE
gene6921	0	FALSE
gene6922	0	FALSE
gene6923	0	FALSE
gene6924	0	FALSE
gene6925	0	FALSE
gene6926	0	FALSE
gene6927	0	FALSE
gene6928	0	FALSE
gene6929	0	FALSE
gene6930	2.84245222562458	TRUE
gene6931	1.82662641070783	TRUE
gene6932	0	FALSE
gene6933	0	FALSE
gene6934	0	FALSE
gene6935	0	FALSE
gene6936	0	FALSE
gene6937	0	FALSE
gene6938	0	FALSE
gene6939	0	FALSE
gene6940	0	FALSE
gene6941	0	FALSE
gene6942	0	FALSE
gene6943	0	FALSE
gene6944	0	FALSE
gene6945	0	FALSE
gene6946	0	FALSE
gene6947	0	FALSE
gene6948	0	FALSE
gene6949	0	FALSE
gene6950	0	FALSE
gene6951	0	FALSE
gene6952	0	FALSE
gene6953	0	FALSE
gene6954	0	FALSE
gene6955	0	FALSE
gene6956	0	FALSE
gene6957	0	FALSE
gene6958	-1.39389550604392	TRUE
gene6959	0	FALSE
gene6960	0	FALSE
gene6961	0	FALSE
gene6962	0	FALSE
gene6963	0	FALSE
gene6964	0.875895321252756	TRUE
gene6965	0	FALSE
gene6966	0	FALSE
gene6967	0	FALSE
gene6968	0	FALSE
gene6969	0	FALSE
gene6970	0	FALSE
gene6971	0	FALSE
gene6972	0	FALSE
gene6973	0	FALSE
gene6974	1.30031315231463	TRUE
gene6975	0	FALSE
gene6976	0	FALSE
gene6977	0	FALSE
gene6978	0	FALSE
gene6979	0.957280816161074	TRUE
gene6980	0.801754186861217	TRUE
gene6981	0	FALSE
gene6982	0	FALSE
gene6983	0	FALSE
gene6984	-2.16320894937962	TRUE
gene6985	0	FALSE
gene6986	1.8353332048282	TRUE
gene6987	0	FALSE
gene6988	0	FALSE
gene6989	0	FALSE
gene6990	0.972392249212135	TRUE
gene6991	-1.36670186917763	TRUE
gene6992	0	FALSE
gene6993	0	FALSE
gene6994	0	FALSE
gene6995	0	FALSE
gene6996	0	FALSE
gene6997	0	FALSE
gene6998	0	FALSE
gene6999	1.14886175456923	TRUE
gene7000	1.08906177518656	TRUE
gene7001	-2.6677022750373	TRUE
gene7002	0	FALSE
gene7003	-2.65742168953875	TRUE
gene7004	0	FALSE
gene7005	0	FALSE
gene7006	0	FALSE
gene7007	0	FALSE
gene7008	0	FALSE
gene7009	0	FALSE
gene7010	0	FALSE
gene7011	0	FALSE
gene7012	0	FALSE
gene7013	0	FALSE
gene7014	2.99176037177676	TRUE
gene7015	0	FALSE
gene7016	2.13516790315043	TRUE
gene7017	0	FALSE
gene7018	0	FALSE
gene7019	0	FALSE
gene7020	0	FALSE
gene7021	0	FALSE
gene7022	0	FALSE
gene7023	0	FALSE
gene7024	0	FALSE
gene7025	0	FALSE
gene7026	0	FALSE
gene7027	0	FALSE
gene7028	-1.63623878499493	TRUE
gene7029	0	FALSE
gene7030	0	FALSE
gene7031	0	FALSE
gene7032	0	FALSE
gene7033	0	FALSE
gene7034	0	FALSE
gene7035	2.01886472344631	TRUE
gene7036	2.60591809486505	TRUE
gene7037	0	FALSE
gene7038	0	FALSE
gene7039	0	FALSE
gene7040	0	FALSE
gene7041	0	FALSE
gene7042	0	FALSE
gene7043	0	FALSE
gene7044	0	FALSE
gene7045	0	FALSE
gene7046	0	FALSE
gene7047	0	FALSE
gene7048	0	FALSE
gene7049	-1.85810095636407	TRUE
gene7050	0	FALSE
gene7051	0	FALSE
gene7052	0	FALSE
gene7053	0	FALSE
gene7054	0	FALSE
gene7055	0	FALSE
gene7056	0	FALSE
gene7057	0	FALSE
gene7058	0	FALSE
gene7059	-1.34727612807183	TRUE
gene7060	0	FALSE
gene7061	0	FALSE
gene7062	0	FALSE
gene7063	0	FALSE
gene7064	0	FALSE
gene7065	0	FALSE
gene7066	0	FALSE
gene7067	0	FALSE
gene7068	0	FALSE
gene7069	0	FALSE
gene7070	0	FALSE
gene7071	0	FALSE
gene7072	0	FALSE
gene7073	0	FALSE
gene7074	0	FALSE
gene7075	-1.5786438244977	TRUE
gene7076	0	FALSE
gene7077	0	FALSE
gene7078	0	FALSE
gene7079	0	FALSE
gene7080	0	FALSE
gene7081	0	FALSE
gene7082	0	FALSE
gene7083	-1.4994327906752	TRUE
gene7084	0	FALSE
gene7085	0	FALSE
gene7086	0	FALSE
gene7087	0	FALSE
gene7088	0	FALSE
gene7089	1.47961727692746	TRUE
gene7090	0	FALSE
gene7091	0	FALSE
gene7092	0	FALSE
gene7093	0	FALSE
gene7094	0	FALSE
gene7095	0	FALSE
gene7096	0	FALSE
gene7097	0	FALSE
gene7098	0	FALSE
gene7099	0	FALSE
gene7100	0	FALSE
gene7101	0	FALSE
gene7102	0	FALSE
gene7103	0	FALSE
gene7104	0	FALSE
gene7105	1.1614749970031	TRUE
gene7106	0	FALSE
gene7107	0	FALSE
gene7108	0	FALSE
gene7109	0	FALSE
gene7110	0	FALSE
gene7111	0	FALSE
gene7112	0	FALSE
gene7113	0	FALSE
gene7114	0	FALSE
gene7115	0	FALSE
gene7116	1.60196734440979	TRUE
gene7117	-0.881268778117374	TRUE
gene7118	0	FALSE
gene7119	0	FALSE
gene7120	0	FALSE
gene7121	0	FALSE
gene7122	0	FALSE
gene7123	0	FALSE
gene7124	0	FALSE
gene7125	0	FALSE
gene7126	0	FALSE
gene7127	0	FALSE
gene7128	0	FALSE
gene7129	0	FALSE
gene7130	0	FALSE
gene7131	1.0958508081967	TRUE
gene7132	0	FALSE
gene7133	0	FALSE
gene7134	0	FALSE
gene7135	0	FALSE
gene7136	0	FALSE
gene7137	0	FALSE
gene7138	1.0091264967341	TRUE
gene7139	0	FALSE
gene7140	0	FALSE
gene7141	0	FALSE
gene7142	0	FALSE
gene7143	0	FALSE
gene7144	0	FALSE
gene7145	0	FALSE
gene7146	0	FALSE
gene7147	-2.37953698332421	TRUE
gene7148	0	FALSE
gene7149	0	FALSE
gene7150	0	FALSE
gene7151	0	FALSE
gene7152	0	FALSE
gene7153	0	FALSE
gene7154	0	FALSE
gene7155	2.7645429034601	TRUE
gene7156	0	FALSE
gene7157	0	FALSE
gene7158	-0.793951396713965	TRUE
gene7159	0	FALSE
gene7160	0	FALSE
gene7161	0	FALSE
gene7162	0	FALSE
gene7163	0	FALSE
gene7164	2.03961588966195	TRUE
gene7165	0	FALSE
gene7166	0	FALSE
gene7167	2.45381745847408	TRUE
gene7168	0	FALSE
gene7169	0	FALSE
gene7170	0	FALSE
gene7171	0.851381291868165	TRUE
gene7172	0	FALSE
gene7173	0	FALSE
gene7174	0	FALSE
gene7175	1.3543328345404	TRUE
gene7176	0	FALSE
gene7177	0	FALSE
gene7178	0	FALSE
gene7179	-2.43380391335813	TRUE
gene7180	0	FALSE
gene7181	0	FALSE
gene7182	0	FALSE
gene7183	0	FALSE
gene7184	0	FALSE
gene7185	0	FALSE
gene7186	1.61864673922537	TRUE
gene7187	0	FALSE
gene7188	0	FALSE
gene7189	0	FALSE
gene7190	0	FALSE
gene7191	0	FALSE
gene7192	0	FALSE
gene7193	0	FALSE
gene7194	0	FALSE
gene7195	0	FALSE
gene7196	-2.74052971322089	TRUE
gene7197	0	FALSE
gene7198	0	FALSE
gene7199	0	FALSE
gene7200	0	FALSE
gene7201	0	FALSE
gene7202	0	FALSE
gene7203	0	FALSE
gene7204	0	FALSE
gene7205	0	FALSE
gene7206	0	FALSE
gene7207	0	FALSE
gene7208	0.766179425816517	TRUE
gene7209	0	FALSE
gene7210	0	FALSE
gene7211	0	FALSE
gene7212	0	FALSE
gene7213	0	FALSE
gene7214	0	FALSE
gene7215	0	FALSE
gene7216	0	FALSE
gene7217	0	FALSE
gene7218	0	FALSE
gene7219	0	FALSE
gene7220	-2.19337214995176	TRUE
gene7221	0	FALSE
gene7222	0	FALSE
gene7223	0	FALSE
gene7224	0	FALSE
gene7225	0	FALSE
gene7226	0	FALSE
gene7227	0	FALSE
gene7228	0.978488788241521	TRUE
gene7229	0	FALSE
gene7230	0	FALSE
gene7231	-1.3925031812978	TRUE
gene7232	0.807521022157744	TRUE
gene7233	0	FALSE
gene7234	0	FALSE
gene7235	0	FALSE
gene7236	0	FALSE
gene7237	0	FALSE
gene7238	0	FALSE
gene7239	0	FALSE
gene7240	0	FALSE
gene7241	0	FALSE
gene7242	1.40715769428061	TRUE
gene7243	0	FALSE
gene7244	0	FALSE
gene7245	0	FALSE
gene7246	0	FALSE
gene7247	0	FALSE
gene7248	0	FALSE
gene7249	0	FALSE
gene7250	0	FALSE
gene7251	0	FALSE
gene7252	0	FALSE
gene7253	0	FALSE
gene7254	0	FALSE
gene7255	0	FALSE
gene7256	0	FALSE
gene7257	2.08481580018997	TRUE
gene7258	0	FALSE
gene7259	0	FALSE
gene7260	0	FALSE
gene7261	2.80358186265221	TRUE
gene7262	0	FALSE
gene7263	0	FALSE
gene7264	0	FALSE
gene7265	0	FALSE
gene7266	0	FALSE
gene7267	0	FALSE
gene7268	0	FALSE
gene7269	-2.87064488528995	TRUE
gene7270	0	FALSE
gene7271	0	FALSE
gene7272	0	FALSE
gene7273	1.90790593950078	TRUE
gene7274	0	FALSE
gene7275	0	FALSE
gene7276	0	FALSE
gene7277	0	FALSE
gene7278	0	FALSE
gene7279	0	FALSE
gene7280	0	FALSE
gene7281	0	FALSE
gene7282	-2.89507076219888	TRUE
gene7283	0	FALSE
gene7284	0	FALSE
gene7285	-2.0434538415866	TRUE
gene7286	0	FALSE
gene7287	1.36176238273038	TRUE
gene7288	0	FALSE
gene7289	0	FALSE
gene7290	0	FALSE
gene7291	0	FALSE
gene7292	0	FALSE
gene7293	0	FALSE
gene7294	0	FALSE
gene7295	0	FALSE
gene7296	0	FALSE
gene7297	0	FALSE
gene7298	0	FALSE
gene7299	0	FALSE
gene7300	0	FALSE
gene7301	-1.63720288092736	TRUE
gene7302	0	FALSE
gene7303	0	FALSE
gene7304	0	FALSE
gene7305	-1.2452925220714	TRUE
gene7306	2.01723571366165	TRUE
gene7307	2.44785193068674	TRUE
gene7308	0	FALSE
gene7309	0	FALSE
gene7310	0	FALSE
gene7311	0	FALSE
gene7312	-2.52238308917731	TRUE
gene7313	0	FALSE
gene7314	0	FALSE
gene7315	0	FALSE
gene7316	-2.66981730528641	TRUE
gene7317	0	FALSE
gene7318	0	FALSE
gene7319	0	FALSE
gene7320	0	FALSE
gene7321	0	FALSE
gene7322	0	FALSE
gene7323	0	FALSE
gene7324	0	FALSE
gene7325	0	FALSE
gene7326	0	FALSE
gene7327	0	FALSE
gene7328	0	FALSE
gene7329	0	FALSE
gene7330	0	FALSE
gene7331	0	FALSE
gene7332	-1.70004150189925	TRUE
gene7333	0	FALSE
gene7334	0	FALSE
gene7335	0	FALSE
gene7336	0	FALSE
gene7337	0	FALSE
gene7338	-1.29831534402911	TRUE
gene7339	0	FALSE
gene7340	0	FALSE
gene7341	0	FALSE
gene7342	0	FALSE
gene7343	0	FALSE
gene7344	0	FALSE
gene7345	0	FALSE
gene7346	0	FALSE
gene7347	0	FALSE
gene7348	0	FALSE
gene7349	0	FALSE
gene7350	0	FALSE
gene7351	0	FALSE
gene7352	0	FALSE
gene7353	0	FALSE
gene7354	0	FALSE
gene7355	0	FALSE
gene7356	0	FALSE
gene7357	-2.73875704599777	TRUE
gene7358	0	FALSE
gene7359	0	FALSE
gene7360	0	FALSE
gene7361	0	FALSE
gene7362	0	FALSE
gene7363	0	FALSE
gene7364	0	FALSE
gene7365	0	FALSE
gene7366	0	FALSE
gene7367	0	FALSE
gene7368	0	FALSE
gene7369	0	FALSE
gene7370	0	FALSE
gene7371	0	FALSE
gene7372	0	FALSE
gene7373	0	FALSE
gene7374	0	FALSE
gene7375	0	FALSE
gene7376	0	FALSE
gene7377	0	FALSE
gene7378	0	FALSE
gene7379	0	FALSE
gene7380	0	FALSE
gene7381	0	FALSE
gene7382	0	FALSE
gene7383	1.80199611751596	TRUE
gene7384	0	FALSE
gene7385	0	FALSE
gene7386	-1.49399751151213	TRUE
gene7387	0	FALSE
gene7388	0	FALSE
gene7389	0	FALSE
gene7390	0	FALSE
gene7391	-1.89107409567805	TRUE
gene7392	0	FALSE
gene7393	0	FALSE
gene7394	0	FALSE
gene7395	0	FALSE
gene7396	0	FALSE
gene7397	0	FALSE
gene7398	0	FALSE
gene7399	0	FALSE
gene7400	0	FALSE
gene7401	0	FALSE
gene7402	0	FALSE
gene7403	0	FALSE
gene7404	0	FALSE
gene7405	0	FALSE
gene7406	0	FALSE
gene7407	0	FALSE
gene7408	0	FALSE
gene7409	0	FALSE
gene7410	0	FALSE
gene7411	0	FALSE
gene7412	0	FALSE
gene7413	0	FALSE
gene7414	0	FALSE
gene7415	0	FALSE
gene7416	0	FALSE
gene7417	0	FALSE
gene7418	0	FALSE
gene7419	-2.54317373415688	TRUE
gene7420	0	FALSE
gene7421	0	FALSE
gene7422	0	FALSE
gene7423	0	FALSE
gene7424	0	FALSE
gene7425	1.2372069862322	TRUE
gene7426	0	FALSE
gene7427	0	FALSE
gene7428	1.16327856463613	TRUE
gene7429	0	FALSE
gene7430	-1.92353645490948	TRUE
gene7431	0	FALSE
gene7432	0	FALSE
gene7433	0	FALSE
gene7434	0	FALSE
gene7435	0	FALSE
gene7436	0	FALSE
gene7437	0	FALSE
gene7438	0	FALSE
gene7439	0	FALSE
gene7440	-0.794810745050199	TRUE
gene7441	0	FALSE
gene7442	0	FALSE
gene7443	0	FALSE
gene7444	0	FALSE
gene7445	0	FALSE
gene7446	0	FALSE
gene7447	0	FALSE
gene7448	0	FALSE
gene7449	0	FALSE
gene7450	0	FALSE
gene7451	0	FALSE
gene7452	0	FALSE
gene7453	0	FALSE
gene7454	0	FALSE
gene7455	0	FALSE
gene7456	0	FALSE
gene7457	0	FALSE
gene7458	0	FALSE
gene7459	0	FALSE
gene7460	0	FALSE
gene7461	0	FALSE
gene7462	0	FALSE
gene7463	0	FALSE
gene7464	0	FALSE
gene7465	0	FALSE
gene7466	2.22932636813493	TRUE
gene7467	0	FALSE
gene7468	0	FALSE
gene7469	0	FALSE
gene7470	0	FALSE
gene7471	0	FALSE
gene7472	0	FALSE
gene7473	0	FALSE
gene7474	0	FALSE
gene7475	0	FALSE
gene7476	0	FALSE
gene7477	0	FALSE
gene7478	0	FALSE
gene7479	-0.855863072443753	TRUE
gene7480	1.32159678207245	TRUE
gene7481	0	FALSE
gene7482	-2.69049507169984	TRUE
gene7483	0	FALSE
gene7484	2.63147480681073	TRUE
gene7485	0	FALSE
gene7486	0	FALSE
gene7487	0	FALSE
gene7488	0	FALSE
gene7489	0	FALSE
gene7490	0	FALSE
gene7491	0	FALSE
gene7492	-1.45254331844626	TRUE
gene7493	0	FALSE
gene7494	0	FALSE
gene7495	0	FALSE
gene7496	0	FALSE
gene7497	0	FALSE
gene7498	0	FALSE
gene7499	-1.01650766091188	TRUE
gene7500	0	FALSE
gene7501	0	FALSE
gene7502	0	FALSE
gene7503	0	FALSE
gene7504	0	FALSE
gene7505	0	FALSE
gene7506	0	FALSE
gene7507	0	FALSE
gene7508	0	FALSE
gene7509	0	FALSE
gene7510	0	FALSE
gene7511	0	FALSE
gene7512	0	FALSE
gene7513	0	FALSE
gene7514	0	FALSE
gene7515	2.58417567273136	TRUE
gene7516	1.83649796561804	TRUE
gene7517	0	FALSE
gene7518	-1.24649758986197	TRUE
gene7519	0	FALSE
gene7520	0	FALSE
gene7521	2.15871035523014	TRUE
gene7522	0	FALSE
gene7523	0	FALSE
gene7524	0	FALSE
gene7525	0	FALSE
gene7526	0	FALSE
gene7527	0	FALSE
gene7528	0	FALSE
gene7529	2.79463740123902	TRUE
gene7530	0	FALSE
gene7531	0	FALSE
gene7532	0	FALSE
gene7533	0	FALSE
gene7534	0	FALSE
gene7535	0	FALSE
gene7536	0.858544232673012	TRUE
gene7537	0	FALSE
gene7538	0	FALSE
gene7539	0	FALSE
gene7540	2.92303770402214	TRUE
gene7541	0	FALSE
gene7542	1.79253607580904	TRUE
gene7543	0.916607849474531	TRUE
gene7544	0	FALSE
gene7545	0	FALSE
gene7546	0	FALSE
gene7547	0	FALSE
gene7548	-1.56414832198061	TRUE
gene7549	0	FALSE
gene7550	0	FALSE
gene7551	0	FALSE
gene7552	0	FALSE
gene7553	0	FALSE
gene7554	-1.7252703300328	TRUE
gene7555	0	FALSE
gene7556	0	FALSE
gene7557	0	FALSE
gene7558	0	FALSE
gene7559	0	FALSE
gene7560	0	FALSE
gene7561	0	FALSE
gene7562	0	FALSE
gene7563	0	FALSE
gene7564	0	FALSE
gene7565	0	FALSE
gene7566	0	FALSE
gene7567	0	FALSE
gene7568	0	FALSE
gene7569	-2.29105898126727	TRUE
gene7570	0	FALSE
gene7571	0	FALSE
gene7572	0	FALSE
gene7573	0	FALSE
gene7574	0	FALSE
gene7575	0	FALSE
gene7576	0	FALSE
gene7577	0	FALSE
gene7578	0	FALSE
gene7579	0	FALSE
gene7580	0	FALSE
gene7581	0	FALSE
gene7582	0	FALSE
gene7583	0	FALSE
gene7584	0	FALSE
gene7585	0	FALSE
gene7586	0	FALSE
gene7587	-2.5746566784801	TRUE
gene7588	0	FALSE
gene7589	0	FALSE
gene7590	0	FALSE
gene7591	0	FALSE
gene7592	0	FALSE
gene7593	-2.21497284719953	TRUE
gene7594	0	FALSE
gene7595	0	FALSE
gene7596	-2.06182621110929	TRUE
gene7597	0	FALSE
gene7598	0	FALSE
gene7599	0	FALSE
gene7600	0	FALSE
gene7601	0	FALSE
gene7602	0	FALSE
gene7603	0	FALSE
gene7604	0	FALSE
gene7605	0	FALSE
gene7606	2.48327031370718	TRUE
gene7607	-0.89487569098128	TRUE
gene7608	0	FALSE
gene7609	0	FALSE
gene7610	0	FALSE
gene7611	0	FALSE
gene7612	0	FALSE
gene7613	0	FALSE
gene7614	0	FALSE
gene7615	0	FALSE
gene7616	2.09387223335216	TRUE
gene7617	0	FALSE
gene7618	0	FALSE
gene7619	0	FALSE
gene7620	2.99208898638608	TRUE
gene7621	0	FALSE
gene7622	0	FALSE
gene7623	0	FALSE
gene7624	0	FALSE
gene7625	2.60899599309778	TRUE
gene7626	0	FALSE
gene7627	0	FALSE
gene7628	0	FALSE
gene7629	0	FALSE
gene7630	0	FALSE
gene7631	0	FALSE
gene7632	0	FALSE
gene7633	1.45682359702187	TRUE
gene7634	0	FALSE
gene7635	1.2846542285406	TRUE
gene7636	0	FALSE
gene7637	1.07627709925873	TRUE
gene7638	0	FALSE
gene7639	0	FALSE
gene7640	0	FALSE
gene7641	0	FALSE
gene7642	0	FALSE
gene7643	0	FALSE
gene7644	0	FALSE
gene7645	0	FALSE
gene7646	0	FALSE
gene7647	0	FALSE
gene7648	0	FALSE
gene7649	0	FALSE
gene7650	0	FALSE
gene7651	0	FALSE
gene7652	0	FALSE
gene7653	2.37219063914381	TRUE
gene7654	0	FALSE
gene7655	-1.65010997402715	TRUE
gene7656	-0.820367451757193	TRUE
gene7657	0	FALSE
gene7658	0	FALSE
gene7659	0.769894829078112	TRUE
gene7660	0	FALSE
gene7661	0	FALSE
gene7662	-1.21831655380083	TRUE
gene7663	0	FALSE
gene7664	0	FALSE
gene7665	0	FALSE
gene7666	0	FALSE
gene7667	0	FALSE
gene7668	0	FALSE
gene7669	0	FALSE
gene7670	0	FALSE
gene7671	0	FALSE
gene7672	0	FALSE
gene7673	0	FALSE
gene7674	0	FALSE
gene7675	0	FALSE
gene7676	0	FALSE
gene7677	0	FALSE
gene7678	0	FALSE
gene7679	0	FALSE
gene7680	1.65191323362524	TRUE
gene7681	0	FALSE
gene7682	0	FALSE
gene7683	1.02572524821153	TRUE
gene7684	0	FALSE
gene7685	0	FALSE
gene7686	0	FALSE
gene7687	0	FALSE
gene7688	0	FALSE
gene7689	0	FALSE
gene7690	0	FALSE
gene7691	0	FALSE
gene7692	-0.905740520800464	TRUE
gene7693	0	FALSE
gene7694	0	FALSE
gene7695	0	FALSE
gene7696	0	FALSE
gene7697	2.54741861543152	TRUE
gene7698	0	FALSE
gene7699	0	FALSE
gene7700	0	FALSE
gene7701	0	FALSE
gene7702	0	FALSE
gene7703	0	FALSE
gene7704	0	FALSE
gene7705	0	FALSE
gene7706	0	FALSE
gene7707	0	FALSE
gene7708	0	FALSE
gene7709	0	FALSE
gene7710	0	FALSE
gene7711	0	FALSE
gene7712	0	FALSE
gene7713	0	FALSE
gene7714	1.57358518301044	TRUE
gene7715	0	FALSE
gene7716	0	FALSE
gene7717	-1.06101130717434	TRUE
gene7718	0	FALSE
gene7719	0	FALSE
gene7720	0	FALSE
gene7721	0	FALSE
gene7722	0	FALSE
gene7723	0	FALSE
gene7724	0	FALSE
gene7725	0	FALSE
gene7726	0	FALSE
gene7727	0	FALSE
gene7728	0	FALSE
gene7729	0	FALSE
gene7730	0	FALSE
gene7731	0	FALSE
gene7732	0	FALSE
gene7733	0	FALSE
gene7734	0	FALSE
gene7735	0	FALSE
gene7736	0	FALSE
gene7737	0	FALSE
gene7738	0	FALSE
gene7739	0	FALSE
gene7740	-2.74772104300791	TRUE
gene7741	0	FALSE
gene7742	0	FALSE
gene7743	0	FALSE
gene7744	-1.12025946762878	TRUE
gene7745	-2.39058293402195	TRUE
gene7746	-2.74205391987925	TRUE
gene7747	0	FALSE
gene7748	0	FALSE
gene7749	-1.31074035773054	TRUE
gene7750	0	FALSE
gene7751	0	FALSE
gene7752	0.998885031673126	TRUE
gene7753	0	FALSE
gene7754	0	FALSE
gene7755	0	FALSE
gene7756	0	FALSE
gene7757	0	FALSE
gene7758	0	FALSE
gene7759	0	FALSE
gene7760	0	FALSE
gene7761	0	FALSE
gene7762	0	FALSE
gene7763	-1.06498820852721	TRUE
gene7764	0	FALSE
gene7765	0	FALSE
gene7766	0	FALSE
gene7767	2.46048539655749	TRUE
gene7768	0	FALSE
gene7769	0	FALSE
gene7770	-1.77949956036173	TRUE
gene7771	0	FALSE
gene7772	0	FALSE
gene7773	0	FALSE
gene7774	0	FALSE
gene7775	0	FALSE
gene7776	0	FALSE
gene7777	0	FALSE
gene7778	0	FALSE
gene7779	0	FALSE
gene7780	0	FALSE
gene7781	0	FALSE
gene7782	1.85890553001082	TRUE
gene7783	0	FALSE
gene7784	-1.78312901034951	TRUE
gene7785	0	FALSE
gene7786	0	FALSE
gene7787	0	FALSE
gene7788	0	FALSE
gene7789	-1.50969023426296	TRUE
gene7790	0	FALSE
gene7791	0	FALSE
gene7792	0	FALSE
gene7793	0	FALSE
gene7794	0	FALSE
gene7795	0.96912838431308	TRUE
gene7796	0	FALSE
gene7797	-2.66272265394218	TRUE
gene7798	0	FALSE
gene7799	0	FALSE
gene7800	0	FALSE
gene7801	0	FALSE
gene7802	0	FALSE
gene7803	2.22618782840436	TRUE
gene7804	0	FALSE
gene7805	0	FALSE
gene7806	0	FALSE
gene7807	0	FALSE
gene7808	0	FALSE
gene7809	0	FALSE
gene7810	0	FALSE
gene7811	0	FALSE
gene7812	0	FALSE
gene7813	0	FALSE
gene7814	0	FALSE
gene7815	0	FALSE
gene7816	0	FALSE
gene7817	0	FALSE
gene7818	0	FALSE
gene7819	0	FALSE
gene7820	0	FALSE
gene7821	0	FALSE
gene7822	0	FALSE
gene7823	0	FALSE
gene7824	0	FALSE
gene7825	0	FALSE
gene7826	0	FALSE
gene7827	0	FALSE
gene7828	0	FALSE
gene7829	0	FALSE
gene7830	0	FALSE
gene7831	0	FALSE
gene7832	0	FALSE
gene7833	0	FALSE
gene7834	0	FALSE
gene7835	0	FALSE
gene7836	0	FALSE
gene7837	0	FALSE
gene7838	0	FALSE
gene7839	1.22276451706421	TRUE
gene7840	0	FALSE
gene7841	-1.71912659041118	TRUE
gene7842	0	FALSE
gene7843	0	FALSE
gene7844	0	FALSE
gene7845	0	FALSE
gene7846	0	FALSE
gene7847	0	FALSE
gene7848	0	FALSE
gene7849	0	FALSE
gene7850	0	FALSE
gene7851	0	FALSE
gene7852	0	FALSE
gene7853	0	FALSE
gene7854	-2.87620727915782	TRUE
gene7855	0	FALSE
gene7856	0	FALSE
gene7857	0	FALSE
gene7858	0	FALSE
gene7859	-1.49511318473378	TRUE
gene7860	0	FALSE
gene7861	0	FALSE
gene7862	0	FALSE
gene7863	0	FALSE
gene7864	0	FALSE
gene7865	0	FALSE
gene7866	0	FALSE
gene7867	0	FALSE
gene7868	0	FALSE
gene7869	0	FALSE
gene7870	0	FALSE
gene7871	0	FALSE
gene7872	0	FALSE
gene7873	0	FALSE
gene7874	0	FALSE
gene7875	0	FALSE
gene7876	0	FALSE
gene7877	0	FALSE
gene7878	0	FALSE
gene7879	0	FALSE
gene7880	0	FALSE
gene7881	0	FALSE
gene7882	0	FALSE
gene7883	0	FALSE
gene7884	0	FALSE
gene7885	0	FALSE
gene7886	0	FALSE
gene7887	0	FALSE
gene7888	0	FALSE
gene7889	0	FALSE
gene7890	0	FALSE
gene7891	0	FALSE
gene7892	0	FALSE
gene7893	0	FALSE
gene7894	0.983514077612199	TRUE
gene7895	0	FALSE
gene7896	0	FALSE
gene7897	0	FALSE
gene7898	0	FALSE
gene7899	0	FALSE
gene7900	0	FALSE
gene7901	0	FALSE
gene7902	0	FALSE
gene7903	-1.33891583239892	TRUE
gene7904	0	FALSE
gene7905	0	FALSE
gene7906	0	FALSE
gene7907	0	FALSE
gene7908	0	FALSE
gene7909	2.92942349781515	TRUE
gene7910	0	FALSE
gene7911	0	FALSE
gene7912	1.28935998718953	TRUE
gene7913	0	FALSE
gene7914	0	FALSE
gene7915	0	FALSE
gene7916	0	FALSE
gene7917	0	FALSE
gene7918	0	FALSE
gene7919	0	FALSE
gene7920	0	FALSE
gene7921	0	FALSE
gene7922	-2.77869173832005	TRUE
gene7923	0	FALSE
gene7924	0	FALSE
gene7925	0	FALSE
gene7926	0	FALSE
gene7927	0	FALSE
gene7928	0	FALSE
gene7929	0	FALSE
gene7930	0	FALSE
gene7931	0	FALSE
gene7932	0	FALSE
gene7933	0	FALSE
gene7934	0	FALSE
gene7935	1.87349011644255	TRUE
gene7936	0	FALSE
gene7937	0	FALSE
gene7938	0	FALSE
gene7939	0	FALSE
gene7940	0	FALSE
gene7941	0	FALSE
gene7942	0	FALSE
gene7943	0	FALSE
gene7944	0	FALSE
gene7945	1.73856621456798	TRUE
gene7946	0	FALSE
gene7947	0	FALSE
gene7948	0	FALSE
gene7949	0	FALSE
gene7950	0	FALSE
gene7951	0	FALSE
gene7952	-2.39733374136267	TRUE
gene7953	0	FALSE
gene7954	0	FALSE
gene7955	0	FALSE
gene7956	0	FALSE
gene7957	0	FALSE
gene7958	1.16104422794888	TRUE
gene7959	0	FALSE
gene7960	2.23140178131871	TRUE
gene7961	0	FALSE
gene7962	0	FALSE
gene7963	0	FALSE
gene7964	0	FALSE
gene7965	1.43880317732692	TRUE
gene7966	2.40948248544009	TRUE
gene7967	0	FALSE
gene7968	0	FALSE
gene7969	0	FALSE
gene7970	0	FALSE
gene7971	0	FALSE
gene7972	0	FALSE
gene7973	0	FALSE
gene7974	0	FALSE
gene7975	0	FALSE
gene7976	0	FALSE
gene7977	0	FALSE
gene7978	-2.45062682940625	TRUE
gene7979	0	FALSE
gene7980	0	FALSE
gene7981	0	FALSE
gene7982	0	FALSE
gene7983	0	FALSE
gene7984	0	FALSE
gene7985	0	FALSE
gene7986	0	FALSE
gene7987	0	FALSE
gene7988	0	FALSE
gene7989	0	FALSE
gene7990	0	FALSE
gene7991	0	FALSE
gene7992	0	FALSE
gene7993	0	FALSE
gene7994	0	FALSE
gene7995	0	FALSE
gene7996	0	FALSE
gene7997	0	FALSE
gene7998	0	FALSE
gene7999	0	FALSE
gene8000	0	FALSE
gene8001	0	FALSE
gene8002	0	FALSE
gene8003	0	FALSE
gene8004	0	FALSE
gene8005	0	FALSE
gene8006	0	FALSE
gene8007	-2.68462478014408	TRUE
gene8008	0	FALSE
gene8009	0	FALSE
gene8010	0	FALSE
gene8011	0.853135255922098	TRUE
gene8012	0	FALSE
gene8013	-1.29599398747087	TRUE
gene8014	0	FALSE
gene8015	0	FALSE
gene8016	0	FALSE
gene8017	0	FALSE
gene8018	0	FALSE
gene8019	0	FALSE
gene8020	0	FALSE
gene8021	-2.81738616619259	TRUE
gene8022	0	FALSE
gene8023	0	FALSE
gene8024	0	FALSE
gene8025	0	FALSE
gene8026	0	FALSE
gene8027	0	FALSE
gene8028	0	FALSE
gene8029	-1.92039701569593	TRUE
gene8030	2.51081362104742	TRUE
gene8031	0	FALSE
gene8032	0	FALSE
gene8033	0	FALSE
gene8034	0	FALSE
gene8035	0	FALSE
gene8036	0	FALSE
gene8037	0	FALSE
gene8038	0	FALSE
gene8039	0	FALSE
gene8040	-2.0494468693505	TRUE
gene8041	0	FALSE
gene8042	0	FALSE
gene8043	-1.04307748458814	TRUE
gene8044	0	FALSE
gene8045	0	FALSE
gene8046	0	FALSE
gene8047	0	FALSE
gene8048	0	FALSE
gene8049	0	FALSE
gene8050	0	FALSE
gene8051	0	FALSE
gene8052	0	FALSE
gene8053	0	FALSE
gene8054	0	FALSE
gene8055	0	FALSE
gene8056	0	FALSE
gene8057	0	FALSE
gene8058	0	FALSE
gene8059	0	FALSE
gene8060	1.64576719631441	TRUE
gene8061	0	FALSE
gene8062	0	FALSE
gene8063	0	FALSE
gene8064	0	FALSE
gene8065	0	FALSE
gene8066	0	FALSE
gene8067	0	FALSE
gene8068	0	FALSE
gene8069	0	FALSE
gene8070	0	FALSE
gene8071	0	FALSE
gene8072	0	FALSE
gene8073	-2.43358336715028	TRUE
gene8074	0	FALSE
gene8075	0	FALSE
gene8076	0	FALSE
gene8077	0	FALSE
gene8078	0	FALSE
gene8079	0	FALSE
gene8080	0	FALSE
gene8081	0	FALSE
gene8082	-1.94943280942971	TRUE
gene8083	0	FALSE
gene8084	2.63516844698461	TRUE
gene8085	0	FALSE
gene8086	0	FALSE
gene8087	0	FALSE
gene8088	0	FALSE
gene8089	0	FALSE
gene8090	0	FALSE
gene8091	0	FALSE
gene8092	0	FALSE
gene8093	0	FALSE
gene8094	0	FALSE
gene8095	0	FALSE
gene8096	0	FALSE
gene8097	0	FALSE
gene8098	0	FALSE
gene8099	0	FALSE
gene8100	0	FALSE
gene8101	0	FALSE
gene8102	-2.55691470560851	TRUE
gene8103	0	FALSE
gene8104	0	FALSE
gene8105	0	FALSE
gene8106	0	FALSE
gene8107	0	FALSE
gene8108	0	FALSE
gene8109	0	FALSE
gene8110	0	FALSE
gene8111	0	FALSE
gene8112	0	FALSE
gene8113	0	FALSE
gene8114	0	FALSE
gene8115	0	FALSE
gene8116	0	FALSE
gene8117	-2.44022066571051	TRUE
gene8118	0	FALSE
gene8119	0	FALSE
gene8120	0	FALSE
gene8121	0	FALSE
gene8122	0	FALSE
gene8123	0	FALSE
gene8124	0	FALSE
gene8125	0	FALSE
gene8126	-2.84170878538862	TRUE
gene8127	0	FALSE
gene8128	0	FALSE
gene8129	0	FALSE
gene8130	-1.29680561082205	TRUE
gene8131	0	FALSE
gene8132	0	FALSE
gene8133	0	FALSE
gene8134	0	FALSE
gene8135	0	FALSE
gene8136	0	FALSE
gene8137	0	FALSE
gene8138	-2.65182713116519	TRUE
gene8139	2.80422922584694	TRUE
gene8140	0	FALSE
gene8141	0	FALSE
gene8142	0	FALSE
gene8143	0	FALSE
gene8144	0	FALSE
gene8145	-2.06965885811951	TRUE
gene8146	0	FALSE
gene8147	0	FALSE
gene8148	0	FALSE
gene8149	0	FALSE
gene8150	0	FALSE
gene8151	0	FALSE
gene8152	0	FALSE
gene8153	0	FALSE
gene8154	-2.00419935799437	TRUE
gene8155	0	FALSE
gene8156	0	FALSE
gene8157	0	FALSE
gene8158	0	FALSE
gene8159	0	FALSE
gene8160	0	FALSE
gene8161	0	FALSE
gene8162	0	FALSE
gene8163	-1.4952575614443	TRUE
gene8164	0	FALSE
gene8165	0	FALSE
gene8166	0	FALSE
gene8167	0	FALSE
gene8168	0	FALSE
gene8169	0	FALSE
gene8170	0	FALSE
gene8171	0	FALSE
gene8172	0	FALSE
gene8173	0	FALSE
gene8174	0	FALSE
gene8175	0	FALSE
gene8176	0	FALSE
gene8177	0	FALSE
gene8178	0	FALSE
gene8179	0	FALSE
gene8180	0	FALSE
gene8181	0	FALSE
gene8182	0	FALSE
gene8183	0	FALSE
gene8184	0	FALSE
gene8185	0	FALSE
gene8186	0	FALSE
gene8187	0	FALSE
gene8188	0	FALSE
gene8189	0	FALSE
gene8190	0	FALSE
gene8191	0	FALSE
gene8192	0	FALSE
gene8193	0	FALSE
gene8194	0	FALSE
gene8195	0	FALSE
gene8196	0	FALSE
gene8197	0	FALSE
gene8198	-2.38535171124386	TRUE
gene8199	0	FALSE
gene8200	-0.963228734617587	TRUE
gene8201	0	FALSE
gene8202	0	FALSE
gene8203	0	FALSE
gene8204	0	FALSE
gene8205	0	FALSE
gene8206	0	FALSE
gene8207	2.24734640278621	TRUE
gene8208	0	FALSE
gene8209	0	FALSE
gene8210	0	FALSE
gene8211	0	FALSE
gene8212	0	FALSE
gene8213	0	FALSE
gene8214	0	FALSE
gene8215	0	FALSE
gene8216	0	FALSE
gene8217	0	FALSE
gene8218	0	FALSE
gene8219	0	FALSE
gene8220	0	FALSE
gene8221	0	FALSE
gene8222	0	FALSE
gene8223	0	FALSE
gene8224	0	FALSE
gene8225	0	FALSE
gene8226	0	FALSE
gene8227	0	FALSE
gene8228	0	FALSE
gene8229	0	FALSE
gene8230	0	FALSE
gene8231	0	FALSE
gene8232	0	FALSE
gene8233	0	FALSE
gene8234	0	FALSE
gene8235	0	FALSE
gene8236	0	FALSE
gene8237	0	FALSE
gene8238	0	FALSE
gene8239	0	FALSE
gene8240	0	FALSE
gene8241	0	FALSE
gene8242	0	FALSE
gene8243	0	FALSE
gene8244	0	FALSE
gene8245	0.855437756341416	TRUE
gene8246	0	FALSE
gene8247	2.49463884247234	TRUE
gene8248	0	FALSE
gene8249	0	FALSE
gene8250	0	FALSE
gene8251	0	FALSE
gene8252	0	FALSE
gene8253	0	FALSE
gene8254	0	FALSE
gene8255	0	FALSE
gene8256	0	FALSE
gene8257	0	FALSE
gene8258	0	FALSE
gene8259	1.73955875815591	TRUE
gene8260	0	FALSE
gene8261	0	FALSE
gene8262	0	FALSE
gene8263	0	FALSE
gene8264	0	FALSE
gene8265	0	FALSE
gene8266	-1.77101841807598	TRUE
gene8267	0	FALSE
gene8268	0	FALSE
gene8269	0	FALSE
gene8270	0	FALSE
gene8271	0	FALSE
gene8272	0	FALSE
gene8273	0	FALSE
gene8274	0	FALSE
gene8275	0	FALSE
gene8276	0	FALSE
gene8277	0	FALSE
gene8278	2.45904257241637	TRUE
gene8279	0	FALSE
gene8280	0	FALSE
gene8281	0	FALSE
gene8282	0	FALSE
gene8283	0	FALSE
gene8284	0	FALSE
gene8285	0	FALSE
gene8286	0	FALSE
gene8287	0	FALSE
gene8288	0	FALSE
gene8289	0	FALSE
gene8290	2.36132269963855	TRUE
gene8291	0	FALSE
gene8292	0	FALSE
gene8293	0	FALSE
gene8294	0	FALSE
gene8295	0	FALSE
gene8296	0	FALSE
gene8297	0	FALSE
gene8298	0	FALSE
gene8299	0	FALSE
gene8300	0	FALSE
gene8301	0	FALSE
gene8302	0	FALSE
gene8303	-1.05513838632032	TRUE
gene8304	0	FALSE
gene8305	0	FALSE
gene8306	0	FALSE
gene8307	0	FALSE
gene8308	0	FALSE
gene8309	0	FALSE
gene8310	0	FALSE
gene8311	0	FALSE
gene8312	0	FALSE
gene8313	1.7434760563192	TRUE
gene8314	0	FALSE
gene8315	0	FALSE
gene8316	0	FALSE
gene8317	0	FALSE
gene8318	0	FALSE
gene8319	0	FALSE
gene8320	0	FALSE
gene8321	0	FALSE
gene8322	0	FALSE
gene8323	0	FALSE
gene8324	-2.73699702444719	TRUE
gene8325	-1.71303766738856	TRUE
gene8326	0	FALSE
gene8327	0	FALSE
gene8328	0	FALSE
gene8329	0	FALSE
gene8330	0	FALSE
gene8331	0	FALSE
gene8332	0	FALSE
gene8333	0	FALSE
gene8334	0	FALSE
gene8335	0	FALSE
gene8336	0	FALSE
gene8337	0	FALSE
gene8338	-1.7034064399777	TRUE
gene8339	1.739740308607	TRUE
gene8340	0	FALSE
gene8341	0	FALSE
gene8342	0	FALSE
gene8343	0	FALSE
gene8344	0	FALSE
gene8345	0	FALSE
gene8346	0	FALSE
gene8347	0	FALSE
gene8348	0	FALSE
gene8349	0	FALSE
gene8350	0	FALSE
gene8351	-1.09411560127046	TRUE
gene8352	0	FALSE
gene8353	0	FALSE
gene8354	-2.73382676340407	TRUE
gene8355	0	FALSE
gene8356	0	FALSE
gene8357	0	FALSE
gene8358	0	FALSE
gene8359	0	FALSE
gene8360	0	FALSE
gene8361	0	FALSE
gene8362	0	FALSE
gene8363	0	FALSE
gene8364	0	FALSE
gene8365	0	FALSE
gene8366	0	FALSE
gene8367	0	FALSE
gene8368	0	FALSE
gene8369	0	FALSE
gene8370	-2.25430268672062	TRUE
gene8371	2.26335283450317	TRUE
gene8372	0	FALSE
gene8373	0	FALSE
gene8374	0	FALSE
gene8375	0	FALSE
gene8376	0	FALSE
gene8377	0	FALSE
gene8378	0	FALSE
gene8379	0	FALSE
gene8380	0	FALSE
gene8381	0	FALSE
gene8382	1.92495261674048	TRUE
gene8383	0	FALSE
gene8384	0	FALSE
gene8385	2.62263912416529	TRUE
gene8386	0	FALSE
gene8387	0	FALSE
gene8388	0	FALSE
gene8389	0	FALSE
gene8390	0.972985215950757	TRUE
gene8391	0	FALSE
gene8392	0	FALSE
gene8393	0	FALSE
gene8394	0	FALSE
gene8395	0	FALSE
gene8396	0	FALSE
gene8397	0	FALSE
gene8398	0	FALSE
gene8399	0	FALSE
gene8400	0	FALSE
gene8401	2.04845987824956	TRUE
gene8402	0	FALSE
gene8403	0	FALSE
gene8404	-2.21178417478222	TRUE
gene8405	0	FALSE
gene8406	1.35595845332136	TRUE
gene8407	0	FALSE
gene8408	0	FALSE
gene8409	0	FALSE
gene8410	0	FALSE
gene8411	0	FALSE
gene8412	0	FALSE
gene8413	0	FALSE
gene8414	0	FALSE
gene8415	0	FALSE
gene8416	0	FALSE
gene8417	0	FALSE
gene8418	0.798901180329267	TRUE
gene8419	0	FALSE
gene8420	-2.24661477422342	TRUE
gene8421	0	FALSE
gene8422	0	FALSE
gene8423	0	FALSE
gene8424	0	FALSE
gene8425	0	FALSE
gene8426	2.43876770418137	TRUE
gene8427	0	FALSE
gene8428	-2.00017097342061	TRUE
gene8429	0	FALSE
gene8430	-2.2730624374235	TRUE
gene8431	0	FALSE
gene8432	0	FALSE
gene8433	0	FALSE
gene8434	0	FALSE
gene8435	0	FALSE
gene8436	0	FALSE
gene8437	0	FALSE
gene8438	0	FALSE
gene8439	1.92757380654803	TRUE
gene8440	0	FALSE
gene8441	-2.33757882256759	TRUE
gene8442	1.76535220752703	TRUE
gene8443	0	FALSE
gene8444	0	FALSE
gene8445	0	FALSE
gene8446	0	FALSE
gene8447	0	FALSE
gene8448	1.27400893124286	TRUE
gene8449	0	FALSE
gene8450	0	FALSE
gene8451	0	FALSE
gene8452	0	FALSE
gene8453	0	FALSE
gene8454	0	FALSE
gene8455	-1.53840966563439	TRUE
gene8456	0	FALSE
gene8457	0	FALSE
gene8458	0	FALSE
gene8459	0	FALSE
gene8460	0	FALSE
gene8461	0	FALSE
gene8462	0	FALSE
gene8463	0	FALSE
gene8464	0	FALSE
gene8465	0	FALSE
gene8466	0	FALSE
gene8467	0	FALSE
gene8468	0	FALSE
gene8469	0	FALSE
gene8470	0	FALSE
gene8471	0	FALSE
gene8472	0	FALSE
gene8473	0	FALSE
gene8474	0	FALSE
gene8475	0	FALSE
gene8476	0	FALSE
gene8477	0	FALSE
gene8478	-0.984646719996817	TRUE
gene8479	0	FALSE
gene8480	0	FALSE
gene8481	0	FALSE
gene8482	0	FALSE
gene8483	0	FALSE
gene8484	0	FALSE
gene8485	0	FALSE
gene8486	0	FALSE
gene8487	0	FALSE
gene8488	0	FALSE
gene8489	0	FALSE
gene8490	0	FALSE
gene8491	0	FALSE
gene8492	-1.12490006745793	TRUE
gene8493	0	FALSE
gene8494	1.24781084759161	TRUE
gene8495	0	FALSE
gene8496	0	FALSE
gene8497	0	FALSE
gene8498	0	FALSE
gene8499	0	FALSE
gene8500	0	FALSE
gene8501	0	FALSE
gene8502	-1.23541809950257	TRUE
gene8503	0	FALSE
gene8504	0	FALSE
gene8505	0	FALSE
gene8506	0	FALSE
gene8507	0	FALSE
gene8508	0	FALSE
gene8509	0	FALSE
gene8510	0	FALSE
gene8511	0	FALSE
gene8512	0	FALSE
gene8513	2.08517577149905	TRUE
gene8514	0	FALSE
gene8515	0	FALSE
gene8516	0	FALSE
gene8517	0	FALSE
gene8518	0	FALSE
gene8519	0	FALSE
gene8520	0	FALSE
gene8521	-1.94683796708705	TRUE
gene8522	0	FALSE
gene8523	0	FALSE
gene8524	0	FALSE
gene8525	0	FALSE
gene8526	0	FALSE
gene8527	0	FALSE
gene8528	0	FALSE
gene8529	0	FALSE
gene8530	0	FALSE
gene8531	0	FALSE
gene8532	0	FALSE
gene8533	0	FALSE
gene8534	0	FALSE
gene8535	0	FALSE
gene8536	2.54005650646286	TRUE
gene8537	0	FALSE
gene8538	0	FALSE
gene8539	0	FALSE
gene8540	2.80983647337416	TRUE
gene8541	0	FALSE
gene8542	0	FALSE
gene8543	0	FALSE
gene8544	0	FALSE
gene8545	0	FALSE
gene8546	2.0045583245228	TRUE
gene8547	0	FALSE
gene8548	0	FALSE
gene8549	0	FALSE
gene8550	0	FALSE
gene8551	0	FALSE
gene8552	0	FALSE
gene8553	0	FALSE
gene8554	0	FALSE
gene8555	0	FALSE
gene8556	0	FALSE
gene8557	0	FALSE
gene8558	0	FALSE
gene8559	2.36117379198549	TRUE
gene8560	0	FALSE
gene8561	0	FALSE
gene8562	0	FALSE
gene8563	0	FALSE
gene8564	2.34921076940373	TRUE
gene8565	0	FALSE
gene8566	0	FALSE
gene8567	0	FALSE
gene8568	0	FALSE
gene8569	0	FALSE
gene8570	0	FALSE
gene8571	0	FALSE
gene8572	0	FALSE
gene8573	0	FALSE
gene8574	0	FALSE
gene8575	0	FALSE
gene8576	0	FALSE
gene8577	0	FALSE
gene8578	0	FALSE
gene8579	0	FALSE
gene8580	0	FALSE
gene8581	-1.76119978388306	TRUE
gene8582	0	FALSE
gene8583	0	FALSE
gene8584	0	FALSE
gene8585	0	FALSE
gene8586	0	FALSE
gene8587	0	FALSE
gene8588	0	FALSE
gene8589	0	FALSE
gene8590	2.58255452674348	TRUE
gene8591	0	FALSE
gene8592	0	FALSE
gene8593	0	FALSE
gene8594	0	FALSE
gene8595	0	FALSE
gene8596	0	FALSE
gene8597	0	FALSE
gene8598	0	FALSE
gene8599	0	FALSE
gene8600	0	FALSE
gene8601	0	FALSE
gene8602	0	FALSE
gene8603	0	FALSE
gene8604	0	FALSE
gene8605	0	FALSE
gene8606	0	FALSE
gene8607	0	FALSE
gene8608	0	FALSE
gene8609	0	FALSE
gene8610	0	FALSE
gene8611	0	FALSE
gene8612	-2.42319177486934	TRUE
gene8613	0	FALSE
gene8614	0	FALSE
gene8615	0	FALSE
gene8616	0	FALSE
gene8617	0	FALSE
gene8618	0	FALSE
gene8619	0	FALSE
gene8620	0	FALSE
gene8621	0	FALSE
gene8622	1.10900369851151	TRUE
gene8623	0	FALSE
gene8624	0	FALSE
gene8625	0	FALSE
gene8626	0	FALSE
gene8627	0	FALSE
gene8628	2.92511088971514	TRUE
gene8629	0	FALSE
gene8630	0	FALSE
gene8631	0	FALSE
gene8632	0	FALSE
gene8633	0	FALSE
gene8634	0	FALSE
gene8635	-2.72813190665329	TRUE
gene8636	0	FALSE
gene8637	0	FALSE
gene8638	0	FALSE
gene8639	-2.42272930126637	TRUE
gene8640	0	FALSE
gene8641	0	FALSE
gene8642	-1.51257913839072	TRUE
gene8643	0	FALSE
gene8644	0	FALSE
gene8645	0	FALSE
gene8646	0	FALSE
gene8647	0	FALSE
gene8648	0	FALSE
gene8649	0	FALSE
gene8650	0	FALSE
gene8651	0	FALSE
gene8652	0	FALSE
gene8653	0	FALSE
gene8654	0	FALSE
gene8655	0	FALSE
gene8656	0	FALSE
gene8657	0	FALSE
gene8658	0	FALSE
gene8659	0	FALSE
gene8660	0	FALSE
gene8661	0	FALSE
gene8662	-2.93637713673525	TRUE
gene8663	0	FALSE
gene8664	1.13931132975267	TRUE
gene8665	0	FALSE
gene8666	0	FALSE
gene8667	0	FALSE
gene8668	0	FALSE
gene8669	-2.70823281275807	TRUE
gene8670	0	FALSE
gene8671	0	FALSE
gene8672	0	FALSE
gene8673	0	FALSE
gene8674	0	FALSE
gene8675	0	FALSE
gene8676	0	FALSE
gene8677	0	FALSE
gene8678	0	FALSE
gene8679	-0.867837188998237	TRUE
gene8680	0	FALSE
gene8681	0	FALSE
gene8682	0	FALSE
gene8683	0	FALSE
gene8684	0	FALSE
gene8685	0	FALSE
gene8686	0	FALSE
gene8687	2.14125417644391	TRUE
gene8688	0	FALSE
gene8689	2.96723977202782	TRUE
gene8690	0	FALSE
gene8691	0	FALSE
gene8692	0	FALSE
gene8693	0	FALSE
gene8694	0	FALSE
gene8695	-1.69005553296302	TRUE
gene8696	0	FALSE
gene8697	0	FALSE
gene8698	0	FALSE
gene8699	0	FALSE
gene8700	-1.88265466882149	TRUE
gene8701	0	FALSE
gene8702	0	FALSE
gene8703	0	FALSE
gene8704	0	FALSE
gene8705	0	FALSE
gene8706	0	FALSE
gene8707	0	FALSE
gene8708	-2.56143734691432	TRUE
gene8709	0	FALSE
gene8710	0	FALSE
gene8711	0	FALSE
gene8712	0	FALSE
gene8713	0	FALSE
gene8714	0	FALSE
gene8715	0	FALSE
gene8716	0	FALSE
gene8717	0	FALSE
gene8718	0	FALSE
gene8719	0	FALSE
gene8720	0	FALSE
gene8721	0	FALSE
gene8722	0	FALSE
gene8723	0	FALSE
gene8724	0	FALSE
gene8725	0	FALSE
gene8726	0	FALSE
gene8727	0	FALSE
gene8728	0	FALSE
gene8729	0	FALSE
gene8730	0	FALSE
gene8731	0	FALSE
gene8732	0	FALSE
gene8733	-2.50163832568796	TRUE
gene8734	0	FALSE
gene8735	0	FALSE
gene8736	0	FALSE
gene8737	0	FALSE
gene8738	-2.58434459165437	TRUE
gene8739	0	FALSE
gene8740	-2.91563912958372	TRUE
gene8741	0	FALSE
gene8742	-1.75163087487454	TRUE
gene8743	0	FALSE
gene8744	0	FALSE
gene8745	0	FALSE
gene8746	0	FALSE
gene8747	0	FALSE
gene8748	0	FALSE
gene8749	1.1192636891501	TRUE
gene8750	0	FALSE
gene8751	0	FALSE
gene8752	0	FALSE
gene8753	0	FALSE
gene8754	0	FALSE
gene8755	0	FALSE
gene8756	-1.34221594745759	TRUE
gene8757	0	FALSE
gene8758	0	FALSE
gene8759	0	FALSE
gene8760	-1.74397642712574	TRUE
gene8761	0	FALSE
gene8762	0	FALSE
gene8763	0	FALSE
gene8764	0	FALSE
gene8765	0	FALSE
gene8766	0	FALSE
gene8767	1.0110749481828	TRUE
gene8768	0	FALSE
gene8769	0	FALSE
gene8770	0	FALSE
gene8771	-2.02303202234907	TRUE
gene8772	0	FALSE
gene8773	0	FALSE
gene8774	0	FALSE
gene8775	0	FALSE
gene8776	0	FALSE
gene8777	0	FALSE
gene8778	0	FALSE
gene8779	0	FALSE
gene8780	0	FALSE
gene8781	0	FALSE
gene8782	-1.1270509371534	TRUE
gene8783	0	FALSE
gene8784	0	FALSE
gene8785	0	FALSE
gene8786	0	FALSE
gene8787	0	FALSE
gene8788	0	FALSE
gene8789	0	FALSE
gene8790	0	FALSE
gene8791	0	FALSE
gene8792	0	FALSE
gene8793	0	FALSE
gene8794	0	FALSE
gene8795	0	FALSE
gene8796	0	FALSE
gene8797	0	FALSE
gene8798	0	FALSE
gene8799	0	FALSE
gene8800	0	FALSE
gene8801	0	FALSE
gene8802	0	FALSE
gene8803	0	FALSE
gene8804	0	FALSE
gene8805	1.32891931536142	TRUE
gene8806	0	FALSE
gene8807	0	FALSE
gene8808	0	FALSE
gene8809	-1.54957612976432	TRUE
gene8810	-2.39246703183744	TRUE
gene8811	0	FALSE
gene8812	-2.86377141874982	TRUE
gene8813	0	FALSE
gene8814	2.89909853594145	TRUE
gene8815	0	FALSE
gene8816	1.36725423659664	TRUE
gene8817	0	FALSE
gene8818	1.15077525872039	TRUE
gene8819	0	FALSE
gene8820	0	FALSE
gene8821	0	FALSE
gene8822	0	FALSE
gene8823	0	FALSE
gene8824	0	FALSE
gene8825	0	FALSE
gene8826	0	FALSE
gene8827	0	FALSE
gene8828	0	FALSE
gene8829	-1.32099750376074	TRUE
gene8830	0	FALSE
gene8831	0	FALSE
gene8832	0	FALSE
gene8833	0	FALSE
gene8834	0	FALSE
gene8835	0	FALSE
gene8836	0	FALSE
gene8837	1.54276056069648	TRUE
gene8838	0	FALSE
gene8839	2.89230109326309	TRUE
gene8840	0	FALSE
gene8841	0	FALSE
gene8842	0	FALSE
gene8843	1.60906485660234	TRUE
gene8844	0	FALSE
gene8845	0	FALSE
gene8846	0	FALSE
gene8847	0	FALSE
gene8848	0	FALSE
gene8849	0	FALSE
gene8850	0	FALSE
gene8851	0	FALSE
gene8852	0	FALSE
gene8853	0	FALSE
gene8854	0	FALSE
gene8855	0	FALSE
gene8856	0	FALSE
gene8857	-2.07002096209908	TRUE
gene8858	0	FALSE
gene8859	0	FALSE
gene8860	0	FALSE
gene8861	0	FALSE
gene8862	0	FALSE
gene8863	0	FALSE
gene8864	0	FALSE
gene8865	0	FALSE
gene8866	-1.53589196142275	TRUE
gene8867	0	FALSE
gene8868	0	FALSE
gene8869	0	FALSE
gene8870	0	FALSE
gene8871	0	FALSE
gene8872	0	FALSE
gene8873	0	FALSE
gene8874	0	FALSE
gene8875	0	FALSE
gene8876	0	FALSE
gene8877	0	FALSE
gene8878	0	FALSE
gene8879	0	FALSE
gene8880	0	FALSE
gene8881	0	FALSE
gene8882	0	FALSE
gene8883	0	FALSE
gene8884	0	FALSE
gene8885	0	FALSE
gene8886	0	FALSE
gene8887	0	FALSE
gene8888	0	FALSE
gene8889	-1.60260388813913	TRUE
gene8890	0	FALSE
gene8891	0	FALSE
gene8892	0	FALSE
gene8893	0	FALSE
gene8894	0	FALSE
gene8895	0	FALSE
gene8896	0	FALSE
gene8897	0	FALSE
gene8898	0	FALSE
gene8899	0	FALSE
gene8900	0	FALSE
gene8901	0	FALSE
gene8902	0	FALSE
gene8903	0	FALSE
gene8904	0	FALSE
gene8905	0	FALSE
gene8906	0	FALSE
gene8907	0	FALSE
gene8908	0	FALSE
gene8909	-1.34148354566423	TRUE
gene8910	0	FALSE
gene8911	1.89375861024018	TRUE
gene8912	-2.62358777382178	TRUE
gene8913	0	FALSE
gene8914	1.36399542179424	TRUE
gene8915	0	FALSE
gene8916	0	FALSE
gene8917	0	FALSE
gene8918	0	FALSE
gene8919	0	FALSE
gene8920	0	FALSE
gene8921	0	FALSE
gene8922	0	FALSE
gene8923	0	FALSE
gene8924	0	FALSE
gene8925	0	FALSE
gene8926	0	FALSE
gene8927	0	FALSE
gene8928	0	FALSE
gene8929	0	FALSE
gene8930	0	FALSE
gene8931	-0.987439221236855	TRUE
gene8932	0	FALSE
gene8933	0.959516008850187	TRUE
gene8934	1.31859200546751	TRUE
gene8935	0	FALSE
gene8936	0	FALSE
gene8937	0	FALSE
gene8938	0	FALSE
gene8939	0	FALSE
gene8940	0	FALSE
gene8941	0	FALSE
gene8942	0	FALSE
gene8943	0	FALSE
gene8944	0	FALSE
gene8945	0	FALSE
gene8946	0	FALSE
gene8947	0	FALSE
gene8948	-2.19249089708319	TRUE
gene8949	0	FALSE
gene8950	0	FALSE
gene8951	0	FALSE
gene8952	0	FALSE
gene8953	0	FALSE
gene8954	0	FALSE
gene8955	0	FALSE
gene8956	0	FALSE
gene8957	0	FALSE
gene8958	0	FALSE
gene8959	0	FALSE
gene8960	0	FALSE
gene8961	0	FALSE
gene8962	2.77970244392054	TRUE
gene8963	0	FALSE
gene8964	0	FALSE
gene8965	0	FALSE
gene8966	0	FALSE
gene8967	0	FALSE
gene8968	0	FALSE
gene8969	0	FALSE
gene8970	0	FALSE
gene8971	0	FALSE
gene8972	0	FALSE
gene8973	0	FALSE
gene8974	0	FALSE
gene8975	0	FALSE
gene8976	0	FALSE
gene8977	0	FALSE
gene8978	0	FALSE
gene8979	0	FALSE
gene8980	1.62441069638589	TRUE
gene8981	0	FALSE
gene8982	0	FALSE
gene8983	0	FALSE
gene8984	2.54364104097476	TRUE
gene8985	0	FALSE
gene8986	0	FALSE
gene8987	0	FALSE
gene8988	0	FALSE
gene8989	0	FALSE
gene8990	0	FALSE
gene8991	-2.04437588865403	TRUE
gene8992	0	FALSE
gene8993	0	FALSE
gene8994	0	FALSE
gene8995	0	FALSE
gene8996	0	FALSE
gene8997	0	FALSE
gene8998	0	FALSE
gene8999	-1.41645307245199	TRUE
gene9000	0	FALSE
gene9001	0	FALSE
gene9002	0	FALSE
gene9003	0	FALSE
gene9004	0	FALSE
gene9005	0	FALSE
gene9006	0	FALSE
gene9007	-1.60435158986365	TRUE
gene9008	2.59300986077869	TRUE
gene9009	0	FALSE
gene9010	-1.80097659415333	TRUE
gene9011	0	FALSE
gene9012	0	FALSE
gene9013	0	FALSE
gene9014	0	FALSE
gene9015	0	FALSE
gene9016	0	FALSE
gene9017	0	FALSE
gene9018	0	FALSE
gene9019	2.87546745780855	TRUE
gene9020	2.70888050389476	TRUE
gene9021	0	FALSE
gene9022	0	FALSE
gene9023	0	FALSE
gene9024	0	FALSE
gene9025	0	FALSE
gene9026	0	FALSE
gene9027	0	FALSE
gene9028	0	FALSE
gene9029	-2.41746667411644	TRUE
gene9030	0	FALSE
gene9031	0	FALSE
gene9032	0	FALSE
gene9033	0	FALSE
gene9034	0	FALSE
gene9035	0	FALSE
gene9036	1.41389743960463	TRUE
gene9037	0	FALSE
gene9038	0	FALSE
gene9039	0	FALSE
gene9040	-2.18227419845061	TRUE
gene9041	0	FALSE
gene9042	0	FALSE
gene9043	0	FALSE
gene9044	0	FALSE
gene9045	1.15823695569998	TRUE
gene9046	0	FALSE
gene9047	0	FALSE
gene9048	0	FALSE
gene9049	2.6576215623063	TRUE
gene9050	0	FALSE
gene9051	0	FALSE
gene9052	0	FALSE
gene9053	1.85229053569492	TRUE
gene9054	0	FALSE
gene9055	0	FALSE
gene9056	0	FALSE
gene9057	0	FALSE
gene9058	0	FALSE
gene9059	0	FALSE
gene9060	0	FALSE
gene9061	0	FALSE
gene9062	0	FALSE
gene9063	0	FALSE
gene9064	0	FALSE
gene9065	0	FALSE
gene9066	0	FALSE
gene9067	0	FALSE
gene9068	0	FALSE
gene9069	0	FALSE
gene9070	0	FALSE
gene9071	0	FALSE
gene9072	-2.86385488050291	TRUE
gene9073	0	FALSE
gene9074	0	FALSE
gene9075	0	FALSE
gene9076	0	FALSE
gene9077	0	FALSE
gene9078	0	FALSE
gene9079	0	FALSE
gene9080	0	FALSE
gene9081	0	FALSE
gene9082	0	FALSE
gene9083	0	FALSE
gene9084	0	FALSE
gene9085	0	FALSE
gene9086	0	FALSE
gene9087	0	FALSE
gene9088	0	FALSE
gene9089	0	FALSE
gene9090	0	FALSE
gene9091	0	FALSE
gene9092	0	FALSE
gene9093	0	FALSE
gene9094	0	FALSE
gene9095	0	FALSE
gene9096	0	FALSE
gene9097	0	FALSE
gene9098	0	FALSE
gene9099	0	FALSE
gene9100	0	FALSE
gene9101	0	FALSE
gene9102	0	FALSE
gene9103	0	FALSE
gene9104	0	FALSE
gene9105	0	FALSE
gene9106	0	FALSE
gene9107	0	FALSE
gene9108	0	FALSE
gene9109	0	FALSE
gene9110	0	FALSE
gene9111	0	FALSE
gene9112	0	FALSE
gene9113	0	FALSE
gene9114	0	FALSE
gene9115	0	FALSE
gene9116	0	FALSE
gene9117	-1.68368774349801	TRUE
gene9118	-2.29820301249856	TRUE
gene9119	0	FALSE
gene9120	0	FALSE
gene9121	0	FALSE
gene9122	0	FALSE
gene9123	0	FALSE
gene9124	0	FALSE
gene9125	0	FALSE
gene9126	0	FALSE
gene9127	0	FALSE
gene9128	0	FALSE
gene9129	0	FALSE
gene9130	0	FALSE
gene9131	0	FALSE
gene9132	0	FALSE
gene9133	1.76086866098922	TRUE
gene9134	0	FALSE
gene9135	1.29435817210469	TRUE
gene9136	0	FALSE
gene9137	0	FALSE
gene9138	0	FALSE
gene9139	0	FALSE
gene9140	0	FALSE
gene9141	0	FALSE
gene9142	0	FALSE
gene9143	0	FALSE
gene9144	0	FALSE
gene9145	2.88454149611061	TRUE
gene9146	0	FALSE
gene9147	0	FALSE
gene9148	0	FALSE
gene9149	0	FALSE
gene9150	0	FALSE
gene9151	0	FALSE
gene9152	0	FALSE
gene9153	0	FALSE
gene9154	-1.80145156465005	TRUE
gene9155	0	FALSE
gene9156	0	FALSE
gene9157	0	FALSE
gene9158	0	FALSE
gene9159	2.40228607726749	TRUE
gene9160	0	FALSE
gene9161	0	FALSE
gene9162	1.1383117804653	TRUE
gene9163	0	FALSE
gene9164	0	FALSE
gene9165	0	FALSE
gene9166	0	FALSE
gene9167	0	FALSE
gene9168	0	FALSE
gene9169	0	FALSE
gene9170	0	FALSE
gene9171	0	FALSE
gene9172	0	FALSE
gene9173	0	FALSE
gene9174	0	FALSE
gene9175	0	FALSE
gene9176	-2.70800354570383	TRUE
gene9177	0	FALSE
gene9178	0	FALSE
gene9179	0	FALSE
gene9180	0	FALSE
gene9181	0	FALSE
gene9182	0	FALSE
gene9183	0	FALSE
gene9184	0	FALSE
gene9185	0	FALSE
gene9186	0	FALSE
gene9187	0	FALSE
gene9188	0	FALSE
gene9189	0	FALSE
gene9190	0	FALSE
gene9191	0	FALSE
gene9192	-1.39045712049119	TRUE
gene9193	0	FALSE
gene9194	0	FALSE
gene9195	0	FALSE
gene9196	0	FALSE
gene9197	0	FALSE
gene9198	0	FALSE
gene9199	0	FALSE
gene9200	2.99181457073428	TRUE
gene9201	0	FALSE
gene9202	0	FALSE
gene9203	0	FALSE
gene9204	0	FALSE
gene9205	0	FALSE
gene9206	2.51029680966167	TRUE
gene9207	0	FALSE
gene9208	0	FALSE
gene9209	0	FALSE
gene9210	0	FALSE
gene9211	0	FALSE
gene9212	0	FALSE
gene9213	0	FALSE
gene9214	0	FALSE
gene9215	-1.72071787848836	TRUE
gene9216	0	FALSE
gene9217	-2.2660954859457	TRUE
gene9218	0	FALSE
gene9219	2.19290963286767	TRUE
gene9220	0	FALSE
gene9221	0	FALSE
gene9222	0	FALSE
gene9223	0	FALSE
gene9224	0	FALSE
gene9225	0	FALSE
gene9226	0	FALSE
gene9227	0	FALSE
gene9228	0	FALSE
gene9229	0	FALSE
gene9230	0	FALSE
gene9231	0	FALSE
gene9232	0	FALSE
gene9233	0	FALSE
gene9234	0	FALSE
gene9235	1.08086190233007	TRUE
gene9236	0	FALSE
gene9237	0	FALSE
gene9238	0	FALSE
gene9239	0	FALSE
gene9240	0	FALSE
gene9241	0	FALSE
gene9242	0	FALSE
gene9243	0	FALSE
gene9244	0	FALSE
gene9245	0	FALSE
gene9246	0	FALSE
gene9247	0	FALSE
gene9248	0	FALSE
gene9249	0	FALSE
gene9250	-0.992888660577592	TRUE
gene9251	0	FALSE
gene9252	0	FALSE
gene9253	0	FALSE
gene9254	0	FALSE
gene9255	0	FALSE
gene9256	0	FALSE
gene9257	0	FALSE
gene9258	0	FALSE
gene9259	0	FALSE
gene9260	0	FALSE
gene9261	0	FALSE
gene9262	0	FALSE
gene9263	0	FALSE
gene9264	0	FALSE
gene9265	0	FALSE
gene9266	0	FALSE
gene9267	0	FALSE
gene9268	0	FALSE
gene9269	0	FALSE
gene9270	0	FALSE
gene9271	0	FALSE
gene9272	0	FALSE
gene9273	0	FALSE
gene9274	-1.44307924818713	TRUE
gene9275	0	FALSE
gene9276	0	FALSE
gene9277	0	FALSE
gene9278	0	FALSE
gene9279	0	FALSE
gene9280	0	FALSE
gene9281	0	FALSE
gene9282	0	FALSE
gene9283	0	FALSE
gene9284	-2.4040802566451	TRUE
gene9285	0	FALSE
gene9286	0	FALSE
gene9287	0	FALSE
gene9288	0	FALSE
gene9289	0	FALSE
gene9290	0	FALSE
gene9291	0	FALSE
gene9292	2.09450606239261	TRUE
gene9293	0	FALSE
gene9294	0	FALSE
gene9295	0	FALSE
gene9296	2.94439071865054	TRUE
gene9297	0	FALSE
gene9298	2.67567586584482	TRUE
gene9299	0	FALSE
gene9300	0	FALSE
gene9301	1.06818495533662	TRUE
gene9302	0	FALSE
gene9303	0	FALSE
gene9304	0	FALSE
gene9305	0	FALSE
gene9306	0	FALSE
gene9307	-2.15389185264939	TRUE
gene9308	0	FALSE
gene9309	0	FALSE
gene9310	-0.914190628565848	TRUE
gene9311	0	FALSE
gene9312	0	FALSE
gene9313	0	FALSE
gene9314	0	FALSE
gene9315	0	FALSE
gene9316	0	FALSE
gene9317	0	FALSE
gene9318	0	FALSE
gene9319	0	FALSE
gene9320	0	FALSE
gene9321	0	FALSE
gene9322	0	FALSE
gene9323	-2.52645267237676	TRUE
gene9324	0	FALSE
gene9325	0	FALSE
gene9326	0	FALSE
gene9327	0	FALSE
gene9328	-2.8195442694705	TRUE
gene9329	1.53949993959395	TRUE
gene9330	0	FALSE
gene9331	0	FALSE
gene9332	1.36668227543123	TRUE
gene9333	0	FALSE
gene9334	0	FALSE
gene9335	1.76464932312956	TRUE
gene9336	1.50757765205344	TRUE
gene9337	0	FALSE
gene9338	2.82390294451034	TRUE
gene9339	-1.27846730168676	TRUE
gene9340	0	FALSE
gene9341	0	FALSE
gene9342	0	FALSE
gene9343	0	FALSE
gene9344	0	FALSE
gene9345	0	FALSE
gene9346	0	FALSE
gene9347	0	FALSE
gene9348	2.16170030529611	TRUE
gene9349	0	FALSE
gene9350	0	FALSE
gene9351	0	FALSE
gene9352	0	FALSE
gene9353	0	FALSE
gene9354	0	FALSE
gene9355	2.05015802930575	TRUE
gene9356	0	FALSE
gene9357	0	FALSE
gene9358	0	FALSE
gene9359	0	FALSE
gene9360	0	FALSE
gene9361	0	FALSE
gene9362	0	FALSE
gene9363	0	FALSE
gene9364	0	FALSE
gene9365	0	FALSE
gene9366	0	FALSE
gene9367	0	FALSE
gene9368	0	FALSE
gene9369	0	FALSE
gene9370	0	FALSE
gene9371	1.76408484700369	TRUE
gene9372	0	FALSE
gene9373	0	FALSE
gene9374	0	FALSE
gene9375	0	FALSE
gene9376	0	FALSE
gene9377	0	FALSE
gene9378	0	FALSE
gene9379	0	FALSE
gene9380	-2.58865480672102	TRUE
gene9381	0	FALSE
gene9382	0	FALSE
gene9383	0	FALSE
gene9384	0	FALSE
gene9385	0	FALSE
gene9386	0	FALSE
gene9387	0	FALSE
gene9388	0	FALSE
gene9389	0	FALSE
gene9390	0	FALSE
gene9391	0	FALSE
gene9392	0	FALSE
gene9393	0	FALSE
gene9394	0	FALSE
gene9395	0	FALSE
gene9396	0	FALSE
gene9397	0	FALSE
gene9398	0	FALSE
gene9399	0	FALSE
gene9400	-2.46819743321976	TRUE
gene9401	0	FALSE
gene9402	0	FALSE
gene9403	0	FALSE
gene9404	0	FALSE
gene9405	0	FALSE
gene9406	0	FALSE
gene9407	0	FALSE
gene9408	0	FALSE
gene9409	0	FALSE
gene9410	0	FALSE
gene9411	-1.54976840014569	TRUE
gene9412	0	FALSE
gene9413	0	FALSE
gene9414	2.12799400981748	TRUE
gene9415	0	FALSE
gene9416	0	FALSE
gene9417	0	FALSE
gene9418	0	FALSE
gene9419	1.43830229417654	TRUE
gene9420	0	FALSE
gene9421	0	FALSE
gene9422	0	FALSE
gene9423	0	FALSE
gene9424	0	FALSE
gene9425	-1.37523374555167	TRUE
gene9426	-1.65281175321434	TRUE
gene9427	0	FALSE
gene9428	0	FALSE
gene9429	0	FALSE
gene9430	-1.5034109854605	TRUE
gene9431	0.938287428813055	TRUE
gene9432	0	FALSE
gene9433	0	FALSE
gene9434	0	FALSE
gene9435	0	FALSE
gene9436	0	FALSE
gene9437	2.16342388599878	TRUE
gene9438	0	FALSE
gene9439	0	FALSE
gene9440	0	FALSE
gene9441	0	FALSE
gene9442	0	FALSE
gene9443	0	FALSE
gene9444	0	FALSE
gene9445	0	FALSE
gene9446	0	FALSE
gene9447	0	FALSE
gene9448	1.94371041760314	TRUE
gene9449	0	FALSE
gene9450	0	FALSE
gene9451	0	FALSE
gene9452	0	FALSE
gene9453	0	FALSE
gene9454	2.01755853323266	TRUE
gene9455	0	FALSE
gene9456	0	FALSE
gene9457	0	FALSE
gene9458	0	FALSE
gene9459	0	FALSE
gene9460	0	FALSE
gene9461	0	FALSE
gene9462	1.25643861189019	TRUE
gene9463	0	FALSE
gene9464	1.24280644068494	TRUE
gene9465	0	FALSE
gene9466	0	FALSE
gene9467	0	FALSE
gene9468	0	FALSE
gene9469	2.80442555778427	TRUE
gene9470	0	FALSE
gene9471	0	FALSE
gene9472	0	FALSE
gene9473	1.00887753430288	TRUE
gene9474	0	FALSE
gene9475	2.632835479395	TRUE
gene9476	0	FALSE
gene9477	0	FALSE
gene9478	0	FALSE
gene9479	0	FALSE
gene9480	0	FALSE
gene9481	0	FALSE
gene9482	0	FALSE
gene9483	0	FALSE
gene9484	0	FALSE
gene9485	2.74663902522298	TRUE
gene9486	0	FALSE
gene9487	0	FALSE
gene9488	0	FALSE
gene9489	0	FALSE
gene9490	0	FALSE
gene9491	0	FALSE
gene9492	0	FALSE
gene9493	0	FALSE
gene9494	1.42143438564381	TRUE
gene9495	0	FALSE
gene9496	0	FALSE
gene9497	0	FALSE
gene9498	0	FALSE
gene9499	0	FALSE
gene9500	0	FALSE
gene9501	0	FALSE
gene9502	0	FALSE
gene9503	-0.752384655643255	TRUE
gene9504	0	FALSE
gene9505	0	FALSE
gene9506	0	FALSE
gene9507	0	FALSE
gene9508	0	FALSE
gene9509	0	FALSE
gene9510	0	FALSE
gene9511	0	FALSE
gene9512	0	FALSE
gene9513	0	FALSE
gene9514	1.76500571746146	TRUE
gene9515	0	FALSE
gene9516	0	FALSE
gene9517	0	FALSE
gene9518	0	FALSE
gene9519	0	FALSE
gene9520	0	FALSE
gene9521	0	FALSE
gene9522	0	FALSE
gene9523	0	FALSE
gene9524	0	FALSE
gene9525	0	FALSE
gene9526	0	FALSE
gene9527	0	FALSE
gene9528	0	FALSE
gene9529	0	FALSE
gene9530	0	FALSE
gene9531	0	FALSE
gene9532	0	FALSE
gene9533	0	FALSE
gene9534	0	FALSE
gene9535	0	FALSE
gene9536	0	FALSE
gene9537	0	FALSE
gene9538	-2.9206822058768	TRUE
gene9539	0	FALSE
gene9540	0	FALSE
gene9541	0	FALSE
gene9542	0	FALSE
gene9543	0	FALSE
gene9544	0	FALSE
gene9545	0	FALSE
gene9546	0	FALSE
gene9547	-2.6522856427473	TRUE
gene9548	0	FALSE
gene9549	0	FALSE
gene9550	2.95739453576971	TRUE
gene9551	0	FALSE
gene9552	0	FALSE
gene9553	0	FALSE
gene9554	0	FALSE
gene9555	0	FALSE
gene9556	0	FALSE
gene9557	0	FALSE
gene9558	0	FALSE
gene9559	0	FALSE
gene9560	2.27576957264682	TRUE
gene9561	0	FALSE
gene9562	0	FALSE
gene9563	2.78375660598977	TRUE
gene9564	0	FALSE
gene9565	0	FALSE
gene9566	0	FALSE
gene9567	0	FALSE
gene9568	0	FALSE
gene9569	0	FALSE
gene9570	0	FALSE
gene9571	-1.87563194049289	TRUE
gene9572	-1.58415254118154	TRUE
gene9573	0	FALSE
gene9574	2.17564518068684	TRUE
gene9575	0	FALSE
gene9576	0	FALSE
gene9577	0	FALSE
gene9578	2.79677328566322	TRUE
gene9579	0	FALSE
gene9580	0	FALSE
gene9581	0	FALSE
gene9582	0	FALSE
gene9583	0	FALSE
gene9584	0	FALSE
gene9585	0	FALSE
gene9586	0	FALSE
gene9587	0	FALSE
gene9588	0	FALSE
gene9589	0	FALSE
gene9590	0	FALSE
gene9591	-1.85708609857829	TRUE
gene9592	0	FALSE
gene9593	0	FALSE
gene9594	0	FALSE
gene9595	0	FALSE
gene9596	0	FALSE
gene9597	0	FALSE
gene9598	0	FALSE
gene9599	2.12964100402314	TRUE
gene9600	0	FALSE
gene9601	2.48018561198842	TRUE
gene9602	0	FALSE
gene9603	0	FALSE
gene9604	0	FALSE
gene9605	0	FALSE
gene9606	0	FALSE
gene9607	0	FALSE
gene9608	0	FALSE
gene9609	0	FALSE
gene9610	0	FALSE
gene9611	-1.26644663204206	TRUE
gene9612	0	FALSE
gene9613	0	FALSE
gene9614	0	FALSE
gene9615	0	FALSE
gene9616	0	FALSE
gene9617	0	FALSE
gene9618	0	FALSE
gene9619	0	FALSE
gene9620	0	FALSE
gene9621	0	FALSE
gene9622	0	FALSE
gene9623	0	FALSE
gene9624	0	FALSE
gene9625	0	FALSE
gene9626	0	FALSE
gene9627	0	FALSE
gene9628	0	FALSE
gene9629	0	FALSE
gene9630	0	FALSE
gene9631	0	FALSE
gene9632	0	FALSE
gene9633	0	FALSE
gene9634	0	FALSE
gene9635	0	FALSE
gene9636	0	FALSE
gene9637	2.27183124743169	TRUE
gene9638	0	FALSE
gene9639	0	FALSE
gene9640	0	FALSE
gene9641	1.52175564022036	TRUE
gene9642	0	FALSE
gene9643	0	FALSE
gene9644	0	FALSE
gene9645	0	FALSE
gene9646	0	FALSE
gene9647	1.29803318349877	TRUE
gene9648	0	FALSE
gene9649	0	FALSE
gene9650	0	FALSE
gene9651	0	FALSE
gene9652	0	FALSE
gene9653	0	FALSE
gene9654	0	FALSE
gene9655	0	FALSE
gene9656	0	FALSE
gene9657	0	FALSE
gene9658	0	FALSE
gene9659	0	FALSE
gene9660	1.46744981501251	TRUE
gene9661	0	FALSE
gene9662	0	FALSE
gene9663	0	FALSE
gene9664	0	FALSE
gene9665	-2.94139633874875	TRUE
gene9666	0	FALSE
gene9667	0	FALSE
gene9668	0	FALSE
gene9669	0	FALSE
gene9670	0	FALSE
gene9671	0	FALSE
gene9672	0	FALSE
gene9673	0	FALSE
gene9674	0	FALSE
gene9675	0	FALSE
gene9676	0	FALSE
gene9677	0	FALSE
gene9678	0	FALSE
gene9679	0	FALSE
gene9680	0	FALSE
gene9681	0	FALSE
gene9682	0	FALSE
gene9683	0	FALSE
gene9684	1.44832609954756	TRUE
gene9685	0	FALSE
gene9686	0	FALSE
gene9687	0	FALSE
gene9688	1.01681814494077	TRUE
gene9689	0	FALSE
gene9690	0	FALSE
gene9691	0	FALSE
gene9692	0	FALSE
gene9693	0	FALSE
gene9694	2.92773821664741	TRUE
gene9695	0	FALSE
gene9696	0	FALSE
gene9697	0	FALSE
gene9698	0	FALSE
gene9699	0	FALSE
gene9700	0	FALSE
gene9701	-2.07645466370741	TRUE
gene9702	0	FALSE
gene9703	0	FALSE
gene9704	0	FALSE
gene9705	0	FALSE
gene9706	0	FALSE
gene9707	0	FALSE
gene9708	-1.50562290631933	TRUE
gene9709	0	FALSE
gene9710	0	FALSE
gene9711	0	FALSE
gene9712	0	FALSE
gene9713	0	FALSE
gene9714	0	FALSE
gene9715	0	FALSE
gene9716	0	FALSE
gene9717	0	FALSE
gene9718	0	FALSE
gene9719	0	FALSE
gene9720	0	FALSE
gene9721	0	FALSE
gene9722	0	FALSE
gene9723	0	FALSE
gene9724	0	FALSE
gene9725	0	FALSE
gene9726	0	FALSE
gene9727	0	FALSE
gene9728	0	FALSE
gene9729	-1.55658259353368	TRUE
gene9730	0	FALSE
gene9731	0	FALSE
gene9732	0	FALSE
gene9733	0	FALSE
gene9734	0	FALSE
gene9735	0	FALSE
gene9736	0	FALSE
gene9737	0	FALSE
gene9738	0	FALSE
gene9739	0	FALSE
gene9740	0	FALSE
gene9741	0	FALSE
gene9742	0	FALSE
gene9743	0	FALSE
gene9744	0	FALSE
gene9745	0	FALSE
gene9746	0	FALSE
gene9747	0	FALSE
gene9748	0	FALSE
gene9749	0	FALSE
gene9750	0	FALSE
gene9751	0	FALSE
gene9752	0	FALSE
gene9753	0	FALSE
gene9754	0	FALSE
gene9755	0	FALSE
gene9756	0	FALSE
gene9757	0	FALSE
gene9758	1.72037804941647	TRUE
gene9759	0	FALSE
gene9760	0	FALSE
gene9761	0	FALSE
gene9762	-1.31129410711583	TRUE
gene9763	0	FALSE
gene9764	0	FALSE
gene9765	1.83254578826018	TRUE
gene9766	0	FALSE
gene9767	0	FALSE
gene9768	-2.99011822178727	TRUE
gene9769	0	FALSE
gene9770	0	FALSE
gene9771	0	FALSE
gene9772	0	FALSE
gene9773	0	FALSE
gene9774	1.65150625345996	TRUE
gene9775	2.80673217843287	TRUE
gene9776	0	FALSE
gene9777	0	FALSE
gene9778	0	FALSE
gene9779	0	FALSE
gene9780	0	FALSE
gene9781	0	FALSE
gene9782	0	FALSE
gene9783	0	FALSE
gene9784	0	FALSE
gene9785	0	FALSE
gene9786	0	FALSE
gene9787	0	FALSE
gene9788	0	FALSE
gene9789	0	FALSE
gene9790	0	FALSE
gene9791	0	FALSE
gene9792	0	FALSE
gene9793	0	FALSE
gene9794	0	FALSE
gene9795	0	FALSE
gene9796	0	FALSE
gene9797	0	FALSE
gene9798	0	FALSE
gene9799	-2.21496470889542	TRUE
gene9800	0	FALSE
gene9801	0	FALSE
gene9802	0	FALSE
gene9803	1.25745932129212	TRUE
gene9804	0	FALSE
gene9805	0	FALSE
gene9806	0	FALSE
gene9807	0	FALSE
gene9808	0	FALSE
gene9809	0	FALSE
gene9810	0	FALSE
gene9811	0	FALSE
gene9812	0	FALSE
gene9813	0	FALSE
gene9814	0	FALSE
gene9815	0	FALSE
gene9816	0	FALSE
gene9817	0	FALSE
gene9818	0	FALSE
gene9819	-2.15878511080518	TRUE
gene9820	0	FALSE
gene9821	0	FALSE
gene9822	1.77554905676516	TRUE
gene9823	0	FALSE
gene9824	0	FALSE
gene9825	0	FALSE
gene9826	0	FALSE
gene9827	0	FALSE
gene9828	0	FALSE
gene9829	0	FALSE
gene9830	0	FALSE
gene9831	0	FALSE
gene9832	0	FALSE
gene9833	0	FALSE
gene9834	0	FALSE
gene9835	0	FALSE
gene9836	0	FALSE
gene9837	0	FALSE
gene9838	0	FALSE
gene9839	0	FALSE
gene9840	0	FALSE
gene9841	0	FALSE
gene9842	0	FALSE
gene9843	0	FALSE
gene9844	0	FALSE
gene9845	0	FALSE
gene9846	0	FALSE
gene9847	0	FALSE
gene9848	0	FALSE
gene9849	0	FALSE
gene9850	0	FALSE
gene9851	0	FALSE
gene9852	0	FALSE
gene9853	0	FALSE
gene9854	0	FALSE
gene9855	0	FALSE
gene9856	0	FALSE
gene9857	0	FALSE
gene9858	0	FALSE
gene9859	0	FALSE
gene9860	0	FALSE
gene9861	0	FALSE
gene9862	0	FALSE
gene9863	0	FALSE
gene9864	0	FALSE
gene9865	0	FALSE
gene9866	0	FALSE
gene9867	1.63264287938364	TRUE
gene9868	0	FALSE
gene9869	0	FALSE
gene9870	0	FALSE
gene9871	0	FALSE
gene9872	0	FALSE
gene9873	0	FALSE
gene9874	0	FALSE
gene9875	2.44753206364112	TRUE
gene9876	0	FALSE
gene9877	0	FALSE
gene9878	0	FALSE
gene9879	2.64245440583909	TRUE
gene9880	0	FALSE
gene9881	-1.91680345020723	TRUE
gene9882	0	FALSE
gene9883	0	FALSE
gene9884	0	FALSE
gene9885	0	FALSE
gene9886	0	FALSE
gene9887	0	FALSE
gene9888	0	FALSE
gene9889	0	FALSE
gene9890	1.28353051183512	TRUE
gene9891	-1.29877712193411	TRUE
gene9892	0	FALSE
gene9893	-2.88445917586796	TRUE
gene9894	0	FALSE
gene9895	0	FALSE
gene9896	0	FALSE
gene9897	0	FALSE
gene9898	0	FALSE
gene9899	0	FALSE
gene9900	0	FALSE
gene9901	0	FALSE
gene9902	0	FALSE
gene9903	0	FALSE
gene9904	0	FALSE
gene9905	0	FALSE
gene9906	0	FALSE
gene9907	0	FALSE
gene9908	0	FALSE
gene9909	0	FALSE
gene9910	0	FALSE
gene9911	0	FALSE
gene9912	0	FALSE
gene9913	0	FALSE
gene9914	0	FALSE
gene9915	0	FALSE
gene9916	0	FALSE
gene9917	2.46038581850007	TRUE
gene9918	0	FALSE
gene9919	0	FALSE
gene9920	0	FALSE
gene9921	0	FALSE
gene9922	0	FALSE
gene9923	1.69642444822239	TRUE
gene9924	0	FALSE
gene9925	0	FALSE
gene9926	0	FALSE
gene9927	0	FALSE
gene9928	0	FALSE
gene9929	0	FALSE
gene9930	0	FALSE
gene9931	2.47544560907409	TRUE
gene9932	0	FALSE
gene9933	0	FALSE
gene9934	0	FALSE
gene9935	2.85703630233184	TRUE
gene9936	0	FALSE
gene9937	0	FALSE
gene9938	0	FALSE
gene9939	0	FALSE
gene9940	0	FALSE
gene9941	0	FALSE
gene9942	0	FALSE
gene9943	0	FALSE
gene9944	0	FALSE
gene9945	0	FALSE
gene9946	0	FALSE
gene9947	0	FALSE
gene9948	0	FALSE
gene9949	0	FALSE
gene9950	0	FALSE
gene9951	0	FALSE
gene9952	-2.27924890170107	TRUE
gene9953	0	FALSE
gene9954	0	FALSE
gene9955	0	FALSE
gene9956	0	FALSE
gene9957	-1.01761543209432	TRUE
gene9958	2.88540607894538	TRUE
gene9959	0	FALSE
gene9960	0	FALSE
gene9961	0	FALSE
gene9962	0	FALSE
gene9963	0	FALSE
gene9964	0	FALSE
gene9965	0	FALSE
gene9966	0	FALSE
gene9967	-2.98386351414956	TRUE
gene9968	0	FALSE
gene9969	0	FALSE
gene9970	0	FALSE
gene9971	0	FALSE
gene9972	0	FALSE
gene9973	0	FALSE
gene9974	0	FALSE
gene9975	0	FALSE
gene9976	0	FALSE
gene9977	0	FALSE
gene9978	2.16198832320515	TRUE
gene9979	0	FALSE
gene9980	0	FALSE
gene9981	0	FALSE
gene9982	0	FALSE
gene9983	1.80122270883294	TRUE
gene9984	0	FALSE
gene9985	0	FALSE
gene9986	0	FALSE
gene9987	0	FALSE
gene9988	0	FALSE
gene9989	0	FALSE
gene9990	2.36685050296364	TRUE
gene9991	0	FALSE
gene9992	0	FALSE
gene9993	0	FALSE
gene9994	0	FALSE
gene9995	0	FALSE
gene9996	-1.18434519163566	TRUE
gene9997	1.02888699638424	TRUE
gene9998	0	FALSE
gene9999	-2.22176133329049	TRUE
gene10000	0	FALSE
gene10001	0	FALSE
gene10002	0	FALSE
gene10003	0	FALSE
gene10004	0	FALSE
gene10005	0	FALSE
gene10006	0	FALSE
gene10007	0	FALSE
gene10008	0	FALSE
gene10009	0	FALSE
gene10010	0	FALSE
gene10011	0	FALSE
gene10012	0	FALSE
gene10013	0	FALSE
gene10014	0	FALSE
gene10015	0	FALSE
gene10016	0	FALSE
gene10017	0	FALSE
gene10018	-2.09390738024376	TRUE
gene10019	0	FALSE
gene10020	0	FALSE
gene10021	0	FALSE
gene10022	0	FALSE
gene10023	0	FALSE
gene10024	0	FALSE
gene10025	0	FALSE
gene10026	0	FALSE
gene10027	0	FALSE
gene10028	0	FALSE
gene10029	0	FALSE
gene10030	0	FALSE
gene10031	-2.2482204126427	TRUE
gene10032	0	FALSE
gene10033	0	FALSE
gene10034	0	FALSE
gene10035	0	FALSE
gene10036	0	FALSE
gene10037	0	FALSE
gene10038	0	FALSE
gene10039	0	FALSE
gene10040	0	FALSE
gene10041	0	FALSE
gene10042	0	FALSE
gene10043	0	FALSE
gene10044	0	FALSE
gene10045	0	FALSE
gene10046	-1.48758616967825	TRUE
gene10047	-2.63098877429729	TRUE
gene10048	0	FALSE
gene10049	1.53642560209846	TRUE
gene10050	0	FALSE
gene10051	0	FALSE
gene10052	2.1822585426271	TRUE
gene10053	2.13737025292357	TRUE
gene10054	0	FALSE
gene10055	0	FALSE
gene10056	0	FALSE
gene10057	0	FALSE
gene10058	0	FALSE
gene10059	0	FALSE
gene10060	0	FALSE
gene10061	0	FALSE
gene10062	0	FALSE
gene10063	1.17312447668519	TRUE
gene10064	0	FALSE
gene10065	0	FALSE
gene10066	0	FALSE
gene10067	0	FALSE
gene10068	0	FALSE
gene10069	0	FALSE
gene10070	0	FALSE
gene10071	0	FALSE
gene10072	0	FALSE
gene10073	0	FALSE
gene10074	0	FALSE
gene10075	0	FALSE
gene10076	0	FALSE
gene10077	0	FALSE
gene10078	0	FALSE
gene10079	0	FALSE
gene10080	2.96615644090343	TRUE
gene10081	-0.951929626869969	TRUE
gene10082	0	FALSE
gene10083	0	FALSE
gene10084	0	FALSE
gene10085	0	FALSE
gene10086	0	FALSE
gene10087	0	FALSE
gene10088	0	FALSE
gene10089	0	FALSE
gene10090	0	FALSE
gene10091	0	FALSE
gene10092	0	FALSE
gene10093	0	FALSE
gene10094	0	FALSE
gene10095	0	FALSE
gene10096	0	FALSE
gene10097	0	FALSE
gene10098	0	FALSE
gene10099	0	FALSE
gene10100	0	FALSE
gene10101	0	FALSE
gene10102	0	FALSE
gene10103	0	FALSE
gene10104	0	FALSE
gene10105	1.53201650257688	TRUE
gene10106	0	FALSE
gene10107	0	FALSE
gene10108	0	FALSE
gene10109	0	FALSE
gene10110	0	FALSE
gene10111	0	FALSE
gene10112	0	FALSE
gene10113	0	FALSE
gene10114	0	FALSE
gene10115	0	FALSE
gene10116	0	FALSE
gene10117	0	FALSE
gene10118	0	FALSE
gene10119	1.13878022512654	TRUE
gene10120	0	FALSE
gene10121	-1.31529930577381	TRUE
gene10122	0	FALSE
gene10123	0	FALSE
gene10124	0	FALSE
gene10125	0	FALSE
gene10126	0	FALSE
gene10127	0	FALSE
gene10128	0	FALSE
gene10129	0	FALSE
gene10130	0	FALSE
gene10131	0	FALSE
gene10132	0	FALSE
gene10133	0	FALSE
gene10134	0	FALSE
gene10135	0	FALSE
gene10136	0	FALSE
gene10137	0	FALSE
gene10138	0	FALSE
gene10139	0	FALSE
gene10140	0	FALSE
gene10141	0	FALSE
gene10142	0	FALSE
gene10143	0	FALSE
gene10144	-0.941334413539153	TRUE
gene10145	0	FALSE
gene10146	-1.88581257651094	TRUE
gene10147	0	FALSE
gene10148	0	FALSE
gene10149	0	FALSE
gene10150	0.832318690430839	TRUE
gene10151	0	FALSE
gene10152	0	FALSE
gene10153	0	FALSE
gene10154	0	FALSE
gene10155	0	FALSE
gene10156	0	FALSE
gene10157	0	FALSE
gene10158	0	FALSE
gene10159	0	FALSE
gene10160	0	FALSE
gene10161	0	FALSE
gene10162	1.19807155238232	TRUE
gene10163	0	FALSE
gene10164	0	FALSE
gene10165	0	FALSE
gene10166	0	FALSE
gene10167	0	FALSE
gene10168	0	FALSE
gene10169	0	FALSE
gene10170	-2.49069307046011	TRUE
gene10171	0	FALSE
gene10172	0	FALSE
gene10173	0	FALSE
gene10174	0	FALSE
gene10175	0	FALSE
gene10176	0	FALSE
gene10177	0	FALSE
gene10178	0	FALSE
gene10179	0	FALSE
gene10180	0	FALSE
gene10181	0	FALSE
gene10182	0	FALSE
gene10183	0	FALSE
gene10184	0	FALSE
gene10185	0	FALSE
gene10186	0	FALSE
gene10187	0	FALSE
gene10188	0	FALSE
gene10189	0	FALSE
gene10190	0	FALSE
gene10191	-0.845919566752855	TRUE
gene10192	0	FALSE
gene10193	0	FALSE
gene10194	0	FALSE
gene10195	0	FALSE
gene10196	0	FALSE
gene10197	-1.037411842437	TRUE
gene10198	0	FALSE
gene10199	0	FALSE
gene10200	0	FALSE
gene10201	-2.32547119801166	TRUE
gene10202	0	FALSE
gene10203	0	FALSE
gene10204	0	FALSE
gene10205	0	FALSE
gene10206	0	FALSE
gene10207	2.65194158395752	TRUE
gene10208	-1.57583855709527	TRUE
gene10209	0	FALSE
gene10210	0	FALSE
gene10211	-2.63799379166448	TRUE
gene10212	0	FALSE
gene10213	0	FALSE
gene10214	0	FALSE
gene10215	0	FALSE
gene10216	0	FALSE
gene10217	0	FALSE
gene10218	0	FALSE
gene10219	0	FALSE
gene10220	0	FALSE
gene10221	-0.906908512290101	TRUE
gene10222	0	FALSE
gene10223	0	FALSE
gene10224	0	FALSE
gene10225	-1.80152063415153	TRUE
gene10226	0	FALSE
gene10227	0	FALSE
gene10228	1.67137536633527	TRUE
gene10229	0	FALSE
gene10230	-1.86790024879156	TRUE
gene10231	0	FALSE
gene10232	0	FALSE
gene10233	0	FALSE
gene10234	0	FALSE
gene10235	0	FALSE
gene10236	0	FALSE
gene10237	0	FALSE
gene10238	0	FALSE
gene10239	0	FALSE
gene10240	0	FALSE
gene10241	0	FALSE
gene10242	0	FALSE
gene10243	0	FALSE
gene10244	-1.48911977297394	TRUE
gene10245	0	FALSE
gene10246	0	FALSE
gene10247	0	FALSE
gene10248	0	FALSE
gene10249	0	FALSE
gene10250	0	FALSE
gene10251	0	FALSE
gene10252	-0.776601204473991	TRUE
gene10253	-2.10883195500355	TRUE
gene10254	0	FALSE
gene10255	0	FALSE
gene10256	0	FALSE
gene10257	0	FALSE
gene10258	0	FALSE
gene10259	0	FALSE
gene10260	0	FALSE
gene10261	-1.91698769439245	TRUE
gene10262	0	FALSE
gene10263	0	FALSE
gene10264	0	FALSE
gene10265	0	FALSE
gene10266	0	FALSE
gene10267	0	FALSE
gene10268	0	FALSE
gene10269	-0.815518779563718	TRUE
gene10270	0	FALSE
gene10271	0	FALSE
gene10272	1.07486003637314	TRUE
gene10273	0	FALSE
gene10274	0	FALSE
gene10275	0	FALSE
gene10276	0	FALSE
gene10277	-2.6746081491583	TRUE
gene10278	0	FALSE
gene10279	0	FALSE
gene10280	0	FALSE
gene10281	0	FALSE
gene10282	0	FALSE
gene10283	0	FALSE
gene10284	0	FALSE
gene10285	0	FALSE
gene10286	0	FALSE
gene10287	0	FALSE
gene10288	0	FALSE
gene10289	2.2495442336658	TRUE
gene10290	0	FALSE
gene10291	0	FALSE
gene10292	0	FALSE
gene10293	0	FALSE
gene10294	0	FALSE
gene10295	0	FALSE
gene10296	2.86208029696718	TRUE
gene10297	0	FALSE
gene10298	0	FALSE
gene10299	0	FALSE
gene10300	0	FALSE
gene10301	0	FALSE
gene10302	0	FALSE
gene10303	0	FALSE
gene10304	0	FALSE
gene10305	0	FALSE
gene10306	0	FALSE
gene10307	0	FALSE
gene10308	0	FALSE
gene10309	0	FALSE
gene10310	0	FALSE
gene10311	0	FALSE
gene10312	0	FALSE
gene10313	0	FALSE
gene10314	0	FALSE
gene10315	-2.12681918288581	TRUE
gene10316	0	FALSE
gene10317	0	FALSE
gene10318	0	FALSE
gene10319	0	FALSE
gene10320	0	FALSE
gene10321	0	FALSE
gene10322	0	FALSE
gene10323	0	FALSE
gene10324	0	FALSE
gene10325	0	FALSE
gene10326	0	FALSE
gene10327	0	FALSE
gene10328	0	FALSE
gene10329	0	FALSE
gene10330	0	FALSE
gene10331	0	FALSE
gene10332	-2.80525354261044	TRUE
gene10333	0	FALSE
gene10334	-2.62312770058634	TRUE
gene10335	0	FALSE
gene10336	0	FALSE
gene10337	0	FALSE
gene10338	0	FALSE
gene10339	0	FALSE
gene10340	0	FALSE
gene10341	0	FALSE
gene10342	0	FALSE
gene10343	0	FALSE
gene10344	0	FALSE
gene10345	0	FALSE
gene10346	1.40408400795422	TRUE
gene10347	0	FALSE
gene10348	0	FALSE
gene10349	0	FALSE
gene10350	0	FALSE
gene10351	0	FALSE
gene10352	0	FALSE
gene10353	0	FALSE
gene10354	0	FALSE
gene10355	0	FALSE
gene10356	0	FALSE
gene10357	-1.88612792885397	TRUE
gene10358	0	FALSE
gene10359	0	FALSE
gene10360	0	FALSE
gene10361	0	FALSE
gene10362	0	FALSE
gene10363	0	FALSE
gene10364	0	FALSE
gene10365	0	FALSE
gene10366	0	FALSE
gene10367	0	FALSE
gene10368	0	FALSE
gene10369	0	FALSE
gene10370	0	FALSE
gene10371	0	FALSE
gene10372	2.6447859951295	TRUE
gene10373	2.03635399922496	TRUE
gene10374	0	FALSE
gene10375	0	FALSE
gene10376	0	FALSE
gene10377	2.37568619556259	TRUE
gene10378	0	FALSE
gene10379	0	FALSE
gene10380	0	FALSE
gene10381	0	FALSE
gene10382	0	FALSE
gene10383	-2.32952300738543	TRUE
gene10384	0	FALSE
gene10385	0	FALSE
gene10386	0	FALSE
gene10387	0	FALSE
gene10388	0	FALSE
gene10389	0	FALSE
gene10390	0	FALSE
gene10391	0	FALSE
gene10392	0	FALSE
gene10393	0	FALSE
gene10394	0	FALSE
gene10395	0	FALSE
gene10396	0	FALSE
gene10397	0	FALSE
gene10398	0	FALSE
gene10399	-2.13449274713639	TRUE
gene10400	0	FALSE
gene10401	0	FALSE
gene10402	0	FALSE
gene10403	0	FALSE
gene10404	-1.78989584598457	TRUE
gene10405	-1.70099834696157	TRUE
gene10406	0	FALSE
gene10407	0	FALSE
gene10408	0	FALSE
gene10409	0	FALSE
gene10410	0	FALSE
gene10411	0	FALSE
gene10412	1.48251816193806	TRUE
gene10413	0	FALSE
gene10414	0	FALSE
gene10415	0	FALSE
gene10416	0	FALSE
gene10417	-1.0167211254593	TRUE
gene10418	0	FALSE
gene10419	0	FALSE
gene10420	0	FALSE
gene10421	0	FALSE
gene10422	0	FALSE
gene10423	0	FALSE
gene10424	0	FALSE
gene10425	0	FALSE
gene10426	0	FALSE
gene10427	0	FALSE
gene10428	0	FALSE
gene10429	0	FALSE
gene10430	0	FALSE
gene10431	0	FALSE
gene10432	-2.36995115020545	TRUE
gene10433	0	FALSE
gene10434	0	FALSE
gene10435	0	FALSE
gene10436	0	FALSE
gene10437	0	FALSE
gene10438	0	FALSE
gene10439	0	FALSE
gene10440	0	FALSE
gene10441	0	FALSE
gene10442	0	FALSE
gene10443	0	FALSE
gene10444	0	FALSE
gene10445	0	FALSE
gene10446	-0.965968766191509	TRUE
gene10447	0	FALSE
gene10448	0	FALSE
gene10449	0	FALSE
gene10450	-2.31906722125132	TRUE
gene10451	0	FALSE
gene10452	0	FALSE
gene10453	0	FALSE
gene10454	0	FALSE
gene10455	0	FALSE
gene10456	1.74237442278536	TRUE
gene10457	0	FALSE
gene10458	0	FALSE
gene10459	0	FALSE
gene10460	0	FALSE
gene10461	0	FALSE
gene10462	0	FALSE
gene10463	0	FALSE
gene10464	-0.856381480582058	TRUE
gene10465	-2.91027036815649	TRUE
gene10466	0	FALSE
gene10467	0	FALSE
gene10468	0	FALSE
gene10469	0	FALSE
gene10470	0	FALSE
gene10471	0	FALSE
gene10472	0	FALSE
gene10473	0	FALSE
gene10474	0	FALSE
gene10475	0	FALSE
gene10476	0	FALSE
gene10477	0	FALSE
gene10478	0	FALSE
gene10479	0	FALSE
gene10480	0	FALSE
gene10481	0	FALSE
gene10482	0	FALSE
gene10483	0	FALSE
gene10484	0	FALSE
gene10485	0	FALSE
gene10486	0	FALSE
gene10487	1.59043498610845	TRUE
gene10488	0	FALSE
gene10489	0	FALSE
gene10490	0	FALSE
gene10491	0	FALSE
gene10492	0	FALSE
gene10493	0	FALSE
gene10494	0	FALSE
gene10495	0	FALSE
gene10496	0	FALSE
gene10497	0	FALSE
gene10498	0	FALSE
gene10499	0	FALSE
gene10500	0	FALSE
gene10501	0	FALSE
gene10502	-1.12525718577672	TRUE
gene10503	2.66234534885734	TRUE
gene10504	2.8477056112024	TRUE
gene10505	0	FALSE
gene10506	0	FALSE
gene10507	0	FALSE
gene10508	0	FALSE
gene10509	0	FALSE
gene10510	0	FALSE
gene10511	0	FALSE
gene10512	-1.57402194931637	TRUE
gene10513	0	FALSE
gene10514	0	FALSE
gene10515	0	FALSE
gene10516	0	FALSE
gene10517	0	FALSE
gene10518	0	FALSE
gene10519	0	FALSE
gene10520	0	FALSE
gene10521	0	FALSE
gene10522	0	FALSE
gene10523	2.24105578131275	TRUE
gene10524	0	FALSE
gene10525	-0.832085351867136	TRUE
gene10526	0	FALSE
gene10527	0	FALSE
gene10528	2.46383142872946	TRUE
gene10529	-2.16388457111316	TRUE
gene10530	2.51553496951237	TRUE
gene10531	0	FALSE
gene10532	0	FALSE
gene10533	0	FALSE
gene10534	0	FALSE
gene10535	0	FALSE
gene10536	0	FALSE
gene10537	0	FALSE
gene10538	-1.48654193489347	TRUE
gene10539	0	FALSE
gene10540	0	FALSE
gene10541	0	FALSE
gene10542	0	FALSE
gene10543	0	FALSE
gene10544	-2.28403737244662	TRUE
gene10545	0	FALSE
gene10546	0	FALSE
gene10547	1.75746482092654	TRUE
gene10548	0	FALSE
gene10549	0	FALSE
gene10550	0.871376376890112	TRUE
gene10551	0	FALSE
gene10552	0	FALSE
gene10553	0	FALSE
gene10554	0	FALSE
gene10555	0	FALSE
gene10556	0	FALSE
gene10557	0	FALSE
gene10558	0	FALSE
gene10559	0	FALSE
gene10560	0	FALSE
gene10561	0	FALSE
gene10562	0	FALSE
gene10563	0	FALSE
gene10564	0	FALSE
gene10565	0	FALSE
gene10566	0	FALSE
gene10567	0	FALSE
gene10568	0	FALSE
gene10569	0	FALSE
gene10570	0	FALSE
gene10571	0	FALSE
gene10572	0	FALSE
gene10573	0	FALSE
gene10574	-2.5056348281214	TRUE
gene10575	0	FALSE
gene10576	0	FALSE
gene10577	0	FALSE
gene10578	0	FALSE
gene10579	0	FALSE
gene10580	0	FALSE
gene10581	0	FALSE
gene10582	0	FALSE
gene10583	0	FALSE
gene10584	0	FALSE
gene10585	0	FALSE
gene10586	0	FALSE
gene10587	0	FALSE
gene10588	0	FALSE
gene10589	0	FALSE
gene10590	1.80725414247718	TRUE
gene10591	0	FALSE
gene10592	0	FALSE
gene10593	1.59732780331979	TRUE
gene10594	0	FALSE
gene10595	0	FALSE
gene10596	0	FALSE
gene10597	0	FALSE
gene10598	1.93841198191512	TRUE
gene10599	0	FALSE
gene10600	0	FALSE
gene10601	0	FALSE
gene10602	0	FALSE
gene10603	0	FALSE
gene10604	0	FALSE
gene10605	0	FALSE
gene10606	2.51496491837315	TRUE
gene10607	0	FALSE
gene10608	0	FALSE
gene10609	0	FALSE
gene10610	1.37034389463952	TRUE
gene10611	0	FALSE
gene10612	0	FALSE
gene10613	0	FALSE
gene10614	0	FALSE
gene10615	1.6990181846777	TRUE
gene10616	0	FALSE
gene10617	0	FALSE
gene10618	0	FALSE
gene10619	0	FALSE
gene10620	0	FALSE
gene10621	0	FALSE
gene10622	0	FALSE
gene10623	0	FALSE
gene10624	0	FALSE
gene10625	0	FALSE
gene10626	0	FALSE
gene10627	0	FALSE
gene10628	0	FALSE
gene10629	0	FALSE
gene10630	0	FALSE
gene10631	0	FALSE
gene10632	0	FALSE
gene10633	0	FALSE
gene10634	0	FALSE
gene10635	0	FALSE
gene10636	0	FALSE
gene10637	0	FALSE
gene10638	0	FALSE
gene10639	0	FALSE
gene10640	0	FALSE
gene10641	0	FALSE
gene10642	0	FALSE
gene10643	0	FALSE
gene10644	0	FALSE
gene10645	0	FALSE
gene10646	0	FALSE
gene10647	0	FALSE
gene10648	0	FALSE
gene10649	2.00891719129868	TRUE
gene10650	0	FALSE
gene10651	0	FALSE
gene10652	0	FALSE
gene10653	0	FALSE
gene10654	0	FALSE
gene10655	0	FALSE
gene10656	-1.89612742880126	TRUE
gene10657	0	FALSE
gene10658	0	FALSE
gene10659	0	FALSE
gene10660	0	FALSE
gene10661	0	FALSE
gene10662	0	FALSE
gene10663	0	FALSE
gene10664	0	FALSE
gene10665	0	FALSE
gene10666	0	FALSE
gene10667	0	FALSE
gene10668	0	FALSE
gene10669	0	FALSE
gene10670	0	FALSE
gene10671	0	FALSE
gene10672	0	FALSE
gene10673	0	FALSE
gene10674	0	FALSE
gene10675	0	FALSE
gene10676	0	FALSE
gene10677	0	FALSE
gene10678	0	FALSE
gene10679	0	FALSE
gene10680	-1.60236073069973	TRUE
gene10681	0	FALSE
gene10682	0	FALSE
gene10683	-1.54278495098697	TRUE
gene10684	0	FALSE
gene10685	0	FALSE
gene10686	0	FALSE
gene10687	0	FALSE
gene10688	0	FALSE
gene10689	0	FALSE
gene10690	-2.18243796407478	TRUE
gene10691	0	FALSE
gene10692	0	FALSE
gene10693	0	FALSE
gene10694	0	FALSE
gene10695	0	FALSE
gene10696	-1.68974030582467	TRUE
gene10697	0	FALSE
gene10698	0	FALSE
gene10699	0	FALSE
gene10700	0	FALSE
gene10701	0	FALSE
gene10702	-1.61438936839113	TRUE
gene10703	0	FALSE
gene10704	-1.75675365992356	TRUE
gene10705	0	FALSE
gene10706	0	FALSE
gene10707	-1.76017457130365	TRUE
gene10708	0	FALSE
gene10709	0	FALSE
gene10710	0	FALSE
gene10711	0	FALSE
gene10712	0	FALSE
gene10713	0	FALSE
gene10714	0	FALSE
gene10715	0	FALSE
gene10716	0	FALSE
gene10717	0	FALSE
gene10718	0	FALSE
gene10719	0	FALSE
gene10720	0	FALSE
gene10721	0	FALSE
gene10722	0	FALSE
gene10723	0	FALSE
gene10724	0	FALSE
gene10725	0	FALSE
gene10726	0	FALSE
gene10727	0	FALSE
gene10728	1.41657037142431	TRUE
gene10729	0	FALSE
gene10730	0	FALSE
gene10731	0	FALSE
gene10732	0	FALSE
gene10733	0	FALSE
gene10734	0	FALSE
gene10735	0	FALSE
gene10736	0	FALSE
gene10737	0	FALSE
gene10738	0	FALSE
gene10739	0	FALSE
gene10740	0	FALSE
gene10741	0	FALSE
gene10742	0	FALSE
gene10743	0	FALSE
gene10744	0	FALSE
gene10745	0	FALSE
gene10746	0	FALSE
gene10747	0	FALSE
gene10748	0	FALSE
gene10749	0	FALSE
gene10750	0	FALSE
gene10751	0	FALSE
gene10752	0	FALSE
gene10753	0	FALSE
gene10754	-2.48312530468684	TRUE
gene10755	0	FALSE
gene10756	0	FALSE
gene10757	0	FALSE
gene10758	0	FALSE
gene10759	0	FALSE
gene10760	1.09352214576211	TRUE
gene10761	0	FALSE
gene10762	0	FALSE
gene10763	0	FALSE
gene10764	0	FALSE
gene10765	0	FALSE
gene10766	0	FALSE
gene10767	-0.890580343315378	TRUE
gene10768	0	FALSE
gene10769	0	FALSE
gene10770	0	FALSE
gene10771	0	FALSE
gene10772	0	FALSE
gene10773	0	FALSE
gene10774	0	FALSE
gene10775	0	FALSE
gene10776	-1.44335485302145	TRUE
gene10777	0	FALSE
gene10778	0	FALSE
gene10779	0	FALSE
gene10780	0	FALSE
gene10781	-2.52705013600644	TRUE
gene10782	0	FALSE
gene10783	0	FALSE
gene10784	0	FALSE
gene10785	0	FALSE
gene10786	0	FALSE
gene10787	0	FALSE
gene10788	0	FALSE
gene10789	0	FALSE
gene10790	0	FALSE
gene10791	0	FALSE
gene10792	0	FALSE
gene10793	0	FALSE
gene10794	0	FALSE
gene10795	0	FALSE
gene10796	0	FALSE
gene10797	0	FALSE
gene10798	0	FALSE
gene10799	0	FALSE
gene10800	0	FALSE
gene10801	0	FALSE
gene10802	0	FALSE
gene10803	0	FALSE
gene10804	0	FALSE
gene10805	0	FALSE
gene10806	0	FALSE
gene10807	0	FALSE
gene10808	0	FALSE
gene10809	0	FALSE
gene10810	0	FALSE
gene10811	0	FALSE
gene10812	0	FALSE
gene10813	-2.5396606506547	TRUE
gene10814	0	FALSE
gene10815	0	FALSE
gene10816	0	FALSE
gene10817	0	FALSE
gene10818	0	FALSE
gene10819	0	FALSE
gene10820	1.96123174054082	TRUE
gene10821	0	FALSE
gene10822	0	FALSE
gene10823	1.2739325631992	TRUE
gene10824	0	FALSE
gene10825	0	FALSE
gene10826	0	FALSE
gene10827	0	FALSE
gene10828	2.51833313691895	TRUE
gene10829	0	FALSE
gene10830	1.04196448990842	TRUE
gene10831	0	FALSE
gene10832	0	FALSE
gene10833	0	FALSE
gene10834	0	FALSE
gene10835	0	FALSE
gene10836	0	FALSE
gene10837	0	FALSE
gene10838	-0.855673483223654	TRUE
gene10839	0	FALSE
gene10840	0	FALSE
gene10841	0	FALSE
gene10842	0	FALSE
gene10843	-1.51064738369314	TRUE
gene10844	0	FALSE
gene10845	0	FALSE
gene10846	0	FALSE
gene10847	0	FALSE
gene10848	0	FALSE
gene10849	0	FALSE
gene10850	0	FALSE
gene10851	0	FALSE
gene10852	0	FALSE
gene10853	0	FALSE
gene10854	0	FALSE
gene10855	0.866222646378446	TRUE
gene10856	0	FALSE
gene10857	0	FALSE
gene10858	0	FALSE
gene10859	0	FALSE
gene10860	0	FALSE
gene10861	2.52802350284765	TRUE
gene10862	0	FALSE
gene10863	0	FALSE
gene10864	0	FALSE
gene10865	0	FALSE
gene10866	0	FALSE
gene10867	0	FALSE
gene10868	-2.20046959508909	TRUE
gene10869	0	FALSE
gene10870	0	FALSE
gene10871	0	FALSE
gene10872	0	FALSE
gene10873	0	FALSE
gene10874	0	FALSE
gene10875	0	FALSE
gene10876	0	FALSE
gene10877	0	FALSE
gene10878	0	FALSE
gene10879	0	FALSE
gene10880	0	FALSE
gene10881	0	FALSE
gene10882	0	FALSE
gene10883	0	FALSE
gene10884	0	FALSE
gene10885	0	FALSE
gene10886	0	FALSE
gene10887	0	FALSE
gene10888	0	FALSE
gene10889	0	FALSE
gene10890	0	FALSE
gene10891	0	FALSE
gene10892	0	FALSE
gene10893	0	FALSE
gene10894	0	FALSE
gene10895	0	FALSE
gene10896	2.99200636334717	TRUE
gene10897	0	FALSE
gene10898	0	FALSE
gene10899	0	FALSE
gene10900	0	FALSE
gene10901	0	FALSE
gene10902	0	FALSE
gene10903	0	FALSE
gene10904	0.924207294126973	TRUE
gene10905	0	FALSE
gene10906	1.40117804612964	TRUE
gene10907	0	FALSE
gene10908	0	FALSE
gene10909	1.74085417500464	TRUE
gene10910	0	FALSE
gene10911	0	FALSE
gene10912	0	FALSE
gene10913	0	FALSE
gene10914	-2.60264089802513	TRUE
gene10915	0	FALSE
gene10916	-1.1924216132029	TRUE
gene10917	2.63471870130161	TRUE
gene10918	0	FALSE
gene10919	0	FALSE
gene10920	0	FALSE
gene10921	0	FALSE
gene10922	0	FALSE
gene10923	0	FALSE
gene10924	0	FALSE
gene10925	0	FALSE
gene10926	0	FALSE
gene10927	0	FALSE
gene10928	0	FALSE
gene10929	0	FALSE
gene10930	-2.25590302987257	TRUE
gene10931	0	FALSE
gene10932	0	FALSE
gene10933	0	FALSE
gene10934	0	FALSE
gene10935	0	FALSE
gene10936	0	FALSE
gene10937	0	FALSE
gene10938	0	FALSE
gene10939	0	FALSE
gene10940	0	FALSE
gene10941	1.38715274113929	TRUE
gene10942	0	FALSE
gene10943	0	FALSE
gene10944	0	FALSE
gene10945	0	FALSE
gene10946	0	FALSE
gene10947	0	FALSE
gene10948	0	FALSE
gene10949	0	FALSE
gene10950	0	FALSE
gene10951	0	FALSE
gene10952	-2.69603139103856	TRUE
gene10953	0	FALSE
gene10954	0	FALSE
gene10955	0	FALSE
gene10956	0	FALSE
gene10957	0	FALSE
gene10958	0	FALSE
gene10959	0	FALSE
gene10960	2.42450550879585	TRUE
gene10961	0	FALSE
gene10962	0	FALSE
gene10963	0	FALSE
gene10964	0	FALSE
gene10965	0	FALSE
gene10966	0	FALSE
gene10967	0	FALSE
gene10968	0	FALSE
gene10969	1.89311314711813	TRUE
gene10970	0	FALSE
gene10971	0	FALSE
gene10972	0	FALSE
gene10973	-2.35605266288621	TRUE
gene10974	0	FALSE
gene10975	0	FALSE
gene10976	0	FALSE
gene10977	0	FALSE
gene10978	-1.97066238848493	TRUE
gene10979	0	FALSE
gene10980	0	FALSE
gene10981	0	FALSE
gene10982	0	FALSE
gene10983	0	FALSE
gene10984	0	FALSE
gene10985	0	FALSE
gene10986	0	FALSE
gene10987	0	FALSE
gene10988	0	FALSE
gene10989	0	FALSE
gene10990	2.16291965323035	TRUE
gene10991	0	FALSE
gene10992	0	FALSE
gene10993	0	FALSE
gene10994	0	FALSE
gene10995	0	FALSE
gene10996	0	FALSE
gene10997	0	FALSE
gene10998	0	FALSE
gene10999	0	FALSE
gene11000	0	FALSE
gene11001	0	FALSE
gene11002	0	FALSE
gene11003	-2.99444092536578	TRUE
gene11004	0	FALSE
gene11005	0	FALSE
gene11006	0	FALSE
gene11007	-1.93553624051856	TRUE
gene11008	0	FALSE
gene11009	0	FALSE
gene11010	2.07821083324961	TRUE
gene11011	0	FALSE
gene11012	0	FALSE
gene11013	0	FALSE
gene11014	0	FALSE
gene11015	0	FALSE
gene11016	0	FALSE
gene11017	0	FALSE
gene11018	-1.46121255954495	TRUE
gene11019	0	FALSE
gene11020	2.56767229211982	TRUE
gene11021	0	FALSE
gene11022	0	FALSE
gene11023	0	FALSE
gene11024	0	FALSE
gene11025	0	FALSE
gene11026	0.943384363024961	TRUE
gene11027	0	FALSE
gene11028	0	FALSE
gene11029	0	FALSE
gene11030	0	FALSE
gene11031	0	FALSE
gene11032	0	FALSE
gene11033	0	FALSE
gene11034	0	FALSE
gene11035	0	FALSE
gene11036	0	FALSE
gene11037	0	FALSE
gene11038	0	FALSE
gene11039	0	FALSE
gene11040	0	FALSE
gene11041	0	FALSE
gene11042	1.90562059055082	TRUE
gene11043	0	FALSE
gene11044	0	FALSE
gene11045	0	FALSE
gene11046	1.3893617047579	TRUE
gene11047	0	FALSE
gene11048	0	FALSE
gene11049	0	FALSE
gene11050	0	FALSE
gene11051	0	FALSE
gene11052	0	FALSE
gene11053	0	FALSE
gene11054	0	FALSE
gene11055	0	FALSE
gene11056	0	FALSE
gene11057	0	FALSE
gene11058	0	FALSE
gene11059	0	FALSE
gene11060	0	FALSE
gene11061	0	FALSE
gene11062	0	FALSE
gene11063	0	FALSE
gene11064	-1.19354324490996	TRUE
gene11065	0	FALSE
gene11066	0	FALSE
gene11067	0	FALSE
gene11068	-2.63116312259808	TRUE
gene11069	0	FALSE
gene11070	0	FALSE
gene11071	0	FALSE
gene11072	0	FALSE
gene11073	0	FALSE
gene11074	0	FALSE
gene11075	0	FALSE
gene11076	0	FALSE
gene11077	0	FALSE
gene11078	0	FALSE
gene11079	0	FALSE
gene11080	0	FALSE
gene11081	0	FALSE
gene11082	1.19403512694407	TRUE
gene11083	0	FALSE
gene11084	0	FALSE
gene11085	0	FALSE
gene11086	0	FALSE
gene11087	0	FALSE
gene11088	0	FALSE
gene11089	0	FALSE
gene11090	0	FALSE
gene11091	0	FALSE
gene11092	0	FALSE
gene11093	0	FALSE
gene11094	0	FALSE
gene11095	0	FALSE
gene11096	0	FALSE
gene11097	0	FALSE
gene11098	2.6304288788815	TRUE
gene11099	0	FALSE
gene11100	0	FALSE
gene11101	0	FALSE
gene11102	0	FALSE
gene11103	2.17089243099326	TRUE
gene11104	0.890401524840854	TRUE
gene11105	0	FALSE
gene11106	-2.23199996317271	TRUE
gene11107	2.31177574710455	TRUE
gene11108	0	FALSE
gene11109	0	FALSE
gene11110	1.01738631853368	TRUE
gene11111	0	FALSE
gene11112	0	FALSE
gene11113	-0.828284518152941	TRUE
gene11114	2.46637270547217	TRUE
gene11115	0	FALSE
gene11116	0	FALSE
gene11117	0	FALSE
gene11118	0	FALSE
gene11119	-1.88053532713093	TRUE
gene11120	0	FALSE
gene11121	0	FALSE
gene11122	-1.36334594164509	TRUE
gene11123	0	FALSE
gene11124	0	FALSE
gene11125	0	FALSE
gene11126	0	FALSE
gene11127	0	FALSE
gene11128	0	FALSE
gene11129	0	FALSE
gene11130	2.79836749430979	TRUE
gene11131	0	FALSE
gene11132	0	FALSE
gene11133	0	FALSE
gene11134	0	FALSE
gene11135	0	FALSE
gene11136	0	FALSE
gene11137	0	FALSE
gene11138	0	FALSE
gene11139	0	FALSE
gene11140	0	FALSE
gene11141	0	FALSE
gene11142	0	FALSE
gene11143	0	FALSE
gene11144	0	FALSE
gene11145	0	FALSE
gene11146	0	FALSE
gene11147	0	FALSE
gene11148	0	FALSE
gene11149	0	FALSE
gene11150	0	FALSE
gene11151	0	FALSE
gene11152	0	FALSE
gene11153	0	FALSE
gene11154	0	FALSE
gene11155	0	FALSE
gene11156	0	FALSE
gene11157	0	FALSE
gene11158	0	FALSE
gene11159	0	FALSE
gene11160	0	FALSE
gene11161	0	FALSE
gene11162	2.16205208591418	TRUE
gene11163	2.74265183665557	TRUE
gene11164	0	FALSE
gene11165	0	FALSE
gene11166	0	FALSE
gene11167	0	FALSE
gene11168	0	FALSE
gene11169	-2.17890009318944	TRUE
gene11170	0	FALSE
gene11171	0	FALSE
gene11172	0	FALSE
gene11173	0	FALSE
gene11174	1.77002939226804	TRUE
gene11175	0	FALSE
gene11176	0	FALSE
gene11177	0	FALSE
gene11178	0	FALSE
gene11179	0	FALSE
gene11180	0	FALSE
gene11181	0	FALSE
gene11182	0	FALSE
gene11183	0	FALSE
gene11184	0	FALSE
gene11185	0	FALSE
gene11186	0	FALSE
gene11187	0	FALSE
gene11188	0	FALSE
gene11189	0	FALSE
gene11190	0	FALSE
gene11191	0	FALSE
gene11192	0	FALSE
gene11193	0	FALSE
gene11194	-0.752480763592757	TRUE
gene11195	0	FALSE
gene11196	0	FALSE
gene11197	0.927277671173215	TRUE
gene11198	-1.02525826252531	TRUE
gene11199	2.9807437750278	TRUE
gene11200	0	FALSE
gene11201	0	FALSE
gene11202	0	FALSE
gene11203	0	FALSE
gene11204	0	FALSE
gene11205	0	FALSE
gene11206	0	FALSE
gene11207	0	FALSE
gene11208	0	FALSE
gene11209	0	FALSE
gene11210	0	FALSE
gene11211	-2.205009464873	TRUE
gene11212	0	FALSE
gene11213	0	FALSE
gene11214	0	FALSE
gene11215	0	FALSE
gene11216	0	FALSE
gene11217	0	FALSE
gene11218	0	FALSE
gene11219	0	FALSE
gene11220	0	FALSE
gene11221	0	FALSE
gene11222	0	FALSE
gene11223	0	FALSE
gene11224	0	FALSE
gene11225	0	FALSE
gene11226	0	FALSE
gene11227	0	FALSE
gene11228	0	FALSE
gene11229	0	FALSE
gene11230	0	FALSE
gene11231	0	FALSE
gene11232	0	FALSE
gene11233	1.82879881194094	TRUE
gene11234	-2.67838332377141	TRUE
gene11235	0	FALSE
gene11236	0	FALSE
gene11237	0	FALSE
gene11238	0	FALSE
gene11239	0	FALSE
gene11240	0	FALSE
gene11241	0	FALSE
gene11242	0	FALSE
gene11243	0	FALSE
gene11244	0	FALSE
gene11245	0	FALSE
gene11246	0	FALSE
gene11247	0	FALSE
gene11248	0	FALSE
gene11249	0	FALSE
gene11250	1.12236889405176	TRUE
gene11251	0	FALSE
gene11252	0	FALSE
gene11253	0	FALSE
gene11254	0	FALSE
gene11255	0	FALSE
gene11256	0	FALSE
gene11257	0	FALSE
gene11258	0	FALSE
gene11259	0	FALSE
gene11260	0	FALSE
gene11261	0	FALSE
gene11262	0	FALSE
gene11263	0	FALSE
gene11264	0	FALSE
gene11265	-2.49148932192475	TRUE
gene11266	0	FALSE
gene11267	0	FALSE
gene11268	0	FALSE
gene11269	0	FALSE
gene11270	0	FALSE
gene11271	0	FALSE
gene11272	0	FALSE
gene11273	0	FALSE
gene11274	0	FALSE
gene11275	1.6281892384286	TRUE
gene11276	-0.855608494137414	TRUE
gene11277	0	FALSE
gene11278	0	FALSE
gene11279	0	FALSE
gene11280	0	FALSE
gene11281	-2.34699059970444	TRUE
gene11282	0	FALSE
gene11283	0	FALSE
gene11284	0	FALSE
gene11285	0	FALSE
gene11286	-2.37671022472205	TRUE
gene11287	0	FALSE
gene11288	0	FALSE
gene11289	0	FALSE
gene11290	0	FALSE
gene11291	0	FALSE
gene11292	0	FALSE
gene11293	-1.10739240073599	TRUE
gene11294	0	FALSE
gene11295	0	FALSE
gene11296	0	FALSE
gene11297	0	FALSE
gene11298	0	FALSE
gene11299	-2.91532497794833	TRUE
gene11300	0	FALSE
gene11301	0	FALSE
gene11302	-1.93399401433999	TRUE
gene11303	0	FALSE
gene11304	0	FALSE
gene11305	0	FALSE
gene11306	0	FALSE
gene11307	2.78033401037101	TRUE
gene11308	0	FALSE
gene11309	0	FALSE
gene11310	-2.96024438127642	TRUE
gene11311	0	FALSE
gene11312	0	FALSE
gene11313	0	FALSE
gene11314	1.11248289450305	TRUE
gene11315	0	FALSE
gene11316	2.14220021723304	TRUE
gene11317	0	FALSE
gene11318	0	FALSE
gene11319	0	FALSE
gene11320	0	FALSE
gene11321	0	FALSE
gene11322	-2.00659658596851	TRUE
gene11323	0	FALSE
gene11324	0	FALSE
gene11325	0	FALSE
gene11326	0	FALSE
gene11327	0	FALSE
gene11328	0	FALSE
gene11329	0	FALSE
gene11330	0	FALSE
gene11331	0	FALSE
gene11332	0	FALSE
gene11333	0	FALSE
gene11334	0	FALSE
gene11335	0	FALSE
gene11336	0	FALSE
gene11337	0	FALSE
gene11338	0	FALSE
gene11339	0	FALSE
gene11340	0	FALSE
gene11341	0	FALSE
gene11342	0	FALSE
gene11343	0	FALSE
gene11344	0	FALSE
gene11345	0	FALSE
gene11346	0	FALSE
gene11347	0	FALSE
gene11348	0	FALSE
gene11349	0	FALSE
gene11350	0	FALSE
gene11351	0	FALSE
gene11352	0	FALSE
gene11353	0	FALSE
gene11354	0	FALSE
gene11355	0	FALSE
gene11356	0	FALSE
gene11357	0	FALSE
gene11358	0	FALSE
gene11359	0	FALSE
gene11360	0	FALSE
gene11361	0	FALSE
gene11362	0	FALSE
gene11363	0	FALSE
gene11364	0	FALSE
gene11365	0	FALSE
gene11366	0	FALSE
gene11367	0	FALSE
gene11368	0	FALSE
gene11369	0	FALSE
gene11370	0	FALSE
gene11371	-1.36312216159422	TRUE
gene11372	0	FALSE
gene11373	0	FALSE
gene11374	0.824051137373317	TRUE
gene11375	-1.27240419283044	TRUE
gene11376	0	FALSE
gene11377	0	FALSE
gene11378	0	FALSE
gene11379	0	FALSE
gene11380	0	FALSE
gene11381	0	FALSE
gene11382	0	FALSE
gene11383	2.9018622317235	TRUE
gene11384	0	FALSE
gene11385	0	FALSE
gene11386	0	FALSE
gene11387	0	FALSE
gene11388	0	FALSE
gene11389	0	FALSE
gene11390	0	FALSE
gene11391	0	FALSE
gene11392	0	FALSE
gene11393	0	FALSE
gene11394	0	FALSE
gene11395	0	FALSE
gene11396	0	FALSE
gene11397	0	FALSE
gene11398	0	FALSE
gene11399	0	FALSE
gene11400	-1.70845792960608	TRUE
gene11401	0	FALSE
gene11402	0	FALSE
gene11403	0	FALSE
gene11404	0	FALSE
gene11405	0	FALSE
gene11406	0	FALSE
gene11407	0	FALSE
gene11408	0	FALSE
gene11409	0	FALSE
gene11410	0	FALSE
gene11411	0	FALSE
gene11412	0	FALSE
gene11413	0	FALSE
gene11414	0	FALSE
gene11415	0	FALSE
gene11416	0	FALSE
gene11417	0	FALSE
gene11418	0	FALSE
gene11419	0	FALSE
gene11420	0	FALSE
gene11421	0	FALSE
gene11422	0	FALSE
gene11423	0	FALSE
gene11424	0	FALSE
gene11425	0	FALSE
gene11426	0	FALSE
gene11427	0	FALSE
gene11428	0	FALSE
gene11429	0	FALSE
gene11430	0	FALSE
gene11431	0	FALSE
gene11432	0	FALSE
gene11433	0	FALSE
gene11434	0	FALSE
gene11435	0	FALSE
gene11436	0	FALSE
gene11437	0	FALSE
gene11438	0	FALSE
gene11439	0	FALSE
gene11440	2.50226183870109	TRUE
gene11441	0	FALSE
gene11442	0	FALSE
gene11443	0	FALSE
gene11444	0	FALSE
gene11445	0	FALSE
gene11446	0	FALSE
gene11447	0	FALSE
gene11448	-1.05483382829698	TRUE
gene11449	0	FALSE
gene11450	0	FALSE
gene11451	0	FALSE
gene11452	0	FALSE
gene11453	0	FALSE
gene11454	0	FALSE
gene11455	0	FALSE
gene11456	0	FALSE
gene11457	0	FALSE
gene11458	0	FALSE
gene11459	0	FALSE
gene11460	0	FALSE
gene11461	0	FALSE
gene11462	0	FALSE
gene11463	1.62930431129644	TRUE
gene11464	0	FALSE
gene11465	0	FALSE
gene11466	0	FALSE
gene11467	0	FALSE
gene11468	0.993819664756302	TRUE
gene11469	0	FALSE
gene11470	0	FALSE
gene11471	0	FALSE
gene11472	-2.3636658952455	TRUE
gene11473	0	FALSE
gene11474	0	FALSE
gene11475	0	FALSE
gene11476	0	FALSE
gene11477	0	FALSE
gene11478	0	FALSE
gene11479	-1.92398049251642	TRUE
gene11480	2.51782466762234	TRUE
gene11481	0	FALSE
gene11482	0	FALSE
gene11483	0	FALSE
gene11484	0	FALSE
gene11485	0	FALSE
gene11486	0	FALSE
gene11487	0	FALSE
gene11488	0	FALSE
gene11489	0	FALSE
gene11490	0	FALSE
gene11491	0	FALSE
gene11492	0	FALSE
gene11493	0	FALSE
gene11494	0	FALSE
gene11495	0	FALSE
gene11496	0	FALSE
gene11497	0	FALSE
gene11498	0	FALSE
gene11499	0	FALSE
gene11500	0	FALSE
gene11501	0	FALSE
gene11502	0	FALSE
gene11503	0	FALSE
gene11504	-2.37602725520264	TRUE
gene11505	0	FALSE
gene11506	0	FALSE
gene11507	0	FALSE
gene11508	0	FALSE
gene11509	0	FALSE
gene11510	2.1116532968008	TRUE
gene11511	-1.33365353947738	TRUE
gene11512	-1.36709917348344	TRUE
gene11513	0	FALSE
gene11514	0	FALSE
gene11515	0	FALSE
gene11516	0	FALSE
gene11517	-1.87322851200588	TRUE
gene11518	0	FALSE
gene11519	0	FALSE
gene11520	-1.68167882761918	TRUE
gene11521	0	FALSE
gene11522	0	FALSE
gene11523	0	FALSE
gene11524	0	FALSE
gene11525	0	FALSE
gene11526	1.60285326442681	TRUE
gene11527	0	FALSE
gene11528	0	FALSE
gene11529	0	FALSE
gene11530	0	FALSE
gene11531	0	FALSE
gene11532	0	FALSE
gene11533	0	FALSE
gene11534	-0.924843419285025	TRUE
gene11535	0	FALSE
gene11536	0	FALSE
gene11537	0	FALSE
gene11538	0	FALSE
gene11539	-0.933954789536074	TRUE
gene11540	0	FALSE
gene11541	0	FALSE
gene11542	0	FALSE
gene11543	0	FALSE
gene11544	2.56779358297354	TRUE
gene11545	0	FALSE
gene11546	0	FALSE
gene11547	0	FALSE
gene11548	0	FALSE
gene11549	0	FALSE
gene11550	0	FALSE
gene11551	0	FALSE
gene11552	0	FALSE
gene11553	2.03885480866302	TRUE
gene11554	0	FALSE
gene11555	0	FALSE
gene11556	-1.49533988221083	TRUE
gene11557	-2.98836201871745	TRUE
gene11558	0	FALSE
gene11559	0	FALSE
gene11560	0	FALSE
gene11561	0	FALSE
gene11562	0	FALSE
gene11563	0	FALSE
gene11564	0	FALSE
gene11565	0	FALSE
gene11566	0	FALSE
gene11567	0	FALSE
gene11568	0	FALSE
gene11569	0	FALSE
gene11570	0	FALSE
gene11571	0	FALSE
gene11572	0	FALSE
gene11573	0	FALSE
gene11574	0	FALSE
gene11575	0	FALSE
gene11576	0	FALSE
gene11577	0	FALSE
gene11578	0	FALSE
gene11579	0	FALSE
gene11580	0	FALSE
gene11581	0	FALSE
gene11582	0	FALSE
gene11583	0	FALSE
gene11584	0	FALSE
gene11585	0	FALSE
gene11586	0	FALSE
gene11587	0	FALSE
gene11588	0	FALSE
gene11589	0	FALSE
gene11590	0	FALSE
gene11591	2.56504209490959	TRUE
gene11592	0	FALSE
gene11593	0	FALSE
gene11594	0	FALSE
gene11595	0	FALSE
gene11596	0	FALSE
gene11597	0	FALSE
gene11598	0	FALSE
gene11599	0	FALSE
gene11600	0	FALSE
gene11601	0	FALSE
gene11602	0	FALSE
gene11603	0	FALSE
gene11604	0	FALSE
gene11605	0	FALSE
gene11606	0	FALSE
gene11607	0	FALSE
gene11608	0	FALSE
gene11609	0	FALSE
gene11610	2.04483110300498	TRUE
gene11611	0	FALSE
gene11612	0	FALSE
gene11613	0	FALSE
gene11614	0	FALSE
gene11615	0	FALSE
gene11616	0	FALSE
gene11617	0	FALSE
gene11618	0	FALSE
gene11619	0	FALSE
gene11620	0	FALSE
gene11621	0	FALSE
gene11622	0	FALSE
gene11623	0	FALSE
gene11624	0	FALSE
gene11625	0	FALSE
gene11626	0	FALSE
gene11627	0	FALSE
gene11628	0	FALSE
gene11629	0	FALSE
gene11630	0	FALSE
gene11631	0	FALSE
gene11632	0	FALSE
gene11633	0	FALSE
gene11634	0	FALSE
gene11635	0	FALSE
gene11636	0	FALSE
gene11637	0	FALSE
gene11638	0	FALSE
gene11639	0	FALSE
gene11640	0	FALSE
gene11641	0	FALSE
gene11642	0	FALSE
gene11643	0	FALSE
gene11644	0	FALSE
gene11645	0	FALSE
gene11646	0	FALSE
gene11647	0	FALSE
gene11648	0	FALSE
gene11649	-2.80572243465576	TRUE
gene11650	0	FALSE
gene11651	0	FALSE
gene11652	0	FALSE
gene11653	0	FALSE
gene11654	0	FALSE
gene11655	0	FALSE
gene11656	0	FALSE
gene11657	0	FALSE
gene11658	0	FALSE
gene11659	0	FALSE
gene11660	0	FALSE
gene11661	0	FALSE
gene11662	0	FALSE
gene11663	0	FALSE
gene11664	0	FALSE
gene11665	0	FALSE
gene11666	0	FALSE
gene11667	0	FALSE
gene11668	2.65638197364751	TRUE
gene11669	0	FALSE
gene11670	0	FALSE
gene11671	-2.53904792200774	TRUE
gene11672	0	FALSE
gene11673	0	FALSE
gene11674	0	FALSE
gene11675	2.34277310158359	TRUE
gene11676	0	FALSE
gene11677	0	FALSE
gene11678	0	FALSE
gene11679	2.74464334384538	TRUE
gene11680	0	FALSE
gene11681	0	FALSE
gene11682	0	FALSE
gene11683	0	FALSE
gene11684	0	FALSE
gene11685	0	FALSE
gene11686	0	FALSE
gene11687	0	FALSE
gene11688	0	FALSE
gene11689	0	FALSE
gene11690	0	FALSE
gene11691	0	FALSE
gene11692	0	FALSE
gene11693	1.83025547408033	TRUE
gene11694	0	FALSE
gene11695	0	FALSE
gene11696	0	FALSE
gene11697	0	FALSE
gene11698	0	FALSE
gene11699	0	FALSE
gene11700	0	FALSE
gene11701	0	FALSE
gene11702	0	FALSE
gene11703	0	FALSE
gene11704	0	FALSE
gene11705	-2.95834868919337	TRUE
gene11706	0	FALSE
gene11707	0	FALSE
gene11708	0	FALSE
gene11709	0	FALSE
gene11710	0	FALSE
gene11711	1.86673490388785	TRUE
gene11712	0	FALSE
gene11713	0	FALSE
gene11714	0	FALSE
gene11715	1.16388452542014	TRUE
gene11716	0	FALSE
gene11717	0	FALSE
gene11718	0	FALSE
gene11719	-1.33239093201701	TRUE
gene11720	0	FALSE
gene11721	0	FALSE
gene11722	0	FALSE
gene11723	0	FALSE
gene11724	0	FALSE
gene11725	0	FALSE
gene11726	0	FALSE
gene11727	0	FALSE
gene11728	0	FALSE
gene11729	0	FALSE
gene11730	0	FALSE
gene11731	0	FALSE
gene11732	0	FALSE
gene11733	0	FALSE
gene11734	0	FALSE
gene11735	0	FALSE
gene11736	0	FALSE
gene11737	0	FALSE
gene11738	0	FALSE
gene11739	0	FALSE
gene11740	0	FALSE
gene11741	0	FALSE
gene11742	0	FALSE
gene11743	0	FALSE
gene11744	0	FALSE
gene11745	0	FALSE
gene11746	0	FALSE
gene11747	0	FALSE
gene11748	0	FALSE
gene11749	0	FALSE
gene11750	2.59434498427436	TRUE
gene11751	0	FALSE
gene11752	0	FALSE
gene11753	-2.0773274807143	TRUE
gene11754	0	FALSE
gene11755	0	FALSE
gene11756	0	FALSE
gene11757	0	FALSE
gene11758	-2.13736985845026	TRUE
gene11759	1.43511348764878	TRUE
gene11760	0	FALSE
gene11761	0	FALSE
gene11762	0	FALSE
gene11763	0	FALSE
gene11764	0	FALSE
gene11765	-2.43248410412343	TRUE
gene11766	0	FALSE
gene11767	-2.71175276313443	TRUE
gene11768	1.86958964442601	TRUE
gene11769	0	FALSE
gene11770	0	FALSE
gene11771	0	FALSE
gene11772	0	FALSE
gene11773	0	FALSE
gene11774	0	FALSE
gene11775	0	FALSE
gene11776	0	FALSE
gene11777	0	FALSE
gene11778	0	FALSE
gene11779	0	FALSE
gene11780	0	FALSE
gene11781	0	FALSE
gene11782	0	FALSE
gene11783	1.28836308239261	TRUE
gene11784	0	FALSE
gene11785	0	FALSE
gene11786	0	FALSE
gene11787	-0.770857370691374	TRUE
gene11788	0	FALSE
gene11789	0	FALSE
gene11790	0	FALSE
gene11791	1.48583503032569	TRUE
gene11792	0	FALSE
gene11793	0	FALSE
gene11794	0	FALSE
gene11795	0	FALSE
gene11796	0	FALSE
gene11797	0	FALSE
gene11798	0	FALSE
gene11799	0	FALSE
gene11800	0	FALSE
gene11801	0	FALSE
gene11802	0	FALSE
gene11803	0	FALSE
gene11804	0	FALSE
gene11805	0	FALSE
gene11806	0	FALSE
gene11807	0	FALSE
gene11808	0	FALSE
gene11809	0	FALSE
gene11810	0	FALSE
gene11811	0	FALSE
gene11812	0	FALSE
gene11813	0	FALSE
gene11814	0	FALSE
gene11815	0	FALSE
gene11816	0	FALSE
gene11817	0	FALSE
gene11818	0	FALSE
gene11819	0	FALSE
gene11820	0	FALSE
gene11821	0	FALSE
gene11822	-1.15440942090936	TRUE
gene11823	0	FALSE
gene11824	1.95967465115245	TRUE
gene11825	0	FALSE
gene11826	0	FALSE
gene11827	0	FALSE
gene11828	0	FALSE
gene11829	0	FALSE
gene11830	0	FALSE
gene11831	0	FALSE
gene11832	0	FALSE
gene11833	0	FALSE
gene11834	1.04727672954323	TRUE
gene11835	0	FALSE
gene11836	0	FALSE
gene11837	0	FALSE
gene11838	0	FALSE
gene11839	2.9828177166637	TRUE
gene11840	0	FALSE
gene11841	0	FALSE
gene11842	0	FALSE
gene11843	2.22159155888949	TRUE
gene11844	1.35451691003982	TRUE
gene11845	0	FALSE
gene11846	0	FALSE
gene11847	0	FALSE
gene11848	0	FALSE
gene11849	0	FALSE
gene11850	0	FALSE
gene11851	0	FALSE
gene11852	0	FALSE
gene11853	2.78567779687	TRUE
gene11854	0	FALSE
gene11855	0	FALSE
gene11856	0	FALSE
gene11857	-2.10649496095721	TRUE
gene11858	-1.07797067955835	TRUE
gene11859	0	FALSE
gene11860	0	FALSE
gene11861	0	FALSE
gene11862	0	FALSE
gene11863	0	FALSE
gene11864	0	FALSE
gene11865	0	FALSE
gene11866	0	FALSE
gene11867	0	FALSE
gene11868	-1.05680782569107	TRUE
gene11869	0	FALSE
gene11870	0	FALSE
gene11871	2.84098351973807	TRUE
gene11872	0	FALSE
gene11873	0	FALSE
gene11874	0	FALSE
gene11875	0	FALSE
gene11876	0.964949140150566	TRUE
gene11877	0	FALSE
gene11878	0	FALSE
gene11879	0	FALSE
gene11880	0	FALSE
gene11881	-2.95426764007425	TRUE
gene11882	-1.96465505805099	TRUE
gene11883	-2.51390481350245	TRUE
gene11884	0	FALSE
gene11885	0	FALSE
gene11886	-2.41413402574835	TRUE
gene11887	0	FALSE
gene11888	0	FALSE
gene11889	0	FALSE
gene11890	0	FALSE
gene11891	0	FALSE
gene11892	0	FALSE
gene11893	0	FALSE
gene11894	0	FALSE
gene11895	0	FALSE
gene11896	0	FALSE
gene11897	0	FALSE
gene11898	0	FALSE
gene11899	0	FALSE
gene11900	-2.3875367649598	TRUE
gene11901	0	FALSE
gene11902	2.12311614817008	TRUE
gene11903	0	FALSE
gene11904	0	FALSE
gene11905	0	FALSE
gene11906	0	FALSE
gene11907	0	FALSE
gene11908	0	FALSE
gene11909	0	FALSE
gene11910	0	FALSE
gene11911	0	FALSE
gene11912	0.969597437710036	TRUE
gene11913	0	FALSE
gene11914	0	FALSE
gene11915	0	FALSE
gene11916	0	FALSE
gene11917	0	FALSE
gene11918	0	FALSE
gene11919	0	FALSE
gene11920	0	FALSE
gene11921	0	FALSE
gene11922	0	FALSE
gene11923	0	FALSE
gene11924	0	FALSE
gene11925	0	FALSE
gene11926	0	FALSE
gene11927	0	FALSE
gene11928	0	FALSE
gene11929	0	FALSE
gene11930	0	FALSE
gene11931	2.85851210769033	TRUE
gene11932	-2.42933499324135	TRUE
gene11933	0	FALSE
gene11934	2.46698053175351	TRUE
gene11935	0	FALSE
gene11936	0	FALSE
gene11937	0	FALSE
gene11938	0	FALSE
gene11939	0	FALSE
gene11940	-1.03318465902703	TRUE
gene11941	0	FALSE
gene11942	0	FALSE
gene11943	0	FALSE
gene11944	0	FALSE
gene11945	0	FALSE
gene11946	0	FALSE
gene11947	0	FALSE
gene11948	0	FALSE
gene11949	0	FALSE
gene11950	0	FALSE
gene11951	0	FALSE
gene11952	0	FALSE
gene11953	0	FALSE
gene11954	-1.40283660945715	TRUE
gene11955	0	FALSE
gene11956	0	FALSE
gene11957	0	FALSE
gene11958	0	FALSE
gene11959	0	FALSE
gene11960	0	FALSE
gene11961	0	FALSE
gene11962	0	FALSE
gene11963	-2.55981187010184	TRUE
gene11964	2.81223791220691	TRUE
gene11965	0	FALSE
gene11966	0	FALSE
gene11967	0	FALSE
gene11968	0	FALSE
gene11969	0	FALSE
gene11970	0	FALSE
gene11971	0	FALSE
gene11972	0	FALSE
gene11973	0	FALSE
gene11974	0	FALSE
gene11975	0	FALSE
gene11976	0	FALSE
gene11977	0	FALSE
gene11978	0	FALSE
gene11979	0	FALSE
gene11980	0	FALSE
gene11981	0	FALSE
gene11982	0	FALSE
gene11983	0	FALSE
gene11984	0	FALSE
gene11985	0	FALSE
gene11986	0	FALSE
gene11987	-2.43354708031984	TRUE
gene11988	0	FALSE
gene11989	2.78096766234376	TRUE
gene11990	0	FALSE
gene11991	0	FALSE
gene11992	0	FALSE
gene11993	0	FALSE
gene11994	0	FALSE
gene11995	0	FALSE
gene11996	0	FALSE
gene11997	0	FALSE
gene11998	0	FALSE
gene11999	2.8396804627846	TRUE
gene12000	0	FALSE
gene12001	-0.752737087430432	TRUE
gene12002	0	FALSE
gene12003	0	FALSE
gene12004	2.30377744016005	TRUE
gene12005	0	FALSE
gene12006	0	FALSE
gene12007	0	FALSE
gene12008	0	FALSE
gene12009	2.46023058879655	TRUE
gene12010	0	FALSE
gene12011	0	FALSE
gene12012	1.95072105870349	TRUE
gene12013	0	FALSE
gene12014	0	FALSE
gene12015	0	FALSE
gene12016	0	FALSE
gene12017	0	FALSE
gene12018	0	FALSE
gene12019	0	FALSE
gene12020	1.91939584503416	TRUE
gene12021	2.39772123517469	TRUE
gene12022	0	FALSE
gene12023	0	FALSE
gene12024	0	FALSE
gene12025	0	FALSE
gene12026	0	FALSE
gene12027	1.23458448622841	TRUE
gene12028	0	FALSE
gene12029	0	FALSE
gene12030	0	FALSE
gene12031	0	FALSE
gene12032	0	FALSE
gene12033	0	FALSE
gene12034	0	FALSE
gene12035	0	FALSE
gene12036	0	FALSE
gene12037	0	FALSE
gene12038	0	FALSE
gene12039	-1.07423283951357	TRUE
gene12040	0	FALSE
gene12041	0	FALSE
gene12042	0	FALSE
gene12043	0	FALSE
gene12044	0	FALSE
gene12045	0.813877818756737	TRUE
gene12046	0	FALSE
gene12047	0	FALSE
gene12048	-0.763492733007297	TRUE
gene12049	0	FALSE
gene12050	0	FALSE
gene12051	0	FALSE
gene12052	0	FALSE
gene12053	0	FALSE
gene12054	0	FALSE
gene12055	0	FALSE
gene12056	0	FALSE
gene12057	0	FALSE
gene12058	1.26862397755031	TRUE
gene12059	0	FALSE
gene12060	0	FALSE
gene12061	0	FALSE
gene12062	0	FALSE
gene12063	0	FALSE
gene12064	0	FALSE
gene12065	0	FALSE
gene12066	0	FALSE
gene12067	0	FALSE
gene12068	0	FALSE
gene12069	0	FALSE
gene12070	0	FALSE
gene12071	0	FALSE
gene12072	0	FALSE
gene12073	0	FALSE
gene12074	0	FALSE
gene12075	0	FALSE
gene12076	0	FALSE
gene12077	0	FALSE
gene12078	0	FALSE
gene12079	0	FALSE
gene12080	0	FALSE
gene12081	0	FALSE
gene12082	0	FALSE
gene12083	0	FALSE
gene12084	0	FALSE
gene12085	0	FALSE
gene12086	1.93693293852266	TRUE
gene12087	0	FALSE
gene12088	0	FALSE
gene12089	0	FALSE
gene12090	0	FALSE
gene12091	0	FALSE
gene12092	0	FALSE
gene12093	0	FALSE
gene12094	0	FALSE
gene12095	0	FALSE
gene12096	0	FALSE
gene12097	0	FALSE
gene12098	0	FALSE
gene12099	0	FALSE
gene12100	0	FALSE
gene12101	0	FALSE
gene12102	0	FALSE
gene12103	0	FALSE
gene12104	0	FALSE
gene12105	2.43051603483036	TRUE
gene12106	-1.59556635684567	TRUE
gene12107	0	FALSE
gene12108	0	FALSE
gene12109	0	FALSE
gene12110	0	FALSE
gene12111	0	FALSE
gene12112	0	FALSE
gene12113	0	FALSE
gene12114	0	FALSE
gene12115	0	FALSE
gene12116	0	FALSE
gene12117	0	FALSE
gene12118	0	FALSE
gene12119	0	FALSE
gene12120	-2.84343173430534	TRUE
gene12121	1.25092905020574	TRUE
gene12122	2.51347409264417	TRUE
gene12123	0	FALSE
gene12124	0	FALSE
gene12125	0	FALSE
gene12126	0	FALSE
gene12127	0	FALSE
gene12128	0	FALSE
gene12129	0	FALSE
gene12130	0	FALSE
gene12131	-2.91698416520376	TRUE
gene12132	2.70452993887011	TRUE
gene12133	0	FALSE
gene12134	0	FALSE
gene12135	0	FALSE
gene12136	0	FALSE
gene12137	0	FALSE
gene12138	0	FALSE
gene12139	0	FALSE
gene12140	0	FALSE
gene12141	0	FALSE
gene12142	-2.78107182320673	TRUE
gene12143	0	FALSE
gene12144	0	FALSE
gene12145	-1.23179894668283	TRUE
gene12146	0	FALSE
gene12147	0	FALSE
gene12148	0	FALSE
gene12149	0	FALSE
gene12150	0	FALSE
gene12151	0	FALSE
gene12152	0	FALSE
gene12153	0	FALSE
gene12154	0	FALSE
gene12155	0	FALSE
gene12156	0	FALSE
gene12157	0	FALSE
gene12158	0	FALSE
gene12159	1.86829202208901	TRUE
gene12160	0	FALSE
gene12161	0	FALSE
gene12162	0	FALSE
gene12163	0	FALSE
gene12164	0	FALSE
gene12165	0	FALSE
gene12166	0	FALSE
gene12167	0	FALSE
gene12168	0	FALSE
gene12169	2.62708345596911	TRUE
gene12170	0	FALSE
gene12171	0	FALSE
gene12172	0	FALSE
gene12173	0	FALSE
gene12174	0	FALSE
gene12175	0	FALSE
gene12176	0	FALSE
gene12177	0	FALSE
gene12178	0	FALSE
gene12179	0	FALSE
gene12180	0	FALSE
gene12181	0	FALSE
gene12182	0	FALSE
gene12183	0	FALSE
gene12184	0	FALSE
gene12185	0	FALSE
gene12186	0	FALSE
gene12187	0	FALSE
gene12188	2.12172464589821	TRUE
gene12189	0	FALSE
gene12190	0	FALSE
gene12191	0	FALSE
gene12192	0	FALSE
gene12193	0	FALSE
gene12194	0	FALSE
gene12195	0	FALSE
gene12196	0	FALSE
gene12197	1.44133643939858	TRUE
gene12198	0	FALSE
gene12199	0	FALSE
gene12200	-1.0622006279882	TRUE
gene12201	0	FALSE
gene12202	0	FALSE
gene12203	0	FALSE
gene12204	0	FALSE
gene12205	-1.7723566229688	TRUE
gene12206	-0.998063576873392	TRUE
gene12207	0	FALSE
gene12208	1.84087991667911	TRUE
gene12209	0	FALSE
gene12210	0	FALSE
gene12211	-1.27720562828472	TRUE
gene12212	0	FALSE
gene12213	0	FALSE
gene12214	0	FALSE
gene12215	0	FALSE
gene12216	0	FALSE
gene12217	0	FALSE
gene12218	0	FALSE
gene12219	0	FALSE
gene12220	0	FALSE
gene12221	0	FALSE
gene12222	0	FALSE
gene12223	2.08623218099819	TRUE
gene12224	0	FALSE
gene12225	0	FALSE
gene12226	0	FALSE
gene12227	0	FALSE
gene12228	2.41096523834858	TRUE
gene12229	0	FALSE
gene12230	0	FALSE
gene12231	0	FALSE
gene12232	0	FALSE
gene12233	0	FALSE
gene12234	0	FALSE
gene12235	0	FALSE
gene12236	0	FALSE
gene12237	0	FALSE
gene12238	0	FALSE
gene12239	0	FALSE
gene12240	0	FALSE
gene12241	0	FALSE
gene12242	0	FALSE
gene12243	0	FALSE
gene12244	0	FALSE
gene12245	0	FALSE
gene12246	0	FALSE
gene12247	0	FALSE
gene12248	0	FALSE
gene12249	0	FALSE
gene12250	0	FALSE
gene12251	1.98447894636774	TRUE
gene12252	0	FALSE
gene12253	0	FALSE
gene12254	0	FALSE
gene12255	0	FALSE
gene12256	0	FALSE
gene12257	1.5203760790173	TRUE
gene12258	0	FALSE
gene12259	0	FALSE
gene12260	0	FALSE
gene12261	0	FALSE
gene12262	0	FALSE
gene12263	0	FALSE
gene12264	1.7763913013041	TRUE
gene12265	1.25022308022017	TRUE
gene12266	0	FALSE
gene12267	0	FALSE
gene12268	0	FALSE
gene12269	0	FALSE
gene12270	0	FALSE
gene12271	0	FALSE
gene12272	0	FALSE
gene12273	0	FALSE
gene12274	1.09413665294414	TRUE
gene12275	0	FALSE
gene12276	1.74954257137142	TRUE
gene12277	0	FALSE
gene12278	0	FALSE
gene12279	0	FALSE
gene12280	2.5562707768986	TRUE
gene12281	0	FALSE
gene12282	0	FALSE
gene12283	-1.06076563935494	TRUE
gene12284	0	FALSE
gene12285	0	FALSE
gene12286	0	FALSE
gene12287	0	FALSE
gene12288	0	FALSE
gene12289	0	FALSE
gene12290	0	FALSE
gene12291	0	FALSE
gene12292	0	FALSE
gene12293	1.95260735886404	TRUE
gene12294	0	FALSE
gene12295	0	FALSE
gene12296	-1.60727115394548	TRUE
gene12297	-1.44399564323248	TRUE
gene12298	0	FALSE
gene12299	0	FALSE
gene12300	0	FALSE
gene12301	0	FALSE
gene12302	0	FALSE
gene12303	0	FALSE
gene12304	0	FALSE
gene12305	0	FALSE
gene12306	0	FALSE
gene12307	0	FALSE
gene12308	0	FALSE
gene12309	0	FALSE
gene12310	0	FALSE
gene12311	0	FALSE
gene12312	0	FALSE
gene12313	0	FALSE
gene12314	0	FALSE
gene12315	0	FALSE
gene12316	0	FALSE
gene12317	0	FALSE
gene12318	0	FALSE
gene12319	0	FALSE
gene12320	0	FALSE
gene12321	0	FALSE
gene12322	0	FALSE
gene12323	0	FALSE
gene12324	0	FALSE
gene12325	0	FALSE
gene12326	0	FALSE
gene12327	0	FALSE
gene12328	0	FALSE
gene12329	0	FALSE
gene12330	0	FALSE
gene12331	0	FALSE
gene12332	0	FALSE
gene12333	0	FALSE
gene12334	0	FALSE
gene12335	-2.03774448047625	TRUE
gene12336	0	FALSE
gene12337	0	FALSE
gene12338	0	FALSE
gene12339	0	FALSE
gene12340	0	FALSE
gene12341	0	FALSE
gene12342	0	FALSE
gene12343	-2.94236651156098	TRUE
gene12344	0	FALSE
gene12345	0	FALSE
gene12346	2.95278005761793	TRUE
gene12347	0	FALSE
gene12348	0	FALSE
gene12349	0	FALSE
gene12350	-1.16945559141459	TRUE
gene12351	0	FALSE
gene12352	0	FALSE
gene12353	0	FALSE
gene12354	-2.63621817663079	TRUE
gene12355	0	FALSE
gene12356	0	FALSE
gene12357	0	FALSE
gene12358	0	FALSE
gene12359	0	FALSE
gene12360	0	FALSE
gene12361	0	FALSE
gene12362	0	FALSE
gene12363	0	FALSE
gene12364	0	FALSE
gene12365	0	FALSE
gene12366	2.25424828345422	TRUE
gene12367	0	FALSE
gene12368	0	FALSE
gene12369	0	FALSE
gene12370	0	FALSE
gene12371	0	FALSE
gene12372	2.41300814651186	TRUE
gene12373	0	FALSE
gene12374	0	FALSE
gene12375	0	FALSE
gene12376	0	FALSE
gene12377	0	FALSE
gene12378	0	FALSE
gene12379	0	FALSE
gene12380	0	FALSE
gene12381	0	FALSE
gene12382	2.86750860238681	TRUE
gene12383	0	FALSE
gene12384	0	FALSE
gene12385	0	FALSE
gene12386	0	FALSE
gene12387	0	FALSE
gene12388	0	FALSE
gene12389	0	FALSE
gene12390	0	FALSE
gene12391	0	FALSE
gene12392	0	FALSE
gene12393	0	FALSE
gene12394	0	FALSE
gene12395	0	FALSE
gene12396	0	FALSE
gene12397	0	FALSE
gene12398	0	FALSE
gene12399	0	FALSE
gene12400	0	FALSE
gene12401	0	FALSE
gene12402	0	FALSE
gene12403	0	FALSE
gene12404	0	FALSE
gene12405	0	FALSE
gene12406	0	FALSE
gene12407	0	FALSE
gene12408	0	FALSE
gene12409	0	FALSE
gene12410	1.00183252320858	TRUE
gene12411	0	FALSE
gene12412	0	FALSE
gene12413	0	FALSE
gene12414	0	FALSE
gene12415	0	FALSE
gene12416	0	FALSE
gene12417	2.60791495232843	TRUE
gene12418	0	FALSE
gene12419	0	FALSE
gene12420	0	FALSE
gene12421	0	FALSE
gene12422	0	FALSE
gene12423	0	FALSE
gene12424	0	FALSE
gene12425	0	FALSE
gene12426	0	FALSE
gene12427	0	FALSE
gene12428	1.86807205789955	TRUE
gene12429	0	FALSE
gene12430	0	FALSE
gene12431	0	FALSE
gene12432	0	FALSE
gene12433	0	FALSE
gene12434	0	FALSE
gene12435	-1.8239821785246	TRUE
gene12436	0	FALSE
gene12437	0	FALSE
gene12438	0	FALSE
gene12439	0	FALSE
gene12440	0	FALSE
gene12441	0	FALSE
gene12442	0	FALSE
gene12443	0	FALSE
gene12444	0	FALSE
gene12445	0	FALSE
gene12446	0	FALSE
gene12447	1.98883869900601	TRUE
gene12448	0	FALSE
gene12449	0	FALSE
gene12450	0	FALSE
gene12451	0	FALSE
gene12452	0	FALSE
gene12453	0	FALSE
gene12454	0	FALSE
gene12455	0	FALSE
gene12456	0	FALSE
gene12457	0	FALSE
gene12458	0	FALSE
gene12459	0	FALSE
gene12460	0	FALSE
gene12461	0	FALSE
gene12462	0	FALSE
gene12463	-2.80301457492169	TRUE
gene12464	0	FALSE
gene12465	0	FALSE
gene12466	0	FALSE
gene12467	0	FALSE
gene12468	0	FALSE
gene12469	0	FALSE
gene12470	0	FALSE
gene12471	0	FALSE
gene12472	0.829723241971806	TRUE
gene12473	0	FALSE
gene12474	0	FALSE
gene12475	0	FALSE
gene12476	1.88437009707559	TRUE
gene12477	0	FALSE
gene12478	0	FALSE
gene12479	0	FALSE
gene12480	1.83204622421181	TRUE
gene12481	0	FALSE
gene12482	0	FALSE
gene12483	0	FALSE
gene12484	0	FALSE
gene12485	0	FALSE
gene12486	0	FALSE
gene12487	0	FALSE
gene12488	0	FALSE
gene12489	0	FALSE
gene12490	0	FALSE
gene12491	0	FALSE
gene12492	0	FALSE
gene12493	0	FALSE
gene12494	0	FALSE
gene12495	0	FALSE
gene12496	0	FALSE
gene12497	0	FALSE
gene12498	0	FALSE
gene12499	-1.98911099822726	TRUE
gene12500	0	FALSE
gene12501	0	FALSE
gene12502	0	FALSE
gene12503	0	FALSE
gene12504	0	FALSE
gene12505	0	FALSE
gene12506	0	FALSE
gene12507	0	FALSE
gene12508	0	FALSE
gene12509	0	FALSE
gene12510	0	FALSE
gene12511	0	FALSE
gene12512	0	FALSE
gene12513	0	FALSE
gene12514	0	FALSE
gene12515	0	FALSE
gene12516	0	FALSE
gene12517	0	FALSE
gene12518	0	FALSE
gene12519	0	FALSE
gene12520	0	FALSE
gene12521	0	FALSE
gene12522	0	FALSE
gene12523	0	FALSE
gene12524	0	FALSE
gene12525	0	FALSE
gene12526	0	FALSE
gene12527	0	FALSE
gene12528	0	FALSE
gene12529	0	FALSE
gene12530	0	FALSE
gene12531	0	FALSE
gene12532	-1.67191609233851	TRUE
gene12533	0	FALSE
gene12534	1.65036716015311	TRUE
gene12535	0	FALSE
gene12536	0	FALSE
gene12537	1.19165315455757	TRUE
gene12538	0	FALSE
gene12539	0	FALSE
gene12540	-1.97007294319337	TRUE
gene12541	0	FALSE
gene12542	0	FALSE
gene12543	0	FALSE
gene12544	0	FALSE
gene12545	0	FALSE
gene12546	0	FALSE
gene12547	2.38782784121577	TRUE
gene12548	0	FALSE
gene12549	0	FALSE
gene12550	2.82373956759693	TRUE
gene12551	0	FALSE
gene12552	0	FALSE
gene12553	-1.82535924192052	TRUE
gene12554	0	FALSE
gene12555	0	FALSE
gene12556	0	FALSE
gene12557	0.950886137550697	TRUE
gene12558	0	FALSE
gene12559	0	FALSE
gene12560	0	FALSE
gene12561	0	FALSE
gene12562	0	FALSE
gene12563	0	FALSE
gene12564	2.14147669816157	TRUE
gene12565	0	FALSE
gene12566	-2.08814315486234	TRUE
gene12567	0.905185832642019	TRUE
gene12568	0	FALSE
gene12569	0	FALSE
gene12570	0	FALSE
gene12571	1.83448013715679	TRUE
gene12572	0	FALSE
gene12573	0	FALSE
gene12574	0	FALSE
gene12575	1.40610819251742	TRUE
gene12576	2.64314966741949	TRUE
gene12577	1.06262454169337	TRUE
gene12578	1.22420797927771	TRUE
gene12579	0	FALSE
gene12580	0	FALSE
gene12581	0	FALSE
gene12582	0	FALSE
gene12583	0	FALSE
gene12584	0	FALSE
gene12585	0.969834196614102	TRUE
gene12586	0	FALSE
gene12587	0	FALSE
gene12588	0	FALSE
gene12589	0	FALSE
gene12590	0	FALSE
gene12591	0	FALSE
gene12592	0	FALSE
gene12593	-1.73409668414388	TRUE
gene12594	0	FALSE
gene12595	0	FALSE
gene12596	0	FALSE
gene12597	0	FALSE
gene12598	0	FALSE
gene12599	0	FALSE
gene12600	0	FALSE
gene12601	1.55075700266752	TRUE
gene12602	0	FALSE
gene12603	0	FALSE
gene12604	0	FALSE
gene12605	0	FALSE
gene12606	0	FALSE
gene12607	0	FALSE
gene12608	0	FALSE
gene12609	0	FALSE
gene12610	0	FALSE
gene12611	0	FALSE
gene12612	0	FALSE
gene12613	0	FALSE
gene12614	0	FALSE
gene12615	0	FALSE
gene12616	0	FALSE
gene12617	0	FALSE
gene12618	0	FALSE
gene12619	0	FALSE
gene12620	0	FALSE
gene12621	0	FALSE
gene12622	0	FALSE
gene12623	0	FALSE
gene12624	0	FALSE
gene12625	0	FALSE
gene12626	0	FALSE
gene12627	0	FALSE
gene12628	0	FALSE
gene12629	0	FALSE
gene12630	0	FALSE
gene12631	0	FALSE
gene12632	0	FALSE
gene12633	0	FALSE
gene12634	0	FALSE
gene12635	0	FALSE
gene12636	0	FALSE
gene12637	0	FALSE
gene12638	0	FALSE
gene12639	0	FALSE
gene12640	0	FALSE
gene12641	-1.58137726056157	TRUE
gene12642	0	FALSE
gene12643	0	FALSE
gene12644	0	FALSE
gene12645	0	FALSE
gene12646	0	FALSE
gene12647	0	FALSE
gene12648	0	FALSE
gene12649	0	FALSE
gene12650	0	FALSE
gene12651	0	FALSE
gene12652	0	FALSE
gene12653	0	FALSE
gene12654	0	FALSE
gene12655	0	FALSE
gene12656	0	FALSE
gene12657	0	FALSE
gene12658	0	FALSE
gene12659	0	FALSE
gene12660	0	FALSE
gene12661	0	FALSE
gene12662	0	FALSE
gene12663	0	FALSE
gene12664	0	FALSE
gene12665	0	FALSE
gene12666	0	FALSE
gene12667	0	FALSE
gene12668	0	FALSE
gene12669	0	FALSE
gene12670	0	FALSE
gene12671	0	FALSE
gene12672	0	FALSE
gene12673	0	FALSE
gene12674	0	FALSE
gene12675	0	FALSE
gene12676	0	FALSE
gene12677	0	FALSE
gene12678	0	FALSE
gene12679	0	FALSE
gene12680	-2.36980539205251	TRUE
gene12681	-2.98468343244167	TRUE
gene12682	0	FALSE
gene12683	0	FALSE
gene12684	0	FALSE
gene12685	0	FALSE
gene12686	0	FALSE
gene12687	0	FALSE
gene12688	0	FALSE
gene12689	0	FALSE
gene12690	0	FALSE
gene12691	0	FALSE
gene12692	0	FALSE
gene12693	0	FALSE
gene12694	0	FALSE
gene12695	0	FALSE
gene12696	0	FALSE
gene12697	0	FALSE
gene12698	-2.16565175709547	TRUE
gene12699	0	FALSE
gene12700	0	FALSE
gene12701	0	FALSE
gene12702	0	FALSE
gene12703	0	FALSE
gene12704	0	FALSE
gene12705	0	FALSE
gene12706	0	FALSE
gene12707	1.26237088290509	TRUE
gene12708	0	FALSE
gene12709	0	FALSE
gene12710	0	FALSE
gene12711	0	FALSE
gene12712	-1.33861956355395	TRUE
gene12713	0	FALSE
gene12714	0	FALSE
gene12715	0	FALSE
gene12716	0	FALSE
gene12717	0	FALSE
gene12718	0	FALSE
gene12719	0	FALSE
gene12720	-0.8218180333497	TRUE
gene12721	0	FALSE
gene12722	0	FALSE
gene12723	0	FALSE
gene12724	0	FALSE
gene12725	0	FALSE
gene12726	-2.67830105591565	TRUE
gene12727	0	FALSE
gene12728	0	FALSE
gene12729	0	FALSE
gene12730	0	FALSE
gene12731	0	FALSE
gene12732	0	FALSE
gene12733	0	FALSE
gene12734	2.90686681831721	TRUE
gene12735	0	FALSE
gene12736	0	FALSE
gene12737	0	FALSE
gene12738	0	FALSE
gene12739	0	FALSE
gene12740	0	FALSE
gene12741	0	FALSE
gene12742	0	FALSE
gene12743	0	FALSE
gene12744	0	FALSE
gene12745	0	FALSE
gene12746	0	FALSE
gene12747	0	FALSE
gene12748	0	FALSE
gene12749	0	FALSE
gene12750	0	FALSE
gene12751	0	FALSE
gene12752	0	FALSE
gene12753	0	FALSE
gene12754	0	FALSE
gene12755	0	FALSE
gene12756	0	FALSE
gene12757	0	FALSE
gene12758	0	FALSE
gene12759	1.55064375058282	TRUE
gene12760	0	FALSE
gene12761	0	FALSE
gene12762	0	FALSE
gene12763	0	FALSE
gene12764	0	FALSE
gene12765	0	FALSE
gene12766	0	FALSE
gene12767	0	FALSE
gene12768	0	FALSE
gene12769	0	FALSE
gene12770	0	FALSE
gene12771	0	FALSE
gene12772	1.96000985917635	TRUE
gene12773	0	FALSE
gene12774	0	FALSE
gene12775	0	FALSE
gene12776	0	FALSE
gene12777	0	FALSE
gene12778	0	FALSE
gene12779	0	FALSE
gene12780	0	FALSE
gene12781	2.2781258613104	TRUE
gene12782	0	FALSE
gene12783	0	FALSE
gene12784	-2.90912557725096	TRUE
gene12785	0	FALSE
gene12786	1.49303519254318	TRUE
gene12787	0	FALSE
gene12788	0	FALSE
gene12789	-2.17625167005463	TRUE
gene12790	0	FALSE
gene12791	0	FALSE
gene12792	0	FALSE
gene12793	0	FALSE
gene12794	-2.51779992424417	TRUE
gene12795	0	FALSE
gene12796	0	FALSE
gene12797	0	FALSE
gene12798	-1.93510845385026	TRUE
gene12799	0	FALSE
gene12800	0	FALSE
gene12801	0	FALSE
gene12802	2.38541946531041	TRUE
gene12803	0	FALSE
gene12804	0	FALSE
gene12805	0	FALSE
gene12806	0	FALSE
gene12807	0	FALSE
gene12808	0	FALSE
gene12809	0	FALSE
gene12810	0	FALSE
gene12811	0	FALSE
gene12812	0	FALSE
gene12813	0	FALSE
gene12814	0	FALSE
gene12815	0	FALSE
gene12816	0	FALSE
gene12817	0	FALSE
gene12818	0	FALSE
gene12819	0	FALSE
gene12820	0	FALSE
gene12821	-1.7021012948826	TRUE
gene12822	0	FALSE
gene12823	0	FALSE
gene12824	2.75387356686406	TRUE
gene12825	2.00217386480654	TRUE
gene12826	0	FALSE
gene12827	0	FALSE
gene12828	0	FALSE
gene12829	0	FALSE
gene12830	0	FALSE
gene12831	0	FALSE
gene12832	0	FALSE
gene12833	0	FALSE
gene12834	0	FALSE
gene12835	0	FALSE
gene12836	0	FALSE
gene12837	0	FALSE
gene12838	0	FALSE
gene12839	0	FALSE
gene12840	0	FALSE
gene12841	0	FALSE
gene12842	0	FALSE
gene12843	0	FALSE
gene12844	0	FALSE
gene12845	2.7428271813551	TRUE
gene12846	1.53652602044167	TRUE
gene12847	0	FALSE
gene12848	0	FALSE
gene12849	0	FALSE
gene12850	0	FALSE
gene12851	0	FALSE
gene12852	0	FALSE
gene12853	0	FALSE
gene12854	0	FALSE
gene12855	0	FALSE
gene12856	0	FALSE
gene12857	0	FALSE
gene12858	0	FALSE
gene12859	0	FALSE
gene12860	0	FALSE
gene12861	0	FALSE
gene12862	0	FALSE
gene12863	1.23682125995401	TRUE
gene12864	0	FALSE
gene12865	0	FALSE
gene12866	0	FALSE
gene12867	-2.3304498604266	TRUE
gene12868	0	FALSE
gene12869	0	FALSE
gene12870	-2.16787380905589	TRUE
gene12871	0	FALSE
gene12872	0	FALSE
gene12873	0	FALSE
gene12874	0	FALSE
gene12875	0	FALSE
gene12876	0	FALSE
gene12877	0	FALSE
gene12878	1.91718517412664	TRUE
gene12879	0	FALSE
gene12880	0	FALSE
gene12881	0	FALSE
gene12882	0	FALSE
gene12883	1.05563667265233	TRUE
gene12884	0	FALSE
gene12885	0	FALSE
gene12886	0	FALSE
gene12887	0	FALSE
gene12888	0	FALSE
gene12889	0	FALSE
gene12890	0	FALSE
gene12891	0	FALSE
gene12892	0	FALSE
gene12893	0	FALSE
gene12894	0	FALSE
gene12895	0	FALSE
gene12896	0	FALSE
gene12897	2.01187078590738	TRUE
gene12898	0	FALSE
gene12899	0	FALSE
gene12900	0	FALSE
gene12901	0	FALSE
gene12902	0	FALSE
gene12903	0	FALSE
gene12904	0	FALSE
gene12905	0	FALSE
gene12906	0	FALSE
gene12907	0	FALSE
gene12908	0	FALSE
gene12909	0	FALSE
gene12910	0	FALSE
gene12911	0	FALSE
gene12912	0	FALSE
gene12913	0	FALSE
gene12914	0	FALSE
gene12915	1.01556041103322	TRUE
gene12916	0	FALSE
gene12917	0	FALSE
gene12918	-1.04689506848808	TRUE
gene12919	0	FALSE
gene12920	0	FALSE
gene12921	0	FALSE
gene12922	0	FALSE
gene12923	0	FALSE
gene12924	1.50641850137617	TRUE
gene12925	0	FALSE
gene12926	0	FALSE
gene12927	0	FALSE
gene12928	0	FALSE
gene12929	0	FALSE
gene12930	0	FALSE
gene12931	0	FALSE
gene12932	0	FALSE
gene12933	0	FALSE
gene12934	0	FALSE
gene12935	0	FALSE
gene12936	0	FALSE
gene12937	0	FALSE
gene12938	0	FALSE
gene12939	0	FALSE
gene12940	0	FALSE
gene12941	0	FALSE
gene12942	2.12166237621568	TRUE
gene12943	0	FALSE
gene12944	0	FALSE
gene12945	-1.64582250482636	TRUE
gene12946	0	FALSE
gene12947	0	FALSE
gene12948	0	FALSE
gene12949	-2.93056674697436	TRUE
gene12950	0	FALSE
gene12951	0	FALSE
gene12952	0	FALSE
gene12953	1.68055404222105	TRUE
gene12954	0	FALSE
gene12955	0	FALSE
gene12956	0	FALSE
gene12957	0	FALSE
gene12958	0.882575914962217	TRUE
gene12959	-2.86318203317933	TRUE
gene12960	0	FALSE
gene12961	0	FALSE
gene12962	0	FALSE
gene12963	0	FALSE
gene12964	-2.09228604461532	TRUE
gene12965	0	FALSE
gene12966	2.20113496051636	TRUE
gene12967	0	FALSE
gene12968	0	FALSE
gene12969	0	FALSE
gene12970	0	FALSE
gene12971	0	FALSE
gene12972	0	FALSE
gene12973	0	FALSE
gene12974	0	FALSE
gene12975	0	FALSE
gene12976	2.58779583242722	TRUE
gene12977	0	FALSE
gene12978	0	FALSE
gene12979	0	FALSE
gene12980	0	FALSE
gene12981	0	FALSE
gene12982	0	FALSE
gene12983	0	FALSE
gene12984	0	FALSE
gene12985	0	FALSE
gene12986	0	FALSE
gene12987	0	FALSE
gene12988	0	FALSE
gene12989	0	FALSE
gene12990	0	FALSE
gene12991	0	FALSE
gene12992	0	FALSE
gene12993	0	FALSE
gene12994	0	FALSE
gene12995	0	FALSE
gene12996	0	FALSE
gene12997	0	FALSE
gene12998	0	FALSE
gene12999	-2.29158418660518	TRUE
gene13000	0	FALSE
gene13001	1.46237556065898	TRUE
gene13002	0	FALSE
gene13003	0	FALSE
gene13004	0	FALSE
gene13005	0	FALSE
gene13006	-2.88334320718423	TRUE
gene13007	-2.07323636178626	TRUE
gene13008	0	FALSE
gene13009	0	FALSE
gene13010	0	FALSE
gene13011	0	FALSE
gene13012	0	FALSE
gene13013	0	FALSE
gene13014	1.59657179022906	TRUE
gene13015	0	FALSE
gene13016	0	FALSE
gene13017	0	FALSE
gene13018	0	FALSE
gene13019	0	FALSE
gene13020	0	FALSE
gene13021	0	FALSE
gene13022	1.06038013938814	TRUE
gene13023	0	FALSE
gene13024	0	FALSE
gene13025	0	FALSE
gene13026	0	FALSE
gene13027	0	FALSE
gene13028	0	FALSE
gene13029	0	FALSE
gene13030	0	FALSE
gene13031	1.3580212747911	TRUE
gene13032	0	FALSE
gene13033	0	FALSE
gene13034	0	FALSE
gene13035	0	FALSE
gene13036	0	FALSE
gene13037	0	FALSE
gene13038	0	FALSE
gene13039	-2.09406973351724	TRUE
gene13040	0	FALSE
gene13041	0	FALSE
gene13042	0	FALSE
gene13043	0	FALSE
gene13044	0	FALSE
gene13045	0	FALSE
gene13046	0	FALSE
gene13047	0	FALSE
gene13048	0	FALSE
gene13049	0	FALSE
gene13050	0	FALSE
gene13051	0	FALSE
gene13052	0	FALSE
gene13053	-2.02562008373206	TRUE
gene13054	0	FALSE
gene13055	0	FALSE
gene13056	0	FALSE
gene13057	0	FALSE
gene13058	0	FALSE
gene13059	0	FALSE
gene13060	0	FALSE
gene13061	0	FALSE
gene13062	0	FALSE
gene13063	0	FALSE
gene13064	0	FALSE
gene13065	0	FALSE
gene13066	0	FALSE
gene13067	0	FALSE
gene13068	0	FALSE
gene13069	0	FALSE
gene13070	2.52450911176857	TRUE
gene13071	0	FALSE
gene13072	0	FALSE
gene13073	-1.15431495686062	TRUE
gene13074	-1.09228121337947	TRUE
gene13075	0	FALSE
gene13076	0	FALSE
gene13077	0	FALSE
gene13078	0	FALSE
gene13079	0	FALSE
gene13080	0	FALSE
gene13081	0	FALSE
gene13082	0	FALSE
gene13083	0	FALSE
gene13084	0	FALSE
gene13085	0	FALSE
gene13086	0	FALSE
gene13087	0	FALSE
gene13088	0	FALSE
gene13089	1.2682133334456	TRUE
gene13090	0	FALSE
gene13091	0	FALSE
gene13092	0	FALSE
gene13093	0	FALSE
gene13094	0	FALSE
gene13095	0	FALSE
gene13096	0	FALSE
gene13097	-1.22672885342035	TRUE
gene13098	0	FALSE
gene13099	0	FALSE
gene13100	0	FALSE
gene13101	1.7081959930365	TRUE
gene13102	0	FALSE
gene13103	0	FALSE
gene13104	-2.55368196690688	TRUE
gene13105	0	FALSE
gene13106	0	FALSE
gene13107	2.78169299504953	TRUE
gene13108	0	FALSE
gene13109	-2.02220464625861	TRUE
gene13110	0	FALSE
gene13111	0	FALSE
gene13112	0	FALSE
gene13113	0	FALSE
gene13114	0	FALSE
gene13115	0	FALSE
gene13116	0	FALSE
gene13117	0	FALSE
gene13118	0	FALSE
gene13119	-1.71262935135746	TRUE
gene13120	0	FALSE
gene13121	0	FALSE
gene13122	0	FALSE
gene13123	0	FALSE
gene13124	0	FALSE
gene13125	1.41406536055729	TRUE
gene13126	0	FALSE
gene13127	0	FALSE
gene13128	0	FALSE
gene13129	0	FALSE
gene13130	-2.61201762099518	TRUE
gene13131	0	FALSE
gene13132	0	FALSE
gene13133	0	FALSE
gene13134	2.83911510079633	TRUE
gene13135	0	FALSE
gene13136	0	FALSE
gene13137	0	FALSE
gene13138	0	FALSE
gene13139	-2.32037537073484	TRUE
gene13140	-2.94767640478676	TRUE
gene13141	0	FALSE
gene13142	0	FALSE
gene13143	0	FALSE
gene13144	0	FALSE
gene13145	-2.60275130812079	TRUE
gene13146	0	FALSE
gene13147	0	FALSE
gene13148	0	FALSE
gene13149	0	FALSE
gene13150	0	FALSE
gene13151	0	FALSE
gene13152	0	FALSE
gene13153	0	FALSE
gene13154	0	FALSE
gene13155	0	FALSE
gene13156	0	FALSE
gene13157	0	FALSE
gene13158	0	FALSE
gene13159	0	FALSE
gene13160	0	FALSE
gene13161	0	FALSE
gene13162	0	FALSE
gene13163	0	FALSE
gene13164	0	FALSE
gene13165	0	FALSE
gene13166	0	FALSE
gene13167	0	FALSE
gene13168	-1.83417437842581	TRUE
gene13169	-2.52656786120497	TRUE
gene13170	0	FALSE
gene13171	0	FALSE
gene13172	2.06235268892488	TRUE
gene13173	0	FALSE
gene13174	-2.90696244325954	TRUE
gene13175	0	FALSE
gene13176	0	FALSE
gene13177	0	FALSE
gene13178	0	FALSE
gene13179	0	FALSE
gene13180	0	FALSE
gene13181	0	FALSE
gene13182	0	FALSE
gene13183	0	FALSE
gene13184	0	FALSE
gene13185	0	FALSE
gene13186	0	FALSE
gene13187	0	FALSE
gene13188	-0.781713325122837	TRUE
gene13189	0	FALSE
gene13190	0	FALSE
gene13191	0	FALSE
gene13192	0	FALSE
gene13193	0	FALSE
gene13194	0	FALSE
gene13195	0.901831442140974	TRUE
gene13196	0	FALSE
gene13197	0	FALSE
gene13198	0	FALSE
gene13199	0	FALSE
gene13200	-1.78333044057945	TRUE
gene13201	0	FALSE
gene13202	0	FALSE
gene13203	0	FALSE
gene13204	0	FALSE
gene13205	0	FALSE
gene13206	0	FALSE
gene13207	0	FALSE
gene13208	0	FALSE
gene13209	0	FALSE
gene13210	0	FALSE
gene13211	0	FALSE
gene13212	1.4342299135169	TRUE
gene13213	2.00344418833265	TRUE
gene13214	0	FALSE
gene13215	0	FALSE
gene13216	0	FALSE
gene13217	0	FALSE
gene13218	0	FALSE
gene13219	-1.35302495746873	TRUE
gene13220	0	FALSE
gene13221	0	FALSE
gene13222	0	FALSE
gene13223	0	FALSE
gene13224	0	FALSE
gene13225	0	FALSE
gene13226	0	FALSE
gene13227	0	FALSE
gene13228	1.48721514316276	TRUE
gene13229	0	FALSE
gene13230	0	FALSE
gene13231	0	FALSE
gene13232	0	FALSE
gene13233	0	FALSE
gene13234	0	FALSE
gene13235	0	FALSE
gene13236	0	FALSE
gene13237	0	FALSE
gene13238	0	FALSE
gene13239	0	FALSE
gene13240	-1.63092803786276	TRUE
gene13241	0	FALSE
gene13242	0	FALSE
gene13243	0	FALSE
gene13244	0	FALSE
gene13245	0	FALSE
gene13246	0	FALSE
gene13247	0	FALSE
gene13248	0	FALSE
gene13249	0	FALSE
gene13250	0	FALSE
gene13251	0	FALSE
gene13252	0	FALSE
gene13253	0	FALSE
gene13254	0	FALSE
gene13255	0	FALSE
gene13256	-1.06972045975272	TRUE
gene13257	0	FALSE
gene13258	0	FALSE
gene13259	0	FALSE
gene13260	1.71232223894913	TRUE
gene13261	0	FALSE
gene13262	-1.67867861496052	TRUE
gene13263	0	FALSE
gene13264	0	FALSE
gene13265	0	FALSE
gene13266	0	FALSE
gene13267	0	FALSE
gene13268	0	FALSE
gene13269	0	FALSE
gene13270	0	FALSE
gene13271	0	FALSE
gene13272	-1.13459404651076	TRUE
gene13273	0	FALSE
gene13274	0	FALSE
gene13275	0	FALSE
gene13276	0	FALSE
gene13277	0	FALSE
gene13278	0	FALSE
gene13279	0	FALSE
gene13280	0	FALSE
gene13281	0	FALSE
gene13282	0	FALSE
gene13283	0	FALSE
gene13284	2.32333057362121	TRUE
gene13285	0	FALSE
gene13286	0	FALSE
gene13287	0	FALSE
gene13288	0	FALSE
gene13289	0	FALSE
gene13290	0	FALSE
gene13291	0	FALSE
gene13292	0	FALSE
gene13293	0	FALSE
gene13294	0	FALSE
gene13295	0	FALSE
gene13296	0	FALSE
gene13297	0	FALSE
gene13298	0	FALSE
gene13299	1.15710615209537	TRUE
gene13300	2.03239875147119	TRUE
gene13301	0	FALSE
gene13302	0	FALSE
gene13303	1.43142564146547	TRUE
gene13304	1.00114986067638	TRUE
gene13305	0	FALSE
gene13306	-1.44919477851363	TRUE
gene13307	0	FALSE
gene13308	0	FALSE
gene13309	0	FALSE
gene13310	2.24432633235119	TRUE
gene13311	0	FALSE
gene13312	0	FALSE
gene13313	0	FALSE
gene13314	0	FALSE
gene13315	0	FALSE
gene13316	0.798556919849943	TRUE
gene13317	0	FALSE
gene13318	2.32347534480505	TRUE
gene13319	0	FALSE
gene13320	0	FALSE
gene13321	0	FALSE
gene13322	0	FALSE
gene13323	0	FALSE
gene13324	0	FALSE
gene13325	0	FALSE
gene13326	0	FALSE
gene13327	0	FALSE
gene13328	0	FALSE
gene13329	0	FALSE
gene13330	0	FALSE
gene13331	0	FALSE
gene13332	0	FALSE
gene13333	0	FALSE
gene13334	0	FALSE
gene13335	0	FALSE
gene13336	0	FALSE
gene13337	0	FALSE
gene13338	0	FALSE
gene13339	2.36047775874613	TRUE
gene13340	0	FALSE
gene13341	0	FALSE
gene13342	0	FALSE
gene13343	0	FALSE
gene13344	0	FALSE
gene13345	0	FALSE
gene13346	0	FALSE
gene13347	0	FALSE
gene13348	-2.8483270528377	TRUE
gene13349	0	FALSE
gene13350	0	FALSE
gene13351	0	FALSE
gene13352	0	FALSE
gene13353	-1.29391343146563	TRUE
gene13354	0	FALSE
gene13355	0	FALSE
gene13356	0	FALSE
gene13357	0	FALSE
gene13358	0	FALSE
gene13359	0	FALSE
gene13360	0	FALSE
gene13361	0	FALSE
gene13362	0	FALSE
gene13363	0	FALSE
gene13364	0	FALSE
gene13365	0	FALSE
gene13366	0	FALSE
gene13367	0	FALSE
gene13368	0	FALSE
gene13369	0	FALSE
gene13370	0	FALSE
gene13371	1.8824404362822	TRUE
gene13372	0	FALSE
gene13373	0	FALSE
gene13374	0	FALSE
gene13375	0	FALSE
gene13376	0	FALSE
gene13377	0	FALSE
gene13378	1.39867698418675	TRUE
gene13379	0	FALSE
gene13380	0	FALSE
gene13381	0	FALSE
gene13382	2.51203029463068	TRUE
gene13383	0	FALSE
gene13384	0	FALSE
gene13385	0	FALSE
gene13386	0	FALSE
gene13387	0	FALSE
gene13388	0	FALSE
gene13389	0	FALSE
gene13390	-0.862301021581516	TRUE
gene13391	0	FALSE
gene13392	0	FALSE
gene13393	0	FALSE
gene13394	0	FALSE
gene13395	0	FALSE
gene13396	0	FALSE
gene13397	0	FALSE
gene13398	0	FALSE
gene13399	0	FALSE
gene13400	0	FALSE
gene13401	0	FALSE
gene13402	0	FALSE
gene13403	-2.86302368383622	TRUE
gene13404	0	FALSE
gene13405	0	FALSE
gene13406	0	FALSE
gene13407	0	FALSE
gene13408	0	FALSE
gene13409	0	FALSE
gene13410	0	FALSE
gene13411	-2.41099544463214	TRUE
gene13412	0	FALSE
gene13413	0	FALSE
gene13414	0	FALSE
gene13415	0	FALSE
gene13416	0	FALSE
gene13417	0	FALSE
gene13418	0	FALSE
gene13419	0	FALSE
gene13420	0	FALSE
gene13421	0	FALSE
gene13422	0	FALSE
gene13423	0	FALSE
gene13424	0	FALSE
gene13425	0	FALSE
gene13426	0	FALSE
gene13427	0	FALSE
gene13428	0	FALSE
gene13429	0	FALSE
gene13430	0	FALSE
gene13431	0	FALSE
gene13432	0	FALSE
gene13433	0	FALSE
gene13434	0	FALSE
gene13435	0	FALSE
gene13436	0	FALSE
gene13437	0	FALSE
gene13438	0	FALSE
gene13439	0	FALSE
gene13440	0	FALSE
gene13441	0	FALSE
gene13442	0	FALSE
gene13443	0	FALSE
gene13444	0	FALSE
gene13445	0	FALSE
gene13446	0	FALSE
gene13447	0	FALSE
gene13448	0	FALSE
gene13449	0	FALSE
gene13450	0.996093926543836	TRUE
gene13451	0	FALSE
gene13452	0	FALSE
gene13453	0	FALSE
gene13454	0	FALSE
gene13455	0	FALSE
gene13456	0	FALSE
gene13457	0	FALSE
gene13458	0	FALSE
gene13459	0	FALSE
gene13460	0	FALSE
gene13461	0	FALSE
gene13462	0	FALSE
gene13463	0	FALSE
gene13464	0	FALSE
gene13465	0	FALSE
gene13466	0	FALSE
gene13467	0	FALSE
gene13468	0	FALSE
gene13469	0	FALSE
gene13470	0	FALSE
gene13471	0	FALSE
gene13472	0	FALSE
gene13473	0	FALSE
gene13474	0	FALSE
gene13475	0	FALSE
gene13476	-2.34633856255095	TRUE
gene13477	0	FALSE
gene13478	0	FALSE
gene13479	0	FALSE
gene13480	0	FALSE
gene13481	0	FALSE
gene13482	0	FALSE
gene13483	0	FALSE
gene13484	0	FALSE
gene13485	0	FALSE
gene13486	0	FALSE
gene13487	0	FALSE
gene13488	0	FALSE
gene13489	0	FALSE
gene13490	0	FALSE
gene13491	0	FALSE
gene13492	0	FALSE
gene13493	1.34635456453543	TRUE
gene13494	-1.1596765339491	TRUE
gene13495	-1.6554976439802	TRUE
gene13496	1.40271183644654	TRUE
gene13497	0	FALSE
gene13498	0	FALSE
gene13499	0	FALSE
gene13500	0	FALSE
gene13501	0	FALSE
gene13502	0	FALSE
gene13503	0	FALSE
gene13504	0	FALSE
gene13505	0	FALSE
gene13506	0	FALSE
gene13507	1.4868754602503	TRUE
gene13508	0	FALSE
gene13509	0	FALSE
gene13510	1.34420016029617	TRUE
gene13511	0	FALSE
gene13512	0	FALSE
gene13513	0	FALSE
gene13514	0	FALSE
gene13515	2.7086427747854	TRUE
gene13516	0	FALSE
gene13517	0	FALSE
gene13518	0	FALSE
gene13519	0	FALSE
gene13520	0	FALSE
gene13521	0	FALSE
gene13522	0	FALSE
gene13523	0	FALSE
gene13524	0	FALSE
gene13525	0	FALSE
gene13526	0	FALSE
gene13527	0	FALSE
gene13528	0	FALSE
gene13529	0	FALSE
gene13530	0	FALSE
gene13531	-1.96080310887191	TRUE
gene13532	0	FALSE
gene13533	-2.57270272169262	TRUE
gene13534	0	FALSE
gene13535	0	FALSE
gene13536	0	FALSE
gene13537	0	FALSE
gene13538	0	FALSE
gene13539	0	FALSE
gene13540	0	FALSE
gene13541	0	FALSE
gene13542	0	FALSE
gene13543	-1.64449079014594	TRUE
gene13544	0	FALSE
gene13545	1.03824500727933	TRUE
gene13546	0	FALSE
gene13547	0	FALSE
gene13548	1.70255753601668	TRUE
gene13549	0	FALSE
gene13550	0	FALSE
gene13551	0	FALSE
gene13552	-2.39615393453278	TRUE
gene13553	0	FALSE
gene13554	0	FALSE
gene13555	0	FALSE
gene13556	-0.849954185890965	TRUE
gene13557	2.93597247207072	TRUE
gene13558	0	FALSE
gene13559	0	FALSE
gene13560	0	FALSE
gene13561	0	FALSE
gene13562	2.21325036871713	TRUE
gene13563	0	FALSE
gene13564	0	FALSE
gene13565	0	FALSE
gene13566	0	FALSE
gene13567	0	FALSE
gene13568	0	FALSE
gene13569	0	FALSE
gene13570	0	FALSE
gene13571	0	FALSE
gene13572	0	FALSE
gene13573	-2.8387370853452	TRUE
gene13574	0	FALSE
gene13575	0	FALSE
gene13576	0	FALSE
gene13577	-1.3158718086197	TRUE
gene13578	0	FALSE
gene13579	0	FALSE
gene13580	0	FALSE
gene13581	0	FALSE
gene13582	0	FALSE
gene13583	0	FALSE
gene13584	0	FALSE
gene13585	0	FALSE
gene13586	-2.88542491779663	TRUE
gene13587	0	FALSE
gene13588	0	FALSE
gene13589	0	FALSE
gene13590	-0.908505082537886	TRUE
gene13591	0	FALSE
gene13592	0	FALSE
gene13593	0	FALSE
gene13594	0	FALSE
gene13595	0	FALSE
gene13596	0	FALSE
gene13597	0	FALSE
gene13598	0	FALSE
gene13599	0	FALSE
gene13600	0	FALSE
gene13601	0	FALSE
gene13602	0	FALSE
gene13603	0	FALSE
gene13604	0	FALSE
gene13605	0	FALSE
gene13606	0	FALSE
gene13607	0	FALSE
gene13608	0	FALSE
gene13609	0	FALSE
gene13610	0	FALSE
gene13611	0	FALSE
gene13612	0	FALSE
gene13613	0	FALSE
gene13614	0	FALSE
gene13615	0	FALSE
gene13616	0	FALSE
gene13617	0	FALSE
gene13618	0	FALSE
gene13619	0	FALSE
gene13620	0	FALSE
gene13621	0	FALSE
gene13622	0	FALSE
gene13623	1.64010053995298	TRUE
gene13624	0	FALSE
gene13625	0	FALSE
gene13626	0	FALSE
gene13627	0	FALSE
gene13628	0	FALSE
gene13629	0	FALSE
gene13630	0	FALSE
gene13631	0	FALSE
gene13632	0	FALSE
gene13633	0	FALSE
gene13634	0	FALSE
gene13635	0	FALSE
gene13636	0	FALSE
gene13637	0	FALSE
gene13638	0	FALSE
gene13639	0	FALSE
gene13640	0	FALSE
gene13641	0	FALSE
gene13642	0	FALSE
gene13643	0	FALSE
gene13644	0	FALSE
gene13645	0	FALSE
gene13646	0	FALSE
gene13647	2.50887572136708	TRUE
gene13648	0	FALSE
gene13649	0	FALSE
gene13650	0	FALSE
gene13651	0	FALSE
gene13652	0	FALSE
gene13653	2.97618841496296	TRUE
gene13654	0	FALSE
gene13655	0	FALSE
gene13656	0	FALSE
gene13657	0	FALSE
gene13658	0	FALSE
gene13659	0	FALSE
gene13660	0	FALSE
gene13661	-1.25799869833281	TRUE
gene13662	0	FALSE
gene13663	0	FALSE
gene13664	0	FALSE
gene13665	0	FALSE
gene13666	0	FALSE
gene13667	1.40625409735367	TRUE
gene13668	0	FALSE
gene13669	0	FALSE
gene13670	0.808376545202918	TRUE
gene13671	0	FALSE
gene13672	0	FALSE
gene13673	0	FALSE
gene13674	0	FALSE
gene13675	-1.80131878063548	TRUE
gene13676	0	FALSE
gene13677	0	FALSE
gene13678	0	FALSE
gene13679	0	FALSE
gene13680	0	FALSE
gene13681	0	FALSE
gene13682	1.24769178737188	TRUE
gene13683	0	FALSE
gene13684	0	FALSE
gene13685	0	FALSE
gene13686	0	FALSE
gene13687	0	FALSE
gene13688	0	FALSE
gene13689	0	FALSE
gene13690	0	FALSE
gene13691	0	FALSE
gene13692	0.948493192205206	TRUE
gene13693	0	FALSE
gene13694	0	FALSE
gene13695	0	FALSE
gene13696	0	FALSE
gene13697	0	FALSE
gene13698	0	FALSE
gene13699	0	FALSE
gene13700	0	FALSE
gene13701	0	FALSE
gene13702	0	FALSE
gene13703	0	FALSE
gene13704	0	FALSE
gene13705	0	FALSE
gene13706	0	FALSE
gene13707	0	FALSE
gene13708	0	FALSE
gene13709	0	FALSE
gene13710	0	FALSE
gene13711	0	FALSE
gene13712	0	FALSE
gene13713	0	FALSE
gene13714	0	FALSE
gene13715	0	FALSE
gene13716	0	FALSE
gene13717	0	FALSE
gene13718	0	FALSE
gene13719	0	FALSE
gene13720	2.20736468798714	TRUE
gene13721	0	FALSE
gene13722	0	FALSE
gene13723	0	FALSE
gene13724	0	FALSE
gene13725	0	FALSE
gene13726	0	FALSE
gene13727	0	FALSE
gene13728	0	FALSE
gene13729	0	FALSE
gene13730	0	FALSE
gene13731	0	FALSE
gene13732	0	FALSE
gene13733	0	FALSE
gene13734	0	FALSE
gene13735	0	FALSE
gene13736	0	FALSE
gene13737	0	FALSE
gene13738	0	FALSE
gene13739	0	FALSE
gene13740	0	FALSE
gene13741	0	FALSE
gene13742	0	FALSE
gene13743	0	FALSE
gene13744	0.86674770450918	TRUE
gene13745	0	FALSE
gene13746	2.71183206536807	TRUE
gene13747	0	FALSE
gene13748	-1.99576576676918	TRUE
gene13749	-0.801364670915063	TRUE
gene13750	0	FALSE
gene13751	0	FALSE
gene13752	0	FALSE
gene13753	0	FALSE
gene13754	0	FALSE
gene13755	1.44660296256188	TRUE
gene13756	0	FALSE
gene13757	0	FALSE
gene13758	0	FALSE
gene13759	0	FALSE
gene13760	0.839454935921822	TRUE
gene13761	1.24581510020653	TRUE
gene13762	1.48471951059764	TRUE
gene13763	1.72531829704531	TRUE
gene13764	0	FALSE
gene13765	0	FALSE
gene13766	0	FALSE
gene13767	0	FALSE
gene13768	0	FALSE
gene13769	0	FALSE
gene13770	0	FALSE
gene13771	0	FALSE
gene13772	0	FALSE
gene13773	0	FALSE
gene13774	0	FALSE
gene13775	0	FALSE
gene13776	0	FALSE
gene13777	0	FALSE
gene13778	0	FALSE
gene13779	0	FALSE
gene13780	-1.62106532533653	TRUE
gene13781	-2.20995688322	TRUE
gene13782	0	FALSE
gene13783	0	FALSE
gene13784	0	FALSE
gene13785	0	FALSE
gene13786	-1.64816737471847	TRUE
gene13787	0	FALSE
gene13788	0	FALSE
gene13789	2.43136089766631	TRUE
gene13790	0	FALSE
gene13791	-2.25176987412851	TRUE
gene13792	1.14173593878513	TRUE
gene13793	0	FALSE
gene13794	0	FALSE
gene13795	-2.64931441156659	TRUE
gene13796	0	FALSE
gene13797	0	FALSE
gene13798	0	FALSE
gene13799	0	FALSE
gene13800	0	FALSE
gene13801	0	FALSE
gene13802	0	FALSE
gene13803	0	FALSE
gene13804	0	FALSE
gene13805	0	FALSE
gene13806	0	FALSE
gene13807	0	FALSE
gene13808	0	FALSE
gene13809	0	FALSE
gene13810	0	FALSE
gene13811	0	FALSE
gene13812	0	FALSE
gene13813	-1.39038628136041	TRUE
gene13814	0	FALSE
gene13815	0	FALSE
gene13816	0	FALSE
gene13817	0	FALSE
gene13818	0	FALSE
gene13819	0	FALSE
gene13820	0	FALSE
gene13821	0	FALSE
gene13822	0	FALSE
gene13823	0	FALSE
gene13824	0	FALSE
gene13825	0	FALSE
gene13826	0	FALSE
gene13827	-0.933754168683663	TRUE
gene13828	0	FALSE
gene13829	0	FALSE
gene13830	0	FALSE
gene13831	0	FALSE
gene13832	0	FALSE
gene13833	0	FALSE
gene13834	0	FALSE
gene13835	0	FALSE
gene13836	0	FALSE
gene13837	0	FALSE
gene13838	0	FALSE
gene13839	0	FALSE
gene13840	0	FALSE
gene13841	1.53953457466559	TRUE
gene13842	0	FALSE
gene13843	0	FALSE
gene13844	0	FALSE
gene13845	0	FALSE
gene13846	0	FALSE
gene13847	0	FALSE
gene13848	0	FALSE
gene13849	0	FALSE
gene13850	0	FALSE
gene13851	0	FALSE
gene13852	0	FALSE
gene13853	0	FALSE
gene13854	0	FALSE
gene13855	0	FALSE
gene13856	0	FALSE
gene13857	0	FALSE
gene13858	0	FALSE
gene13859	0	FALSE
gene13860	0	FALSE
gene13861	0	FALSE
gene13862	0	FALSE
gene13863	0	FALSE
gene13864	0	FALSE
gene13865	0	FALSE
gene13866	0	FALSE
gene13867	-2.56282635452226	TRUE
gene13868	-1.09978011972271	TRUE
gene13869	0	FALSE
gene13870	-2.03321390465135	TRUE
gene13871	0	FALSE
gene13872	0	FALSE
gene13873	0	FALSE
gene13874	2.30470567202428	TRUE
gene13875	0	FALSE
gene13876	0	FALSE
gene13877	0	FALSE
gene13878	0	FALSE
gene13879	0	FALSE
gene13880	0	FALSE
gene13881	0	FALSE
gene13882	0	FALSE
gene13883	0	FALSE
gene13884	0	FALSE
gene13885	0	FALSE
gene13886	-1.60934736707713	TRUE
gene13887	0	FALSE
gene13888	0	FALSE
gene13889	0	FALSE
gene13890	0	FALSE
gene13891	0	FALSE
gene13892	0	FALSE
gene13893	0	FALSE
gene13894	0	FALSE
gene13895	0	FALSE
gene13896	0	FALSE
gene13897	1.11292256251909	TRUE
gene13898	0	FALSE
gene13899	0	FALSE
gene13900	0	FALSE
gene13901	-2.84652237512637	TRUE
gene13902	-2.08925412688404	TRUE
gene13903	0	FALSE
gene13904	0	FALSE
gene13905	0	FALSE
gene13906	0	FALSE
gene13907	-2.10743620205903	TRUE
gene13908	0	FALSE
gene13909	0	FALSE
gene13910	0	FALSE
gene13911	0	FALSE
gene13912	0	FALSE
gene13913	0	FALSE
gene13914	0	FALSE
gene13915	0	FALSE
gene13916	0	FALSE
gene13917	0	FALSE
gene13918	2.96199993632035	TRUE
gene13919	0	FALSE
gene13920	0	FALSE
gene13921	0	FALSE
gene13922	0	FALSE
gene13923	0	FALSE
gene13924	0	FALSE
gene13925	0	FALSE
gene13926	0	FALSE
gene13927	0	FALSE
gene13928	-2.87092709715944	TRUE
gene13929	0	FALSE
gene13930	0	FALSE
gene13931	0	FALSE
gene13932	0	FALSE
gene13933	-1.49856246937998	TRUE
gene13934	0	FALSE
gene13935	0	FALSE
gene13936	0	FALSE
gene13937	0	FALSE
gene13938	0	FALSE
gene13939	0	FALSE
gene13940	0	FALSE
gene13941	-2.86810809810413	TRUE
gene13942	0	FALSE
gene13943	0	FALSE
gene13944	0	FALSE
gene13945	0	FALSE
gene13946	0	FALSE
gene13947	0	FALSE
gene13948	0	FALSE
gene13949	0	FALSE
gene13950	0	FALSE
gene13951	2.56992747826735	TRUE
gene13952	0	FALSE
gene13953	0	FALSE
gene13954	0	FALSE
gene13955	0	FALSE
gene13956	0	FALSE
gene13957	0	FALSE
gene13958	2.02778501040302	TRUE
gene13959	0	FALSE
gene13960	0	FALSE
gene13961	0	FALSE
gene13962	0	FALSE
gene13963	1.83307801920455	TRUE
gene13964	0	FALSE
gene13965	0	FALSE
gene13966	0	FALSE
gene13967	0	FALSE
gene13968	0	FALSE
gene13969	0	FALSE
gene13970	0	FALSE
gene13971	2.91803101147525	TRUE
gene13972	0	FALSE
gene13973	0	FALSE
gene13974	0	FALSE
gene13975	0	FALSE
gene13976	0	FALSE
gene13977	0	FALSE
gene13978	0	FALSE
gene13979	0	FALSE
gene13980	0	FALSE
gene13981	0	FALSE
gene13982	0	FALSE
gene13983	0	FALSE
gene13984	0	FALSE
gene13985	0	FALSE
gene13986	0	FALSE
gene13987	0	FALSE
gene13988	0	FALSE
gene13989	0	FALSE
gene13990	0	FALSE
gene13991	0	FALSE
gene13992	1.62767572165467	TRUE
gene13993	0	FALSE
gene13994	0	FALSE
gene13995	-1.35188045626273	TRUE
gene13996	-1.4633409610251	TRUE
gene13997	0	FALSE
gene13998	0	FALSE
gene13999	-2.01489838067209	TRUE
gene14000	0	FALSE
gene14001	0	FALSE
gene14002	0	FALSE
gene14003	0	FALSE
gene14004	0	FALSE
gene14005	0	FALSE
gene14006	0	FALSE
gene14007	0	FALSE
gene14008	0	FALSE
gene14009	0	FALSE
gene14010	0	FALSE
gene14011	2.96462791180238	TRUE
gene14012	0	FALSE
gene14013	0	FALSE
gene14014	0	FALSE
gene14015	0	FALSE
gene14016	0	FALSE
gene14017	0	FALSE
gene14018	0	FALSE
gene14019	0	FALSE
gene14020	0	FALSE
gene14021	0	FALSE
gene14022	0	FALSE
gene14023	0	FALSE
gene14024	0	FALSE
gene14025	0	FALSE
gene14026	-2.90745470667025	TRUE
gene14027	0	FALSE
gene14028	0	FALSE
gene14029	0	FALSE
gene14030	0	FALSE
gene14031	0	FALSE
gene14032	0	FALSE
gene14033	0	FALSE
gene14034	1.9225334438961	TRUE
gene14035	0	FALSE
gene14036	0	FALSE
gene14037	0	FALSE
gene14038	0	FALSE
gene14039	0	FALSE
gene14040	1.13547981251031	TRUE
gene14041	0	FALSE
gene14042	0	FALSE
gene14043	0	FALSE
gene14044	0	FALSE
gene14045	0	FALSE
gene14046	0	FALSE
gene14047	0	FALSE
gene14048	0	FALSE
gene14049	0	FALSE
gene14050	0	FALSE
gene14051	1.79430341947591	TRUE
gene14052	0	FALSE
gene14053	0	FALSE
gene14054	0	FALSE
gene14055	0	FALSE
gene14056	0	FALSE
gene14057	0	FALSE
gene14058	0	FALSE
gene14059	0	FALSE
gene14060	2.9202017300413	TRUE
gene14061	0	FALSE
gene14062	0	FALSE
gene14063	-1.83341655432014	TRUE
gene14064	0	FALSE
gene14065	0	FALSE
gene14066	0	FALSE
gene14067	0	FALSE
gene14068	0	FALSE
gene14069	0	FALSE
gene14070	0	FALSE
gene14071	-2.67405132832937	TRUE
gene14072	0	FALSE
gene14073	0	FALSE
gene14074	1.92596169468015	TRUE
gene14075	0	FALSE
gene14076	0	FALSE
gene14077	0	FALSE
gene14078	0	FALSE
gene14079	0	FALSE
gene14080	0	FALSE
gene14081	0	FALSE
gene14082	0	FALSE
gene14083	0	FALSE
gene14084	0	FALSE
gene14085	0	FALSE
gene14086	2.75459341780515	TRUE
gene14087	-2.10644150013104	TRUE
gene14088	0	FALSE
gene14089	0	FALSE
gene14090	0	FALSE
gene14091	0	FALSE
gene14092	0	FALSE
gene14093	0	FALSE
gene14094	2.54015008360147	TRUE
gene14095	0	FALSE
gene14096	0	FALSE
gene14097	0	FALSE
gene14098	0	FALSE
gene14099	0	FALSE
gene14100	0	FALSE
gene14101	0	FALSE
gene14102	0	FALSE
gene14103	0	FALSE
gene14104	0	FALSE
gene14105	1.32768384955125	TRUE
gene14106	0	FALSE
gene14107	0	FALSE
gene14108	0	FALSE
gene14109	0	FALSE
gene14110	0	FALSE
gene14111	0	FALSE
gene14112	0	FALSE
gene14113	0	FALSE
gene14114	0	FALSE
gene14115	0	FALSE
gene14116	-2.68850830919109	TRUE
gene14117	0	FALSE
gene14118	0	FALSE
gene14119	0	FALSE
gene14120	0	FALSE
gene14121	-2.68756051344099	TRUE
gene14122	0	FALSE
gene14123	0	FALSE
gene14124	0	FALSE
gene14125	0	FALSE
gene14126	0	FALSE
gene14127	-2.88928868283983	TRUE
gene14128	0	FALSE
gene14129	0	FALSE
gene14130	1.1218546910095	TRUE
gene14131	0	FALSE
gene14132	0	FALSE
gene14133	0	FALSE
gene14134	0	FALSE
gene14135	0	FALSE
gene14136	0	FALSE
gene14137	0	FALSE
gene14138	0	FALSE
gene14139	0	FALSE
gene14140	0	FALSE
gene14141	0	FALSE
gene14142	0	FALSE
gene14143	0	FALSE
gene14144	1.54611120396294	TRUE
gene14145	0	FALSE
gene14146	0	FALSE
gene14147	0	FALSE
gene14148	0	FALSE
gene14149	0	FALSE
gene14150	0	FALSE
gene14151	0	FALSE
gene14152	0	FALSE
gene14153	0	FALSE
gene14154	0	FALSE
gene14155	0	FALSE
gene14156	0	FALSE
gene14157	0	FALSE
gene14158	0	FALSE
gene14159	0	FALSE
gene14160	0	FALSE
gene14161	0	FALSE
gene14162	0	FALSE
gene14163	0	FALSE
gene14164	0	FALSE
gene14165	0	FALSE
gene14166	0	FALSE
gene14167	0	FALSE
gene14168	1.34287614386994	TRUE
gene14169	0	FALSE
gene14170	0	FALSE
gene14171	0	FALSE
gene14172	0	FALSE
gene14173	0	FALSE
gene14174	0	FALSE
gene14175	0	FALSE
gene14176	0	FALSE
gene14177	0	FALSE
gene14178	0	FALSE
gene14179	0	FALSE
gene14180	0	FALSE
gene14181	0	FALSE
gene14182	1.27860189462081	TRUE
gene14183	0	FALSE
gene14184	0	FALSE
gene14185	0	FALSE
gene14186	0	FALSE
gene14187	0	FALSE
gene14188	0	FALSE
gene14189	0	FALSE
gene14190	1.62938253436005	TRUE
gene14191	0	FALSE
gene14192	-1.43597312358906	TRUE
gene14193	0	FALSE
gene14194	0	FALSE
gene14195	0	FALSE
gene14196	0	FALSE
gene14197	0	FALSE
gene14198	0	FALSE
gene14199	0	FALSE
gene14200	0	FALSE
gene14201	0	FALSE
gene14202	0	FALSE
gene14203	0	FALSE
gene14204	0	FALSE
gene14205	0	FALSE
gene14206	1.96139523322927	TRUE
gene14207	0	FALSE
gene14208	0	FALSE
gene14209	0	FALSE
gene14210	0	FALSE
gene14211	0	FALSE
gene14212	0	FALSE
gene14213	0	FALSE
gene14214	0	FALSE
gene14215	0	FALSE
gene14216	0	FALSE
gene14217	0	FALSE
gene14218	0	FALSE
gene14219	-1.6915875976556	TRUE
gene14220	0	FALSE
gene14221	0	FALSE
gene14222	1.80000882013701	TRUE
gene14223	0	FALSE
gene14224	2.58485583640868	TRUE
gene14225	0	FALSE
gene14226	0	FALSE
gene14227	2.33307836030144	TRUE
gene14228	0	FALSE
gene14229	0	FALSE
gene14230	0	FALSE
gene14231	0	FALSE
gene14232	0	FALSE
gene14233	0	FALSE
gene14234	0	FALSE
gene14235	0	FALSE
gene14236	1.08366614137776	TRUE
gene14237	0	FALSE
gene14238	0	FALSE
gene14239	0	FALSE
gene14240	0	FALSE
gene14241	0	FALSE
gene14242	1.15565075405175	TRUE
gene14243	1.23569226055406	TRUE
gene14244	0	FALSE
gene14245	0	FALSE
gene14246	0	FALSE
gene14247	0	FALSE
gene14248	0	FALSE
gene14249	-1.45198510464979	TRUE
gene14250	0	FALSE
gene14251	0	FALSE
gene14252	0	FALSE
gene14253	0	FALSE
gene14254	0	FALSE
gene14255	0	FALSE
gene14256	0	FALSE
gene14257	0	FALSE
gene14258	0	FALSE
gene14259	0	FALSE
gene14260	0	FALSE
gene14261	0	FALSE
gene14262	0	FALSE
gene14263	0	FALSE
gene14264	1.57777804147918	TRUE
gene14265	0	FALSE
gene14266	0	FALSE
gene14267	0	FALSE
gene14268	0	FALSE
gene14269	0	FALSE
gene14270	0	FALSE
gene14271	0	FALSE
gene14272	-0.962545981979929	TRUE
gene14273	0	FALSE
gene14274	0	FALSE
gene14275	0	FALSE
gene14276	0	FALSE
gene14277	1.93152093118988	TRUE
gene14278	1.68548948073294	TRUE
gene14279	0	FALSE
gene14280	0	FALSE
gene14281	0	FALSE
gene14282	0	FALSE
gene14283	0	FALSE
gene14284	0	FALSE
gene14285	0	FALSE
gene14286	0	FALSE
gene14287	0	FALSE
gene14288	2.28254262346309	TRUE
gene14289	0	FALSE
gene14290	0	FALSE
gene14291	0	FALSE
gene14292	0	FALSE
gene14293	0	FALSE
gene14294	0	FALSE
gene14295	0	FALSE
gene14296	0	FALSE
gene14297	0	FALSE
gene14298	-1.04548073495971	TRUE
gene14299	-1.80537616397487	TRUE
gene14300	0	FALSE
gene14301	0	FALSE
gene14302	0	FALSE
gene14303	-1.06802511663409	TRUE
gene14304	0	FALSE
gene14305	0	FALSE
gene14306	0	FALSE
gene14307	0	FALSE
gene14308	0	FALSE
gene14309	0	FALSE
gene14310	0	FALSE
gene14311	0	FALSE
gene14312	0	FALSE
gene14313	0	FALSE
gene14314	0	FALSE
gene14315	0	FALSE
gene14316	0.893263032194227	TRUE
gene14317	0	FALSE
gene14318	0	FALSE
gene14319	0	FALSE
gene14320	0	FALSE
gene14321	0	FALSE
gene14322	2.22740462824004	TRUE
gene14323	0	FALSE
gene14324	0	FALSE
gene14325	0	FALSE
gene14326	1.33767370140413	TRUE
gene14327	0	FALSE
gene14328	0	FALSE
gene14329	0	FALSE
gene14330	0	FALSE
gene14331	0	FALSE
gene14332	0	FALSE
gene14333	0	FALSE
gene14334	-2.4719025696977	TRUE
gene14335	-1.04418013914255	TRUE
gene14336	0	FALSE
gene14337	0	FALSE
gene14338	0	FALSE
gene14339	0	FALSE
gene14340	0	FALSE
gene14341	0	FALSE
gene14342	0	FALSE
gene14343	0	FALSE
gene14344	0	FALSE
gene14345	0	FALSE
gene14346	0	FALSE
gene14347	0	FALSE
gene14348	0	FALSE
gene14349	0	FALSE
gene14350	0	FALSE
gene14351	0	FALSE
gene14352	0	FALSE
gene14353	0	FALSE
gene14354	0	FALSE
gene14355	-1.26542034029262	TRUE
gene14356	0	FALSE
gene14357	0	FALSE
gene14358	0	FALSE
gene14359	0	FALSE
gene14360	0	FALSE
gene14361	0	FALSE
gene14362	0	FALSE
gene14363	0.77937344822567	TRUE
gene14364	0	FALSE
gene14365	0	FALSE
gene14366	0	FALSE
gene14367	0	FALSE
gene14368	0	FALSE
gene14369	0	FALSE
gene14370	0	FALSE
gene14371	0	FALSE
gene14372	0	FALSE
gene14373	0	FALSE
gene14374	0	FALSE
gene14375	0	FALSE
gene14376	2.9617399359704	TRUE
gene14377	0	FALSE
gene14378	0	FALSE
gene14379	0	FALSE
gene14380	0	FALSE
gene14381	0	FALSE
gene14382	0	FALSE
gene14383	0	FALSE
gene14384	0	FALSE
gene14385	2.12307611724827	TRUE
gene14386	0	FALSE
gene14387	0	FALSE
gene14388	0	FALSE
gene14389	0	FALSE
gene14390	0	FALSE
gene14391	0	FALSE
gene14392	0	FALSE
gene14393	-1.60378727718489	TRUE
gene14394	-1.74042084632674	TRUE
gene14395	0	FALSE
gene14396	0	FALSE
gene14397	0	FALSE
gene14398	0	FALSE
gene14399	0	FALSE
gene14400	0	FALSE
gene14401	0	FALSE
gene14402	0	FALSE
gene14403	2.8852207273012	TRUE
gene14404	0	FALSE
gene14405	0	FALSE
gene14406	0	FALSE
gene14407	0	FALSE
gene14408	0	FALSE
gene14409	-2.50328612822341	TRUE
gene14410	0	FALSE
gene14411	0	FALSE
gene14412	0	FALSE
gene14413	0	FALSE
gene14414	0	FALSE
gene14415	0	FALSE
gene14416	0	FALSE
gene14417	0	FALSE
gene14418	0	FALSE
gene14419	0	FALSE
gene14420	0	FALSE
gene14421	0	FALSE
gene14422	0	FALSE
gene14423	-1.9602499436005	TRUE
gene14424	0	FALSE
gene14425	0	FALSE
gene14426	0	FALSE
gene14427	0	FALSE
gene14428	0	FALSE
gene14429	0	FALSE
gene14430	0	FALSE
gene14431	0	FALSE
gene14432	0	FALSE
gene14433	0	FALSE
gene14434	0	FALSE
gene14435	-1.69800704740919	TRUE
gene14436	0	FALSE
gene14437	0	FALSE
gene14438	0	FALSE
gene14439	0	FALSE
gene14440	0	FALSE
gene14441	0	FALSE
gene14442	0	FALSE
gene14443	0	FALSE
gene14444	0	FALSE
gene14445	-2.57003842690028	TRUE
gene14446	0	FALSE
gene14447	2.99231867829803	TRUE
gene14448	0	FALSE
gene14449	0	FALSE
gene14450	0	FALSE
gene14451	2.90741825901205	TRUE
gene14452	0	FALSE
gene14453	0	FALSE
gene14454	-2.9343538909452	TRUE
gene14455	-1.93372832948808	TRUE
gene14456	0	FALSE
gene14457	0	FALSE
gene14458	0	FALSE
gene14459	1.98008509038482	TRUE
gene14460	0	FALSE
gene14461	0	FALSE
gene14462	0	FALSE
gene14463	0	FALSE
gene14464	0	FALSE
gene14465	0	FALSE
gene14466	0	FALSE
gene14467	2.67466391657945	TRUE
gene14468	0	FALSE
gene14469	0	FALSE
gene14470	0	FALSE
gene14471	0	FALSE
gene14472	0	FALSE
gene14473	0	FALSE
gene14474	-2.67220280278707	TRUE
gene14475	0	FALSE
gene14476	0	FALSE
gene14477	0	FALSE
gene14478	0	FALSE
gene14479	0	FALSE
gene14480	0	FALSE
gene14481	0	FALSE
gene14482	0	FALSE
gene14483	-2.21716918138554	TRUE
gene14484	0	FALSE
gene14485	0	FALSE
gene14486	0	FALSE
gene14487	0	FALSE
gene14488	0	FALSE
gene14489	0	FALSE
gene14490	0	FALSE
gene14491	0	FALSE
gene14492	0	FALSE
gene14493	0	FALSE
gene14494	0	FALSE
gene14495	0	FALSE
gene14496	0	FALSE
gene14497	0	FALSE
gene14498	0	FALSE
gene14499	0	FALSE
gene14500	0	FALSE
gene14501	0	FALSE
gene14502	0	FALSE
gene14503	0	FALSE
gene14504	0	FALSE
gene14505	0	FALSE
gene14506	0	FALSE
gene14507	0	FALSE
gene14508	2.91409726277925	TRUE
gene14509	-0.94670940481592	TRUE
gene14510	-2.16472300502937	TRUE
gene14511	0	FALSE
gene14512	-2.86065636668354	TRUE
gene14513	0	FALSE
gene14514	-1.43952288996661	TRUE
gene14515	0	FALSE
gene14516	0	FALSE
gene14517	0	FALSE
gene14518	0	FALSE
gene14519	0	FALSE
gene14520	0	FALSE
gene14521	0	FALSE
gene14522	-1.16531130869407	TRUE
gene14523	0	FALSE
gene14524	0	FALSE
gene14525	0	FALSE
gene14526	0	FALSE
gene14527	0	FALSE
gene14528	0	FALSE
gene14529	1.77638785738964	TRUE
gene14530	0	FALSE
gene14531	0	FALSE
gene14532	0	FALSE
gene14533	0	FALSE
gene14534	0	FALSE
gene14535	0	FALSE
gene14536	0	FALSE
gene14537	1.65844046679558	TRUE
gene14538	0	FALSE
gene14539	0	FALSE
gene14540	0	FALSE
gene14541	0	FALSE
gene14542	0	FALSE
gene14543	0	FALSE
gene14544	0	FALSE
gene14545	0	FALSE
gene14546	0	FALSE
gene14547	0	FALSE
gene14548	0	FALSE
gene14549	0	FALSE
gene14550	0	FALSE
gene14551	0	FALSE
gene14552	0	FALSE
gene14553	0	FALSE
gene14554	0	FALSE
gene14555	0	FALSE
gene14556	0	FALSE
gene14557	0	FALSE
gene14558	0	FALSE
gene14559	0	FALSE
gene14560	0	FALSE
gene14561	0	FALSE
gene14562	0	FALSE
gene14563	0	FALSE
gene14564	0	FALSE
gene14565	0	FALSE
gene14566	0	FALSE
gene14567	0	FALSE
gene14568	0	FALSE
gene14569	0	FALSE
gene14570	0	FALSE
gene14571	0	FALSE
gene14572	0	FALSE
gene14573	0	FALSE
gene14574	0	FALSE
gene14575	0	FALSE
gene14576	0	FALSE
gene14577	0	FALSE
gene14578	0	FALSE
gene14579	-2.98936683393549	TRUE
gene14580	0	FALSE
gene14581	0	FALSE
gene14582	1.19381976965815	TRUE
gene14583	0	FALSE
gene14584	0	FALSE
gene14585	0	FALSE
gene14586	0	FALSE
gene14587	-2.99559703550767	TRUE
gene14588	0	FALSE
gene14589	1.65213384112576	TRUE
gene14590	0	FALSE
gene14591	0	FALSE
gene14592	0	FALSE
gene14593	0	FALSE
gene14594	0	FALSE
gene14595	0	FALSE
gene14596	0	FALSE
gene14597	0	FALSE
gene14598	0	FALSE
gene14599	0	FALSE
gene14600	0	FALSE
gene14601	0	FALSE
gene14602	-1.95801323116757	TRUE
gene14603	0	FALSE
gene14604	0	FALSE
gene14605	0	FALSE
gene14606	0	FALSE
gene14607	0	FALSE
gene14608	1.18528538866667	TRUE
gene14609	0	FALSE
gene14610	0	FALSE
gene14611	0	FALSE
gene14612	0	FALSE
gene14613	0	FALSE
gene14614	0	FALSE
gene14615	0	FALSE
gene14616	0	FALSE
gene14617	0	FALSE
gene14618	0	FALSE
gene14619	0	FALSE
gene14620	-1.80876996566076	TRUE
gene14621	0	FALSE
gene14622	0	FALSE
gene14623	0	FALSE
gene14624	0	FALSE
gene14625	-1.76630435034167	TRUE
gene14626	0	FALSE
gene14627	0	FALSE
gene14628	0	FALSE
gene14629	0	FALSE
gene14630	0	FALSE
gene14631	0	FALSE
gene14632	0	FALSE
gene14633	0	FALSE
gene14634	0	FALSE
gene14635	0	FALSE
gene14636	0	FALSE
gene14637	0	FALSE
gene14638	0	FALSE
gene14639	0	FALSE
gene14640	0	FALSE
gene14641	0	FALSE
gene14642	0.836622857430484	TRUE
gene14643	0	FALSE
gene14644	-1.76181245280895	TRUE
gene14645	0	FALSE
gene14646	0	FALSE
gene14647	0	FALSE
gene14648	0	FALSE
gene14649	0	FALSE
gene14650	0	FALSE
gene14651	0	FALSE
gene14652	1.03800166334258	TRUE
gene14653	1.66965932148742	TRUE
gene14654	0	FALSE
gene14655	0	FALSE
gene14656	0	FALSE
gene14657	2.79312144970754	TRUE
gene14658	0	FALSE
gene14659	0	FALSE
gene14660	0	FALSE
gene14661	0	FALSE
gene14662	0	FALSE
gene14663	0.960678021423519	TRUE
gene14664	0	FALSE
gene14665	0	FALSE
gene14666	-0.853637727966998	TRUE
gene14667	0	FALSE
gene14668	0	FALSE
gene14669	0	FALSE
gene14670	0	FALSE
gene14671	0	FALSE
gene14672	0	FALSE
gene14673	0	FALSE
gene14674	0	FALSE
gene14675	-2.90821540576871	TRUE
gene14676	0	FALSE
gene14677	0	FALSE
gene14678	0	FALSE
gene14679	0	FALSE
gene14680	0	FALSE
gene14681	0	FALSE
gene14682	0	FALSE
gene14683	1.04152152989991	TRUE
gene14684	0	FALSE
gene14685	0	FALSE
gene14686	0	FALSE
gene14687	0	FALSE
gene14688	0.824386460124515	TRUE
gene14689	0	FALSE
gene14690	0	FALSE
gene14691	0	FALSE
gene14692	0	FALSE
gene14693	-1.2609431372839	TRUE
gene14694	0	FALSE
gene14695	0	FALSE
gene14696	0	FALSE
gene14697	0	FALSE
gene14698	0	FALSE
gene14699	0	FALSE
gene14700	0	FALSE
gene14701	0	FALSE
gene14702	2.2275591234793	TRUE
gene14703	-1.35479012184078	TRUE
gene14704	0	FALSE
gene14705	0	FALSE
gene14706	1.67606756673194	TRUE
gene14707	0	FALSE
gene14708	0	FALSE
gene14709	0	FALSE
gene14710	0.97814666305203	TRUE
gene14711	0	FALSE
gene14712	0	FALSE
gene14713	0	FALSE
gene14714	0	FALSE
gene14715	0	FALSE
gene14716	0	FALSE
gene14717	0	FALSE
gene14718	0	FALSE
gene14719	0	FALSE
gene14720	0	FALSE
gene14721	0	FALSE
gene14722	0	FALSE
gene14723	0	FALSE
gene14724	-2.87263134447858	TRUE
gene14725	0	FALSE
gene14726	0	FALSE
gene14727	0	FALSE
gene14728	0	FALSE
gene14729	0	FALSE
gene14730	0	FALSE
gene14731	0	FALSE
gene14732	0	FALSE
gene14733	0	FALSE
gene14734	0	FALSE
gene14735	0	FALSE
gene14736	0	FALSE
gene14737	0	FALSE
gene14738	2.45736250898335	TRUE
gene14739	0	FALSE
gene14740	0	FALSE
gene14741	0	FALSE
gene14742	0	FALSE
gene14743	0	FALSE
gene14744	0	FALSE
gene14745	0	FALSE
gene14746	0	FALSE
gene14747	0	FALSE
gene14748	-2.99581003852654	TRUE
gene14749	0	FALSE
gene14750	0	FALSE
gene14751	0	FALSE
gene14752	0	FALSE
gene14753	0	FALSE
gene14754	-1.83862260205206	TRUE
gene14755	0	FALSE
gene14756	0	FALSE
gene14757	0	FALSE
gene14758	-0.825888585706707	TRUE
gene14759	0	FALSE
gene14760	0	FALSE
gene14761	0	FALSE
gene14762	0	FALSE
gene14763	0	FALSE
gene14764	0	FALSE
gene14765	0	FALSE
gene14766	0	FALSE
gene14767	0	FALSE
gene14768	0	FALSE
gene14769	0	FALSE
gene14770	0	FALSE
gene14771	0	FALSE
gene14772	0	FALSE
gene14773	1.09478936955566	TRUE
gene14774	-2.19279366242699	TRUE
gene14775	2.02763251634315	TRUE
gene14776	0	FALSE
gene14777	0.948801620048471	TRUE
gene14778	0	FALSE
gene14779	0	FALSE
gene14780	2.98916833946714	TRUE
gene14781	0	FALSE
gene14782	0	FALSE
gene14783	0	FALSE
gene14784	2.82715877273586	TRUE
gene14785	0	FALSE
gene14786	0	FALSE
gene14787	2.89037545997417	TRUE
gene14788	0	FALSE
gene14789	0	FALSE
gene14790	0.994000285340007	TRUE
gene14791	0	FALSE
gene14792	0	FALSE
gene14793	0	FALSE
gene14794	0	FALSE
gene14795	0	FALSE
gene14796	0	FALSE
gene14797	-2.45672682859004	TRUE
gene14798	2.58122663787799	TRUE
gene14799	0	FALSE
gene14800	-2.65855747146998	TRUE
gene14801	0	FALSE
gene14802	0	FALSE
gene14803	0	FALSE
gene14804	0	FALSE
gene14805	0	FALSE
gene14806	0	FALSE
gene14807	-2.76850357849617	TRUE
gene14808	0	FALSE
gene14809	0	FALSE
gene14810	0	FALSE
gene14811	0	FALSE
gene14812	0	FALSE
gene14813	0	FALSE
gene14814	0	FALSE
gene14815	0	FALSE
gene14816	0	FALSE
gene14817	2.29102353157941	TRUE
gene14818	0	FALSE
gene14819	0	FALSE
gene14820	0	FALSE
gene14821	0	FALSE
gene14822	0	FALSE
gene14823	0	FALSE
gene14824	0	FALSE
gene14825	0	FALSE
gene14826	0	FALSE
gene14827	0	FALSE
gene14828	0	FALSE
gene14829	0	FALSE
gene14830	0	FALSE
gene14831	0	FALSE
gene14832	0	FALSE
gene14833	2.09626716835191	TRUE
gene14834	0	FALSE
gene14835	0	FALSE
gene14836	-2.27727278525708	TRUE
gene14837	0	FALSE
gene14838	1.99067725270288	TRUE
gene14839	0	FALSE
gene14840	0	FALSE
gene14841	-2.26806587597821	TRUE
gene14842	0	FALSE
gene14843	0	FALSE
gene14844	0	FALSE
gene14845	0	FALSE
gene14846	0	FALSE
gene14847	0	FALSE
gene14848	0	FALSE
gene14849	0	FALSE
gene14850	0	FALSE
gene14851	0	FALSE
gene14852	0	FALSE
gene14853	0	FALSE
gene14854	0	FALSE
gene14855	0	FALSE
gene14856	0	FALSE
gene14857	0	FALSE
gene14858	0	FALSE
gene14859	0	FALSE
gene14860	0	FALSE
gene14861	0	FALSE
gene14862	0	FALSE
gene14863	0	FALSE
gene14864	0	FALSE
gene14865	0	FALSE
gene14866	0	FALSE
gene14867	0	FALSE
gene14868	0	FALSE
gene14869	0	FALSE
gene14870	0	FALSE
gene14871	0	FALSE
gene14872	2.12235252012033	TRUE
gene14873	0	FALSE
gene14874	0	FALSE
gene14875	0	FALSE
gene14876	0	FALSE
gene14877	0	FALSE
gene14878	0	FALSE
gene14879	0	FALSE
gene14880	-2.83698205469409	TRUE
gene14881	0	FALSE
gene14882	0	FALSE
gene14883	0	FALSE
gene14884	0	FALSE
gene14885	0	FALSE
gene14886	0	FALSE
gene14887	0	FALSE
gene14888	0	FALSE
gene14889	0	FALSE
gene14890	0	FALSE
gene14891	0	FALSE
gene14892	0	FALSE
gene14893	0	FALSE
gene14894	0	FALSE
gene14895	1.09167404298205	TRUE
gene14896	0	FALSE
gene14897	0	FALSE
gene14898	0	FALSE
gene14899	0	FALSE
gene14900	0	FALSE
gene14901	0	FALSE
gene14902	0	FALSE
gene14903	0	FALSE
gene14904	0	FALSE
gene14905	0	FALSE
gene14906	0	FALSE
gene14907	0	FALSE
gene14908	0	FALSE
gene14909	0	FALSE
gene14910	0	FALSE
gene14911	0	FALSE
gene14912	0	FALSE
gene14913	0	FALSE
gene14914	0	FALSE
gene14915	0	FALSE
gene14916	0	FALSE
gene14917	-1.57433800731087	TRUE
gene14918	0	FALSE
gene14919	0	FALSE
gene14920	0	FALSE
gene14921	0	FALSE
gene14922	0	FALSE
gene14923	-0.803484588861465	TRUE
gene14924	0	FALSE
gene14925	0	FALSE
gene14926	0	FALSE
gene14927	0	FALSE
gene14928	-2.31116450048285	TRUE
gene14929	0	FALSE
gene14930	1.66374191996874	TRUE
gene14931	0	FALSE
gene14932	0	FALSE
gene14933	0	FALSE
gene14934	0	FALSE
gene14935	0	FALSE
gene14936	0	FALSE
gene14937	0	FALSE
gene14938	0	FALSE
gene14939	0.868753270769957	TRUE
gene14940	0	FALSE
gene14941	0	FALSE
gene14942	0	FALSE
gene14943	0	FALSE
gene14944	1.28092019178439	TRUE
gene14945	0	FALSE
gene14946	0	FALSE
gene14947	1.04744498629589	TRUE
gene14948	0	FALSE
gene14949	-2.23655107308878	TRUE
gene14950	0	FALSE
gene14951	0	FALSE
gene14952	0	FALSE
gene14953	0	FALSE
gene14954	0	FALSE
gene14955	0	FALSE
gene14956	0	FALSE
gene14957	0	FALSE
gene14958	0	FALSE
gene14959	-2.35330260131741	TRUE
gene14960	0	FALSE
gene14961	0	FALSE
gene14962	0	FALSE
gene14963	0	FALSE
gene14964	0	FALSE
gene14965	0	FALSE
gene14966	0	FALSE
gene14967	0	FALSE
gene14968	0	FALSE
gene14969	0	FALSE
gene14970	0	FALSE
gene14971	0	FALSE
gene14972	0	FALSE
gene14973	0	FALSE
gene14974	0	FALSE
gene14975	0	FALSE
gene14976	0	FALSE
gene14977	0	FALSE
gene14978	0	FALSE
gene14979	0	FALSE
gene14980	0	FALSE
gene14981	0	FALSE
gene14982	0	FALSE
gene14983	0	FALSE
gene14984	-1.80119873554213	TRUE
gene14985	0	FALSE
gene14986	-2.89413741161115	TRUE
gene14987	0	FALSE
gene14988	0	FALSE
gene14989	0	FALSE
gene14990	0	FALSE
gene14991	0	FALSE
gene14992	0	FALSE
gene14993	0	FALSE
gene14994	-2.50355848192703	TRUE
gene14995	0	FALSE
gene14996	0	FALSE
gene14997	-1.61723832908319	TRUE
gene14998	0	FALSE
gene14999	0	FALSE
gene15000	0	FALSE
gene15001	0	FALSE
gene15002	0	FALSE
gene15003	0	FALSE
gene15004	0	FALSE
gene15005	0	FALSE
gene15006	0	FALSE
gene15007	0	FALSE
gene15008	0	FALSE
gene15009	0	FALSE
gene15010	0	FALSE
gene15011	0	FALSE
gene15012	0	FALSE
gene15013	0	FALSE
gene15014	-2.86983955517644	TRUE
gene15015	0	FALSE
gene15016	0	FALSE
gene15017	0	FALSE
gene15018	0	FALSE
gene15019	0	FALSE
gene15020	0	FALSE
gene15021	0	FALSE
gene15022	0	FALSE
gene15023	0	FALSE
gene15024	0	FALSE
gene15025	0	FALSE
gene15026	0	FALSE
gene15027	0	FALSE
gene15028	0	FALSE
gene15029	0	FALSE
gene15030	0	FALSE
gene15031	0	FALSE
gene15032	0	FALSE
gene15033	0	FALSE
gene15034	0	FALSE
gene15035	0	FALSE
gene15036	0	FALSE
gene15037	0	FALSE
gene15038	0	FALSE
gene15039	0	FALSE
gene15040	0	FALSE
gene15041	0	FALSE
gene15042	0	FALSE
gene15043	0	FALSE
gene15044	0	FALSE
gene15045	0	FALSE
gene15046	0	FALSE
gene15047	0	FALSE
gene15048	0	FALSE
gene15049	-2.73161907854956	TRUE
gene15050	0	FALSE
gene15051	0	FALSE
gene15052	0	FALSE
gene15053	-0.934943609987386	TRUE
gene15054	0	FALSE
gene15055	0	FALSE
gene15056	0	FALSE
gene15057	0	FALSE
gene15058	0	FALSE
gene15059	0	FALSE
gene15060	0	FALSE
gene15061	0	FALSE
gene15062	0	FALSE
gene15063	0	FALSE
gene15064	0	FALSE
gene15065	0	FALSE
gene15066	-2.51440931030083	TRUE
gene15067	0	FALSE
gene15068	0	FALSE
gene15069	0	FALSE
gene15070	0	FALSE
gene15071	0	FALSE
gene15072	1.30887076217914	TRUE
gene15073	0	FALSE
gene15074	0	FALSE
gene15075	0	FALSE
gene15076	0	FALSE
gene15077	0	FALSE
gene15078	0	FALSE
gene15079	0	FALSE
gene15080	0	FALSE
gene15081	0	FALSE
gene15082	0	FALSE
gene15083	0	FALSE
gene15084	0	FALSE
gene15085	0	FALSE
gene15086	-1.73094633535948	TRUE
gene15087	0	FALSE
gene15088	0	FALSE
gene15089	0	FALSE
gene15090	0	FALSE
gene15091	0	FALSE
gene15092	-1.58191421156516	TRUE
gene15093	0	FALSE
gene15094	0	FALSE
gene15095	0	FALSE
gene15096	0	FALSE
gene15097	0	FALSE
gene15098	0	FALSE
gene15099	0	FALSE
gene15100	0	FALSE
gene15101	0	FALSE
gene15102	1.57638697925722	TRUE
gene15103	0	FALSE
gene15104	0	FALSE
gene15105	0	FALSE
gene15106	0	FALSE
gene15107	0	FALSE
gene15108	0	FALSE
gene15109	0	FALSE
gene15110	0	FALSE
gene15111	0	FALSE
gene15112	0	FALSE
gene15113	0	FALSE
gene15114	0	FALSE
gene15115	0	FALSE
gene15116	0	FALSE
gene15117	0	FALSE
gene15118	0	FALSE
gene15119	0	FALSE
gene15120	0	FALSE
gene15121	0	FALSE
gene15122	0	FALSE
gene15123	0	FALSE
gene15124	0	FALSE
gene15125	0	FALSE
gene15126	0	FALSE
gene15127	0	FALSE
gene15128	0	FALSE
gene15129	0	FALSE
gene15130	0	FALSE
gene15131	0	FALSE
gene15132	0.993017604632769	TRUE
gene15133	0	FALSE
gene15134	-2.69894276600098	TRUE
gene15135	0	FALSE
gene15136	0	FALSE
gene15137	0	FALSE
gene15138	1.33450612571323	TRUE
gene15139	2.80170378199546	TRUE
gene15140	-1.21738522010855	TRUE
gene15141	0	FALSE
gene15142	0	FALSE
gene15143	0	FALSE
gene15144	0	FALSE
gene15145	0	FALSE
gene15146	0	FALSE
gene15147	0	FALSE
gene15148	2.45692720846273	TRUE
gene15149	0	FALSE
gene15150	0	FALSE
gene15151	0	FALSE
gene15152	0	FALSE
gene15153	0	FALSE
gene15154	0	FALSE
gene15155	0	FALSE
gene15156	0	FALSE
gene15157	0	FALSE
gene15158	0	FALSE
gene15159	0	FALSE
gene15160	0	FALSE
gene15161	0	FALSE
gene15162	0	FALSE
gene15163	0	FALSE
gene15164	0	FALSE
gene15165	0	FALSE
gene15166	0	FALSE
gene15167	0	FALSE
gene15168	0	FALSE
gene15169	0	FALSE
gene15170	0	FALSE
gene15171	0	FALSE
gene15172	0	FALSE
gene15173	1.29354887420777	TRUE
gene15174	0.976212503272109	TRUE
gene15175	0	FALSE
gene15176	0	FALSE
gene15177	0	FALSE
gene15178	0	FALSE
gene15179	0	FALSE
gene15180	0	FALSE
gene15181	0	FALSE
gene15182	0	FALSE
gene15183	0	FALSE
gene15184	0	FALSE
gene15185	0	FALSE
gene15186	0	FALSE
gene15187	0	FALSE
gene15188	0	FALSE
gene15189	2.92957263597054	TRUE
gene15190	2.67965934542008	TRUE
gene15191	0	FALSE
gene15192	0	FALSE
gene15193	0	FALSE
gene15194	0	FALSE
gene15195	0	FALSE
gene15196	0	FALSE
gene15197	0	FALSE
gene15198	0	FALSE
gene15199	0	FALSE
gene15200	0	FALSE
gene15201	0	FALSE
gene15202	0	FALSE
gene15203	-2.43094173440477	TRUE
gene15204	0	FALSE
gene15205	0	FALSE
gene15206	-1.54336659534601	TRUE
gene15207	0	FALSE
gene15208	0	FALSE
gene15209	0	FALSE
gene15210	0	FALSE
gene15211	0	FALSE
gene15212	0	FALSE
gene15213	0	FALSE
gene15214	0	FALSE
gene15215	0	FALSE
gene15216	0	FALSE
gene15217	0	FALSE
gene15218	0	FALSE
gene15219	0	FALSE
gene15220	0	FALSE
gene15221	0	FALSE
gene15222	0	FALSE
gene15223	0	FALSE
gene15224	0	FALSE
gene15225	0	FALSE
gene15226	0	FALSE
gene15227	0	FALSE
gene15228	0	FALSE
gene15229	0	FALSE
gene15230	0	FALSE
gene15231	0	FALSE
gene15232	0	FALSE
gene15233	0	FALSE
gene15234	0	FALSE
gene15235	0	FALSE
gene15236	0	FALSE
gene15237	0	FALSE
gene15238	0	FALSE
gene15239	0	FALSE
gene15240	0	FALSE
gene15241	0	FALSE
gene15242	0	FALSE
gene15243	0	FALSE
gene15244	-1.63921716593904	TRUE
gene15245	0	FALSE
gene15246	0	FALSE
gene15247	0	FALSE
gene15248	0	FALSE
gene15249	0.868552956380881	TRUE
gene15250	0	FALSE
gene15251	0	FALSE
gene15252	0	FALSE
gene15253	0	FALSE
gene15254	0	FALSE
gene15255	0	FALSE
gene15256	0	FALSE
gene15257	0	FALSE
gene15258	0	FALSE
gene15259	0	FALSE
gene15260	0	FALSE
gene15261	0	FALSE
gene15262	0	FALSE
gene15263	0	FALSE
gene15264	0	FALSE
gene15265	0	FALSE
gene15266	0	FALSE
gene15267	1.38162785209715	TRUE
gene15268	-2.93363374244655	TRUE
gene15269	1.39887439581798	TRUE
gene15270	0	FALSE
gene15271	0	FALSE
gene15272	0	FALSE
gene15273	0	FALSE
gene15274	0	FALSE
gene15275	0	FALSE
gene15276	0	FALSE
gene15277	0	FALSE
gene15278	0	FALSE
gene15279	0	FALSE
gene15280	0	FALSE
gene15281	0	FALSE
gene15282	0	FALSE
gene15283	0	FALSE
gene15284	0	FALSE
gene15285	-2.08288165403064	TRUE
gene15286	1.68780959781725	TRUE
gene15287	0	FALSE
gene15288	0	FALSE
gene15289	0	FALSE
gene15290	0	FALSE
gene15291	0	FALSE
gene15292	0	FALSE
gene15293	0	FALSE
gene15294	0	FALSE
gene15295	0	FALSE
gene15296	0	FALSE
gene15297	0	FALSE
gene15298	0	FALSE
gene15299	0	FALSE
gene15300	0	FALSE
gene15301	0	FALSE
gene15302	0	FALSE
gene15303	2.80763692053733	TRUE
gene15304	0	FALSE
gene15305	2.48814952484099	TRUE
gene15306	0	FALSE
gene15307	0	FALSE
gene15308	0	FALSE
gene15309	0	FALSE
gene15310	0	FALSE
gene15311	0	FALSE
gene15312	0	FALSE
gene15313	-2.98278408951592	TRUE
gene15314	-1.57750485063298	TRUE
gene15315	0	FALSE
gene15316	0	FALSE
gene15317	0	FALSE
gene15318	0	FALSE
gene15319	0	FALSE
gene15320	0	FALSE
gene15321	0	FALSE
gene15322	0	FALSE
gene15323	0	FALSE
gene15324	0	FALSE
gene15325	0	FALSE
gene15326	0	FALSE
gene15327	0	FALSE
gene15328	0	FALSE
gene15329	0	FALSE
gene15330	0	FALSE
gene15331	0	FALSE
gene15332	0	FALSE
gene15333	-2.01472769211978	TRUE
gene15334	0	FALSE
gene15335	1.37741455592914	TRUE
gene15336	0	FALSE
gene15337	0	FALSE
gene15338	0	FALSE
gene15339	0	FALSE
gene15340	0	FALSE
gene15341	0	FALSE
gene15342	0	FALSE
gene15343	0	FALSE
gene15344	0	FALSE
gene15345	2.10205745097483	TRUE
gene15346	-0.940799116389826	TRUE
gene15347	0	FALSE
gene15348	0	FALSE
gene15349	0	FALSE
gene15350	0	FALSE
gene15351	0.886510023032315	TRUE
gene15352	0	FALSE
gene15353	-2.98821892443812	TRUE
gene15354	-1.55034635541961	TRUE
gene15355	0	FALSE
gene15356	0	FALSE
gene15357	0	FALSE
gene15358	0	FALSE
gene15359	0	FALSE
gene15360	0	FALSE
gene15361	0	FALSE
gene15362	0	FALSE
gene15363	0	FALSE
gene15364	1.33419304643758	TRUE
gene15365	0	FALSE
gene15366	0	FALSE
gene15367	2.51388823671732	TRUE
gene15368	0	FALSE
gene15369	0	FALSE
gene15370	0	FALSE
gene15371	0	FALSE
gene15372	0	FALSE
gene15373	0	FALSE
gene15374	0	FALSE
gene15375	0	FALSE
gene15376	0	FALSE
gene15377	0	FALSE
gene15378	0	FALSE
gene15379	0	FALSE
gene15380	0	FALSE
gene15381	0	FALSE
gene15382	0	FALSE
gene15383	0	FALSE
gene15384	0	FALSE
gene15385	0	FALSE
gene15386	0	FALSE
gene15387	0	FALSE
gene15388	0.821476237673778	TRUE
gene15389	0	FALSE
gene15390	-2.48281986184884	TRUE
gene15391	0	FALSE
gene15392	1.15868788375519	TRUE
gene15393	0	FALSE
gene15394	0	FALSE
gene15395	2.66294868662953	TRUE
gene15396	0	FALSE
gene15397	0	FALSE
gene15398	0	FALSE
gene15399	0	FALSE
gene15400	0	FALSE
gene15401	0	FALSE
gene15402	0	FALSE
gene15403	2.44997835194226	TRUE
gene15404	0	FALSE
gene15405	0	FALSE
gene15406	0	FALSE
gene15407	0	FALSE
gene15408	0	FALSE
gene15409	0	FALSE
gene15410	0	FALSE
gene15411	0	FALSE
gene15412	1.84708326106193	TRUE
gene15413	-2.85436095390469	TRUE
gene15414	0	FALSE
gene15415	0	FALSE
gene15416	0	FALSE
gene15417	0	FALSE
gene15418	0	FALSE
gene15419	0	FALSE
gene15420	0	FALSE
gene15421	0	FALSE
gene15422	0	FALSE
gene15423	0	FALSE
gene15424	0	FALSE
gene15425	1.2925460402621	TRUE
gene15426	0	FALSE
gene15427	0	FALSE
gene15428	0	FALSE
gene15429	0	FALSE
gene15430	0	FALSE
gene15431	0	FALSE
gene15432	0	FALSE
gene15433	0	FALSE
gene15434	0	FALSE
gene15435	0	FALSE
gene15436	0	FALSE
gene15437	0	FALSE
gene15438	0	FALSE
gene15439	0	FALSE
gene15440	0	FALSE
gene15441	0	FALSE
gene15442	0	FALSE
gene15443	1.96362826862605	TRUE
gene15444	0	FALSE
gene15445	0	FALSE
gene15446	0	FALSE
gene15447	0	FALSE
gene15448	0	FALSE
gene15449	0	FALSE
gene15450	0	FALSE
gene15451	0	FALSE
gene15452	2.27517390536377	TRUE
gene15453	0	FALSE
gene15454	0	FALSE
gene15455	0	FALSE
gene15456	1.4359710427816	TRUE
gene15457	0	FALSE
gene15458	0	FALSE
gene15459	0	FALSE
gene15460	0	FALSE
gene15461	0	FALSE
gene15462	0	FALSE
gene15463	0	FALSE
gene15464	2.09054467489477	TRUE
gene15465	0	FALSE
gene15466	0	FALSE
gene15467	0	FALSE
gene15468	0	FALSE
gene15469	0	FALSE
gene15470	0	FALSE
gene15471	0	FALSE
gene15472	0	FALSE
gene15473	2.67615195218241	TRUE
gene15474	0	FALSE
gene15475	0	FALSE
gene15476	0	FALSE
gene15477	0	FALSE
gene15478	0	FALSE
gene15479	0	FALSE
gene15480	0	FALSE
gene15481	0	FALSE
gene15482	1.07659084122861	TRUE
gene15483	-1.22782415809343	TRUE
gene15484	0	FALSE
gene15485	0	FALSE
gene15486	0.948691453028005	TRUE
gene15487	0	FALSE
gene15488	0	FALSE
gene15489	-2.68953648739262	TRUE
gene15490	0	FALSE
gene15491	-1.33870175440097	TRUE
gene15492	0	FALSE
gene15493	0	FALSE
gene15494	0	FALSE
gene15495	0	FALSE
gene15496	2.6788213494583	TRUE
gene15497	0	FALSE
gene15498	0	FALSE
gene15499	0	FALSE
gene15500	2.88743160304148	TRUE
gene15501	0	FALSE
gene15502	0	FALSE
gene15503	0	FALSE
gene15504	0	FALSE
gene15505	-2.00123389199143	TRUE
gene15506	0	FALSE
gene15507	-2.1137685989379	TRUE
gene15508	0	FALSE
gene15509	0	FALSE
gene15510	0	FALSE
gene15511	0	FALSE
gene15512	0	FALSE
gene15513	0	FALSE
gene15514	0	FALSE
gene15515	0	FALSE
gene15516	0	FALSE
gene15517	0	FALSE
gene15518	0	FALSE
gene15519	0	FALSE
gene15520	0	FALSE
gene15521	0	FALSE
gene15522	0	FALSE
gene15523	0	FALSE
gene15524	0	FALSE
gene15525	0	FALSE
gene15526	2.55164761352353	TRUE
gene15527	0	FALSE
gene15528	0	FALSE
gene15529	0	FALSE
gene15530	0	FALSE
gene15531	0	FALSE
gene15532	0	FALSE
gene15533	0	FALSE
gene15534	0	FALSE
gene15535	0	FALSE
gene15536	0	FALSE
gene15537	0	FALSE
gene15538	0.967802510247566	TRUE
gene15539	0	FALSE
gene15540	0	FALSE
gene15541	0	FALSE
gene15542	0	FALSE
gene15543	0	FALSE
gene15544	0	FALSE
gene15545	0	FALSE
gene15546	0	FALSE
gene15547	0	FALSE
gene15548	0	FALSE
gene15549	0	FALSE
gene15550	-2.84623351850314	TRUE
gene15551	0	FALSE
gene15552	0	FALSE
gene15553	0	FALSE
gene15554	-1.96172091522021	TRUE
gene15555	0	FALSE
gene15556	0	FALSE
gene15557	0	FALSE
gene15558	0	FALSE
gene15559	0	FALSE
gene15560	0	FALSE
gene15561	0	FALSE
gene15562	0	FALSE
gene15563	0	FALSE
gene15564	0	FALSE
gene15565	0	FALSE
gene15566	-1.13421980291605	TRUE
gene15567	0	FALSE
gene15568	0	FALSE
gene15569	0	FALSE
gene15570	0	FALSE
gene15571	0	FALSE
gene15572	0	FALSE
gene15573	0	FALSE
gene15574	-2.29548472253373	TRUE
gene15575	-2.42032532324083	TRUE
gene15576	0.87795635528164	TRUE
gene15577	-2.59967560489895	TRUE
gene15578	0	FALSE
gene15579	0	FALSE
gene15580	0	FALSE
gene15581	0	FALSE
gene15582	0	FALSE
gene15583	0	FALSE
gene15584	0	FALSE
gene15585	0	FALSE
gene15586	0	FALSE
gene15587	0	FALSE
gene15588	0	FALSE
gene15589	0	FALSE
gene15590	0	FALSE
gene15591	0	FALSE
gene15592	0	FALSE
gene15593	0	FALSE
gene15594	0	FALSE
gene15595	0	FALSE
gene15596	0	FALSE
gene15597	2.31572030478856	TRUE
gene15598	0	FALSE
gene15599	0	FALSE
gene15600	-2.92125535779633	TRUE
gene15601	0	FALSE
gene15602	0	FALSE
gene15603	0	FALSE
gene15604	0	FALSE
gene15605	0	FALSE
gene15606	0	FALSE
gene15607	0	FALSE
gene15608	0	FALSE
gene15609	0	FALSE
gene15610	0	FALSE
gene15611	0	FALSE
gene15612	0	FALSE
gene15613	0	FALSE
gene15614	0	FALSE
gene15615	0	FALSE
gene15616	-1.6136700680363	TRUE
gene15617	0	FALSE
gene15618	0	FALSE
gene15619	0	FALSE
gene15620	0	FALSE
gene15621	0	FALSE
gene15622	0	FALSE
gene15623	0	FALSE
gene15624	0	FALSE
gene15625	0	FALSE
gene15626	0	FALSE
gene15627	0	FALSE
gene15628	0	FALSE
gene15629	0	FALSE
gene15630	0	FALSE
gene15631	0	FALSE
gene15632	0	FALSE
gene15633	0	FALSE
gene15634	0	FALSE
gene15635	0	FALSE
gene15636	0	FALSE
gene15637	0	FALSE
gene15638	0	FALSE
gene15639	0	FALSE
gene15640	0	FALSE
gene15641	0	FALSE
gene15642	0	FALSE
gene15643	0	FALSE
gene15644	0	FALSE
gene15645	0	FALSE
gene15646	0	FALSE
gene15647	0	FALSE
gene15648	0	FALSE
gene15649	0	FALSE
gene15650	0	FALSE
gene15651	0	FALSE
gene15652	0	FALSE
gene15653	0	FALSE
gene15654	0	FALSE
gene15655	0	FALSE
gene15656	0	FALSE
gene15657	0	FALSE
gene15658	0	FALSE
gene15659	0	FALSE
gene15660	0	FALSE
gene15661	0	FALSE
gene15662	0	FALSE
gene15663	0	FALSE
gene15664	0	FALSE
gene15665	0	FALSE
gene15666	1.1952399307047	TRUE
gene15667	0	FALSE
gene15668	0.823457107704598	TRUE
gene15669	0	FALSE
gene15670	0	FALSE
gene15671	0	FALSE
gene15672	0	FALSE
gene15673	1.9825374718057	TRUE
gene15674	0	FALSE
gene15675	0	FALSE
gene15676	0	FALSE
gene15677	0	FALSE
gene15678	2.84333404531935	TRUE
gene15679	0	FALSE
gene15680	0	FALSE
gene15681	0	FALSE
gene15682	0	FALSE
gene15683	0	FALSE
gene15684	0	FALSE
gene15685	0	FALSE
gene15686	0	FALSE
gene15687	0	FALSE
gene15688	0	FALSE
gene15689	0	FALSE
gene15690	-2.77686997829005	TRUE
gene15691	0	FALSE
gene15692	-1.32547415251611	TRUE
gene15693	0	FALSE
gene15694	0	FALSE
gene15695	-2.32739940611646	TRUE
gene15696	0	FALSE
gene15697	0	FALSE
gene15698	0	FALSE
gene15699	0	FALSE
gene15700	0	FALSE
gene15701	0	FALSE
gene15702	0	FALSE
gene15703	0	FALSE
gene15704	-2.06769909005379	TRUE
gene15705	2.66731227189302	TRUE
gene15706	0	FALSE
gene15707	0	FALSE
gene15708	0	FALSE
gene15709	0	FALSE
gene15710	0	FALSE
gene15711	-1.46510180976475	TRUE
gene15712	0	FALSE
gene15713	0	FALSE
gene15714	0	FALSE
gene15715	-1.24928488960722	TRUE
gene15716	0	FALSE
gene15717	0	FALSE
gene15718	0	FALSE
gene15719	0	FALSE
gene15720	0	FALSE
gene15721	0	FALSE
gene15722	0	FALSE
gene15723	0	FALSE
gene15724	0	FALSE
gene15725	0	FALSE
gene15726	0	FALSE
gene15727	-1.34268974344013	TRUE
gene15728	0	FALSE
gene15729	0	FALSE
gene15730	0	FALSE
gene15731	-0.791794068238232	TRUE
gene15732	0	FALSE
gene15733	0	FALSE
gene15734	0	FALSE
gene15735	0	FALSE
gene15736	0	FALSE
gene15737	0	FALSE
gene15738	0	FALSE
gene15739	0	FALSE
gene15740	0	FALSE
gene15741	0	FALSE
gene15742	0	FALSE
gene15743	0	FALSE
gene15744	0	FALSE
gene15745	0	FALSE
gene15746	0	FALSE
gene15747	0.998628205968998	TRUE
gene15748	0	FALSE
gene15749	0	FALSE
gene15750	0	FALSE
gene15751	0	FALSE
gene15752	0	FALSE
gene15753	0	FALSE
gene15754	0	FALSE
gene15755	0	FALSE
gene15756	0	FALSE
gene15757	0	FALSE
gene15758	0	FALSE
gene15759	0	FALSE
gene15760	0	FALSE
gene15761	0	FALSE
gene15762	-0.751701884146314	TRUE
gene15763	0	FALSE
gene15764	0	FALSE
gene15765	0	FALSE
gene15766	0	FALSE
gene15767	0	FALSE
gene15768	0	FALSE
gene15769	2.20717811363284	TRUE
gene15770	0	FALSE
gene15771	0	FALSE
gene15772	0	FALSE
gene15773	0	FALSE
gene15774	0	FALSE
gene15775	0	FALSE
gene15776	0	FALSE
gene15777	0	FALSE
gene15778	0	FALSE
gene15779	0	FALSE
gene15780	0	FALSE
gene15781	2.43833441007882	TRUE
gene15782	0	FALSE
gene15783	0	FALSE
gene15784	0	FALSE
gene15785	0	FALSE
gene15786	0	FALSE
gene15787	0	FALSE
gene15788	0	FALSE
gene15789	0	FALSE
gene15790	0	FALSE
gene15791	0	FALSE
gene15792	0	FALSE
gene15793	0	FALSE
gene15794	0	FALSE
gene15795	0	FALSE
gene15796	0	FALSE
gene15797	0	FALSE
gene15798	0	FALSE
gene15799	0	FALSE
gene15800	0	FALSE
gene15801	0	FALSE
gene15802	0	FALSE
gene15803	0	FALSE
gene15804	0	FALSE
gene15805	-2.75679196167039	TRUE
gene15806	0	FALSE
gene15807	0	FALSE
gene15808	0	FALSE
gene15809	2.04811088880524	TRUE
gene15810	0	FALSE
gene15811	0	FALSE
gene15812	0	FALSE
gene15813	0	FALSE
gene15814	0	FALSE
gene15815	0	FALSE
gene15816	0	FALSE
gene15817	0	FALSE
gene15818	0	FALSE
gene15819	0	FALSE
gene15820	0	FALSE
gene15821	0	FALSE
gene15822	0	FALSE
gene15823	0	FALSE
gene15824	0	FALSE
gene15825	0	FALSE
gene15826	0	FALSE
gene15827	0	FALSE
gene15828	0	FALSE
gene15829	0	FALSE
gene15830	0	FALSE
gene15831	-1.04274706105934	TRUE
gene15832	0	FALSE
gene15833	0	FALSE
gene15834	0	FALSE
gene15835	0	FALSE
gene15836	0	FALSE
gene15837	0	FALSE
gene15838	0	FALSE
gene15839	0	FALSE
gene15840	0	FALSE
gene15841	-2.19345769565552	TRUE
gene15842	0	FALSE
gene15843	0	FALSE
gene15844	0	FALSE
gene15845	2.57520565437153	TRUE
gene15846	0	FALSE
gene15847	0	FALSE
gene15848	0	FALSE
gene15849	0	FALSE
gene15850	1.76987649744842	TRUE
gene15851	-1.55427734437399	TRUE
gene15852	0	FALSE
gene15853	0	FALSE
gene15854	0	FALSE
gene15855	0	FALSE
gene15856	0	FALSE
gene15857	0	FALSE
gene15858	-1.28294552152511	TRUE
gene15859	0	FALSE
gene15860	0	FALSE
gene15861	0	FALSE
gene15862	0	FALSE
gene15863	0	FALSE
gene15864	0	FALSE
gene15865	0	FALSE
gene15866	0	FALSE
gene15867	0	FALSE
gene15868	0	FALSE
gene15869	0	FALSE
gene15870	0	FALSE
gene15871	0	FALSE
gene15872	1.68700228590751	TRUE
gene15873	0	FALSE
gene15874	0	FALSE
gene15875	0	FALSE
gene15876	0	FALSE
gene15877	0	FALSE
gene15878	0	FALSE
gene15879	0	FALSE
gene15880	0	FALSE
gene15881	0	FALSE
gene15882	0	FALSE
gene15883	0	FALSE
gene15884	2.13043021626072	TRUE
gene15885	0	FALSE
gene15886	0	FALSE
gene15887	0	FALSE
gene15888	0	FALSE
gene15889	0	FALSE
gene15890	0	FALSE
gene15891	0	FALSE
gene15892	0	FALSE
gene15893	0	FALSE
gene15894	-2.24439625366358	TRUE
gene15895	0	FALSE
gene15896	0	FALSE
gene15897	2.84129212255357	TRUE
gene15898	0	FALSE
gene15899	0	FALSE
gene15900	0	FALSE
gene15901	0	FALSE
gene15902	0	FALSE
gene15903	1.41485987277701	TRUE
gene15904	0	FALSE
gene15905	0	FALSE
gene15906	0	FALSE
gene15907	2.48372307425598	TRUE
gene15908	0	FALSE
gene15909	0	FALSE
gene15910	0	FALSE
gene15911	0	FALSE
gene15912	-2.66299609729322	TRUE
gene15913	0	FALSE
gene15914	-2.98722086293856	TRUE
gene15915	0	FALSE
gene15916	0	FALSE
gene15917	0	FALSE
gene15918	0	FALSE
gene15919	2.39806606562342	TRUE
gene15920	0	FALSE
gene15921	0	FALSE
gene15922	0	FALSE
gene15923	0	FALSE
gene15924	0	FALSE
gene15925	0	FALSE
gene15926	1.47338478814345	TRUE
gene15927	0	FALSE
gene15928	0	FALSE
gene15929	0	FALSE
gene15930	0	FALSE
gene15931	0	FALSE
gene15932	0	FALSE
gene15933	0	FALSE
gene15934	0	FALSE
gene15935	0	FALSE
gene15936	0	FALSE
gene15937	0	FALSE
gene15938	0	FALSE
gene15939	0	FALSE
gene15940	0	FALSE
gene15941	0	FALSE
gene15942	0	FALSE
gene15943	0	FALSE
gene15944	0	FALSE
gene15945	0	FALSE
gene15946	0	FALSE
gene15947	0	FALSE
gene15948	0	FALSE
gene15949	0	FALSE
gene15950	0	FALSE
gene15951	1.4787294070702	TRUE
gene15952	0	FALSE
gene15953	0	FALSE
gene15954	0	FALSE
gene15955	0	FALSE
gene15956	0	FALSE
gene15957	0	FALSE
gene15958	0	FALSE
gene15959	0	FALSE
gene15960	0	FALSE
gene15961	0	FALSE
gene15962	0	FALSE
gene15963	0	FALSE
gene15964	0	FALSE
gene15965	1.06470719526988	TRUE
gene15966	-2.64285766863031	TRUE
gene15967	0	FALSE
gene15968	-1.28294743626611	TRUE
gene15969	0	FALSE
gene15970	2.60863569332287	TRUE
gene15971	1.88884811050957	TRUE
gene15972	0	FALSE
gene15973	0	FALSE
gene15974	-2.13678713492118	TRUE
gene15975	0	FALSE
gene15976	0	FALSE
gene15977	0	FALSE
gene15978	0	FALSE
gene15979	0	FALSE
gene15980	0	FALSE
gene15981	0	FALSE
gene15982	0	FALSE
gene15983	1.88596258009784	TRUE
gene15984	0	FALSE
gene15985	0	FALSE
gene15986	0	FALSE
gene15987	-2.64886636845767	TRUE
gene15988	0	FALSE
gene15989	0	FALSE
gene15990	0	FALSE
gene15991	0	FALSE
gene15992	0	FALSE
gene15993	0	FALSE
gene15994	-2.40593790903222	TRUE
gene15995	0	FALSE
gene15996	0	FALSE
gene15997	0	FALSE
gene15998	0	FALSE
gene15999	0	FALSE
gene16000	0	FALSE
gene16001	0	FALSE
gene16002	0	FALSE
gene16003	0	FALSE
gene16004	0	FALSE
gene16005	2.79120691301068	TRUE
gene16006	0	FALSE
gene16007	0	FALSE
gene16008	0	FALSE
gene16009	0	FALSE
gene16010	0	FALSE
gene16011	0	FALSE
gene16012	0	FALSE
gene16013	0.819426365720574	TRUE
gene16014	0	FALSE
gene16015	0	FALSE
gene16016	2.99846994801192	TRUE
gene16017	0	FALSE
gene16018	0	FALSE
gene16019	0	FALSE
gene16020	0	FALSE
gene16021	0	FALSE
gene16022	0	FALSE
gene16023	0	FALSE
gene16024	0	FALSE
gene16025	0	FALSE
gene16026	0	FALSE
gene16027	2.38500165363075	TRUE
gene16028	0	FALSE
gene16029	0	FALSE
gene16030	0	FALSE
gene16031	-2.1964708463056	TRUE
gene16032	0	FALSE
gene16033	0	FALSE
gene16034	0	FALSE
gene16035	0	FALSE
gene16036	0	FALSE
gene16037	0	FALSE
gene16038	0	FALSE
gene16039	1.10350190266035	TRUE
gene16040	0	FALSE
gene16041	0	FALSE
gene16042	0	FALSE
gene16043	0	FALSE
gene16044	0	FALSE
gene16045	0	FALSE
gene16046	0	FALSE
gene16047	-2.53500017890474	TRUE
gene16048	0	FALSE
gene16049	0	FALSE
gene16050	0	FALSE
gene16051	0	FALSE
gene16052	0	FALSE
gene16053	0	FALSE
gene16054	0	FALSE
gene16055	0	FALSE
gene16056	0	FALSE
gene16057	0	FALSE
gene16058	0	FALSE
gene16059	0	FALSE
gene16060	-1.93888647935819	TRUE
gene16061	0	FALSE
gene16062	0	FALSE
gene16063	0	FALSE
gene16064	0	FALSE
gene16065	0	FALSE
gene16066	0	FALSE
gene16067	0	FALSE
gene16068	0	FALSE
gene16069	0	FALSE
gene16070	0	FALSE
gene16071	0	FALSE
gene16072	0	FALSE
gene16073	1.45459831331391	TRUE
gene16074	0	FALSE
gene16075	0	FALSE
gene16076	0	FALSE
gene16077	0	FALSE
gene16078	0	FALSE
gene16079	0	FALSE
gene16080	0	FALSE
gene16081	0	FALSE
gene16082	0	FALSE
gene16083	0	FALSE
gene16084	0	FALSE
gene16085	0	FALSE
gene16086	2.17944746604189	TRUE
gene16087	1.49883106222842	TRUE
gene16088	0	FALSE
gene16089	0	FALSE
gene16090	0	FALSE
gene16091	0	FALSE
gene16092	0	FALSE
gene16093	0	FALSE
gene16094	0	FALSE
gene16095	0	FALSE
gene16096	0	FALSE
gene16097	0	FALSE
gene16098	0	FALSE
gene16099	0	FALSE
gene16100	0	FALSE
gene16101	-1.57297573954565	TRUE
gene16102	0	FALSE
gene16103	0	FALSE
gene16104	0	FALSE
gene16105	0	FALSE
gene16106	-1.62201277690474	TRUE
gene16107	0	FALSE
gene16108	0	FALSE
gene16109	0	FALSE
gene16110	0	FALSE
gene16111	0	FALSE
gene16112	0	FALSE
gene16113	1.11313182354206	TRUE
gene16114	0	FALSE
gene16115	0	FALSE
gene16116	0	FALSE
gene16117	0	FALSE
gene16118	0	FALSE
gene16119	-1.03458577481797	TRUE
gene16120	-1.59876831719885	TRUE
gene16121	-1.87520056270296	TRUE
gene16122	0	FALSE
gene16123	0	FALSE
gene16124	2.31767541618319	TRUE
gene16125	0	FALSE
gene16126	0	FALSE
gene16127	0	FALSE
gene16128	0	FALSE
gene16129	0	FALSE
gene16130	0	FALSE
gene16131	0	FALSE
gene16132	0	FALSE
gene16133	0	FALSE
gene16134	0	FALSE
gene16135	0	FALSE
gene16136	0	FALSE
gene16137	0	FALSE
gene16138	0	FALSE
gene16139	0	FALSE
gene16140	0	FALSE
gene16141	0	FALSE
gene16142	0	FALSE
gene16143	0	FALSE
gene16144	0	FALSE
gene16145	0	FALSE
gene16146	0	FALSE
gene16147	0	FALSE
gene16148	0	FALSE
gene16149	0	FALSE
gene16150	0	FALSE
gene16151	0	FALSE
gene16152	0	FALSE
gene16153	2.46753821382299	TRUE
gene16154	-2.5968418783159	TRUE
gene16155	0	FALSE
gene16156	0	FALSE
gene16157	-2.75259821943473	TRUE
gene16158	0	FALSE
gene16159	0	FALSE
gene16160	0	FALSE
gene16161	0	FALSE
gene16162	0	FALSE
gene16163	1.97748312551994	TRUE
gene16164	0	FALSE
gene16165	0	FALSE
gene16166	0	FALSE
gene16167	0	FALSE
gene16168	0	FALSE
gene16169	0	FALSE
gene16170	2.41369603096973	TRUE
gene16171	0	FALSE
gene16172	0	FALSE
gene16173	0	FALSE
gene16174	0	FALSE
gene16175	0	FALSE
gene16176	0	FALSE
gene16177	-0.82361592433881	TRUE
gene16178	0	FALSE
gene16179	1.06028591736685	TRUE
gene16180	0	FALSE
gene16181	0	FALSE
gene16182	0	FALSE
gene16183	-2.04161834623665	TRUE
gene16184	0	FALSE
gene16185	0	FALSE
gene16186	0	FALSE
gene16187	0	FALSE
gene16188	0	FALSE
gene16189	0	FALSE
gene16190	0	FALSE
gene16191	0	FALSE
gene16192	0	FALSE
gene16193	0	FALSE
gene16194	0	FALSE
gene16195	0	FALSE
gene16196	0	FALSE
gene16197	0	FALSE
gene16198	0	FALSE
gene16199	0	FALSE
gene16200	0	FALSE
gene16201	0	FALSE
gene16202	0	FALSE
gene16203	0	FALSE
gene16204	0	FALSE
gene16205	0	FALSE
gene16206	0	FALSE
gene16207	0	FALSE
gene16208	0	FALSE
gene16209	0	FALSE
gene16210	0	FALSE
gene16211	0	FALSE
gene16212	0	FALSE
gene16213	-2.31346765102353	TRUE
gene16214	0	FALSE
gene16215	0	FALSE
gene16216	0	FALSE
gene16217	0	FALSE
gene16218	0	FALSE
gene16219	0	FALSE
gene16220	0	FALSE
gene16221	0	FALSE
gene16222	0	FALSE
gene16223	1.19983564701397	TRUE
gene16224	0	FALSE
gene16225	0	FALSE
gene16226	-2.07980199716985	TRUE
gene16227	0	FALSE
gene16228	0	FALSE
gene16229	0	FALSE
gene16230	0	FALSE
gene16231	2.8967782119289	TRUE
gene16232	-2.00473599415272	TRUE
gene16233	0	FALSE
gene16234	0	FALSE
gene16235	-1.1139342985698	TRUE
gene16236	0	FALSE
gene16237	0	FALSE
gene16238	0	FALSE
gene16239	-0.850920334865805	TRUE
gene16240	0	FALSE
gene16241	0	FALSE
gene16242	0	FALSE
gene16243	0	FALSE
gene16244	0	FALSE
gene16245	0	FALSE
gene16246	0	FALSE
gene16247	0	FALSE
gene16248	0	FALSE
gene16249	0	FALSE
gene16250	0	FALSE
gene16251	0.773473697423469	TRUE
gene16252	0	FALSE
gene16253	0	FALSE
gene16254	0	FALSE
gene16255	0	FALSE
gene16256	0	FALSE
gene16257	0	FALSE
gene16258	0	FALSE
gene16259	0	FALSE
gene16260	0	FALSE
gene16261	0	FALSE
gene16262	0	FALSE
gene16263	2.06728763080901	TRUE
gene16264	0	FALSE
gene16265	0	FALSE
gene16266	0	FALSE
gene16267	-2.57257466821466	TRUE
gene16268	-1.57192470808513	TRUE
gene16269	0	FALSE
gene16270	0	FALSE
gene16271	0	FALSE
gene16272	0	FALSE
gene16273	0	FALSE
gene16274	0	FALSE
gene16275	-0.754989750101231	TRUE
gene16276	0	FALSE
gene16277	0	FALSE
gene16278	0	FALSE
gene16279	0	FALSE
gene16280	0	FALSE
gene16281	0	FALSE
gene16282	0	FALSE
gene16283	0	FALSE
gene16284	0	FALSE
gene16285	0	FALSE
gene16286	0	FALSE
gene16287	0	FALSE
gene16288	0	FALSE
gene16289	0	FALSE
gene16290	0	FALSE
gene16291	0	FALSE
gene16292	0	FALSE
gene16293	0	FALSE
gene16294	2.81141413562	TRUE
gene16295	0	FALSE
gene16296	0	FALSE
gene16297	0	FALSE
gene16298	1.25506092770956	TRUE
gene16299	0	FALSE
gene16300	0	FALSE
gene16301	0	FALSE
gene16302	0	FALSE
gene16303	0	FALSE
gene16304	0	FALSE
gene16305	0	FALSE
gene16306	-1.82511182280723	TRUE
gene16307	0	FALSE
gene16308	0	FALSE
gene16309	0	FALSE
gene16310	0	FALSE
gene16311	0	FALSE
gene16312	0	FALSE
gene16313	0	FALSE
gene16314	0	FALSE
gene16315	0	FALSE
gene16316	0	FALSE
gene16317	0	FALSE
gene16318	0	FALSE
gene16319	0	FALSE
gene16320	1.24402996961726	TRUE
gene16321	0	FALSE
gene16322	0	FALSE
gene16323	0	FALSE
gene16324	0	FALSE
gene16325	0	FALSE
gene16326	0	FALSE
gene16327	0	FALSE
gene16328	0	FALSE
gene16329	0	FALSE
gene16330	0	FALSE
gene16331	0	FALSE
gene16332	0	FALSE
gene16333	0	FALSE
gene16334	0	FALSE
gene16335	0	FALSE
gene16336	0	FALSE
gene16337	0	FALSE
gene16338	0	FALSE
gene16339	0	FALSE
gene16340	0	FALSE
gene16341	0	FALSE
gene16342	0	FALSE
gene16343	0	FALSE
gene16344	-1.04085005616071	TRUE
gene16345	0	FALSE
gene16346	0	FALSE
gene16347	0	FALSE
gene16348	0	FALSE
gene16349	0	FALSE
gene16350	0	FALSE
gene16351	0	FALSE
gene16352	0	FALSE
gene16353	0	FALSE
gene16354	2.2014957506326	TRUE
gene16355	0	FALSE
gene16356	0	FALSE
gene16357	0	FALSE
gene16358	0	FALSE
gene16359	0	FALSE
gene16360	0	FALSE
gene16361	0	FALSE
gene16362	0	FALSE
gene16363	0	FALSE
gene16364	0	FALSE
gene16365	0	FALSE
gene16366	0	FALSE
gene16367	0	FALSE
gene16368	1.4656728709233	TRUE
gene16369	0	FALSE
gene16370	0	FALSE
gene16371	0	FALSE
gene16372	0	FALSE
gene16373	0	FALSE
gene16374	0	FALSE
gene16375	0	FALSE
gene16376	0	FALSE
gene16377	0	FALSE
gene16378	0	FALSE
gene16379	0	FALSE
gene16380	0	FALSE
gene16381	0	FALSE
gene16382	1.15368251135806	TRUE
gene16383	0	FALSE
gene16384	0	FALSE
gene16385	-2.42421525082318	TRUE
gene16386	0	FALSE
gene16387	-2.61784843902569	TRUE
gene16388	0	FALSE
gene16389	0	FALSE
gene16390	0	FALSE
gene16391	0	FALSE
gene16392	2.89440175011987	TRUE
gene16393	0	FALSE
gene16394	0	FALSE
gene16395	-2.85566576686688	TRUE
gene16396	0	FALSE
gene16397	0	FALSE
gene16398	0	FALSE
gene16399	0	FALSE
gene16400	0	FALSE
gene16401	0	FALSE
gene16402	0	FALSE
gene16403	0	FALSE
gene16404	0	FALSE
gene16405	0	FALSE
gene16406	0	FALSE
gene16407	0	FALSE
gene16408	2.221638334624	TRUE
gene16409	2.34000085154548	TRUE
gene16410	0	FALSE
gene16411	-2.88128781312844	TRUE
gene16412	0	FALSE
gene16413	0	FALSE
gene16414	0	FALSE
gene16415	0	FALSE
gene16416	0	FALSE
gene16417	0	FALSE
gene16418	2.55369924358092	TRUE
gene16419	2.21036653616466	TRUE
gene16420	0	FALSE
gene16421	2.23939085716847	TRUE
gene16422	0	FALSE
gene16423	0	FALSE
gene16424	0	FALSE
gene16425	0	FALSE
gene16426	0	FALSE
gene16427	0	FALSE
gene16428	0	FALSE
gene16429	0	FALSE
gene16430	0	FALSE
gene16431	0	FALSE
gene16432	0	FALSE
gene16433	0	FALSE
gene16434	0	FALSE
gene16435	0	FALSE
gene16436	2.57773240737151	TRUE
gene16437	0	FALSE
gene16438	0	FALSE
gene16439	0	FALSE
gene16440	0	FALSE
gene16441	0	FALSE
gene16442	0	FALSE
gene16443	0	FALSE
gene16444	0	FALSE
gene16445	0	FALSE
gene16446	0	FALSE
gene16447	0	FALSE
gene16448	0	FALSE
gene16449	0	FALSE
gene16450	2.701449627697	TRUE
gene16451	0	FALSE
gene16452	0	FALSE
gene16453	0	FALSE
gene16454	0.968560364213772	TRUE
gene16455	0	FALSE
gene16456	0	FALSE
gene16457	0	FALSE
gene16458	0	FALSE
gene16459	0	FALSE
gene16460	0	FALSE
gene16461	0	FALSE
gene16462	0	FALSE
gene16463	0	FALSE
gene16464	0	FALSE
gene16465	0	FALSE
gene16466	0	FALSE
gene16467	-1.84218314022291	TRUE
gene16468	0	FALSE
gene16469	0	FALSE
gene16470	0	FALSE
gene16471	-1.24526915227761	TRUE
gene16472	0	FALSE
gene16473	0	FALSE
gene16474	0	FALSE
gene16475	0	FALSE
gene16476	0	FALSE
gene16477	0	FALSE
gene16478	0	FALSE
gene16479	0	FALSE
gene16480	0	FALSE
gene16481	0	FALSE
gene16482	0	FALSE
gene16483	0	FALSE
gene16484	0	FALSE
gene16485	0	FALSE
gene16486	0	FALSE
gene16487	0	FALSE
gene16488	0	FALSE
gene16489	0	FALSE
gene16490	0	FALSE
gene16491	0	FALSE
gene16492	0	FALSE
gene16493	0	FALSE
gene16494	0	FALSE
gene16495	0	FALSE
gene16496	0	FALSE
gene16497	0	FALSE
gene16498	0	FALSE
gene16499	0	FALSE
gene16500	2.02219041640637	TRUE
gene16501	-1.26220969995484	TRUE
gene16502	0	FALSE
gene16503	0	FALSE
gene16504	0	FALSE
gene16505	0	FALSE
gene16506	0	FALSE
gene16507	0	FALSE
gene16508	0	FALSE
gene16509	0	FALSE
gene16510	0	FALSE
gene16511	0	FALSE
gene16512	0	FALSE
gene16513	0	FALSE
gene16514	0	FALSE
gene16515	0	FALSE
gene16516	0	FALSE
gene16517	2.01756265555741	TRUE
gene16518	0	FALSE
gene16519	0	FALSE
gene16520	0	FALSE
gene16521	0	FALSE
gene16522	0	FALSE
gene16523	0	FALSE
gene16524	0	FALSE
gene16525	1.95778272411553	TRUE
gene16526	0	FALSE
gene16527	0	FALSE
gene16528	0	FALSE
gene16529	0	FALSE
gene16530	-1.1606118369964	TRUE
gene16531	0	FALSE
gene16532	0	FALSE
gene16533	0	FALSE
gene16534	0	FALSE
gene16535	0	FALSE
gene16536	0	FALSE
gene16537	0	FALSE
gene16538	0	FALSE
gene16539	0	FALSE
gene16540	0	FALSE
gene16541	0	FALSE
gene16542	0	FALSE
gene16543	0	FALSE
gene16544	0	FALSE
gene16545	0	FALSE
gene16546	0	FALSE
gene16547	-1.46979848190676	TRUE
gene16548	0	FALSE
gene16549	0	FALSE
gene16550	0	FALSE
gene16551	1.92993772064801	TRUE
gene16552	0	FALSE
gene16553	0	FALSE
gene16554	0	FALSE
gene16555	0	FALSE
gene16556	0	FALSE
gene16557	0	FALSE
gene16558	0	FALSE
gene16559	-2.41542166366708	TRUE
gene16560	0.855332588078454	TRUE
gene16561	0	FALSE
gene16562	0	FALSE
gene16563	0	FALSE
gene16564	0	FALSE
gene16565	0	FALSE
gene16566	0	FALSE
gene16567	0	FALSE
gene16568	0	FALSE
gene16569	0	FALSE
gene16570	0	FALSE
gene16571	0	FALSE
gene16572	0	FALSE
gene16573	0	FALSE
gene16574	0	FALSE
gene16575	0	FALSE
gene16576	0	FALSE
gene16577	0	FALSE
gene16578	0	FALSE
gene16579	0	FALSE
gene16580	0	FALSE
gene16581	0	FALSE
gene16582	0	FALSE
gene16583	0	FALSE
gene16584	0	FALSE
gene16585	2.95332267740741	TRUE
gene16586	0	FALSE
gene16587	0	FALSE
gene16588	0	FALSE
gene16589	0	FALSE
gene16590	0	FALSE
gene16591	0	FALSE
gene16592	0	FALSE
gene16593	0	FALSE
gene16594	0	FALSE
gene16595	1.03354899259284	TRUE
gene16596	0	FALSE
gene16597	2.38476897199871	TRUE
gene16598	0	FALSE
gene16599	0	FALSE
gene16600	0	FALSE
gene16601	0	FALSE
gene16602	2.17037964082556	TRUE
gene16603	0	FALSE
gene16604	0	FALSE
gene16605	0	FALSE
gene16606	0	FALSE
gene16607	0	FALSE
gene16608	0	FALSE
gene16609	0	FALSE
gene16610	0	FALSE
gene16611	0	FALSE
gene16612	2.75234450655989	TRUE
gene16613	0	FALSE
gene16614	0	FALSE
gene16615	0	FALSE
gene16616	0	FALSE
gene16617	0	FALSE
gene16618	0	FALSE
gene16619	0	FALSE
gene16620	0	FALSE
gene16621	-2.86389203800354	TRUE
gene16622	0	FALSE
gene16623	0	FALSE
gene16624	0	FALSE
gene16625	0	FALSE
gene16626	0	FALSE
gene16627	0	FALSE
gene16628	0	FALSE
gene16629	0	FALSE
gene16630	0	FALSE
gene16631	0	FALSE
gene16632	0	FALSE
gene16633	0	FALSE
gene16634	0	FALSE
gene16635	0	FALSE
gene16636	1.42726865963778	TRUE
gene16637	0	FALSE
gene16638	0	FALSE
gene16639	0	FALSE
gene16640	0	FALSE
gene16641	0	FALSE
gene16642	0	FALSE
gene16643	0	FALSE
gene16644	0	FALSE
gene16645	0	FALSE
gene16646	2.29204712226056	TRUE
gene16647	0	FALSE
gene16648	0	FALSE
gene16649	0	FALSE
gene16650	0	FALSE
gene16651	0	FALSE
gene16652	-0.959523221477866	TRUE
gene16653	0	FALSE
gene16654	0	FALSE
gene16655	0	FALSE
gene16656	0	FALSE
gene16657	0	FALSE
gene16658	-1.34554042451782	TRUE
gene16659	0	FALSE
gene16660	0	FALSE
gene16661	0	FALSE
gene16662	0	FALSE
gene16663	-2.88284530641977	TRUE
gene16664	0	FALSE
gene16665	0	FALSE
gene16666	0	FALSE
gene16667	0	FALSE
gene16668	0	FALSE
gene16669	0	FALSE
gene16670	0	FALSE
gene16671	0	FALSE
gene16672	0	FALSE
gene16673	0	FALSE
gene16674	0	FALSE
gene16675	-0.789670914353337	TRUE
gene16676	0	FALSE
gene16677	0	FALSE
gene16678	0	FALSE
gene16679	0	FALSE
gene16680	0	FALSE
gene16681	0	FALSE
gene16682	0	FALSE
gene16683	0	FALSE
gene16684	0	FALSE
gene16685	2.6468964535743	TRUE
gene16686	0	FALSE
gene16687	0	FALSE
gene16688	0	FALSE
gene16689	0	FALSE
gene16690	0	FALSE
gene16691	2.53963224700419	TRUE
gene16692	-2.66085285251029	TRUE
gene16693	0	FALSE
gene16694	0	FALSE
gene16695	0	FALSE
gene16696	0	FALSE
gene16697	0	FALSE
gene16698	0	FALSE
gene16699	0	FALSE
gene16700	0	FALSE
gene16701	0	FALSE
gene16702	0	FALSE
gene16703	0	FALSE
gene16704	0	FALSE
gene16705	0	FALSE
gene16706	0	FALSE
gene16707	0	FALSE
gene16708	0	FALSE
gene16709	0	FALSE
gene16710	0	FALSE
gene16711	0	FALSE
gene16712	0	FALSE
gene16713	0	FALSE
gene16714	0	FALSE
gene16715	0	FALSE
gene16716	0	FALSE
gene16717	0	FALSE
gene16718	1.06986094883177	TRUE
gene16719	0	FALSE
gene16720	0	FALSE
gene16721	0	FALSE
gene16722	0	FALSE
gene16723	-2.95016590808518	TRUE
gene16724	0	FALSE
gene16725	0	FALSE
gene16726	0	FALSE
gene16727	0	FALSE
gene16728	0	FALSE
gene16729	0	FALSE
gene16730	-0.938146144500934	TRUE
gene16731	-1.65934864914743	TRUE
gene16732	0	FALSE
gene16733	0	FALSE
gene16734	0	FALSE
gene16735	0	FALSE
gene16736	0.903471422789153	TRUE
gene16737	0	FALSE
gene16738	0	FALSE
gene16739	0	FALSE
gene16740	0	FALSE
gene16741	0	FALSE
gene16742	-0.950517562741879	TRUE
gene16743	0	FALSE
gene16744	0	FALSE
gene16745	0	FALSE
gene16746	0	FALSE
gene16747	0	FALSE
gene16748	0	FALSE
gene16749	0	FALSE
gene16750	0	FALSE
gene16751	0	FALSE
gene16752	0	FALSE
gene16753	0	FALSE
gene16754	0	FALSE
gene16755	0	FALSE
gene16756	0	FALSE
gene16757	0	FALSE
gene16758	0	FALSE
gene16759	2.10492634854745	TRUE
gene16760	1.58683538460173	TRUE
gene16761	0	FALSE
gene16762	0	FALSE
gene16763	0	FALSE
gene16764	0	FALSE
gene16765	0	FALSE
gene16766	-2.7286170302541	TRUE
gene16767	0	FALSE
gene16768	0	FALSE
gene16769	0	FALSE
gene16770	0	FALSE
gene16771	0	FALSE
gene16772	1.29798558267066	TRUE
gene16773	0	FALSE
gene16774	0	FALSE
gene16775	0	FALSE
gene16776	0	FALSE
gene16777	0	FALSE
gene16778	0	FALSE
gene16779	-1.58761302981293	TRUE
gene16780	0	FALSE
gene16781	0	FALSE
gene16782	0	FALSE
gene16783	0	FALSE
gene16784	0	FALSE
gene16785	0	FALSE
gene16786	0	FALSE
gene16787	-1.01841926184716	TRUE
gene16788	0	FALSE
gene16789	0	FALSE
gene16790	0	FALSE
gene16791	0	FALSE
gene16792	0	FALSE
gene16793	0	FALSE
gene16794	0	FALSE
gene16795	0	FALSE
gene16796	0	FALSE
gene16797	0	FALSE
gene16798	0	FALSE
gene16799	0	FALSE
gene16800	0	FALSE
gene16801	0	FALSE
gene16802	0	FALSE
gene16803	0	FALSE
gene16804	0	FALSE
gene16805	0	FALSE
gene16806	0	FALSE
gene16807	0	FALSE
gene16808	0	FALSE
gene16809	0	FALSE
gene16810	0	FALSE
gene16811	0	FALSE
gene16812	0	FALSE
gene16813	0	FALSE
gene16814	0	FALSE
gene16815	0	FALSE
gene16816	0	FALSE
gene16817	0	FALSE
gene16818	0	FALSE
gene16819	0	FALSE
gene16820	0	FALSE
gene16821	0	FALSE
gene16822	0	FALSE
gene16823	0	FALSE
gene16824	0	FALSE
gene16825	0	FALSE
gene16826	0	FALSE
gene16827	0	FALSE
gene16828	0	FALSE
gene16829	0	FALSE
gene16830	-1.45288023742614	TRUE
gene16831	0	FALSE
gene16832	0	FALSE
gene16833	0	FALSE
gene16834	-1.63415641430765	TRUE
gene16835	0	FALSE
gene16836	0	FALSE
gene16837	0	FALSE
gene16838	0	FALSE
gene16839	0	FALSE
gene16840	0	FALSE
gene16841	0	FALSE
gene16842	0	FALSE
gene16843	-2.97582580597373	TRUE
gene16844	0	FALSE
gene16845	0	FALSE
gene16846	0	FALSE
gene16847	2.58001893712208	TRUE
gene16848	0	FALSE
gene16849	0	FALSE
gene16850	0	FALSE
gene16851	0	FALSE
gene16852	2.04566025815438	TRUE
gene16853	0	FALSE
gene16854	0	FALSE
gene16855	2.03192048583878	TRUE
gene16856	0	FALSE
gene16857	0	FALSE
gene16858	0	FALSE
gene16859	0	FALSE
gene16860	0	FALSE
gene16861	0	FALSE
gene16862	0	FALSE
gene16863	0	FALSE
gene16864	0	FALSE
gene16865	0	FALSE
gene16866	0	FALSE
gene16867	0	FALSE
gene16868	0.968558868567925	TRUE
gene16869	0	FALSE
gene16870	-2.29957706469577	TRUE
gene16871	0	FALSE
gene16872	0	FALSE
gene16873	0	FALSE
gene16874	0	FALSE
gene16875	0	FALSE
gene16876	1.21660597866867	TRUE
gene16877	0	FALSE
gene16878	0	FALSE
gene16879	0	FALSE
gene16880	0	FALSE
gene16881	0	FALSE
gene16882	0	FALSE
gene16883	-1.9550916973385	TRUE
gene16884	0	FALSE
gene16885	0	FALSE
gene16886	0	FALSE
gene16887	0	FALSE
gene16888	0	FALSE
gene16889	0	FALSE
gene16890	0	FALSE
gene16891	0	FALSE
gene16892	0	FALSE
gene16893	0	FALSE
gene16894	0	FALSE
gene16895	0	FALSE
gene16896	0	FALSE
gene16897	0	FALSE
gene16898	1.23328437918099	TRUE
gene16899	0	FALSE
gene16900	0	FALSE
gene16901	-1.70344657305395	TRUE
gene16902	0	FALSE
gene16903	0	FALSE
gene16904	0	FALSE
gene16905	0	FALSE
gene16906	0	FALSE
gene16907	0	FALSE
gene16908	0	FALSE
gene16909	0	FALSE
gene16910	0	FALSE
gene16911	0	FALSE
gene16912	0	FALSE
gene16913	1.12204173160717	TRUE
gene16914	0	FALSE
gene16915	0	FALSE
gene16916	0	FALSE
gene16917	0	FALSE
gene16918	0	FALSE
gene16919	0	FALSE
gene16920	0	FALSE
gene16921	0	FALSE
gene16922	0	FALSE
gene16923	0	FALSE
gene16924	0	FALSE
gene16925	0	FALSE
gene16926	0	FALSE
gene16927	0	FALSE
gene16928	0	FALSE
gene16929	0	FALSE
gene16930	0	FALSE
gene16931	0	FALSE
gene16932	0	FALSE
gene16933	0	FALSE
gene16934	-2.54673608596204	TRUE
gene16935	0	FALSE
gene16936	0	FALSE
gene16937	0	FALSE
gene16938	0	FALSE
gene16939	0	FALSE
gene16940	0	FALSE
gene16941	0	FALSE
gene16942	0	FALSE
gene16943	0	FALSE
gene16944	0	FALSE
gene16945	0	FALSE
gene16946	0	FALSE
gene16947	0	FALSE
gene16948	0	FALSE
gene16949	0	FALSE
gene16950	0	FALSE
gene16951	0	FALSE
gene16952	0	FALSE
gene16953	0	FALSE
gene16954	0	FALSE
gene16955	0	FALSE
gene16956	0	FALSE
gene16957	2.61076810397208	TRUE
gene16958	0	FALSE
gene16959	1.39830664236797	TRUE
gene16960	0	FALSE
gene16961	0	FALSE
gene16962	0	FALSE
gene16963	0	FALSE
gene16964	0	FALSE
gene16965	0	FALSE
gene16966	0	FALSE
gene16967	-2.2784970580833	TRUE
gene16968	0	FALSE
gene16969	0	FALSE
gene16970	-2.78914331935812	TRUE
gene16971	0	FALSE
gene16972	0	FALSE
gene16973	0	FALSE
gene16974	0	FALSE
gene16975	0	FALSE
gene16976	0	FALSE
gene16977	0	FALSE
gene16978	0	FALSE
gene16979	0	FALSE
gene16980	0	FALSE
gene16981	0	FALSE
gene16982	0	FALSE
gene16983	0	FALSE
gene16984	0	FALSE
gene16985	0	FALSE
gene16986	0	FALSE
gene16987	0	FALSE
gene16988	0	FALSE
gene16989	0	FALSE
gene16990	0	FALSE
gene16991	0	FALSE
gene16992	0	FALSE
gene16993	0	FALSE
gene16994	0	FALSE
gene16995	0	FALSE
gene16996	0	FALSE
gene16997	0	FALSE
gene16998	0	FALSE
gene16999	0	FALSE
gene17000	0	FALSE
gene17001	0	FALSE
gene17002	0	FALSE
gene17003	-1.33923382032663	TRUE
gene17004	0	FALSE
gene17005	0	FALSE
gene17006	2.17065529961837	TRUE
gene17007	0	FALSE
gene17008	2.14843530283542	TRUE
gene17009	-1.59244424983626	TRUE
gene17010	-1.60946142434841	TRUE
gene17011	0	FALSE
gene17012	0	FALSE
gene17013	0	FALSE
gene17014	0	FALSE
gene17015	0	FALSE
gene17016	0	FALSE
gene17017	0	FALSE
gene17018	-2.90032591373893	TRUE
gene17019	0	FALSE
gene17020	0	FALSE
gene17021	0	FALSE
gene17022	0	FALSE
gene17023	0	FALSE
gene17024	0	FALSE
gene17025	0	FALSE
gene17026	0	FALSE
gene17027	2.24224680050975	TRUE
gene17028	0	FALSE
gene17029	0	FALSE
gene17030	0	FALSE
gene17031	0.893810053006746	TRUE
gene17032	0	FALSE
gene17033	0	FALSE
gene17034	0	FALSE
gene17035	-2.35612583847251	TRUE
gene17036	0	FALSE
gene17037	0	FALSE
gene17038	0	FALSE
gene17039	0	FALSE
gene17040	0	FALSE
gene17041	0	FALSE
gene17042	0	FALSE
gene17043	2.83041286538355	TRUE
gene17044	-1.95202629861888	TRUE
gene17045	0	FALSE
gene17046	0	FALSE
gene17047	0	FALSE
gene17048	0	FALSE
gene17049	-0.87492094229674	TRUE
gene17050	0	FALSE
gene17051	0	FALSE
gene17052	0	FALSE
gene17053	0	FALSE
gene17054	0	FALSE
gene17055	2.34543154528365	TRUE
gene17056	0	FALSE
gene17057	0	FALSE
gene17058	0	FALSE
gene17059	-2.3424399785581	TRUE
gene17060	0	FALSE
gene17061	1.29758497694274	TRUE
gene17062	0	FALSE
gene17063	0	FALSE
gene17064	0	FALSE
gene17065	0	FALSE
gene17066	2.30173988646129	TRUE
gene17067	0	FALSE
gene17068	0	FALSE
gene17069	0	FALSE
gene17070	0	FALSE
gene17071	0	FALSE
gene17072	0	FALSE
gene17073	0	FALSE
gene17074	0	FALSE
gene17075	0	FALSE
gene17076	0	FALSE
gene17077	0	FALSE
gene17078	0	FALSE
gene17079	0	FALSE
gene17080	0	FALSE
gene17081	2.72788040188607	TRUE
gene17082	0	FALSE
gene17083	-1.7302802564227	TRUE
gene17084	0	FALSE
gene17085	0	FALSE
gene17086	0.924197395623196	TRUE
gene17087	0	FALSE
gene17088	-2.13314125116449	TRUE
gene17089	-2.75111118442146	TRUE
gene17090	0	FALSE
gene17091	0	FALSE
gene17092	0	FALSE
gene17093	0	FALSE
gene17094	0	FALSE
gene17095	0	FALSE
gene17096	0	FALSE
gene17097	0	FALSE
gene17098	0	FALSE
gene17099	0	FALSE
gene17100	0	FALSE
gene17101	0	FALSE
gene17102	0	FALSE
gene17103	0	FALSE
gene17104	0.902375166770071	TRUE
gene17105	0	FALSE
gene17106	0	FALSE
gene17107	0	FALSE
gene17108	0	FALSE
gene17109	0	FALSE
gene17110	0	FALSE
gene17111	0	FALSE
gene17112	0	FALSE
gene17113	0	FALSE
gene17114	0	FALSE
gene17115	0	FALSE
gene17116	0	FALSE
gene17117	0	FALSE
gene17118	0	FALSE
gene17119	0	FALSE
gene17120	0	FALSE
gene17121	0	FALSE
gene17122	0	FALSE
gene17123	0	FALSE
gene17124	0	FALSE
gene17125	0	FALSE
gene17126	0	FALSE
gene17127	0	FALSE
gene17128	0	FALSE
gene17129	0	FALSE
gene17130	0	FALSE
gene17131	0	FALSE
gene17132	0	FALSE
gene17133	0	FALSE
gene17134	0	FALSE
gene17135	0	FALSE
gene17136	0	FALSE
gene17137	0	FALSE
gene17138	0	FALSE
gene17139	0	FALSE
gene17140	0	FALSE
gene17141	0	FALSE
gene17142	0	FALSE
gene17143	0	FALSE
gene17144	0	FALSE
gene17145	0	FALSE
gene17146	0	FALSE
gene17147	0	FALSE
gene17148	0	FALSE
gene17149	0	FALSE
gene17150	0	FALSE
gene17151	0	FALSE
gene17152	0	FALSE
gene17153	0	FALSE
gene17154	0	FALSE
gene17155	0	FALSE
gene17156	0	FALSE
gene17157	0	FALSE
gene17158	0	FALSE
gene17159	0	FALSE
gene17160	0	FALSE
gene17161	0	FALSE
gene17162	0	FALSE
gene17163	0	FALSE
gene17164	0	FALSE
gene17165	1.96963492745999	TRUE
gene17166	0	FALSE
gene17167	0	FALSE
gene17168	0	FALSE
gene17169	0	FALSE
gene17170	0	FALSE
gene17171	0	FALSE
gene17172	0	FALSE
gene17173	0	FALSE
gene17174	0	FALSE
gene17175	0	FALSE
gene17176	0	FALSE
gene17177	0	FALSE
gene17178	0	FALSE
gene17179	0	FALSE
gene17180	0	FALSE
gene17181	1.38637355680112	TRUE
gene17182	0	FALSE
gene17183	0	FALSE
gene17184	0	FALSE
gene17185	0	FALSE
gene17186	0	FALSE
gene17187	0	FALSE
gene17188	0	FALSE
gene17189	0	FALSE
gene17190	0	FALSE
gene17191	0	FALSE
gene17192	0	FALSE
gene17193	0	FALSE
gene17194	0	FALSE
gene17195	1.3261416668538	TRUE
gene17196	0	FALSE
gene17197	0	FALSE
gene17198	0	FALSE
gene17199	0	FALSE
gene17200	0.963828661479056	TRUE
gene17201	0	FALSE
gene17202	0	FALSE
gene17203	0	FALSE
gene17204	0	FALSE
gene17205	0	FALSE
gene17206	0	FALSE
gene17207	0	FALSE
gene17208	0	FALSE
gene17209	0	FALSE
gene17210	0	FALSE
gene17211	0	FALSE
gene17212	0	FALSE
gene17213	0	FALSE
gene17214	0	FALSE
gene17215	1.35599674552213	TRUE
gene17216	0	FALSE
gene17217	0	FALSE
gene17218	0	FALSE
gene17219	-1.51543951628264	TRUE
gene17220	0	FALSE
gene17221	0	FALSE
gene17222	0	FALSE
gene17223	0	FALSE
gene17224	0	FALSE
gene17225	0	FALSE
gene17226	0	FALSE
gene17227	0	FALSE
gene17228	0	FALSE
gene17229	0	FALSE
gene17230	-2.45156966306968	TRUE
gene17231	0	FALSE
gene17232	0	FALSE
gene17233	0	FALSE
gene17234	0	FALSE
gene17235	0	FALSE
gene17236	0	FALSE
gene17237	0	FALSE
gene17238	-1.22543216618942	TRUE
gene17239	0	FALSE
gene17240	0	FALSE
gene17241	0	FALSE
gene17242	0	FALSE
gene17243	0	FALSE
gene17244	0	FALSE
gene17245	0	FALSE
gene17246	0	FALSE
gene17247	0	FALSE
gene17248	0	FALSE
gene17249	0	FALSE
gene17250	0	FALSE
gene17251	0	FALSE
gene17252	0	FALSE
gene17253	-1.00956447736826	TRUE
gene17254	0	FALSE
gene17255	0	FALSE
gene17256	0	FALSE
gene17257	0	FALSE
gene17258	0	FALSE
gene17259	0	FALSE
gene17260	0	FALSE
gene17261	2.54776590754045	TRUE
gene17262	0	FALSE
gene17263	0	FALSE
gene17264	0	FALSE
gene17265	0	FALSE
gene17266	0	FALSE
gene17267	0	FALSE
gene17268	0	FALSE
gene17269	0	FALSE
gene17270	0	FALSE
gene17271	0	FALSE
gene17272	0	FALSE
gene17273	0	FALSE
gene17274	0	FALSE
gene17275	0	FALSE
gene17276	1.82721546676476	TRUE
gene17277	0	FALSE
gene17278	0	FALSE
gene17279	0	FALSE
gene17280	0	FALSE
gene17281	0	FALSE
gene17282	0	FALSE
gene17283	0	FALSE
gene17284	0.937629652675241	TRUE
gene17285	2.46855050936574	TRUE
gene17286	0	FALSE
gene17287	0	FALSE
gene17288	0	FALSE
gene17289	0	FALSE
gene17290	0	FALSE
gene17291	0	FALSE
gene17292	2.66280045424355	TRUE
gene17293	1.838789838308	TRUE
gene17294	-2.52209122502245	TRUE
gene17295	0	FALSE
gene17296	0	FALSE
gene17297	0	FALSE
gene17298	0	FALSE
gene17299	0	FALSE
gene17300	0	FALSE
gene17301	0	FALSE
gene17302	0	FALSE
gene17303	0	FALSE
gene17304	0	FALSE
gene17305	0	FALSE
gene17306	0	FALSE
gene17307	0	FALSE
gene17308	1.07308546279091	TRUE
gene17309	0	FALSE
gene17310	0	FALSE
gene17311	0	FALSE
gene17312	0	FALSE
gene17313	0	FALSE
gene17314	0	FALSE
gene17315	0	FALSE
gene17316	0	FALSE
gene17317	0	FALSE
gene17318	0	FALSE
gene17319	0	FALSE
gene17320	0	FALSE
gene17321	2.76491607626667	TRUE
gene17322	0	FALSE
gene17323	0	FALSE
gene17324	0	FALSE
gene17325	0	FALSE
gene17326	0	FALSE
gene17327	0	FALSE
gene17328	0	FALSE
gene17329	0	FALSE
gene17330	-1.32079624012113	TRUE
gene17331	0	FALSE
gene17332	0	FALSE
gene17333	0	FALSE
gene17334	0	FALSE
gene17335	0	FALSE
gene17336	0	FALSE
gene17337	0	FALSE
gene17338	0	FALSE
gene17339	0	FALSE
gene17340	0	FALSE
gene17341	0	FALSE
gene17342	0	FALSE
gene17343	0	FALSE
gene17344	0	FALSE
gene17345	0	FALSE
gene17346	0	FALSE
gene17347	0	FALSE
gene17348	0	FALSE
gene17349	0	FALSE
gene17350	0	FALSE
gene17351	0	FALSE
gene17352	0	FALSE
gene17353	0	FALSE
gene17354	0	FALSE
gene17355	1.60389768047025	TRUE
gene17356	0	FALSE
gene17357	0	FALSE
gene17358	0	FALSE
gene17359	1.76420610590139	TRUE
gene17360	0	FALSE
gene17361	0	FALSE
gene17362	0	FALSE
gene17363	-0.983597721671686	TRUE
gene17364	0	FALSE
gene17365	0	FALSE
gene17366	0	FALSE
gene17367	1.56737174000591	TRUE
gene17368	0	FALSE
gene17369	0	FALSE
gene17370	0	FALSE
gene17371	0	FALSE
gene17372	0	FALSE
gene17373	0	FALSE
gene17374	0	FALSE
gene17375	0	FALSE
gene17376	0	FALSE
gene17377	0	FALSE
gene17378	0	FALSE
gene17379	0	FALSE
gene17380	0	FALSE
gene17381	0	FALSE
gene17382	0	FALSE
gene17383	0	FALSE
gene17384	0	FALSE
gene17385	0	FALSE
gene17386	0	FALSE
gene17387	0	FALSE
gene17388	0	FALSE
gene17389	0	FALSE
gene17390	0	FALSE
gene17391	0	FALSE
gene17392	0	FALSE
gene17393	0	FALSE
gene17394	0	FALSE
gene17395	0	FALSE
gene17396	0	FALSE
gene17397	0	FALSE
gene17398	0	FALSE
gene17399	0	FALSE
gene17400	-2.01003649283666	TRUE
gene17401	0	FALSE
gene17402	0	FALSE
gene17403	0	FALSE
gene17404	0	FALSE
gene17405	0	FALSE
gene17406	0	FALSE
gene17407	0	FALSE
gene17408	0	FALSE
gene17409	-1.15540837246226	TRUE
gene17410	0	FALSE
gene17411	0	FALSE
gene17412	0	FALSE
gene17413	0	FALSE
gene17414	0	FALSE
gene17415	0	FALSE
gene17416	0	FALSE
gene17417	-2.03203794668661	TRUE
gene17418	-2.6144751777174	TRUE
gene17419	0	FALSE
gene17420	2.44819060567534	TRUE
gene17421	0	FALSE
gene17422	0	FALSE
gene17423	0	FALSE
gene17424	0	FALSE
gene17425	0	FALSE
gene17426	0	FALSE
gene17427	0	FALSE
gene17428	0	FALSE
gene17429	0	FALSE
gene17430	1.45880070253043	TRUE
gene17431	0	FALSE
gene17432	1.43926040804945	TRUE
gene17433	0	FALSE
gene17434	-1.47316870687064	TRUE
gene17435	0	FALSE
gene17436	0	FALSE
gene17437	0	FALSE
gene17438	0	FALSE
gene17439	-2.78359415160958	TRUE
gene17440	0	FALSE
gene17441	0	FALSE
gene17442	2.49637755251024	TRUE
gene17443	0	FALSE
gene17444	0	FALSE
gene17445	0	FALSE
gene17446	-0.879768178565428	TRUE
gene17447	0	FALSE
gene17448	0	FALSE
gene17449	0	FALSE
gene17450	0	FALSE
gene17451	0	FALSE
gene17452	0	FALSE
gene17453	1.27863207104383	TRUE
gene17454	0	FALSE
gene17455	0	FALSE
gene17456	0	FALSE
gene17457	0	FALSE
gene17458	0	FALSE
gene17459	0	FALSE
gene17460	0	FALSE
gene17461	0	FALSE
gene17462	0	FALSE
gene17463	0	FALSE
gene17464	0	FALSE
gene17465	0	FALSE
gene17466	0	FALSE
gene17467	-0.788350030663423	TRUE
gene17468	0	FALSE
gene17469	1.54670997936046	TRUE
gene17470	0	FALSE
gene17471	0	FALSE
gene17472	0	FALSE
gene17473	0	FALSE
gene17474	0	FALSE
gene17475	0	FALSE
gene17476	0	FALSE
gene17477	0	FALSE
gene17478	0	FALSE
gene17479	0	FALSE
gene17480	0	FALSE
gene17481	0	FALSE
gene17482	0	FALSE
gene17483	0	FALSE
gene17484	0	FALSE
gene17485	0	FALSE
gene17486	0	FALSE
gene17487	0	FALSE
gene17488	1.8309744229191	TRUE
gene17489	0	FALSE
gene17490	0	FALSE
gene17491	0	FALSE
gene17492	0	FALSE
gene17493	0	FALSE
gene17494	-2.11862047878094	TRUE
gene17495	-1.10272032686044	TRUE
gene17496	0	FALSE
gene17497	2.74817182490369	TRUE
gene17498	0	FALSE
gene17499	-1.93096366978716	TRUE
gene17500	0	FALSE
gene17501	0	FALSE
gene17502	0	FALSE
gene17503	0	FALSE
gene17504	0	FALSE
gene17505	0	FALSE
gene17506	0	FALSE
gene17507	0	FALSE
gene17508	2.21588949108263	TRUE
gene17509	0	FALSE
gene17510	0	FALSE
gene17511	0	FALSE
gene17512	2.13955436577089	TRUE
gene17513	0	FALSE
gene17514	1.5766440606094	TRUE
gene17515	0	FALSE
gene17516	0	FALSE
gene17517	-1.80706776038278	TRUE
gene17518	0	FALSE
gene17519	0	FALSE
gene17520	0	FALSE
gene17521	0	FALSE
gene17522	0.914332937565632	TRUE
gene17523	0	FALSE
gene17524	0	FALSE
gene17525	0	FALSE
gene17526	0	FALSE
gene17527	0	FALSE
gene17528	0	FALSE
gene17529	0	FALSE
gene17530	1.90895069553517	TRUE
gene17531	0	FALSE
gene17532	2.36650078586536	TRUE
gene17533	0	FALSE
gene17534	0	FALSE
gene17535	0	FALSE
gene17536	0	FALSE
gene17537	0	FALSE
gene17538	0	FALSE
gene17539	0	FALSE
gene17540	0	FALSE
gene17541	0	FALSE
gene17542	0	FALSE
gene17543	0	FALSE
gene17544	1.10663527180441	TRUE
gene17545	0	FALSE
gene17546	0	FALSE
gene17547	0	FALSE
gene17548	0	FALSE
gene17549	0	FALSE
gene17550	0	FALSE
gene17551	0	FALSE
gene17552	0	FALSE
gene17553	0	FALSE
gene17554	0	FALSE
gene17555	0	FALSE
gene17556	0	FALSE
gene17557	0	FALSE
gene17558	0	FALSE
gene17559	0.920372875174507	TRUE
gene17560	0	FALSE
gene17561	0	FALSE
gene17562	0	FALSE
gene17563	0	FALSE
gene17564	0	FALSE
gene17565	0	FALSE
gene17566	0	FALSE
gene17567	0	FALSE
gene17568	0	FALSE
gene17569	2.32725366263185	TRUE
gene17570	0	FALSE
gene17571	-0.902046432194766	TRUE
gene17572	0	FALSE
gene17573	0.771190300933085	TRUE
gene17574	0	FALSE
gene17575	0	FALSE
gene17576	2.14124103100039	TRUE
gene17577	0	FALSE
gene17578	0	FALSE
gene17579	2.21075706370175	TRUE
gene17580	0	FALSE
gene17581	0	FALSE
gene17582	-2.99899199599167	TRUE
gene17583	-1.8399679849972	TRUE
gene17584	0	FALSE
gene17585	1.57260374649195	TRUE
gene17586	0	FALSE
gene17587	0	FALSE
gene17588	0	FALSE
gene17589	0	FALSE
gene17590	0	FALSE
gene17591	-2.83750909147784	TRUE
gene17592	0	FALSE
gene17593	0	FALSE
gene17594	0	FALSE
gene17595	0	FALSE
gene17596	0	FALSE
gene17597	0	FALSE
gene17598	0	FALSE
gene17599	0	FALSE
gene17600	0	FALSE
gene17601	-2.31542524870019	TRUE
gene17602	0	FALSE
gene17603	0	FALSE
gene17604	0	FALSE
gene17605	0	FALSE
gene17606	0	FALSE
gene17607	0	FALSE
gene17608	0	FALSE
gene17609	0	FALSE
gene17610	0	FALSE
gene17611	-2.17789429257391	TRUE
gene17612	0	FALSE
gene17613	0	FALSE
gene17614	0	FALSE
gene17615	0	FALSE
gene17616	0	FALSE
gene17617	0	FALSE
gene17618	0	FALSE
gene17619	-1.1392965571722	TRUE
gene17620	0	FALSE
gene17621	0	FALSE
gene17622	0	FALSE
gene17623	0	FALSE
gene17624	0	FALSE
gene17625	0	FALSE
gene17626	0	FALSE
gene17627	0	FALSE
gene17628	0	FALSE
gene17629	0	FALSE
gene17630	0	FALSE
gene17631	0	FALSE
gene17632	2.96049130114261	TRUE
gene17633	0.995577869005501	TRUE
gene17634	2.84072905458743	TRUE
gene17635	0	FALSE
gene17636	0	FALSE
gene17637	0	FALSE
gene17638	-2.35362805332989	TRUE
gene17639	-2.74750610848423	TRUE
gene17640	0	FALSE
gene17641	0	FALSE
gene17642	0	FALSE
gene17643	0	FALSE
gene17644	0	FALSE
gene17645	0	FALSE
gene17646	0	FALSE
gene17647	0	FALSE
gene17648	0	FALSE
gene17649	0	FALSE
gene17650	0	FALSE
gene17651	0	FALSE
gene17652	0	FALSE
gene17653	0	FALSE
gene17654	0	FALSE
gene17655	0	FALSE
gene17656	-1.2201440470526	TRUE
gene17657	0	FALSE
gene17658	0	FALSE
gene17659	1.66994459013222	TRUE
gene17660	0	FALSE
gene17661	0	FALSE
gene17662	0	FALSE
gene17663	0	FALSE
gene17664	0	FALSE
gene17665	0	FALSE
gene17666	0	FALSE
gene17667	2.09314695041394	TRUE
gene17668	0	FALSE
gene17669	0	FALSE
gene17670	0	FALSE
gene17671	0	FALSE
gene17672	0	FALSE
gene17673	0	FALSE
gene17674	0	FALSE
gene17675	0	FALSE
gene17676	0	FALSE
gene17677	0	FALSE
gene17678	0	FALSE
gene17679	0	FALSE
gene17680	-2.25036626576912	TRUE
gene17681	0	FALSE
gene17682	0	FALSE
gene17683	0.916891521890648	TRUE
gene17684	0	FALSE
gene17685	2.13199275702937	TRUE
gene17686	0	FALSE
gene17687	0	FALSE
gene17688	0	FALSE
gene17689	0	FALSE
gene17690	0	FALSE
gene17691	0	FALSE
gene17692	0	FALSE
gene17693	0	FALSE
gene17694	0	FALSE
gene17695	0	FALSE
gene17696	-1.63500472577289	TRUE
gene17697	0	FALSE
gene17698	0	FALSE
gene17699	0	FALSE
gene17700	0	FALSE
gene17701	0	FALSE
gene17702	0	FALSE
gene17703	0	FALSE
gene17704	0	FALSE
gene17705	0	FALSE
gene17706	1.07590602245182	TRUE
gene17707	-0.893011727544945	TRUE
gene17708	0	FALSE
gene17709	0	FALSE
gene17710	0	FALSE
gene17711	0	FALSE
gene17712	0	FALSE
gene17713	0	FALSE
gene17714	0	FALSE
gene17715	0	FALSE
gene17716	0	FALSE
gene17717	0	FALSE
gene17718	0	FALSE
gene17719	0	FALSE
gene17720	0	FALSE
gene17721	0	FALSE
gene17722	0	FALSE
gene17723	0	FALSE
gene17724	0	FALSE
gene17725	0	FALSE
gene17726	0	FALSE
gene17727	0	FALSE
gene17728	0	FALSE
gene17729	0	FALSE
gene17730	0	FALSE
gene17731	0	FALSE
gene17732	1.1594062683871	TRUE
gene17733	0	FALSE
gene17734	0	FALSE
gene17735	0	FALSE
gene17736	0	FALSE
gene17737	0	FALSE
gene17738	0	FALSE
gene17739	0	FALSE
gene17740	0	FALSE
gene17741	0	FALSE
gene17742	0	FALSE
gene17743	1.47638880618615	TRUE
gene17744	0	FALSE
gene17745	1.95973085443256	TRUE
gene17746	0	FALSE
gene17747	0	FALSE
gene17748	0	FALSE
gene17749	-2.92955746734515	TRUE
gene17750	0	FALSE
gene17751	0	FALSE
gene17752	0	FALSE
gene17753	0	FALSE
gene17754	0	FALSE
gene17755	0	FALSE
gene17756	0	FALSE
gene17757	-2.87366595159983	TRUE
gene17758	0	FALSE
gene17759	0	FALSE
gene17760	0	FALSE
gene17761	0	FALSE
gene17762	0	FALSE
gene17763	0	FALSE
gene17764	0	FALSE
gene17765	2.6596353679779	TRUE
gene17766	0	FALSE
gene17767	0	FALSE
gene17768	0	FALSE
gene17769	0	FALSE
gene17770	0	FALSE
gene17771	0	FALSE
gene17772	0	FALSE
gene17773	1.71832020417787	TRUE
gene17774	0	FALSE
gene17775	0	FALSE
gene17776	0	FALSE
gene17777	0	FALSE
gene17778	0	FALSE
gene17779	0	FALSE
gene17780	0	FALSE
gene17781	0	FALSE
gene17782	0	FALSE
gene17783	0	FALSE
gene17784	0	FALSE
gene17785	0	FALSE
gene17786	0	FALSE
gene17787	0	FALSE
gene17788	0	FALSE
gene17789	0	FALSE
gene17790	0	FALSE
gene17791	0	FALSE
gene17792	0	FALSE
gene17793	0	FALSE
gene17794	1.52596077608177	TRUE
gene17795	0	FALSE
gene17796	0	FALSE
gene17797	0	FALSE
gene17798	0	FALSE
gene17799	0	FALSE
gene17800	0	FALSE
gene17801	0	FALSE
gene17802	0	FALSE
gene17803	0	FALSE
gene17804	0	FALSE
gene17805	0	FALSE
gene17806	0	FALSE
gene17807	0	FALSE
gene17808	0	FALSE
gene17809	0	FALSE
gene17810	0	FALSE
gene17811	0	FALSE
gene17812	0	FALSE
gene17813	0	FALSE
gene17814	0	FALSE
gene17815	0	FALSE
gene17816	0	FALSE
gene17817	0	FALSE
gene17818	0	FALSE
gene17819	0	FALSE
gene17820	0	FALSE
gene17821	0	FALSE
gene17822	0	FALSE
gene17823	0	FALSE
gene17824	0	FALSE
gene17825	0	FALSE
gene17826	0	FALSE
gene17827	0	FALSE
gene17828	0	FALSE
gene17829	0	FALSE
gene17830	0	FALSE
gene17831	0	FALSE
gene17832	0	FALSE
gene17833	0	FALSE
gene17834	2.17172094387934	TRUE
gene17835	0	FALSE
gene17836	0	FALSE
gene17837	0	FALSE
gene17838	0	FALSE
gene17839	0	FALSE
gene17840	0	FALSE
gene17841	0	FALSE
gene17842	0	FALSE
gene17843	0	FALSE
gene17844	0	FALSE
gene17845	0	FALSE
gene17846	0	FALSE
gene17847	0	FALSE
gene17848	0	FALSE
gene17849	-1.22087091574213	TRUE
gene17850	0	FALSE
gene17851	0	FALSE
gene17852	0	FALSE
gene17853	0	FALSE
gene17854	0	FALSE
gene17855	-1.88611935154768	TRUE
gene17856	0	FALSE
gene17857	0	FALSE
gene17858	0	FALSE
gene17859	0	FALSE
gene17860	0	FALSE
gene17861	0	FALSE
gene17862	0	FALSE
gene17863	0	FALSE
gene17864	0	FALSE
gene17865	0	FALSE
gene17866	0	FALSE
gene17867	0	FALSE
gene17868	0	FALSE
gene17869	0	FALSE
gene17870	0	FALSE
gene17871	0	FALSE
gene17872	1.656151298841	TRUE
gene17873	0	FALSE
gene17874	0	FALSE
gene17875	-1.96766539447708	TRUE
gene17876	0	FALSE
gene17877	1.76300271291984	TRUE
gene17878	0	FALSE
gene17879	0	FALSE
gene17880	0	FALSE
gene17881	0	FALSE
gene17882	0	FALSE
gene17883	0	FALSE
gene17884	0	FALSE
gene17885	2.41548200970283	TRUE
gene17886	0	FALSE
gene17887	0	FALSE
gene17888	0	FALSE
gene17889	0	FALSE
gene17890	-2.48603702121181	TRUE
gene17891	-1.82401011802722	TRUE
gene17892	0	FALSE
gene17893	-1.33022029465064	TRUE
gene17894	0	FALSE
gene17895	0	FALSE
gene17896	0	FALSE
gene17897	0	FALSE
gene17898	0	FALSE
gene17899	0	FALSE
gene17900	0	FALSE
gene17901	0	FALSE
gene17902	0	FALSE
gene17903	0	FALSE
gene17904	0	FALSE
gene17905	0	FALSE
gene17906	0	FALSE
gene17907	0	FALSE
gene17908	0	FALSE
gene17909	0	FALSE
gene17910	0	FALSE
gene17911	0	FALSE
gene17912	0	FALSE
gene17913	0	FALSE
gene17914	0	FALSE
gene17915	0	FALSE
gene17916	0	FALSE
gene17917	0	FALSE
gene17918	0	FALSE
gene17919	0	FALSE
gene17920	0	FALSE
gene17921	0	FALSE
gene17922	0	FALSE
gene17923	0	FALSE
gene17924	1.83146473334637	TRUE
gene17925	0	FALSE
gene17926	0	FALSE
gene17927	0	FALSE
gene17928	0	FALSE
gene17929	0	FALSE
gene17930	0	FALSE
gene17931	0	FALSE
gene17932	0	FALSE
gene17933	0	FALSE
gene17934	0	FALSE
gene17935	0	FALSE
gene17936	0	FALSE
gene17937	0	FALSE
gene17938	0	FALSE
gene17939	0	FALSE
gene17940	-1.51816777599743	TRUE
gene17941	-1.96289110905491	TRUE
gene17942	0	FALSE
gene17943	0	FALSE
gene17944	0	FALSE
gene17945	0	FALSE
gene17946	0	FALSE
gene17947	0	FALSE
gene17948	0	FALSE
gene17949	0	FALSE
gene17950	0	FALSE
gene17951	0	FALSE
gene17952	-1.8341823417577	TRUE
gene17953	0	FALSE
gene17954	0	FALSE
gene17955	0	FALSE
gene17956	0	FALSE
gene17957	0	FALSE
gene17958	0	FALSE
gene17959	0	FALSE
gene17960	0	FALSE
gene17961	0	FALSE
gene17962	0	FALSE
gene17963	2.02936395717552	TRUE
gene17964	0	FALSE
gene17965	0	FALSE
gene17966	0	FALSE
gene17967	0	FALSE
gene17968	0	FALSE
gene17969	0	FALSE
gene17970	0	FALSE
gene17971	0	FALSE
gene17972	0	FALSE
gene17973	0	FALSE
gene17974	0	FALSE
gene17975	0	FALSE
gene17976	0	FALSE
gene17977	-0.755082591727842	TRUE
gene17978	0	FALSE
gene17979	0	FALSE
gene17980	0	FALSE
gene17981	0	FALSE
gene17982	0	FALSE
gene17983	0	FALSE
gene17984	0	FALSE
gene17985	0	FALSE
gene17986	0	FALSE
gene17987	1.84023669938324	TRUE
gene17988	0	FALSE
gene17989	0	FALSE
gene17990	0	FALSE
gene17991	0	FALSE
gene17992	0	FALSE
gene17993	0	FALSE
gene17994	0	FALSE
gene17995	0	FALSE
gene17996	0	FALSE
gene17997	-2.844597343239	TRUE
gene17998	0	FALSE
gene17999	0	FALSE
gene18000	0	FALSE
gene18001	0	FALSE
gene18002	-2.53776792157441	TRUE
gene18003	0	FALSE
gene18004	0	FALSE
gene18005	0	FALSE
gene18006	0	FALSE
gene18007	0	FALSE
gene18008	0	FALSE
gene18009	0	FALSE
gene18010	0	FALSE
gene18011	0	FALSE
gene18012	1.25071545154788	TRUE
gene18013	0	FALSE
gene18014	0	FALSE
gene18015	0.86029787507141	TRUE
gene18016	0	FALSE
gene18017	0	FALSE
gene18018	0	FALSE
gene18019	-1.78783470403869	TRUE
gene18020	0	FALSE
gene18021	0	FALSE
gene18022	0	FALSE
gene18023	0	FALSE
gene18024	0	FALSE
gene18025	0	FALSE
gene18026	0	FALSE
gene18027	0	FALSE
gene18028	0	FALSE
gene18029	0	FALSE
gene18030	0	FALSE
gene18031	0	FALSE
gene18032	0	FALSE
gene18033	0	FALSE
gene18034	0	FALSE
gene18035	0	FALSE
gene18036	0	FALSE
gene18037	0	FALSE
gene18038	0	FALSE
gene18039	0	FALSE
gene18040	0	FALSE
gene18041	0	FALSE
gene18042	-2.01395493670134	TRUE
gene18043	-2.32430114090675	TRUE
gene18044	0	FALSE
gene18045	0	FALSE
gene18046	0	FALSE
gene18047	0	FALSE
gene18048	0	FALSE
gene18049	1.64335448853672	TRUE
gene18050	0	FALSE
gene18051	0	FALSE
gene18052	0	FALSE
gene18053	0	FALSE
gene18054	0	FALSE
gene18055	0	FALSE
gene18056	0	FALSE
gene18057	0	FALSE
gene18058	0	FALSE
gene18059	0	FALSE
gene18060	0	FALSE
gene18061	0	FALSE
gene18062	0	FALSE
gene18063	-0.870731841016095	TRUE
gene18064	0	FALSE
gene18065	0	FALSE
gene18066	0	FALSE
gene18067	0	FALSE
gene18068	-0.976124718028586	TRUE
gene18069	0	FALSE
gene18070	0	FALSE
gene18071	0	FALSE
gene18072	0	FALSE
gene18073	0	FALSE
gene18074	0	FALSE
gene18075	0	FALSE
gene18076	0	FALSE
gene18077	0	FALSE
gene18078	0	FALSE
gene18079	0	FALSE
gene18080	0	FALSE
gene18081	0	FALSE
gene18082	0	FALSE
gene18083	0	FALSE
gene18084	0	FALSE
gene18085	0	FALSE
gene18086	0	FALSE
gene18087	-2.05031741538551	TRUE
gene18088	0	FALSE
gene18089	1.10597842605785	TRUE
gene18090	0	FALSE
gene18091	0	FALSE
gene18092	0	FALSE
gene18093	0	FALSE
gene18094	0	FALSE
gene18095	0	FALSE
gene18096	1.35543086385587	TRUE
gene18097	0	FALSE
gene18098	0	FALSE
gene18099	0	FALSE
gene18100	0	FALSE
gene18101	-0.926832499913871	TRUE
gene18102	0	FALSE
gene18103	0	FALSE
gene18104	0	FALSE
gene18105	2.25454331230139	TRUE
gene18106	0	FALSE
gene18107	2.4094491385622	TRUE
gene18108	-1.15370146650821	TRUE
gene18109	0	FALSE
gene18110	0	FALSE
gene18111	0	FALSE
gene18112	0	FALSE
gene18113	0	FALSE
gene18114	-1.35421704431064	TRUE
gene18115	0	FALSE
gene18116	-0.987800992559642	TRUE
gene18117	-2.5196157907485	TRUE
gene18118	0	FALSE
gene18119	0	FALSE
gene18120	0	FALSE
gene18121	0	FALSE
gene18122	0	FALSE
gene18123	0	FALSE
gene18124	0	FALSE
gene18125	0	FALSE
gene18126	0	FALSE
gene18127	0	FALSE
gene18128	0	FALSE
gene18129	0	FALSE
gene18130	0	FALSE
gene18131	0	FALSE
gene18132	0	FALSE
gene18133	0	FALSE
gene18134	0	FALSE
gene18135	0	FALSE
gene18136	0	FALSE
gene18137	0	FALSE
gene18138	0	FALSE
gene18139	0	FALSE
gene18140	0	FALSE
gene18141	0	FALSE
gene18142	0	FALSE
gene18143	0	FALSE
gene18144	0	FALSE
gene18145	0	FALSE
gene18146	0	FALSE
gene18147	0	FALSE
gene18148	2.32707172347	TRUE
gene18149	0	FALSE
gene18150	0	FALSE
gene18151	0	FALSE
gene18152	0	FALSE
gene18153	0	FALSE
gene18154	0	FALSE
gene18155	0	FALSE
gene18156	-2.55432663793908	TRUE
gene18157	0	FALSE
gene18158	0	FALSE
gene18159	0	FALSE
gene18160	0	FALSE
gene18161	0	FALSE
gene18162	0	FALSE
gene18163	0	FALSE
gene18164	2.28145715914434	TRUE
gene18165	1.13906094344566	TRUE
gene18166	0	FALSE
gene18167	0	FALSE
gene18168	0	FALSE
gene18169	0	FALSE
gene18170	0	FALSE
gene18171	0	FALSE
gene18172	0	FALSE
gene18173	0	FALSE
gene18174	0	FALSE
gene18175	0	FALSE
gene18176	0	FALSE
gene18177	0	FALSE
gene18178	0	FALSE
gene18179	0	FALSE
gene18180	0	FALSE
gene18181	0	FALSE
gene18182	0	FALSE
gene18183	0	FALSE
gene18184	0	FALSE
gene18185	1.83345120510785	TRUE
gene18186	0	FALSE
gene18187	0	FALSE
gene18188	-0.945407284540124	TRUE
gene18189	0	FALSE
gene18190	0	FALSE
gene18191	-1.5620936503401	TRUE
gene18192	0	FALSE
gene18193	0	FALSE
gene18194	0	FALSE
gene18195	0	FALSE
gene18196	0	FALSE
gene18197	0	FALSE
gene18198	0	FALSE
gene18199	0	FALSE
gene18200	0	FALSE
gene18201	0	FALSE
gene18202	0	FALSE
gene18203	0	FALSE
gene18204	0	FALSE
gene18205	0	FALSE
gene18206	-2.83271518559195	TRUE
gene18207	0	FALSE
gene18208	0	FALSE
gene18209	0	FALSE
gene18210	0	FALSE
gene18211	-2.1227305450011	TRUE
gene18212	0	FALSE
gene18213	0	FALSE
gene18214	0	FALSE
gene18215	0	FALSE
gene18216	0	FALSE
gene18217	0	FALSE
gene18218	0	FALSE
gene18219	0	FALSE
gene18220	0	FALSE
gene18221	0.782135059009306	TRUE
gene18222	0	FALSE
gene18223	0	FALSE
gene18224	2.28246958827367	TRUE
gene18225	0	FALSE
gene18226	0	FALSE
gene18227	0	FALSE
gene18228	0	FALSE
gene18229	0	FALSE
gene18230	0	FALSE
gene18231	0	FALSE
gene18232	-1.01541475031991	TRUE
gene18233	0	FALSE
gene18234	0	FALSE
gene18235	-1.26665302173933	TRUE
gene18236	-1.76780293509364	TRUE
gene18237	0	FALSE
gene18238	0	FALSE
gene18239	0	FALSE
gene18240	0	FALSE
gene18241	0	FALSE
gene18242	0	FALSE
gene18243	0	FALSE
gene18244	0	FALSE
gene18245	0	FALSE
gene18246	0.890396691102069	TRUE
gene18247	0	FALSE
gene18248	-2.43371268105693	TRUE
gene18249	0	FALSE
gene18250	0	FALSE
gene18251	0	FALSE
gene18252	-2.56329097598791	TRUE
gene18253	-2.69781642942689	TRUE
gene18254	0	FALSE
gene18255	0	FALSE
gene18256	-2.17820446018595	TRUE
gene18257	0	FALSE
gene18258	0	FALSE
gene18259	0	FALSE
gene18260	0	FALSE
gene18261	-1.91466020437656	TRUE
gene18262	0	FALSE
gene18263	0	FALSE
gene18264	0	FALSE
gene18265	0	FALSE
gene18266	0	FALSE
gene18267	2.35026143415598	TRUE
gene18268	0	FALSE
gene18269	0	FALSE
gene18270	0	FALSE
gene18271	0	FALSE
gene18272	0	FALSE
gene18273	0	FALSE
gene18274	0	FALSE
gene18275	0	FALSE
gene18276	1.55943159142043	TRUE
gene18277	0	FALSE
gene18278	0	FALSE
gene18279	0	FALSE
gene18280	-1.37914601824014	TRUE
gene18281	0	FALSE
gene18282	0	FALSE
gene18283	0	FALSE
gene18284	0	FALSE
gene18285	0	FALSE
gene18286	0	FALSE
gene18287	0	FALSE
gene18288	-1.23332271067193	TRUE
gene18289	0	FALSE
gene18290	0	FALSE
gene18291	-2.2100054071052	TRUE
gene18292	0	FALSE
gene18293	0	FALSE
gene18294	0	FALSE
gene18295	0	FALSE
gene18296	0	FALSE
gene18297	0	FALSE
gene18298	-2.44102358655073	TRUE
gene18299	-1.21678162668832	TRUE
gene18300	0	FALSE
gene18301	0	FALSE
gene18302	0	FALSE
gene18303	0	FALSE
gene18304	0	FALSE
gene18305	0	FALSE
gene18306	2.74306250014342	TRUE
gene18307	1.1893542316393	TRUE
gene18308	0	FALSE
gene18309	0	FALSE
gene18310	0	FALSE
gene18311	0	FALSE
gene18312	0	FALSE
gene18313	0	FALSE
gene18314	0	FALSE
gene18315	0	FALSE
gene18316	0	FALSE
gene18317	-2.20512470818358	TRUE
gene18318	0	FALSE
gene18319	0	FALSE
gene18320	0	FALSE
gene18321	0	FALSE
gene18322	-2.20308751700213	TRUE
gene18323	0	FALSE
gene18324	0	FALSE
gene18325	0	FALSE
gene18326	0	FALSE
gene18327	1.79091759683797	TRUE
gene18328	0	FALSE
gene18329	0	FALSE
gene18330	0	FALSE
gene18331	0	FALSE
gene18332	0	FALSE
gene18333	0	FALSE
gene18334	0	FALSE
gene18335	0	FALSE
gene18336	0	FALSE
gene18337	0	FALSE
gene18338	0	FALSE
gene18339	0	FALSE
gene18340	0	FALSE
gene18341	0	FALSE
gene18342	0	FALSE
gene18343	0	FALSE
gene18344	0	FALSE
gene18345	0	FALSE
gene18346	0	FALSE
gene18347	0	FALSE
gene18348	-2.24494273017626	TRUE
gene18349	0	FALSE
gene18350	0	FALSE
gene18351	0	FALSE
gene18352	0	FALSE
gene18353	-1.137286775338	TRUE
gene18354	0	FALSE
gene18355	0	FALSE
gene18356	0	FALSE
gene18357	0	FALSE
gene18358	0	FALSE
gene18359	0	FALSE
gene18360	0	FALSE
gene18361	0	FALSE
gene18362	0	FALSE
gene18363	0	FALSE
gene18364	0	FALSE
gene18365	0	FALSE
gene18366	0	FALSE
gene18367	0	FALSE
gene18368	0	FALSE
gene18369	0	FALSE
gene18370	0	FALSE
gene18371	0	FALSE
gene18372	0	FALSE
gene18373	0	FALSE
gene18374	-2.28450064861681	TRUE
gene18375	0	FALSE
gene18376	-2.49610377073986	TRUE
gene18377	0	FALSE
gene18378	0	FALSE
gene18379	1.67870496347314	TRUE
gene18380	0	FALSE
gene18381	0	FALSE
gene18382	0	FALSE
gene18383	0	FALSE
gene18384	0	FALSE
gene18385	0	FALSE
gene18386	0	FALSE
gene18387	0	FALSE
gene18388	0	FALSE
gene18389	-1.06702659989242	TRUE
gene18390	0	FALSE
gene18391	0	FALSE
gene18392	0	FALSE
gene18393	0	FALSE
gene18394	0	FALSE
gene18395	0	FALSE
gene18396	0	FALSE
gene18397	0	FALSE
gene18398	0	FALSE
gene18399	0	FALSE
gene18400	0	FALSE
gene18401	0	FALSE
gene18402	0	FALSE
gene18403	0	FALSE
gene18404	1.64879651722731	TRUE
gene18405	0	FALSE
gene18406	0	FALSE
gene18407	0	FALSE
gene18408	2.53850893629715	TRUE
gene18409	0	FALSE
gene18410	0	FALSE
gene18411	0	FALSE
gene18412	1.90376715216553	TRUE
gene18413	0	FALSE
gene18414	0	FALSE
gene18415	0	FALSE
gene18416	0	FALSE
gene18417	0	FALSE
gene18418	0	FALSE
gene18419	0	FALSE
gene18420	0	FALSE
gene18421	0	FALSE
gene18422	0	FALSE
gene18423	0	FALSE
gene18424	0	FALSE
gene18425	0	FALSE
gene18426	0	FALSE
gene18427	0	FALSE
gene18428	0	FALSE
gene18429	0	FALSE
gene18430	0	FALSE
gene18431	0	FALSE
gene18432	0	FALSE
gene18433	-2.26417432387825	TRUE
gene18434	0	FALSE
gene18435	0	FALSE
gene18436	0	FALSE
gene18437	0	FALSE
gene18438	0	FALSE
gene18439	0	FALSE
gene18440	0	FALSE
gene18441	0	FALSE
gene18442	0	FALSE
gene18443	0	FALSE
gene18444	0	FALSE
gene18445	-2.03317913389765	TRUE
gene18446	1.66727700649062	TRUE
gene18447	0	FALSE
gene18448	0	FALSE
gene18449	0	FALSE
gene18450	0	FALSE
gene18451	0	FALSE
gene18452	0	FALSE
gene18453	0	FALSE
gene18454	-0.91177989001153	TRUE
gene18455	0	FALSE
gene18456	0	FALSE
gene18457	0	FALSE
gene18458	0	FALSE
gene18459	0	FALSE
gene18460	0	FALSE
gene18461	1.17321346787503	TRUE
gene18462	2.73298198910197	TRUE
gene18463	0	FALSE
gene18464	0	FALSE
gene18465	0	FALSE
gene18466	1.74324499134673	TRUE
gene18467	0	FALSE
gene18468	0	FALSE
gene18469	1.14931600395357	TRUE
gene18470	0	FALSE
gene18471	0	FALSE
gene18472	0	FALSE
gene18473	0	FALSE
gene18474	0	FALSE
gene18475	0	FALSE
gene18476	0	FALSE
gene18477	0	FALSE
gene18478	0.811620172520634	TRUE
gene18479	0	FALSE
gene18480	0	FALSE
gene18481	0	FALSE
gene18482	0	FALSE
gene18483	0	FALSE
gene18484	0	FALSE
gene18485	0	FALSE
gene18486	0	FALSE
gene18487	0	FALSE
gene18488	0	FALSE
gene18489	0	FALSE
gene18490	0	FALSE
gene18491	0	FALSE
gene18492	0	FALSE
gene18493	0	FALSE
gene18494	0	FALSE
gene18495	0	FALSE
gene18496	0	FALSE
gene18497	0	FALSE
gene18498	0	FALSE
gene18499	0	FALSE
gene18500	0	FALSE
gene18501	0	FALSE
gene18502	0	FALSE
gene18503	1.46419844124466	TRUE
gene18504	0	FALSE
gene18505	0	FALSE
gene18506	0	FALSE
gene18507	0	FALSE
gene18508	0	FALSE
gene18509	0	FALSE
gene18510	-1.97735224105418	TRUE
gene18511	0	FALSE
gene18512	0	FALSE
gene18513	0	FALSE
gene18514	0	FALSE
gene18515	0	FALSE
gene18516	0	FALSE
gene18517	0	FALSE
gene18518	0	FALSE
gene18519	0	FALSE
gene18520	0	FALSE
gene18521	0	FALSE
gene18522	-2.75621970137581	TRUE
gene18523	0	FALSE
gene18524	0	FALSE
gene18525	0	FALSE
gene18526	0	FALSE
gene18527	0	FALSE
gene18528	0	FALSE
gene18529	0	FALSE
gene18530	0	FALSE
gene18531	0	FALSE
gene18532	0	FALSE
gene18533	0	FALSE
gene18534	-2.82504169939784	TRUE
gene18535	0	FALSE
gene18536	0	FALSE
gene18537	0	FALSE
gene18538	0	FALSE
gene18539	0	FALSE
gene18540	-0.996890398033429	TRUE
gene18541	2.44171150296461	TRUE
gene18542	0	FALSE
gene18543	0	FALSE
gene18544	2.33657301514177	TRUE
gene18545	0	FALSE
gene18546	0	FALSE
gene18547	0	FALSE
gene18548	0	FALSE
gene18549	0	FALSE
gene18550	0	FALSE
gene18551	0	FALSE
gene18552	0	FALSE
gene18553	0	FALSE
gene18554	0	FALSE
gene18555	0	FALSE
gene18556	0	FALSE
gene18557	1.28916694934014	TRUE
gene18558	0	FALSE
gene18559	0	FALSE
gene18560	0	FALSE
gene18561	0	FALSE
gene18562	0	FALSE
gene18563	0	FALSE
gene18564	0	FALSE
gene18565	0	FALSE
gene18566	0	FALSE
gene18567	0	FALSE
gene18568	0	FALSE
gene18569	0	FALSE
gene18570	0	FALSE
gene18571	0	FALSE
gene18572	2.40444164921064	TRUE
gene18573	0	FALSE
gene18574	0	FALSE
gene18575	0	FALSE
gene18576	0	FALSE
gene18577	1.96529746020678	TRUE
gene18578	0	FALSE
gene18579	0	FALSE
gene18580	0	FALSE
gene18581	0	FALSE
gene18582	0	FALSE
gene18583	0	FALSE
gene18584	0	FALSE
gene18585	0	FALSE
gene18586	0	FALSE
gene18587	0	FALSE
gene18588	0	FALSE
gene18589	0	FALSE
gene18590	0	FALSE
gene18591	0	FALSE
gene18592	0	FALSE
gene18593	0	FALSE
gene18594	0	FALSE
gene18595	0	FALSE
gene18596	0	FALSE
gene18597	0	FALSE
gene18598	0	FALSE
gene18599	0	FALSE
gene18600	0	FALSE
gene18601	0	FALSE
gene18602	0	FALSE
gene18603	0	FALSE
gene18604	0	FALSE
gene18605	0	FALSE
gene18606	0	FALSE
gene18607	-2.30393970751902	TRUE
gene18608	0	FALSE
gene18609	0	FALSE
gene18610	0	FALSE
gene18611	2.87333456834313	TRUE
gene18612	0	FALSE
gene18613	0	FALSE
gene18614	0	FALSE
gene18615	0	FALSE
gene18616	0	FALSE
gene18617	0	FALSE
gene18618	-1.95452341635246	TRUE
gene18619	0	FALSE
gene18620	0	FALSE
gene18621	0	FALSE
gene18622	0	FALSE
gene18623	0	FALSE
gene18624	0	FALSE
gene18625	0	FALSE
gene18626	0	FALSE
gene18627	1.57647450518562	TRUE
gene18628	0	FALSE
gene18629	0	FALSE
gene18630	0	FALSE
gene18631	0	FALSE
gene18632	-2.61587468156358	TRUE
gene18633	0	FALSE
gene18634	0	FALSE
gene18635	0	FALSE
gene18636	0	FALSE
gene18637	0	FALSE
gene18638	0	FALSE
gene18639	0	FALSE
gene18640	0	FALSE
gene18641	0	FALSE
gene18642	0	FALSE
gene18643	0	FALSE
gene18644	0	FALSE
gene18645	0	FALSE
gene18646	0	FALSE
gene18647	0	FALSE
gene18648	0	FALSE
gene18649	0	FALSE
gene18650	0	FALSE
gene18651	0	FALSE
gene18652	0	FALSE
gene18653	0	FALSE
gene18654	2.28903965820791	TRUE
gene18655	0	FALSE
gene18656	0	FALSE
gene18657	0	FALSE
gene18658	0	FALSE
gene18659	0	FALSE
gene18660	0	FALSE
gene18661	0	FALSE
gene18662	1.89495837595314	TRUE
gene18663	0	FALSE
gene18664	0	FALSE
gene18665	2.43895021855133	TRUE
gene18666	0	FALSE
gene18667	0	FALSE
gene18668	0	FALSE
gene18669	0	FALSE
gene18670	0	FALSE
gene18671	1.97925643605413	TRUE
gene18672	0	FALSE
gene18673	0	FALSE
gene18674	2.32811408961425	TRUE
gene18675	0	FALSE
gene18676	2.1532938342425	TRUE
gene18677	0	FALSE
gene18678	0	FALSE
gene18679	0	FALSE
gene18680	0	FALSE
gene18681	0	FALSE
gene18682	-1.940048525983	TRUE
gene18683	0	FALSE
gene18684	0	FALSE
gene18685	0	FALSE
gene18686	0	FALSE
gene18687	0	FALSE
gene18688	0	FALSE
gene18689	0.881462631106842	TRUE
gene18690	0	FALSE
gene18691	0	FALSE
gene18692	0	FALSE
gene18693	0	FALSE
gene18694	0	FALSE
gene18695	-2.75569564121542	TRUE
gene18696	0	FALSE
gene18697	0	FALSE
gene18698	2.11259646731196	TRUE
gene18699	0	FALSE
gene18700	0	FALSE
gene18701	0	FALSE
gene18702	0	FALSE
gene18703	0	FALSE
gene18704	0	FALSE
gene18705	0	FALSE
gene18706	1.89561925810995	TRUE
gene18707	0	FALSE
gene18708	0	FALSE
gene18709	0	FALSE
gene18710	0	FALSE
gene18711	0	FALSE
gene18712	0	FALSE
gene18713	0	FALSE
gene18714	1.11304483719869	TRUE
gene18715	0	FALSE
gene18716	0	FALSE
gene18717	-2.3875757586211	TRUE
gene18718	0	FALSE
gene18719	0	FALSE
gene18720	0	FALSE
gene18721	0	FALSE
gene18722	0	FALSE
gene18723	0	FALSE
gene18724	0	FALSE
gene18725	0	FALSE
gene18726	0	FALSE
gene18727	0	FALSE
gene18728	0	FALSE
gene18729	0	FALSE
gene18730	0	FALSE
gene18731	0	FALSE
gene18732	2.22216726257466	TRUE
gene18733	0	FALSE
gene18734	0	FALSE
gene18735	0	FALSE
gene18736	-2.21360644191736	TRUE
gene18737	0	FALSE
gene18738	0	FALSE
gene18739	0	FALSE
gene18740	0	FALSE
gene18741	-0.776073938759509	TRUE
gene18742	-2.2318488159799	TRUE
gene18743	0	FALSE
gene18744	0	FALSE
gene18745	0	FALSE
gene18746	0	FALSE
gene18747	0	FALSE
gene18748	-2.80862322327448	TRUE
gene18749	0	FALSE
gene18750	0	FALSE
gene18751	0	FALSE
gene18752	0	FALSE
gene18753	0	FALSE
gene18754	0	FALSE
gene18755	0	FALSE
gene18756	0	FALSE
gene18757	0	FALSE
gene18758	0	FALSE
gene18759	0	FALSE
gene18760	0	FALSE
gene18761	0	FALSE
gene18762	0	FALSE
gene18763	0	FALSE
gene18764	0	FALSE
gene18765	0	FALSE
gene18766	0	FALSE
gene18767	0	FALSE
gene18768	0	FALSE
gene18769	0	FALSE
gene18770	0	FALSE
gene18771	0	FALSE
gene18772	0	FALSE
gene18773	0	FALSE
gene18774	0	FALSE
gene18775	0	FALSE
gene18776	0	FALSE
gene18777	0	FALSE
gene18778	0.935246434528381	TRUE
gene18779	1.79383368819254	TRUE
gene18780	0	FALSE
gene18781	0	FALSE
gene18782	0	FALSE
gene18783	0	FALSE
gene18784	0	FALSE
gene18785	0	FALSE
gene18786	0	FALSE
gene18787	0	FALSE
gene18788	-2.34316883794963	TRUE
gene18789	0	FALSE
gene18790	0	FALSE
gene18791	-0.984819021541625	TRUE
gene18792	0	FALSE
gene18793	0	FALSE
gene18794	-2.46242777007865	TRUE
gene18795	0	FALSE
gene18796	0	FALSE
gene18797	0	FALSE
gene18798	0	FALSE
gene18799	-1.1030401441385	TRUE
gene18800	0	FALSE
gene18801	1.41902585781645	TRUE
gene18802	0	FALSE
gene18803	0	FALSE
gene18804	0	FALSE
gene18805	0	FALSE
gene18806	-2.3064276088262	TRUE
gene18807	0	FALSE
gene18808	0	FALSE
gene18809	0	FALSE
gene18810	0	FALSE
gene18811	0	FALSE
gene18812	0	FALSE
gene18813	0	FALSE
gene18814	0	FALSE
gene18815	-2.84333308297209	TRUE
gene18816	0	FALSE
gene18817	0	FALSE
gene18818	0	FALSE
gene18819	0	FALSE
gene18820	0	FALSE
gene18821	-1.65532450110186	TRUE
gene18822	0	FALSE
gene18823	0	FALSE
gene18824	0	FALSE
gene18825	0	FALSE
gene18826	0	FALSE
gene18827	0	FALSE
gene18828	0	FALSE
gene18829	0	FALSE
gene18830	1.2962805563584	TRUE
gene18831	0	FALSE
gene18832	0	FALSE
gene18833	0	FALSE
gene18834	0	FALSE
gene18835	0	FALSE
gene18836	0	FALSE
gene18837	0	FALSE
gene18838	0	FALSE
gene18839	-1.80952060804702	TRUE
gene18840	0	FALSE
gene18841	0	FALSE
gene18842	0	FALSE
gene18843	0	FALSE
gene18844	0	FALSE
gene18845	0	FALSE
gene18846	0	FALSE
gene18847	0	FALSE
gene18848	0	FALSE
gene18849	0	FALSE
gene18850	0	FALSE
gene18851	0	FALSE
gene18852	0	FALSE
gene18853	0	FALSE
gene18854	0	FALSE
gene18855	0	FALSE
gene18856	0	FALSE
gene18857	0	FALSE
gene18858	-2.31703583872877	TRUE
gene18859	-2.70107815117808	TRUE
gene18860	0	FALSE
gene18861	0	FALSE
gene18862	0	FALSE
gene18863	0	FALSE
gene18864	-1.96583449922036	TRUE
gene18865	0	FALSE
gene18866	-2.25646521040471	TRUE
gene18867	0	FALSE
gene18868	0	FALSE
gene18869	0	FALSE
gene18870	0	FALSE
gene18871	1.7403613065253	TRUE
gene18872	0	FALSE
gene18873	0	FALSE
gene18874	0	FALSE
gene18875	0	FALSE
gene18876	0	FALSE
gene18877	0	FALSE
gene18878	0	FALSE
gene18879	-1.94463115761755	TRUE
gene18880	0	FALSE
gene18881	0	FALSE
gene18882	0	FALSE
gene18883	0	FALSE
gene18884	0	FALSE
gene18885	0	FALSE
gene18886	0	FALSE
gene18887	0	FALSE
gene18888	0	FALSE
gene18889	0	FALSE
gene18890	0	FALSE
gene18891	0	FALSE
gene18892	0	FALSE
gene18893	0	FALSE
gene18894	0	FALSE
gene18895	0	FALSE
gene18896	0	FALSE
gene18897	0	FALSE
gene18898	-2.13557437987765	TRUE
gene18899	-2.78210699453484	TRUE
gene18900	0	FALSE
gene18901	0	FALSE
gene18902	0	FALSE
gene18903	0	FALSE
gene18904	0	FALSE
gene18905	0	FALSE
gene18906	0	FALSE
gene18907	1.95231368369423	TRUE
gene18908	0	FALSE
gene18909	0	FALSE
gene18910	0	FALSE
gene18911	-1.7962051271461	TRUE
gene18912	0	FALSE
gene18913	0	FALSE
gene18914	-2.32745568326209	TRUE
gene18915	0	FALSE
gene18916	0	FALSE
gene18917	-2.25751289905747	TRUE
gene18918	0	FALSE
gene18919	0	FALSE
gene18920	0	FALSE
gene18921	0	FALSE
gene18922	0	FALSE
gene18923	0	FALSE
gene18924	0	FALSE
gene18925	0	FALSE
gene18926	0	FALSE
gene18927	0	FALSE
gene18928	-1.84463702933863	TRUE
gene18929	0	FALSE
gene18930	0	FALSE
gene18931	0	FALSE
gene18932	-2.45928000711137	TRUE
gene18933	0	FALSE
gene18934	0	FALSE
gene18935	0	FALSE
gene18936	0	FALSE
gene18937	0	FALSE
gene18938	-1.24864318891196	TRUE
gene18939	0	FALSE
gene18940	0	FALSE
gene18941	0	FALSE
gene18942	0	FALSE
gene18943	0	FALSE
gene18944	0	FALSE
gene18945	0	FALSE
gene18946	0	FALSE
gene18947	0	FALSE
gene18948	0	FALSE
gene18949	-0.891136358433869	TRUE
gene18950	0	FALSE
gene18951	0	FALSE
gene18952	0	FALSE
gene18953	0	FALSE
gene18954	0	FALSE
gene18955	0	FALSE
gene18956	0	FALSE
gene18957	0	FALSE
gene18958	0	FALSE
gene18959	0	FALSE
gene18960	0	FALSE
gene18961	0	FALSE
gene18962	0	FALSE
gene18963	0	FALSE
gene18964	0	FALSE
gene18965	1.7370874802582	TRUE
gene18966	0	FALSE
gene18967	0	FALSE
gene18968	0	FALSE
gene18969	0	FALSE
gene18970	0	FALSE
gene18971	0	FALSE
gene18972	0	FALSE
gene18973	0	FALSE
gene18974	0	FALSE
gene18975	0	FALSE
gene18976	0	FALSE
gene18977	0	FALSE
gene18978	0	FALSE
gene18979	0	FALSE
gene18980	0	FALSE
gene18981	0	FALSE
gene18982	0	FALSE
gene18983	0	FALSE
gene18984	0	FALSE
gene18985	0	FALSE
gene18986	0	FALSE
gene18987	0	FALSE
gene18988	0	FALSE
gene18989	0	FALSE
gene18990	0	FALSE
gene18991	0	FALSE
gene18992	0	FALSE
gene18993	0	FALSE
gene18994	0	FALSE
gene18995	0	FALSE
gene18996	1.8944483869127	TRUE
gene18997	0	FALSE
gene18998	0	FALSE
gene18999	0	FALSE
gene19000	0	FALSE
gene19001	2.96014359098626	TRUE
gene19002	0	FALSE
gene19003	0	FALSE
gene19004	1.58091548684752	TRUE
gene19005	0	FALSE
gene19006	0	FALSE
gene19007	-1.05537577491486	TRUE
gene19008	0	FALSE
gene19009	0	FALSE
gene19010	-2.67454772244673	TRUE
gene19011	0	FALSE
gene19012	0	FALSE
gene19013	0	FALSE
gene19014	0	FALSE
gene19015	0	FALSE
gene19016	0	FALSE
gene19017	0	FALSE
gene19018	0	FALSE
gene19019	0	FALSE
gene19020	0	FALSE
gene19021	1.41587214369792	TRUE
gene19022	-2.41879949049326	TRUE
gene19023	0	FALSE
gene19024	0	FALSE
gene19025	0	FALSE
gene19026	0	FALSE
gene19027	0	FALSE
gene19028	0	FALSE
gene19029	0	FALSE
gene19030	0	FALSE
gene19031	0	FALSE
gene19032	0	FALSE
gene19033	0	FALSE
gene19034	0.899903773097321	TRUE
gene19035	0	FALSE
gene19036	0	FALSE
gene19037	0	FALSE
gene19038	0	FALSE
gene19039	0	FALSE
gene19040	0	FALSE
gene19041	0	FALSE
gene19042	0	FALSE
gene19043	0	FALSE
gene19044	0	FALSE
gene19045	0	FALSE
gene19046	0	FALSE
gene19047	0	FALSE
gene19048	0	FALSE
gene19049	0	FALSE
gene19050	0	FALSE
gene19051	0	FALSE
gene19052	0	FALSE
gene19053	0	FALSE
gene19054	0	FALSE
gene19055	2.56183695100481	TRUE
gene19056	0	FALSE
gene19057	0	FALSE
gene19058	0	FALSE
gene19059	0	FALSE
gene19060	0	FALSE
gene19061	-0.971299286233261	TRUE
gene19062	1.5799865697627	TRUE
gene19063	0	FALSE
gene19064	0	FALSE
gene19065	0	FALSE
gene19066	0	FALSE
gene19067	0	FALSE
gene19068	0	FALSE
gene19069	0	FALSE
gene19070	0	FALSE
gene19071	0	FALSE
gene19072	0	FALSE
gene19073	0	FALSE
gene19074	2.50416775565827	TRUE
gene19075	0	FALSE
gene19076	0	FALSE
gene19077	0	FALSE
gene19078	0	FALSE
gene19079	0	FALSE
gene19080	1.56592225120403	TRUE
gene19081	0	FALSE
gene19082	0	FALSE
gene19083	0	FALSE
gene19084	0	FALSE
gene19085	0	FALSE
gene19086	0	FALSE
gene19087	0	FALSE
gene19088	-1.82294577400899	TRUE
gene19089	0	FALSE
gene19090	0	FALSE
gene19091	0	FALSE
gene19092	0	FALSE
gene19093	0	FALSE
gene19094	2.55645248555811	TRUE
gene19095	0	FALSE
gene19096	0	FALSE
gene19097	0	FALSE
gene19098	0	FALSE
gene19099	0	FALSE
gene19100	0	FALSE
gene19101	0	FALSE
gene19102	0	FALSE
gene19103	0	FALSE
gene19104	2.61159856355516	TRUE
gene19105	0	FALSE
gene19106	0	FALSE
gene19107	0	FALSE
gene19108	0	FALSE
gene19109	0	FALSE
gene19110	0	FALSE
gene19111	2.71587833063677	TRUE
gene19112	0	FALSE
gene19113	0	FALSE
gene19114	-0.825112408900168	TRUE
gene19115	0	FALSE
gene19116	0	FALSE
gene19117	0	FALSE
gene19118	1.21479950775392	TRUE
gene19119	0	FALSE
gene19120	0	FALSE
gene19121	0	FALSE
gene19122	0	FALSE
gene19123	0	FALSE
gene19124	0	FALSE
gene19125	0	FALSE
gene19126	0	FALSE
gene19127	0	FALSE
gene19128	0	FALSE
gene19129	0	FALSE
gene19130	0	FALSE
gene19131	0	FALSE
gene19132	0	FALSE
gene19133	0	FALSE
gene19134	0	FALSE
gene19135	0	FALSE
gene19136	0.930860716849566	TRUE
gene19137	-2.51694245607359	TRUE
gene19138	0	FALSE
gene19139	0.890594406053424	TRUE
gene19140	0	FALSE
gene19141	0	FALSE
gene19142	0	FALSE
gene19143	2.85192391922465	TRUE
gene19144	0	FALSE
gene19145	0	FALSE
gene19146	0	FALSE
gene19147	0	FALSE
gene19148	-1.37237707193708	TRUE
gene19149	0	FALSE
gene19150	0	FALSE
gene19151	2.52797487052158	TRUE
gene19152	0	FALSE
gene19153	0	FALSE
gene19154	0	FALSE
gene19155	0	FALSE
gene19156	0	FALSE
gene19157	0	FALSE
gene19158	0	FALSE
gene19159	0	FALSE
gene19160	0	FALSE
gene19161	0	FALSE
gene19162	0	FALSE
gene19163	0	FALSE
gene19164	0	FALSE
gene19165	0	FALSE
gene19166	0	FALSE
gene19167	0	FALSE
gene19168	0	FALSE
gene19169	0	FALSE
gene19170	0	FALSE
gene19171	0	FALSE
gene19172	0	FALSE
gene19173	0	FALSE
gene19174	0	FALSE
gene19175	-2.37198115285719	TRUE
gene19176	0	FALSE
gene19177	0	FALSE
gene19178	0	FALSE
gene19179	0	FALSE
gene19180	0	FALSE
gene19181	0	FALSE
gene19182	0	FALSE
gene19183	0	FALSE
gene19184	0	FALSE
gene19185	0	FALSE
gene19186	0	FALSE
gene19187	0	FALSE
gene19188	0	FALSE
gene19189	2.03307146835141	TRUE
gene19190	0	FALSE
gene19191	0	FALSE
gene19192	0	FALSE
gene19193	0	FALSE
gene19194	0	FALSE
gene19195	0	FALSE
gene19196	0	FALSE
gene19197	1.52401073364308	TRUE
gene19198	0	FALSE
gene19199	0	FALSE
gene19200	0	FALSE
gene19201	0	FALSE
gene19202	0	FALSE
gene19203	0	FALSE
gene19204	0	FALSE
gene19205	0	FALSE
gene19206	0	FALSE
gene19207	0	FALSE
gene19208	0	FALSE
gene19209	0	FALSE
gene19210	0	FALSE
gene19211	0	FALSE
gene19212	0	FALSE
gene19213	0	FALSE
gene19214	0	FALSE
gene19215	0	FALSE
gene19216	2.36449637892656	TRUE
gene19217	0	FALSE
gene19218	0	FALSE
gene19219	0	FALSE
gene19220	0	FALSE
gene19221	-1.50353312812513	TRUE
gene19222	0	FALSE
gene19223	0	FALSE
gene19224	0	FALSE
gene19225	0	FALSE
gene19226	0	FALSE
gene19227	1.31274263147498	TRUE
gene19228	0	FALSE
gene19229	0	FALSE
gene19230	0	FALSE
gene19231	0	FALSE
gene19232	-1.12328076077392	TRUE
gene19233	0	FALSE
gene19234	0	FALSE
gene19235	0	FALSE
gene19236	0	FALSE
gene19237	0	FALSE
gene19238	0	FALSE
gene19239	0	FALSE
gene19240	0	FALSE
gene19241	0	FALSE
gene19242	0	FALSE
gene19243	0	FALSE
gene19244	0	FALSE
gene19245	0	FALSE
gene19246	0	FALSE
gene19247	0	FALSE
gene19248	0	FALSE
gene19249	0	FALSE
gene19250	0	FALSE
gene19251	0	FALSE
gene19252	-2.03317738260375	TRUE
gene19253	0	FALSE
gene19254	0	FALSE
gene19255	0	FALSE
gene19256	0	FALSE
gene19257	0	FALSE
gene19258	0	FALSE
gene19259	0	FALSE
gene19260	0	FALSE
gene19261	0	FALSE
gene19262	0	FALSE
gene19263	0	FALSE
gene19264	0	FALSE
gene19265	0	FALSE
gene19266	0	FALSE
gene19267	0	FALSE
gene19268	0	FALSE
gene19269	0.936156850657426	TRUE
gene19270	0	FALSE
gene19271	0	FALSE
gene19272	0	FALSE
gene19273	0	FALSE
gene19274	0	FALSE
gene19275	0	FALSE
gene19276	0	FALSE
gene19277	0	FALSE
gene19278	0	FALSE
gene19279	0	FALSE
gene19280	0	FALSE
gene19281	0	FALSE
gene19282	0	FALSE
gene19283	0	FALSE
gene19284	0	FALSE
gene19285	0	FALSE
gene19286	0	FALSE
gene19287	0	FALSE
gene19288	0	FALSE
gene19289	2.50182069389848	TRUE
gene19290	0	FALSE
gene19291	0	FALSE
gene19292	0	FALSE
gene19293	0	FALSE
gene19294	-1.08367455366533	TRUE
gene19295	0	FALSE
gene19296	0	FALSE
gene19297	0	FALSE
gene19298	0	FALSE
gene19299	2.67251594597474	TRUE
gene19300	0	FALSE
gene19301	0	FALSE
gene19302	0	FALSE
gene19303	0	FALSE
gene19304	-1.98260166723048	TRUE
gene19305	-2.44633593567414	TRUE
gene19306	0	FALSE
gene19307	0	FALSE
gene19308	1.95197279169224	TRUE
gene19309	0	FALSE
gene19310	0	FALSE
gene19311	0	FALSE
gene19312	0	FALSE
gene19313	0	FALSE
gene19314	0	FALSE
gene19315	0	FALSE
gene19316	0	FALSE
gene19317	0	FALSE
gene19318	0	FALSE
gene19319	2.84291058056988	TRUE
gene19320	0	FALSE
gene19321	-1.69435703661293	TRUE
gene19322	2.82894438161748	TRUE
gene19323	0	FALSE
gene19324	0	FALSE
gene19325	0	FALSE
gene19326	0	FALSE
gene19327	0	FALSE
gene19328	0	FALSE
gene19329	0	FALSE
gene19330	0	FALSE
gene19331	0	FALSE
gene19332	0	FALSE
gene19333	0	FALSE
gene19334	0	FALSE
gene19335	0	FALSE
gene19336	0	FALSE
gene19337	0	FALSE
gene19338	0	FALSE
gene19339	0	FALSE
gene19340	0	FALSE
gene19341	0	FALSE
gene19342	0	FALSE
gene19343	0	FALSE
gene19344	1.51979663752718	TRUE
gene19345	0	FALSE
gene19346	0	FALSE
gene19347	0	FALSE
gene19348	0	FALSE
gene19349	0	FALSE
gene19350	0	FALSE
gene19351	0	FALSE
gene19352	0	FALSE
gene19353	0	FALSE
gene19354	0	FALSE
gene19355	0	FALSE
gene19356	0	FALSE
gene19357	0	FALSE
gene19358	0	FALSE
gene19359	-0.823163848486729	TRUE
gene19360	0	FALSE
gene19361	0	FALSE
gene19362	0	FALSE
gene19363	-0.829323880956508	TRUE
gene19364	0	FALSE
gene19365	0	FALSE
gene19366	0	FALSE
gene19367	0	FALSE
gene19368	0	FALSE
gene19369	0	FALSE
gene19370	0	FALSE
gene19371	0	FALSE
gene19372	0	FALSE
gene19373	0	FALSE
gene19374	0	FALSE
gene19375	0	FALSE
gene19376	0	FALSE
gene19377	0	FALSE
gene19378	0	FALSE
gene19379	0	FALSE
gene19380	0	FALSE
gene19381	2.10406359139597	TRUE
gene19382	0	FALSE
gene19383	0	FALSE
gene19384	0	FALSE
gene19385	0	FALSE
gene19386	0	FALSE
gene19387	-2.52854542981368	TRUE
gene19388	0	FALSE
gene19389	2.57605063350638	TRUE
gene19390	0	FALSE
gene19391	0	FALSE
gene19392	0	FALSE
gene19393	0	FALSE
gene19394	0	FALSE
gene19395	0	FALSE
gene19396	0	FALSE
gene19397	0	FALSE
gene19398	0	FALSE
gene19399	0	FALSE
gene19400	0	FALSE
gene19401	0	FALSE
gene19402	0	FALSE
gene19403	1.08007819647901	TRUE
gene19404	0	FALSE
gene19405	0	FALSE
gene19406	0	FALSE
gene19407	0	FALSE
gene19408	0	FALSE
gene19409	0	FALSE
gene19410	0	FALSE
gene19411	0	FALSE
gene19412	0	FALSE
gene19413	0	FALSE
gene19414	0	FALSE
gene19415	0	FALSE
gene19416	0	FALSE
gene19417	0	FALSE
gene19418	0	FALSE
gene19419	0	FALSE
gene19420	1.71147696487606	TRUE
gene19421	1.31117489916505	TRUE
gene19422	0	FALSE
gene19423	0	FALSE
gene19424	0	FALSE
gene19425	0	FALSE
gene19426	0	FALSE
gene19427	1.91010890220059	TRUE
gene19428	0	FALSE
gene19429	-1.57832063297974	TRUE
gene19430	0	FALSE
gene19431	0	FALSE
gene19432	0	FALSE
gene19433	0	FALSE
gene19434	-1.71515877608908	TRUE
gene19435	0	FALSE
gene19436	0	FALSE
gene19437	0	FALSE
gene19438	0	FALSE
gene19439	0	FALSE
gene19440	0	FALSE
gene19441	0	FALSE
gene19442	0	FALSE
gene19443	0	FALSE
gene19444	0	FALSE
gene19445	0	FALSE
gene19446	0	FALSE
gene19447	0	FALSE
gene19448	0	FALSE
gene19449	0	FALSE
gene19450	0	FALSE
gene19451	0	FALSE
gene19452	0	FALSE
gene19453	0	FALSE
gene19454	0	FALSE
gene19455	0	FALSE
gene19456	0	FALSE
gene19457	0	FALSE
gene19458	0	FALSE
gene19459	0	FALSE
gene19460	0	FALSE
gene19461	0	FALSE
gene19462	0	FALSE
gene19463	0	FALSE
gene19464	0	FALSE
gene19465	0	FALSE
gene19466	0	FALSE
gene19467	1.68589476303896	TRUE
gene19468	0	FALSE
gene19469	0	FALSE
gene19470	0	FALSE
gene19471	0	FALSE
gene19472	0	FALSE
gene19473	0	FALSE
gene19474	0	FALSE
gene19475	2.81436410557944	TRUE
gene19476	-1.88276869413676	TRUE
gene19477	0	FALSE
gene19478	0	FALSE
gene19479	0	FALSE
gene19480	0	FALSE
gene19481	0	FALSE
gene19482	0	FALSE
gene19483	1.20989667694084	TRUE
gene19484	0	FALSE
gene19485	0	FALSE
gene19486	0	FALSE
gene19487	0	FALSE
gene19488	0	FALSE
gene19489	0	FALSE
gene19490	0	FALSE
gene19491	0	FALSE
gene19492	0	FALSE
gene19493	0	FALSE
gene19494	0	FALSE
gene19495	0	FALSE
gene19496	0	FALSE
gene19497	0	FALSE
gene19498	0	FALSE
gene19499	0	FALSE
gene19500	0	FALSE
gene19501	0	FALSE
gene19502	0	FALSE
gene19503	0	FALSE
gene19504	0	FALSE
gene19505	0	FALSE
gene19506	0	FALSE
gene19507	0	FALSE
gene19508	0	FALSE
gene19509	0	FALSE
gene19510	0	FALSE
gene19511	0	FALSE
gene19512	0	FALSE
gene19513	0	FALSE
gene19514	1.61780880455626	TRUE
gene19515	0	FALSE
gene19516	0	FALSE
gene19517	0	FALSE
gene19518	2.6729626909364	TRUE
gene19519	0	FALSE
gene19520	0	FALSE
gene19521	-2.04223749437369	TRUE
gene19522	0	FALSE
gene19523	0	FALSE
gene19524	0	FALSE
gene19525	1.88384088256862	TRUE
gene19526	0	FALSE
gene19527	0	FALSE
gene19528	0	FALSE
gene19529	0	FALSE
gene19530	0	FALSE
gene19531	0	FALSE
gene19532	0	FALSE
gene19533	0	FALSE
gene19534	0	FALSE
gene19535	0	FALSE
gene19536	0	FALSE
gene19537	0	FALSE
gene19538	0	FALSE
gene19539	0	FALSE
gene19540	0	FALSE
gene19541	0	FALSE
gene19542	0	FALSE
gene19543	-2.9677630631486	TRUE
gene19544	0	FALSE
gene19545	-1.03347313427366	TRUE
gene19546	0	FALSE
gene19547	0	FALSE
gene19548	0	FALSE
gene19549	-2.27037655294407	TRUE
gene19550	0	FALSE
gene19551	0	FALSE
gene19552	0	FALSE
gene19553	-2.58100853761425	TRUE
gene19554	0	FALSE
gene19555	-2.99620356835658	TRUE
gene19556	0	FALSE
gene19557	0	FALSE
gene19558	0	FALSE
gene19559	0	FALSE
gene19560	0	FALSE
gene19561	-1.90632592246402	TRUE
gene19562	0	FALSE
gene19563	2.60108522675	TRUE
gene19564	2.08231168985367	TRUE
gene19565	0	FALSE
gene19566	0	FALSE
gene19567	0	FALSE
gene19568	0	FALSE
gene19569	0	FALSE
gene19570	0	FALSE
gene19571	0	FALSE
gene19572	1.37610908708302	TRUE
gene19573	0	FALSE
gene19574	0	FALSE
gene19575	0	FALSE
gene19576	0	FALSE
gene19577	0	FALSE
gene19578	0	FALSE
gene19579	0	FALSE
gene19580	0	FALSE
gene19581	0	FALSE
gene19582	0	FALSE
gene19583	-1.11256707500434	TRUE
gene19584	0	FALSE
gene19585	0	FALSE
gene19586	-0.829069942294154	TRUE
gene19587	0	FALSE
gene19588	0	FALSE
gene19589	0	FALSE
gene19590	0	FALSE
gene19591	0	FALSE
gene19592	0	FALSE
gene19593	-2.60112694557756	TRUE
gene19594	0	FALSE
gene19595	0	FALSE
gene19596	0	FALSE
gene19597	2.52243510936387	TRUE
gene19598	0	FALSE
gene19599	0	FALSE
gene19600	0	FALSE
gene19601	0	FALSE
gene19602	0	FALSE
gene19603	0	FALSE
gene19604	-1.79794235463487	TRUE
gene19605	0	FALSE
gene19606	0	FALSE
gene19607	0	FALSE
gene19608	0	FALSE
gene19609	0	FALSE
gene19610	0	FALSE
gene19611	0	FALSE
gene19612	0	FALSE
gene19613	0	FALSE
gene19614	0	FALSE
gene19615	1.17404105770402	TRUE
gene19616	0	FALSE
gene19617	0	FALSE
gene19618	2.08808678080095	TRUE
gene19619	0	FALSE
gene19620	0	FALSE
gene19621	0	FALSE
gene19622	0	FALSE
gene19623	0	FALSE
gene19624	0	FALSE
gene19625	0	FALSE
gene19626	2.58776808151742	TRUE
gene19627	0	FALSE
gene19628	0	FALSE
gene19629	0	FALSE
gene19630	-1.62962465087185	TRUE
gene19631	0	FALSE
gene19632	0	FALSE
gene19633	0	FALSE
gene19634	0	FALSE
gene19635	0	FALSE
gene19636	0	FALSE
gene19637	1.33757452305872	TRUE
gene19638	-1.21312498266343	TRUE
gene19639	0	FALSE
gene19640	-1.74008861964103	TRUE
gene19641	0	FALSE
gene19642	0	FALSE
gene19643	0	FALSE
gene19644	0	FALSE
gene19645	0	FALSE
gene19646	0	FALSE
gene19647	0	FALSE
gene19648	0	FALSE
gene19649	0	FALSE
gene19650	0	FALSE
gene19651	0	FALSE
gene19652	0	FALSE
gene19653	0	FALSE
gene19654	0	FALSE
gene19655	0	FALSE
gene19656	0	FALSE
gene19657	0	FALSE
gene19658	0	FALSE
gene19659	0	FALSE
gene19660	2.4190784622333	TRUE
gene19661	0	FALSE
gene19662	0	FALSE
gene19663	0	FALSE
gene19664	0	FALSE
gene19665	2.7335879614111	TRUE
gene19666	0	FALSE
gene19667	0	FALSE
gene19668	2.18671909969999	TRUE
gene19669	0	FALSE
gene19670	0	FALSE
gene19671	0	FALSE
gene19672	0	FALSE
gene19673	0	FALSE
gene19674	0	FALSE
gene19675	0	FALSE
gene19676	0	FALSE
gene19677	0	FALSE
gene19678	0	FALSE
gene19679	0	FALSE
gene19680	0	FALSE
gene19681	-1.77007059927564	TRUE
gene19682	-1.01344227005029	TRUE
gene19683	0	FALSE
gene19684	0	FALSE
gene19685	0	FALSE
gene19686	0	FALSE
gene19687	0	FALSE
gene19688	0	FALSE
gene19689	0	FALSE
gene19690	0	FALSE
gene19691	0	FALSE
gene19692	0	FALSE
gene19693	0	FALSE
gene19694	0	FALSE
gene19695	0	FALSE
gene19696	0	FALSE
gene19697	0	FALSE
gene19698	-1.88082582975039	TRUE
gene19699	0	FALSE
gene19700	0	FALSE
gene19701	0	FALSE
gene19702	-2.36213889531791	TRUE
gene19703	0	FALSE
gene19704	0	FALSE
gene19705	0	FALSE
gene19706	-2.97369429009268	TRUE
gene19707	0	FALSE
gene19708	1.90600897389231	TRUE
gene19709	0	FALSE
gene19710	0	FALSE
gene19711	0	FALSE
gene19712	0	FALSE
gene19713	0	FALSE
gene19714	0	FALSE
gene19715	0	FALSE
gene19716	0	FALSE
gene19717	-2.3332259739982	TRUE
gene19718	-0.789715555321891	TRUE
gene19719	0	FALSE
gene19720	0	FALSE
gene19721	-2.0714479816379	TRUE
gene19722	0	FALSE
gene19723	0	FALSE
gene19724	0	FALSE
gene19725	0	FALSE
gene19726	0	FALSE
gene19727	0	FALSE
gene19728	0	FALSE
gene19729	0	FALSE
gene19730	0	FALSE
gene19731	0	FALSE
gene19732	-1.18243891687598	TRUE
gene19733	0	FALSE
gene19734	2.33415430487366	TRUE
gene19735	0	FALSE
gene19736	0	FALSE
gene19737	0	FALSE
gene19738	0	FALSE
gene19739	0	FALSE
gene19740	0	FALSE
gene19741	0	FALSE
gene19742	0	FALSE
gene19743	0	FALSE
gene19744	0	FALSE
gene19745	0	FALSE
gene19746	0	FALSE
gene19747	0	FALSE
gene19748	0	FALSE
gene19749	0	FALSE
gene19750	0	FALSE
gene19751	0	FALSE
gene19752	0	FALSE
gene19753	0	FALSE
gene19754	0	FALSE
gene19755	0	FALSE
gene19756	0	FALSE
gene19757	0	FALSE
gene19758	0	FALSE
gene19759	0	FALSE
gene19760	0	FALSE
gene19761	0	FALSE
gene19762	0	FALSE
gene19763	0	FALSE
gene19764	0	FALSE
gene19765	0	FALSE
gene19766	0	FALSE
gene19767	0	FALSE
gene19768	0	FALSE
gene19769	2.26162570773158	TRUE
gene19770	0	FALSE
gene19771	0	FALSE
gene19772	0	FALSE
gene19773	-2.86096541740699	TRUE
gene19774	0	FALSE
gene19775	0	FALSE
gene19776	0	FALSE
gene19777	0	FALSE
gene19778	0	FALSE
gene19779	0	FALSE
gene19780	0	FALSE
gene19781	0	FALSE
gene19782	0	FALSE
gene19783	0	FALSE
gene19784	0	FALSE
gene19785	0	FALSE
gene19786	0	FALSE
gene19787	0	FALSE
gene19788	0	FALSE
gene19789	0	FALSE
gene19790	0	FALSE
gene19791	0	FALSE
gene19792	0	FALSE
gene19793	0	FALSE
gene19794	-1.42186623910675	TRUE
gene19795	0	FALSE
gene19796	0	FALSE
gene19797	0	FALSE
gene19798	0	FALSE
gene19799	0	FALSE
gene19800	0	FALSE
gene19801	0	FALSE
gene19802	0	FALSE
gene19803	0	FALSE
gene19804	0	FALSE
gene19805	0	FALSE
gene19806	0	FALSE
gene19807	-2.03818266332382	TRUE
gene19808	0	FALSE
gene19809	0	FALSE
gene19810	0	FALSE
gene19811	0	FALSE
gene19812	0	FALSE
gene19813	0	FALSE
gene19814	0	FALSE
gene19815	0	FALSE
gene19816	0	FALSE
gene19817	0.78575563832419	TRUE
gene19818	0	FALSE
gene19819	0	FALSE
gene19820	0	FALSE
gene19821	0	FALSE
gene19822	0	FALSE
gene19823	0	FALSE
gene19824	0	FALSE
gene19825	-2.2467549861758	TRUE
gene19826	0	FALSE
gene19827	0	FALSE
gene19828	-2.61239458294585	TRUE
gene19829	0	FALSE
gene19830	0	FALSE
gene19831	0	FALSE
gene19832	0	FALSE
gene19833	0	FALSE
gene19834	0	FALSE
gene19835	0	FALSE
gene19836	0	FALSE
gene19837	0	FALSE
gene19838	0	FALSE
gene19839	-2.09209606511286	TRUE
gene19840	0	FALSE
gene19841	0	FALSE
gene19842	0.80488224135479	TRUE
gene19843	0	FALSE
gene19844	0	FALSE
gene19845	0	FALSE
gene19846	-0.813922166882548	TRUE
gene19847	0	FALSE
gene19848	0	FALSE
gene19849	0	FALSE
gene19850	0	FALSE
gene19851	0	FALSE
gene19852	0	FALSE
gene19853	0	FALSE
gene19854	0	FALSE
gene19855	0	FALSE
gene19856	0	FALSE
gene19857	0	FALSE
gene19858	0	FALSE
gene19859	0	FALSE
gene19860	0	FALSE
gene19861	0	FALSE
gene19862	0	FALSE
gene19863	0	FALSE
gene19864	0	FALSE
gene19865	0	FALSE
gene19866	0	FALSE
gene19867	0	FALSE
gene19868	0	FALSE
gene19869	0	FALSE
gene19870	0	FALSE
gene19871	0	FALSE
gene19872	0	FALSE
gene19873	0	FALSE
gene19874	0	FALSE
gene19875	0	FALSE
gene19876	0	FALSE
gene19877	0	FALSE
gene19878	0	FALSE
gene19879	0	FALSE
gene19880	0	FALSE
gene19881	0	FALSE
gene19882	0	FALSE
gene19883	0	FALSE
gene19884	0	FALSE
gene19885	0	FALSE
gene19886	0	FALSE
gene19887	0	FALSE
gene19888	0	FALSE
gene19889	0	FALSE
gene19890	0	FALSE
gene19891	0	FALSE
gene19892	0	FALSE
gene19893	0	FALSE
gene19894	0	FALSE
gene19895	0	FALSE
gene19896	0	FALSE
gene19897	0	FALSE
gene19898	0	FALSE
gene19899	0	FALSE
gene19900	0	FALSE
gene19901	0	FALSE
gene19902	0	FALSE
gene19903	0	FALSE
gene19904	0	FALSE
gene19905	0	FALSE
gene19906	0	FALSE
gene19907	0	FALSE
gene19908	0	FALSE
gene19909	0	FALSE
gene19910	0	FALSE
gene19911	0	FALSE
gene19912	1.65131960733561	TRUE
gene19913	0	FALSE
gene19914	1.76741948240669	TRUE
gene19915	0	FALSE
gene19916	-2.46461985149654	TRUE
gene19917	0	FALSE
gene19918	0	FALSE
gene19919	0	FALSE
gene19920	0	FALSE
gene19921	0	FALSE
gene19922	0	FALSE
gene19923	0	FALSE
gene19924	0	FALSE
gene19925	0	FALSE
gene19926	0	FALSE
gene19927	0	FALSE
gene19928	0	FALSE
gene19929	0	FALSE
gene19930	0	FALSE
gene19931	0	FALSE
gene19932	0	FALSE
gene19933	0	FALSE
gene19934	0	FALSE
gene19935	0	FALSE
gene19936	0	FALSE
gene19937	0	FALSE
gene19938	0	FALSE
gene19939	0	FALSE
gene19940	0	FALSE
gene19941	0	FALSE
gene19942	0	FALSE
gene19943	0	FALSE
gene19944	0	FALSE
gene19945	0	FALSE
gene19946	0	FALSE
gene19947	0	FALSE
gene19948	0	FALSE
gene19949	-2.78479342750506	TRUE
gene19950	0	FALSE
gene19951	-1.51811116881436	TRUE
gene19952	0	FALSE
gene19953	-2.2248452429194	TRUE
gene19954	0	FALSE
gene19955	0	FALSE
gene19956	2.52969349175692	TRUE
gene19957	0	FALSE
gene19958	0	FALSE
gene19959	0	FALSE
gene19960	0	FALSE
gene19961	0	FALSE
gene19962	0	FALSE
gene19963	0	FALSE
gene19964	0.987733928952366	TRUE
gene19965	0	FALSE
gene19966	0	FALSE
gene19967	0	FALSE
gene19968	-1.24361284211045	TRUE
gene19969	0	FALSE
gene19970	0	FALSE
gene19971	0	FALSE
gene19972	0	FALSE
gene19973	0	FALSE
gene19974	1.214571598568	TRUE
gene19975	0	FALSE
gene19976	0	FALSE
gene19977	0	FALSE
gene19978	-2.22668936115224	TRUE
gene19979	0	FALSE
gene19980	0	FALSE
gene19981	-1.47630576195661	TRUE
gene19982	0	FALSE
gene19983	0	FALSE
gene19984	-0.988255616510287	TRUE
gene19985	0	FALSE
gene19986	0	FALSE
gene19987	0	FALSE
gene19988	0	FALSE
gene19989	0	FALSE
gene19990	0	FALSE
gene19991	0	FALSE
gene19992	0	FALSE
gene19993	0	FALSE
gene19994	-2.90801740740426	TRUE
gene19995	-2.70665258460212	TRUE
gene19996	0	FALSE
gene19997	0	FALSE
gene19998	0	FALSE
gene19999	0	FALSE
gene20000	1.64114107517526	TRUE
