gene	true_lfc	is_de
gene1	0	FALSE
gene2	0	FALSE
gene3	1.70538358215708	TRUE
gene4	-1.61004750116263	TRUE
gene5	0	FALSE
gene6	0	FALSE
gene7	0	FALSE
gene8	0	FALSE
gene9	0	FALSE
gene10	0	FALSE
gene11	0	FALSE
gene12	0	FALSE
gene13	0	FALSE
gene14	0	FALSE
gene15	0	FALSE
gene16	0	FALSE
gene17	0	FALSE
gene18	0	FALSE
gene19	-1.35923436511075	TRUE
gene20	0	FALSE
gene21	0	FALSE
gene22	0	FALSE
gene23	0	FALSE
gene24	0	FALSE
gene25	0	FALSE
gene26	0	FALSE
gene27	0	FALSE
gene28	1.60336992231896	TRUE
gene29	0	FALSE
gene30	0	FALSE
gene31	0	FALSE
gene32	0	FALSE
gene33	0	FALSE
gene34	0	FALSE
gene35	0	FALSE
gene36	0	FALSE
gene37	0	FALSE
gene38	0	FALSE
gene39	0	FALSE
gene40	0	FALSE
gene41	0	FALSE
gene42	0	FALSE
gene43	0	FALSE
gene44	0	FALSE
gene45	0	FALSE
gene46	-1.87474846484838	TRUE
gene47	0	FALSE
gene48	0	FALSE
gene49	0	FALSE
gene50	0	FALSE
gene51	0	FALSE
gene52	0	FALSE
gene53	0	FALSE
gene54	0	FALSE
gene55	0	FALSE
gene56	2.11137127352413	TRUE
gene57	0	FALSE
gene58	-1.24943743919721	TRUE
gene59	0	FALSE
gene60	0	FALSE
gene61	0	FALSE
gene62	0	FALSE
gene63	0	FALSE
gene64	0	FALSE
gene65	0	FALSE
gene66	0	FALSE
gene67	-2.4953991282382	TRUE
gene68	0	FALSE
gene69	0	FALSE
gene70	0	FALSE
gene71	0	FALSE
gene72	0	FALSE
gene73	0	FALSE
gene74	0	FALSE
gene75	0	FALSE
gene76	0	FALSE
gene77	0	FALSE
gene78	0	FALSE
gene79	0	FALSE
gene80	0	FALSE
gene81	0	FALSE
gene82	0	FALSE
gene83	0	FALSE
gene84	0	FALSE
gene85	0	FALSE
gene86	0	FALSE
gene87	0	FALSE
gene88	0	FALSE
gene89	0	FALSE
gene90	0	FALSE
gene91	0	FALSE
gene92	0	FALSE
gene93	-2.28057018877007	TRUE
gene94	0	FALSE
gene95	2.06991147034569	TRUE
gene96	-0.957738411496393	TRUE
gene97	0	FALSE
gene98	-2.27699897572165	TRUE
gene99	0	FALSE
gene100	0	FALSE
gene101	-2.54904926806921	TRUE
gene102	0	FALSE
gene103	0	FALSE
gene104	0	FALSE
gene105	0	FALSE
gene106	0	FALSE
gene107	0	FALSE
gene108	0	FALSE
gene109	0	FALSE
gene110	0	FALSE
gene111	-1.88631765847094	TRUE
gene112	0	FALSE
gene113	0	FALSE
gene114	0	FALSE
gene115	0	FALSE
gene116	0	FALSE
gene117	0	FALSE
gene118	0	FALSE
gene119	0	FALSE
gene120	0	FALSE
gene121	0	FALSE
gene122	0	FALSE
gene123	0	FALSE
gene124	0	FALSE
gene125	0	FALSE
gene126	0	FALSE
gene127	0	FALSE
gene128	0	FALSE
gene129	0	FALSE
gene130	0	FALSE
gene131	0	FALSE
gene132	0	FALSE
gene133	0	FALSE
gene134	0	FALSE
gene135	0	FALSE
gene136	0	FALSE
gene137	0	FALSE
gene138	0	FALSE
gene139	0	FALSE
gene140	0	FALSE
gene141	0	FALSE
gene142	0	FALSE
gene143	0	FALSE
gene144	0	FALSE
gene145	0	FALSE
gene146	0	FALSE
gene147	0	FALSE
gene148	0	FALSE
gene149	0	FALSE
gene150	0	FALSE
gene151	0	FALSE
gene152	0	FALSE
gene153	0	FALSE
gene154	0	FALSE
gene155	0	FALSE
gene156	0	FALSE
gene157	0	FALSE
gene158	0	FALSE
gene159	0	FALSE
gene160	0	FALSE
gene161	0	FALSE
gene162	0	FALSE
gene163	0.910902556730434	TRUE
gene164	0	FALSE
gene165	0	FALSE
gene166	0	FALSE
gene167	0	FALSE
gene168	0	FALSE
gene169	0	FALSE
gene170	-1.12722993898205	TRUE
gene171	0	FALSE
gene172	0	FALSE
gene173	0	FALSE
gene174	0	FALSE
gene175	0	FALSE
gene176	0	FALSE
gene177	1.8411757669528	TRUE
gene178	0	FALSE
gene179	0	FALSE
gene180	0	FALSE
gene181	2.05152012419421	TRUE
gene182	0	FALSE
gene183	0	FALSE
gene184	0	FALSE
gene185	0	FALSE
gene186	0	FALSE
gene187	0	FALSE
gene188	0	FALSE
gene189	0	FALSE
gene190	0.855067418713588	TRUE
gene191	0	FALSE
gene192	0	FALSE
gene193	0	FALSE
gene194	0	FALSE
gene195	0	FALSE
gene196	0	FALSE
gene197	0	FALSE
gene198	0	FALSE
gene199	0	FALSE
gene200	-2.08809211902553	TRUE
gene201	0	FALSE
gene202	0	FALSE
gene203	0	FALSE
gene204	0	FALSE
gene205	0	FALSE
gene206	0	FALSE
gene207	0	FALSE
gene208	0	FALSE
gene209	0	FALSE
gene210	0	FALSE
gene211	0	FALSE
gene212	0	FALSE
gene213	0	FALSE
gene214	0	FALSE
gene215	1.78760904434603	TRUE
gene216	0	FALSE
gene217	0	FALSE
gene218	0	FALSE
gene219	0	FALSE
gene220	2.52811506728176	TRUE
gene221	0	FALSE
gene222	0	FALSE
gene223	0	FALSE
gene224	0	FALSE
gene225	0	FALSE
gene226	0	FALSE
gene227	0	FALSE
gene228	0	FALSE
gene229	0	FALSE
gene230	0	FALSE
gene231	0	FALSE
gene232	0	FALSE
gene233	0	FALSE
gene234	0	FALSE
gene235	0	FALSE
gene236	0	FALSE
gene237	0	FALSE
gene238	0	FALSE
gene239	-1.45028025645297	TRUE
gene240	0	FALSE
gene241	0	FALSE
gene242	0	FALSE
gene243	0	FALSE
gene244	0	FALSE
gene245	-2.31955216464121	TRUE
gene246	0	FALSE
gene247	0	FALSE
gene248	0	FALSE
gene249	0	FALSE
gene250	0	FALSE
gene251	0	FALSE
gene252	0	FALSE
gene253	0	FALSE
gene254	0	FALSE
gene255	0	FALSE
gene256	0	FALSE
gene257	1.30712224217132	TRUE
gene258	0	FALSE
gene259	0	FALSE
gene260	0	FALSE
gene261	0	FALSE
gene262	0	FALSE
gene263	0	FALSE
gene264	0	FALSE
gene265	0	FALSE
gene266	-0.964172236213926	TRUE
gene267	0	FALSE
gene268	0	FALSE
gene269	0	FALSE
gene270	0	FALSE
gene271	0	FALSE
gene272	0	FALSE
gene273	0	FALSE
gene274	0	FALSE
gene275	0	FALSE
gene276	0	FALSE
gene277	0	FALSE
gene278	0	FALSE
gene279	0	FALSE
gene280	0	FALSE
gene281	0	FALSE
gene282	0	FALSE
gene283	0	FALSE
gene284	0	FALSE
gene285	0	FALSE
gene286	0	FALSE
gene287	0	FALSE
gene288	0	FALSE
gene289	0	FALSE
gene290	0	FALSE
gene291	0	FALSE
gene292	0	FALSE
gene293	0	FALSE
gene294	0	FALSE
gene295	0	FALSE
gene296	0	FALSE
gene297	0	FALSE
gene298	0	FALSE
gene299	0	FALSE
gene300	0	FALSE
gene301	0	FALSE
gene302	0	FALSE
gene303	0	FALSE
gene304	0	FALSE
gene305	0	FALSE
gene306	0	FALSE
gene307	1.42103934811894	TRUE
gene308	0	FALSE
gene309	0	FALSE
gene310	0	FALSE
gene311	0	FALSE
gene312	0	FALSE
gene313	0	FALSE
gene314	0	FALSE
gene315	0	FALSE
gene316	2.64153348037507	TRUE
gene317	-2.17610164708458	TRUE
gene318	0	FALSE
gene319	0	FALSE
gene320	0	FALSE
gene321	0	FALSE
gene322	0	FALSE
gene323	1.55632207141025	TRUE
gene324	2.7876434767968	TRUE
gene325	0	FALSE
gene326	0	FALSE
gene327	0	FALSE
gene328	1.41530555376085	TRUE
gene329	0	FALSE
gene330	0	FALSE
gene331	0	FALSE
gene332	0	FALSE
gene333	0	FALSE
gene334	0	FALSE
gene335	0	FALSE
gene336	0	FALSE
gene337	0	FALSE
gene338	0	FALSE
gene339	0	FALSE
gene340	0	FALSE
gene341	0	FALSE
gene342	-2.56391982984496	TRUE
gene343	-0.999355003936216	TRUE
gene344	0	FALSE
gene345	0	FALSE
gene346	0	FALSE
gene347	0	FALSE
gene348	0	FALSE
gene349	0	FALSE
gene350	0	FALSE
gene351	0	FALSE
gene352	0	FALSE
gene353	0	FALSE
gene354	0	FALSE
gene355	0	FALSE
gene356	0	FALSE
gene357	0	FALSE
gene358	0	FALSE
gene359	0	FALSE
gene360	0	FALSE
gene361	0	FALSE
gene362	0	FALSE
gene363	0	FALSE
gene364	0	FALSE
gene365	0	FALSE
gene366	0	FALSE
gene367	0	FALSE
gene368	0	FALSE
gene369	0	FALSE
gene370	0	FALSE
gene371	0	FALSE
gene372	0	FALSE
gene373	0	FALSE
gene374	0	FALSE
gene375	0	FALSE
gene376	0	FALSE
gene377	0	FALSE
gene378	0	FALSE
gene379	0	FALSE
gene380	0	FALSE
gene381	0	FALSE
gene382	0.846121099137235	TRUE
gene383	0	FALSE
gene384	0	FALSE
gene385	0	FALSE
gene386	0	FALSE
gene387	0	FALSE
gene388	0	FALSE
gene389	0	FALSE
gene390	0	FALSE
gene391	0	FALSE
gene392	0	FALSE
gene393	0	FALSE
gene394	0	FALSE
gene395	0	FALSE
gene396	0	FALSE
gene397	0	FALSE
gene398	0	FALSE
gene399	0	FALSE
gene400	2.57175335224019	TRUE
gene401	0	FALSE
gene402	0	FALSE
gene403	0	FALSE
gene404	0	FALSE
gene405	0	FALSE
gene406	0	FALSE
gene407	-1.91574396140641	TRUE
gene408	0	FALSE
gene409	0	FALSE
gene410	1.71553984255297	TRUE
gene411	0	FALSE
gene412	0	FALSE
gene413	2.42506321967812	TRUE
gene414	0	FALSE
gene415	1.41217458236497	TRUE
gene416	0	FALSE
gene417	0	FALSE
gene418	0	FALSE
gene419	0	FALSE
gene420	0	FALSE
gene421	-1.48853479890386	TRUE
gene422	0	FALSE
gene423	0	FALSE
gene424	0	FALSE
gene425	0	FALSE
gene426	0	FALSE
gene427	0	FALSE
gene428	0	FALSE
gene429	0	FALSE
gene430	2.70821467327187	TRUE
gene431	0	FALSE
gene432	0	FALSE
gene433	0	FALSE
gene434	0	FALSE
gene435	0	FALSE
gene436	0	FALSE
gene437	0	FALSE
gene438	0	FALSE
gene439	0	FALSE
gene440	1.18954064359423	TRUE
gene441	0	FALSE
gene442	0	FALSE
gene443	0	FALSE
gene444	0	FALSE
gene445	-2.29769751930144	TRUE
gene446	0	FALSE
gene447	0	FALSE
gene448	0	FALSE
gene449	0	FALSE
gene450	0	FALSE
gene451	0	FALSE
gene452	0	FALSE
gene453	0	FALSE
gene454	-1.47154463455081	TRUE
gene455	0	FALSE
gene456	0	FALSE
gene457	0	FALSE
gene458	0	FALSE
gene459	0	FALSE
gene460	0	FALSE
gene461	0	FALSE
gene462	0	FALSE
gene463	0	FALSE
gene464	0	FALSE
gene465	0	FALSE
gene466	0	FALSE
gene467	0	FALSE
gene468	0	FALSE
gene469	0	FALSE
gene470	0	FALSE
gene471	-0.764220306300558	TRUE
gene472	0	FALSE
gene473	0	FALSE
gene474	0	FALSE
gene475	0	FALSE
gene476	0	FALSE
gene477	0	FALSE
gene478	0	FALSE
gene479	0	FALSE
gene480	0	FALSE
gene481	0	FALSE
gene482	0	FALSE
gene483	0	FALSE
gene484	0	FALSE
gene485	0	FALSE
gene486	0	FALSE
gene487	0	FALSE
gene488	0	FALSE
gene489	0	FALSE
gene490	-1.89671204035403	TRUE
gene491	0	FALSE
gene492	0	FALSE
gene493	0	FALSE
gene494	0	FALSE
gene495	0	FALSE
gene496	0	FALSE
gene497	-0.854216367413756	TRUE
gene498	-2.29476067749783	TRUE
gene499	0	FALSE
gene500	0	FALSE
gene501	0	FALSE
gene502	0	FALSE
gene503	0	FALSE
gene504	0	FALSE
gene505	0	FALSE
gene506	0	FALSE
gene507	-1.44836158223916	TRUE
gene508	0	FALSE
gene509	0	FALSE
gene510	0	FALSE
gene511	2.27543804270681	TRUE
gene512	0	FALSE
gene513	0	FALSE
gene514	0	FALSE
gene515	0	FALSE
gene516	0	FALSE
gene517	0	FALSE
gene518	0	FALSE
gene519	0	FALSE
gene520	0	FALSE
gene521	0	FALSE
gene522	1.38186053163372	TRUE
gene523	1.32597373961471	TRUE
gene524	0	FALSE
gene525	0	FALSE
gene526	0	FALSE
gene527	0	FALSE
gene528	0	FALSE
gene529	0	FALSE
gene530	0	FALSE
gene531	0	FALSE
gene532	0	FALSE
gene533	0	FALSE
gene534	0	FALSE
gene535	0	FALSE
gene536	-2.2552018815768	TRUE
gene537	0	FALSE
gene538	0	FALSE
gene539	0	FALSE
gene540	0	FALSE
gene541	0	FALSE
gene542	0	FALSE
gene543	0	FALSE
gene544	0	FALSE
gene545	0.930785352014937	TRUE
gene546	0	FALSE
gene547	0	FALSE
gene548	0	FALSE
gene549	0	FALSE
gene550	0	FALSE
gene551	0	FALSE
gene552	0	FALSE
gene553	0	FALSE
gene554	0	FALSE
gene555	1.25593043700792	TRUE
gene556	0	FALSE
gene557	0	FALSE
gene558	0	FALSE
gene559	0	FALSE
gene560	0	FALSE
gene561	0	FALSE
gene562	0	FALSE
gene563	0	FALSE
gene564	0	FALSE
gene565	0	FALSE
gene566	0	FALSE
gene567	0	FALSE
gene568	0	FALSE
gene569	0	FALSE
gene570	0	FALSE
gene571	0	FALSE
gene572	0	FALSE
gene573	0	FALSE
gene574	0	FALSE
gene575	0	FALSE
gene576	1.45399350556545	TRUE
gene577	0	FALSE
gene578	0	FALSE
gene579	0	FALSE
gene580	0	FALSE
gene581	0	FALSE
gene582	0	FALSE
gene583	0	FALSE
gene584	-1.24797634250717	TRUE
gene585	0	FALSE
gene586	0	FALSE
gene587	0	FALSE
gene588	0	FALSE
gene589	0	FALSE
gene590	0	FALSE
gene591	0	FALSE
gene592	0	FALSE
gene593	1.0002157499548	TRUE
gene594	1.81966630253009	TRUE
gene595	0	FALSE
gene596	0	FALSE
gene597	0	FALSE
gene598	0	FALSE
gene599	0	FALSE
gene600	0	FALSE
gene601	0	FALSE
gene602	0	FALSE
gene603	0	FALSE
gene604	0	FALSE
gene605	-2.87471280468162	TRUE
gene606	0	FALSE
gene607	0	FALSE
gene608	0	FALSE
gene609	0	FALSE
gene610	0	FALSE
gene611	-2.17996663483791	TRUE
gene612	0	FALSE
gene613	0	FALSE
gene614	0	FALSE
gene615	0	FALSE
gene616	0	FALSE
gene617	0	FALSE
gene618	0	FALSE
gene619	0	FALSE
gene620	0	FALSE
gene621	0	FALSE
gene622	0	FALSE
gene623	0	FALSE
gene624	0	FALSE
gene625	1.22971697204048	TRUE
gene626	0	FALSE
gene627	0	FALSE
gene628	0	FALSE
gene629	0	FALSE
gene630	0	FALSE
gene631	0	FALSE
gene632	0	FALSE
gene633	0	FALSE
gene634	0	FALSE
gene635	0	FALSE
gene636	0	FALSE
gene637	0	FALSE
gene638	0	FALSE
gene639	-1.91007371706655	TRUE
gene640	0	FALSE
gene641	0	FALSE
gene642	0	FALSE
gene643	0	FALSE
gene644	-0.760347418079618	TRUE
gene645	0	FALSE
gene646	0	FALSE
gene647	0	FALSE
gene648	0	FALSE
gene649	-1.06717526970897	TRUE
gene650	0	FALSE
gene651	0	FALSE
gene652	0	FALSE
gene653	-1.28820803028066	TRUE
gene654	0	FALSE
gene655	0	FALSE
gene656	0	FALSE
gene657	0	FALSE
gene658	0	FALSE
gene659	0	FALSE
gene660	0	FALSE
gene661	0	FALSE
gene662	0	FALSE
gene663	0	FALSE
gene664	-1.59097419079626	TRUE
gene665	0	FALSE
gene666	0	FALSE
gene667	0	FALSE
gene668	0	FALSE
gene669	2.59738422045484	TRUE
gene670	0	FALSE
gene671	0	FALSE
gene672	0	FALSE
gene673	0	FALSE
gene674	0	FALSE
gene675	0	FALSE
gene676	0	FALSE
gene677	0	FALSE
gene678	0	FALSE
gene679	0	FALSE
gene680	0	FALSE
gene681	0	FALSE
gene682	0	FALSE
gene683	0	FALSE
gene684	-1.64828765398124	TRUE
gene685	0	FALSE
gene686	0	FALSE
gene687	0	FALSE
gene688	0	FALSE
gene689	0	FALSE
gene690	0	FALSE
gene691	0	FALSE
gene692	0	FALSE
gene693	0	FALSE
gene694	0	FALSE
gene695	0	FALSE
gene696	0	FALSE
gene697	0	FALSE
gene698	0	FALSE
gene699	0	FALSE
gene700	1.45707171078539	TRUE
gene701	0	FALSE
gene702	0	FALSE
gene703	0	FALSE
gene704	0	FALSE
gene705	0	FALSE
gene706	0	FALSE
gene707	0	FALSE
gene708	0	FALSE
gene709	0	FALSE
gene710	0	FALSE
gene711	2.97482252988266	TRUE
gene712	0	FALSE
gene713	0	FALSE
gene714	0	FALSE
gene715	0	FALSE
gene716	2.97288700332865	TRUE
gene717	0	FALSE
gene718	-1.47055555583211	TRUE
gene719	0	FALSE
gene720	0	FALSE
gene721	-1.49140178749803	TRUE
gene722	0	FALSE
gene723	0	FALSE
gene724	0	FALSE
gene725	0	FALSE
gene726	0	FALSE
gene727	0	FALSE
gene728	0	FALSE
gene729	0	FALSE
gene730	0	FALSE
gene731	0	FALSE
gene732	2.17223078885581	TRUE
gene733	0	FALSE
gene734	0	FALSE
gene735	0	FALSE
gene736	2.27221336110961	TRUE
gene737	0	FALSE
gene738	0	FALSE
gene739	1.24404226691695	TRUE
gene740	0	FALSE
gene741	0.820539223670494	TRUE
gene742	0	FALSE
gene743	0	FALSE
gene744	0	FALSE
gene745	0	FALSE
gene746	0	FALSE
gene747	0	FALSE
gene748	0	FALSE
gene749	0	FALSE
gene750	1.42150567634962	TRUE
gene751	0	FALSE
gene752	0	FALSE
gene753	0	FALSE
gene754	0	FALSE
gene755	0	FALSE
gene756	0	FALSE
gene757	0	FALSE
gene758	0	FALSE
gene759	1.45673842012184	TRUE
gene760	0	FALSE
gene761	-2.64960398641415	TRUE
gene762	0	FALSE
gene763	0	FALSE
gene764	0	FALSE
gene765	0	FALSE
gene766	0	FALSE
gene767	0	FALSE
gene768	2.56484489125432	TRUE
gene769	0	FALSE
gene770	0	FALSE
gene771	0	FALSE
gene772	0	FALSE
gene773	0	FALSE
gene774	0	FALSE
gene775	0	FALSE
gene776	0	FALSE
gene777	0	FALSE
gene778	0	FALSE
gene779	2.38836069137324	TRUE
gene780	0	FALSE
gene781	0	FALSE
gene782	0	FALSE
gene783	0	FALSE
gene784	0	FALSE
gene785	0	FALSE
gene786	0	FALSE
gene787	0	FALSE
gene788	0	FALSE
gene789	0	FALSE
gene790	0	FALSE
gene791	2.28088382282294	TRUE
gene792	0	FALSE
gene793	0	FALSE
gene794	0	FALSE
gene795	0	FALSE
gene796	0	FALSE
gene797	0	FALSE
gene798	0	FALSE
gene799	0	FALSE
gene800	0	FALSE
gene801	0	FALSE
gene802	0	FALSE
gene803	0	FALSE
gene804	0	FALSE
gene805	0	FALSE
gene806	0	FALSE
gene807	0	FALSE
gene808	0	FALSE
gene809	0	FALSE
gene810	1.40785432368284	TRUE
gene811	-2.56461649382254	TRUE
gene812	0	FALSE
gene813	0	FALSE
gene814	0	FALSE
gene815	0	FALSE
gene816	0	FALSE
gene817	0	FALSE
gene818	0	FALSE
gene819	0	FALSE
gene820	0	FALSE
gene821	0	FALSE
gene822	0	FALSE
gene823	0	FALSE
gene824	0	FALSE
gene825	0	FALSE
gene826	0	FALSE
gene827	0	FALSE
gene828	0	FALSE
gene829	0	FALSE
gene830	0	FALSE
gene831	0	FALSE
gene832	-0.772032886510715	TRUE
gene833	0	FALSE
gene834	0	FALSE
gene835	0	FALSE
gene836	1.23808089602971	TRUE
gene837	0	FALSE
gene838	0	FALSE
gene839	0	FALSE
gene840	0	FALSE
gene841	0	FALSE
gene842	0	FALSE
gene843	-1.44770061469171	TRUE
gene844	0	FALSE
gene845	0	FALSE
gene846	0	FALSE
gene847	0	FALSE
gene848	0	FALSE
gene849	2.99317316827364	TRUE
gene850	0	FALSE
gene851	0	FALSE
gene852	1.82513323647436	TRUE
gene853	-1.90127141535049	TRUE
gene854	2.06218997889664	TRUE
gene855	0	FALSE
gene856	0	FALSE
gene857	2.94394840404857	TRUE
gene858	0	FALSE
gene859	0	FALSE
gene860	0	FALSE
gene861	0	FALSE
gene862	0	FALSE
gene863	0	FALSE
gene864	1.82606616691919	TRUE
gene865	0	FALSE
gene866	0	FALSE
gene867	0	FALSE
gene868	0	FALSE
gene869	0	FALSE
gene870	0	FALSE
gene871	0	FALSE
gene872	0	FALSE
gene873	0	FALSE
gene874	0	FALSE
gene875	0	FALSE
gene876	0	FALSE
gene877	-2.99802381440531	TRUE
gene878	0	FALSE
gene879	0	FALSE
gene880	0	FALSE
gene881	1.55619226506678	TRUE
gene882	0	FALSE
gene883	0	FALSE
gene884	0	FALSE
gene885	0	FALSE
gene886	0	FALSE
gene887	2.62495250534266	TRUE
gene888	0	FALSE
gene889	1.43642710737186	TRUE
gene890	0	FALSE
gene891	0	FALSE
gene892	2.4816019058344	TRUE
gene893	0	FALSE
gene894	0	FALSE
gene895	0	FALSE
gene896	0	FALSE
gene897	0	FALSE
gene898	0	FALSE
gene899	0	FALSE
gene900	0	FALSE
gene901	0	FALSE
gene902	0	FALSE
gene903	0	FALSE
gene904	0	FALSE
gene905	0	FALSE
gene906	0	FALSE
gene907	0	FALSE
gene908	0	FALSE
gene909	0	FALSE
gene910	0	FALSE
gene911	0	FALSE
gene912	0	FALSE
gene913	0	FALSE
gene914	0	FALSE
gene915	0	FALSE
gene916	2.41429656813852	TRUE
gene917	0	FALSE
gene918	0	FALSE
gene919	0	FALSE
gene920	0	FALSE
gene921	1.10412051697494	TRUE
gene922	0	FALSE
gene923	0	FALSE
gene924	0	FALSE
gene925	0	FALSE
gene926	0	FALSE
gene927	0	FALSE
gene928	0	FALSE
gene929	0	FALSE
gene930	0	FALSE
gene931	-1.21576093509793	TRUE
gene932	0	FALSE
gene933	-1.49797529244097	TRUE
gene934	0	FALSE
gene935	0	FALSE
gene936	0	FALSE
gene937	0	FALSE
gene938	-2.29962130228523	TRUE
gene939	0	FALSE
gene940	0	FALSE
gene941	0	FALSE
gene942	0	FALSE
gene943	0	FALSE
gene944	0	FALSE
gene945	0	FALSE
gene946	0	FALSE
gene947	0	FALSE
gene948	0	FALSE
gene949	0	FALSE
gene950	0	FALSE
gene951	0	FALSE
gene952	0	FALSE
gene953	0	FALSE
gene954	0	FALSE
gene955	-0.754095705400687	TRUE
gene956	0	FALSE
gene957	0	FALSE
gene958	0	FALSE
gene959	0	FALSE
gene960	0	FALSE
gene961	0	FALSE
gene962	0	FALSE
gene963	0	FALSE
gene964	0	FALSE
gene965	1.77980864880374	TRUE
gene966	0	FALSE
gene967	0	FALSE
gene968	0	FALSE
gene969	0	FALSE
gene970	0	FALSE
gene971	0	FALSE
gene972	0	FALSE
gene973	0	FALSE
gene974	0	FALSE
gene975	0	FALSE
gene976	0	FALSE
gene977	0	FALSE
gene978	0	FALSE
gene979	0	FALSE
gene980	0	FALSE
gene981	0	FALSE
gene982	0	FALSE
gene983	0	FALSE
gene984	0	FALSE
gene985	0	FALSE
gene986	0	FALSE
gene987	0	FALSE
gene988	2.3273439949262	TRUE
gene989	0	FALSE
gene990	0	FALSE
gene991	0	FALSE
gene992	0	FALSE
gene993	0	FALSE
gene994	2.2934143023449	TRUE
gene995	0	FALSE
gene996	0	FALSE
gene997	0	FALSE
gene998	0	FALSE
gene999	0	FALSE
gene1000	0	FALSE
gene1001	0	FALSE
gene1002	0	FALSE
gene1003	0	FALSE
gene1004	0	FALSE
gene1005	0	FALSE
gene1006	1.14900660223793	TRUE
gene1007	0	FALSE
gene1008	0	FALSE
gene1009	0	FALSE
gene1010	0	FALSE
gene1011	0	FALSE
gene1012	-0.821279389725532	TRUE
gene1013	0	FALSE
gene1014	0	FALSE
gene1015	0	FALSE
gene1016	0	FALSE
gene1017	0	FALSE
gene1018	0	FALSE
gene1019	0	FALSE
gene1020	0	FALSE
gene1021	0	FALSE
gene1022	0	FALSE
gene1023	0	FALSE
gene1024	0	FALSE
gene1025	0	FALSE
gene1026	0	FALSE
gene1027	0	FALSE
gene1028	0	FALSE
gene1029	0	FALSE
gene1030	0	FALSE
gene1031	0	FALSE
gene1032	-2.19237684190739	TRUE
gene1033	1.2778929406777	TRUE
gene1034	0	FALSE
gene1035	0	FALSE
gene1036	0	FALSE
gene1037	0	FALSE
gene1038	0	FALSE
gene1039	0	FALSE
gene1040	0	FALSE
gene1041	0	FALSE
gene1042	0	FALSE
gene1043	0	FALSE
gene1044	-1.57272678340087	TRUE
gene1045	0	FALSE
gene1046	0	FALSE
gene1047	-2.72549116919981	TRUE
gene1048	0	FALSE
gene1049	0	FALSE
gene1050	0	FALSE
gene1051	0	FALSE
gene1052	0	FALSE
gene1053	0	FALSE
gene1054	0	FALSE
gene1055	0	FALSE
gene1056	1.21387495816452	TRUE
gene1057	0	FALSE
gene1058	0	FALSE
gene1059	2.73800498549826	TRUE
gene1060	2.5164779718616	TRUE
gene1061	0	FALSE
gene1062	0	FALSE
gene1063	0	FALSE
gene1064	0	FALSE
gene1065	0	FALSE
gene1066	0	FALSE
gene1067	1.02361879893579	TRUE
gene1068	0	FALSE
gene1069	-1.71069734205958	TRUE
gene1070	0	FALSE
gene1071	0	FALSE
gene1072	0	FALSE
gene1073	0	FALSE
gene1074	0	FALSE
gene1075	0	FALSE
gene1076	0	FALSE
gene1077	0	FALSE
gene1078	0	FALSE
gene1079	0	FALSE
gene1080	0	FALSE
gene1081	0	FALSE
gene1082	0	FALSE
gene1083	0	FALSE
gene1084	0	FALSE
gene1085	0	FALSE
gene1086	0	FALSE
gene1087	0	FALSE
gene1088	-2.8848465308547	TRUE
gene1089	0	FALSE
gene1090	0	FALSE
gene1091	0	FALSE
gene1092	0	FALSE
gene1093	0	FALSE
gene1094	0	FALSE
gene1095	0	FALSE
gene1096	0	FALSE
gene1097	0	FALSE
gene1098	0	FALSE
gene1099	0	FALSE
gene1100	0	FALSE
gene1101	0	FALSE
gene1102	-1.52430215879576	TRUE
gene1103	0	FALSE
gene1104	0	FALSE
gene1105	0	FALSE
gene1106	0	FALSE
gene1107	0.756848330260254	TRUE
gene1108	0	FALSE
gene1109	0	FALSE
gene1110	0	FALSE
gene1111	0	FALSE
gene1112	2.88458621042082	TRUE
gene1113	0	FALSE
gene1114	0	FALSE
gene1115	2.51172970386688	TRUE
gene1116	0	FALSE
gene1117	0	FALSE
gene1118	0.909723230812233	TRUE
gene1119	0	FALSE
gene1120	-1.41475702944444	TRUE
gene1121	0	FALSE
gene1122	0	FALSE
gene1123	2.81425971264252	TRUE
gene1124	0	FALSE
gene1125	0	FALSE
gene1126	2.42778027593158	TRUE
gene1127	0	FALSE
gene1128	-2.16157069121255	TRUE
gene1129	0	FALSE
gene1130	0	FALSE
gene1131	0	FALSE
gene1132	0	FALSE
gene1133	0	FALSE
gene1134	0	FALSE
gene1135	0	FALSE
gene1136	0	FALSE
gene1137	0	FALSE
gene1138	0	FALSE
gene1139	0	FALSE
gene1140	0	FALSE
gene1141	0	FALSE
gene1142	1.32639832177665	TRUE
gene1143	0	FALSE
gene1144	0	FALSE
gene1145	0	FALSE
gene1146	0	FALSE
gene1147	0	FALSE
gene1148	0	FALSE
gene1149	0	FALSE
gene1150	0	FALSE
gene1151	0	FALSE
gene1152	0	FALSE
gene1153	2.56596698291833	TRUE
gene1154	0	FALSE
gene1155	0	FALSE
gene1156	0	FALSE
gene1157	0	FALSE
gene1158	0	FALSE
gene1159	0	FALSE
gene1160	-1.13345007179305	TRUE
gene1161	0	FALSE
gene1162	0	FALSE
gene1163	0	FALSE
gene1164	1.04332766658626	TRUE
gene1165	-1.04542542644776	TRUE
gene1166	0	FALSE
gene1167	0	FALSE
gene1168	0	FALSE
gene1169	0	FALSE
gene1170	0	FALSE
gene1171	0	FALSE
gene1172	0	FALSE
gene1173	0	FALSE
gene1174	0	FALSE
gene1175	0	FALSE
gene1176	0	FALSE
gene1177	0	FALSE
gene1178	0	FALSE
gene1179	0	FALSE
gene1180	0	FALSE
gene1181	0	FALSE
gene1182	0	FALSE
gene1183	1.47510989592411	TRUE
gene1184	0	FALSE
gene1185	0	FALSE
gene1186	0	FALSE
gene1187	0	FALSE
gene1188	0	FALSE
gene1189	0	FALSE
gene1190	0	FALSE
gene1191	0	FALSE
gene1192	0	FALSE
gene1193	0	FALSE
gene1194	-2.3341802060022	TRUE
gene1195	0	FALSE
gene1196	0	FALSE
gene1197	0	FALSE
gene1198	0	FALSE
gene1199	-2.87583308375906	TRUE
gene1200	1.1647837087512	TRUE
gene1201	0	FALSE
gene1202	0	FALSE
gene1203	0	FALSE
gene1204	0	FALSE
gene1205	1.64529335265979	TRUE
gene1206	0	FALSE
gene1207	0	FALSE
gene1208	0	FALSE
gene1209	0.771202219475526	TRUE
gene1210	0	FALSE
gene1211	0	FALSE
gene1212	0	FALSE
gene1213	1.62233916507103	TRUE
gene1214	0	FALSE
gene1215	0	FALSE
gene1216	0	FALSE
gene1217	0	FALSE
gene1218	2.90812487283256	TRUE
gene1219	0	FALSE
gene1220	0	FALSE
gene1221	0	FALSE
gene1222	0	FALSE
gene1223	0	FALSE
gene1224	1.87196894246154	TRUE
gene1225	0	FALSE
gene1226	0	FALSE
gene1227	0	FALSE
gene1228	0	FALSE
gene1229	0	FALSE
gene1230	0	FALSE
gene1231	0.90817896835506	TRUE
gene1232	-0.764412248739973	TRUE
gene1233	0	FALSE
gene1234	0	FALSE
gene1235	0	FALSE
gene1236	0	FALSE
gene1237	0	FALSE
gene1238	0	FALSE
gene1239	0	FALSE
gene1240	-2.01393821689999	TRUE
gene1241	2.98128605954116	TRUE
gene1242	0	FALSE
gene1243	0	FALSE
gene1244	0	FALSE
gene1245	0	FALSE
gene1246	0	FALSE
gene1247	0	FALSE
gene1248	0	FALSE
gene1249	0	FALSE
gene1250	0	FALSE
gene1251	0	FALSE
gene1252	1.722154392628	TRUE
gene1253	0	FALSE
gene1254	0	FALSE
gene1255	0	FALSE
gene1256	0	FALSE
gene1257	0	FALSE
gene1258	0	FALSE
gene1259	-2.86516216350719	TRUE
gene1260	0	FALSE
gene1261	0	FALSE
gene1262	0	FALSE
gene1263	0	FALSE
gene1264	0	FALSE
gene1265	0	FALSE
gene1266	0	FALSE
gene1267	0	FALSE
gene1268	0	FALSE
gene1269	0	FALSE
gene1270	0	FALSE
gene1271	0.887147971254308	TRUE
gene1272	0	FALSE
gene1273	0	FALSE
gene1274	0	FALSE
gene1275	0	FALSE
gene1276	0	FALSE
gene1277	0	FALSE
gene1278	0	FALSE
gene1279	0	FALSE
gene1280	0	FALSE
gene1281	0	FALSE
gene1282	0	FALSE
gene1283	0.767120433796663	TRUE
gene1284	0	FALSE
gene1285	0	FALSE
gene1286	0	FALSE
gene1287	0	FALSE
gene1288	0	FALSE
gene1289	0	FALSE
gene1290	0	FALSE
gene1291	0	FALSE
gene1292	0	FALSE
gene1293	0	FALSE
gene1294	-0.953496620000806	TRUE
gene1295	0	FALSE
gene1296	1.70031662372639	TRUE
gene1297	0	FALSE
gene1298	0	FALSE
gene1299	-2.7548348098062	TRUE
gene1300	0	FALSE
gene1301	0	FALSE
gene1302	0	FALSE
gene1303	0	FALSE
gene1304	0	FALSE
gene1305	1.92333689174848	TRUE
gene1306	0	FALSE
gene1307	-1.99127820896683	TRUE
gene1308	-2.92763144063065	TRUE
gene1309	0	FALSE
gene1310	0	FALSE
gene1311	0	FALSE
gene1312	0	FALSE
gene1313	0	FALSE
gene1314	0	FALSE
gene1315	0	FALSE
gene1316	0	FALSE
gene1317	0	FALSE
gene1318	0	FALSE
gene1319	0	FALSE
gene1320	0	FALSE
gene1321	0	FALSE
gene1322	0	FALSE
gene1323	0	FALSE
gene1324	0	FALSE
gene1325	0	FALSE
gene1326	0	FALSE
gene1327	-2.99139418266714	TRUE
gene1328	0	FALSE
gene1329	0	FALSE
gene1330	-1.43539192294702	TRUE
gene1331	0	FALSE
gene1332	0	FALSE
gene1333	0	FALSE
gene1334	0	FALSE
gene1335	0	FALSE
gene1336	0	FALSE
gene1337	0.89224347792333	TRUE
gene1338	-1.17824558849679	TRUE
gene1339	0	FALSE
gene1340	0	FALSE
gene1341	0	FALSE
gene1342	0	FALSE
gene1343	0	FALSE
gene1344	0	FALSE
gene1345	0	FALSE
gene1346	0	FALSE
gene1347	0	FALSE
gene1348	0	FALSE
gene1349	0	FALSE
gene1350	0	FALSE
gene1351	0	FALSE
gene1352	0	FALSE
gene1353	0	FALSE
gene1354	0	FALSE
gene1355	-1.31191237724852	TRUE
gene1356	0	FALSE
gene1357	0	FALSE
gene1358	0	FALSE
gene1359	0	FALSE
gene1360	0	FALSE
gene1361	0	FALSE
gene1362	1.72823874489404	TRUE
gene1363	0	FALSE
gene1364	0	FALSE
gene1365	0	FALSE
gene1366	0	FALSE
gene1367	0	FALSE
gene1368	0	FALSE
gene1369	0	FALSE
gene1370	0	FALSE
gene1371	0	FALSE
gene1372	0	FALSE
gene1373	0	FALSE
gene1374	0	FALSE
gene1375	0	FALSE
gene1376	-2.20327594061382	TRUE
gene1377	0	FALSE
gene1378	0	FALSE
gene1379	0	FALSE
gene1380	0	FALSE
gene1381	0	FALSE
gene1382	0	FALSE
gene1383	0	FALSE
gene1384	0	FALSE
gene1385	0	FALSE
gene1386	0	FALSE
gene1387	-2.50334968609968	TRUE
gene1388	0	FALSE
gene1389	0	FALSE
gene1390	0	FALSE
gene1391	0	FALSE
gene1392	0	FALSE
gene1393	0	FALSE
gene1394	0	FALSE
gene1395	0	FALSE
gene1396	0	FALSE
gene1397	2.145292984962	TRUE
gene1398	0	FALSE
gene1399	0	FALSE
gene1400	-2.67542584519833	TRUE
gene1401	0	FALSE
gene1402	0	FALSE
gene1403	0	FALSE
gene1404	0	FALSE
gene1405	2.8948877271032	TRUE
gene1406	0	FALSE
gene1407	0	FALSE
gene1408	-1.48425993451383	TRUE
gene1409	0	FALSE
gene1410	0	FALSE
gene1411	0	FALSE
gene1412	0	FALSE
gene1413	0	FALSE
gene1414	0	FALSE
gene1415	0	FALSE
gene1416	2.64246769796591	TRUE
gene1417	0	FALSE
gene1418	0	FALSE
gene1419	0	FALSE
gene1420	0	FALSE
gene1421	-1.05184031068347	TRUE
gene1422	0	FALSE
gene1423	0	FALSE
gene1424	0	FALSE
gene1425	0	FALSE
gene1426	0	FALSE
gene1427	0	FALSE
gene1428	0	FALSE
gene1429	0	FALSE
gene1430	-1.52738957939437	TRUE
gene1431	0	FALSE
gene1432	-1.40295387228252	TRUE
gene1433	0	FALSE
gene1434	0	FALSE
gene1435	0	FALSE
gene1436	0	FALSE
gene1437	0	FALSE
gene1438	0	FALSE
gene1439	0	FALSE
gene1440	0	FALSE
gene1441	1.07682027801638	TRUE
gene1442	0	FALSE
gene1443	0	FALSE
gene1444	0	FALSE
gene1445	-1.67947015108075	TRUE
gene1446	0	FALSE
gene1447	0	FALSE
gene1448	0	FALSE
gene1449	-0.924470375350211	TRUE
gene1450	0	FALSE
gene1451	0	FALSE
gene1452	0	FALSE
gene1453	1.98924441350391	TRUE
gene1454	2.1217390942038	TRUE
gene1455	0	FALSE
gene1456	0	FALSE
gene1457	0	FALSE
gene1458	0	FALSE
gene1459	0	FALSE
gene1460	0	FALSE
gene1461	0	FALSE
gene1462	0	FALSE
gene1463	0	FALSE
gene1464	0	FALSE
gene1465	0	FALSE
gene1466	0	FALSE
gene1467	0	FALSE
gene1468	0	FALSE
gene1469	0	FALSE
gene1470	0	FALSE
gene1471	0	FALSE
gene1472	0	FALSE
gene1473	0	FALSE
gene1474	0	FALSE
gene1475	0	FALSE
gene1476	0	FALSE
gene1477	0	FALSE
gene1478	-1.90419412474148	TRUE
gene1479	0	FALSE
gene1480	0	FALSE
gene1481	0	FALSE
gene1482	0	FALSE
gene1483	0	FALSE
gene1484	0	FALSE
gene1485	-2.77276791416807	TRUE
gene1486	0	FALSE
gene1487	0	FALSE
gene1488	0	FALSE
gene1489	0	FALSE
gene1490	0	FALSE
gene1491	0	FALSE
gene1492	0	FALSE
gene1493	0	FALSE
gene1494	0	FALSE
gene1495	0	FALSE
gene1496	0	FALSE
gene1497	0	FALSE
gene1498	0	FALSE
gene1499	0	FALSE
gene1500	0	FALSE
gene1501	0	FALSE
gene1502	-0.958173613529652	TRUE
gene1503	0	FALSE
gene1504	0	FALSE
gene1505	0	FALSE
gene1506	0	FALSE
gene1507	0	FALSE
gene1508	0	FALSE
gene1509	0	FALSE
gene1510	0	FALSE
gene1511	0	FALSE
gene1512	0	FALSE
gene1513	0	FALSE
gene1514	-2.59190260508331	TRUE
gene1515	0	FALSE
gene1516	0	FALSE
gene1517	0	FALSE
gene1518	0	FALSE
gene1519	0.825127885560505	TRUE
gene1520	0	FALSE
gene1521	0	FALSE
gene1522	0	FALSE
gene1523	0	FALSE
gene1524	0	FALSE
gene1525	0	FALSE
gene1526	0	FALSE
gene1527	0	FALSE
gene1528	-1.35367031843634	TRUE
gene1529	0	FALSE
gene1530	0	FALSE
gene1531	0	FALSE
gene1532	0	FALSE
gene1533	0	FALSE
gene1534	0	FALSE
gene1535	0	FALSE
gene1536	0	FALSE
gene1537	0	FALSE
gene1538	0	FALSE
gene1539	2.68380407185759	TRUE
gene1540	0	FALSE
gene1541	0	FALSE
gene1542	0	FALSE
gene1543	0	FALSE
gene1544	0	FALSE
gene1545	0	FALSE
gene1546	0	FALSE
gene1547	2.13769274140941	TRUE
gene1548	0	FALSE
gene1549	1.09688015724532	TRUE
gene1550	0	FALSE
gene1551	0	FALSE
gene1552	0	FALSE
gene1553	0	FALSE
gene1554	-1.84360010252567	TRUE
gene1555	0	FALSE
gene1556	0	FALSE
gene1557	0	FALSE
gene1558	0	FALSE
gene1559	0	FALSE
gene1560	0	FALSE
gene1561	0	FALSE
gene1562	-2.33689053996932	TRUE
gene1563	-1.14009380608331	TRUE
gene1564	0	FALSE
gene1565	0	FALSE
gene1566	0	FALSE
gene1567	0	FALSE
gene1568	0	FALSE
gene1569	0	FALSE
gene1570	-1.81303386756917	TRUE
gene1571	0	FALSE
gene1572	0	FALSE
gene1573	0	FALSE
gene1574	0	FALSE
gene1575	0	FALSE
gene1576	0	FALSE
gene1577	0	FALSE
gene1578	0	FALSE
gene1579	0	FALSE
gene1580	0	FALSE
gene1581	0	FALSE
gene1582	0	FALSE
gene1583	0	FALSE
gene1584	-2.81286095635733	TRUE
gene1585	0	FALSE
gene1586	0	FALSE
gene1587	0	FALSE
gene1588	1.46995146840345	TRUE
gene1589	0	FALSE
gene1590	0	FALSE
gene1591	0	FALSE
gene1592	0	FALSE
gene1593	0	FALSE
gene1594	0	FALSE
gene1595	0	FALSE
gene1596	0	FALSE
gene1597	0	FALSE
gene1598	0	FALSE
gene1599	0	FALSE
gene1600	0	FALSE
gene1601	0	FALSE
gene1602	-2.97710868349532	TRUE
gene1603	0.929601997020654	TRUE
gene1604	0	FALSE
gene1605	0	FALSE
gene1606	0	FALSE
gene1607	-2.47485563153168	TRUE
gene1608	0	FALSE
gene1609	0	FALSE
gene1610	-1.41501937829889	TRUE
gene1611	0	FALSE
gene1612	0	FALSE
gene1613	2.4607978760032	TRUE
gene1614	0	FALSE
gene1615	0	FALSE
gene1616	0	FALSE
gene1617	0	FALSE
gene1618	0	FALSE
gene1619	0	FALSE
gene1620	0	FALSE
gene1621	0	FALSE
gene1622	0	FALSE
gene1623	-1.37502029043389	TRUE
gene1624	0	FALSE
gene1625	0	FALSE
gene1626	0	FALSE
gene1627	0	FALSE
gene1628	0	FALSE
gene1629	0	FALSE
gene1630	0	FALSE
gene1631	0	FALSE
gene1632	0	FALSE
gene1633	0	FALSE
gene1634	0	FALSE
gene1635	0	FALSE
gene1636	0	FALSE
gene1637	0	FALSE
gene1638	0	FALSE
gene1639	0	FALSE
gene1640	0	FALSE
gene1641	0	FALSE
gene1642	0	FALSE
gene1643	2.73329658916919	TRUE
gene1644	0	FALSE
gene1645	0	FALSE
gene1646	-2.62545103632146	TRUE
gene1647	0	FALSE
gene1648	0	FALSE
gene1649	0	FALSE
gene1650	0	FALSE
gene1651	0	FALSE
gene1652	0	FALSE
gene1653	0	FALSE
gene1654	-2.6319617042318	TRUE
gene1655	0	FALSE
gene1656	-2.67267950729001	TRUE
gene1657	0	FALSE
gene1658	0	FALSE
gene1659	0	FALSE
gene1660	0	FALSE
gene1661	0	FALSE
gene1662	0	FALSE
gene1663	0	FALSE
gene1664	0	FALSE
gene1665	0	FALSE
gene1666	0	FALSE
gene1667	0	FALSE
gene1668	0	FALSE
gene1669	0	FALSE
gene1670	0	FALSE
gene1671	0	FALSE
gene1672	0	FALSE
gene1673	-2.59488942398457	TRUE
gene1674	0	FALSE
gene1675	0	FALSE
gene1676	0	FALSE
gene1677	0	FALSE
gene1678	0	FALSE
gene1679	0	FALSE
gene1680	0	FALSE
gene1681	0	FALSE
gene1682	0	FALSE
gene1683	0	FALSE
gene1684	0	FALSE
gene1685	0	FALSE
gene1686	0	FALSE
gene1687	0	FALSE
gene1688	0	FALSE
gene1689	0	FALSE
gene1690	-1.26747092051664	TRUE
gene1691	-2.31238032801775	TRUE
gene1692	0	FALSE
gene1693	0	FALSE
gene1694	0	FALSE
gene1695	0	FALSE
gene1696	0	FALSE
gene1697	0	FALSE
gene1698	0	FALSE
gene1699	0	FALSE
gene1700	0	FALSE
gene1701	0	FALSE
gene1702	1.80952535901451	TRUE
gene1703	2.26566369115608	TRUE
gene1704	0	FALSE
gene1705	0	FALSE
gene1706	0	FALSE
gene1707	0	FALSE
gene1708	-2.61623212730046	TRUE
gene1709	0	FALSE
gene1710	0	FALSE
gene1711	1.68696752563119	TRUE
gene1712	0	FALSE
gene1713	0	FALSE
gene1714	0	FALSE
gene1715	0	FALSE
gene1716	0	FALSE
gene1717	0	FALSE
gene1718	0	FALSE
gene1719	0	FALSE
gene1720	0	FALSE
gene1721	0	FALSE
gene1722	0	FALSE
gene1723	0	FALSE
gene1724	0	FALSE
gene1725	0	FALSE
gene1726	0	FALSE
gene1727	0	FALSE
gene1728	0	FALSE
gene1729	0	FALSE
gene1730	0	FALSE
gene1731	0	FALSE
gene1732	0	FALSE
gene1733	0	FALSE
gene1734	0	FALSE
gene1735	-2.52607596816961	TRUE
gene1736	0	FALSE
gene1737	0	FALSE
gene1738	0	FALSE
gene1739	1.40199548495002	TRUE
gene1740	0	FALSE
gene1741	0	FALSE
gene1742	0	FALSE
gene1743	0	FALSE
gene1744	0	FALSE
gene1745	1.0914610294858	TRUE
gene1746	0	FALSE
gene1747	0	FALSE
gene1748	0	FALSE
gene1749	0	FALSE
gene1750	0	FALSE
gene1751	0	FALSE
gene1752	0	FALSE
gene1753	0	FALSE
gene1754	0	FALSE
gene1755	0	FALSE
gene1756	0	FALSE
gene1757	0	FALSE
gene1758	0	FALSE
gene1759	0	FALSE
gene1760	0	FALSE
gene1761	0	FALSE
gene1762	0	FALSE
gene1763	0	FALSE
gene1764	0	FALSE
gene1765	0	FALSE
gene1766	0	FALSE
gene1767	-1.11498549452517	TRUE
gene1768	0	FALSE
gene1769	0	FALSE
gene1770	-1.28467236750294	TRUE
gene1771	1.88573922385694	TRUE
gene1772	0	FALSE
gene1773	2.01929175207624	TRUE
gene1774	0	FALSE
gene1775	-1.76718122733291	TRUE
gene1776	0	FALSE
gene1777	0	FALSE
gene1778	0	FALSE
gene1779	0	FALSE
gene1780	-0.914893856097478	TRUE
gene1781	0	FALSE
gene1782	0	FALSE
gene1783	0	FALSE
gene1784	0	FALSE
gene1785	0	FALSE
gene1786	0	FALSE
gene1787	0	FALSE
gene1788	0	FALSE
gene1789	0	FALSE
gene1790	0	FALSE
gene1791	0	FALSE
gene1792	0	FALSE
gene1793	0	FALSE
gene1794	0	FALSE
gene1795	0	FALSE
gene1796	0	FALSE
gene1797	0	FALSE
gene1798	0	FALSE
gene1799	0	FALSE
gene1800	0	FALSE
gene1801	0	FALSE
gene1802	0	FALSE
gene1803	0	FALSE
gene1804	-2.35429638752248	TRUE
gene1805	0	FALSE
gene1806	0	FALSE
gene1807	0	FALSE
gene1808	0	FALSE
gene1809	0	FALSE
gene1810	0	FALSE
gene1811	0	FALSE
gene1812	0	FALSE
gene1813	0	FALSE
gene1814	0	FALSE
gene1815	0	FALSE
gene1816	0	FALSE
gene1817	0	FALSE
gene1818	-1.74282848200528	TRUE
gene1819	0	FALSE
gene1820	0	FALSE
gene1821	0	FALSE
gene1822	0	FALSE
gene1823	0	FALSE
gene1824	0	FALSE
gene1825	0	FALSE
gene1826	-0.850117674912326	TRUE
gene1827	0	FALSE
gene1828	0	FALSE
gene1829	0	FALSE
gene1830	0	FALSE
gene1831	0	FALSE
gene1832	0	FALSE
gene1833	0	FALSE
gene1834	0	FALSE
gene1835	0	FALSE
gene1836	0	FALSE
gene1837	0	FALSE
gene1838	0	FALSE
gene1839	0	FALSE
gene1840	0	FALSE
gene1841	0	FALSE
gene1842	0	FALSE
gene1843	0	FALSE
gene1844	0	FALSE
gene1845	0	FALSE
gene1846	0	FALSE
gene1847	0	FALSE
gene1848	0	FALSE
gene1849	1.06742574035889	TRUE
gene1850	1.89457601815229	TRUE
gene1851	0	FALSE
gene1852	0	FALSE
gene1853	0	FALSE
gene1854	0	FALSE
gene1855	0	FALSE
gene1856	0	FALSE
gene1857	0	FALSE
gene1858	0	FALSE
gene1859	0	FALSE
gene1860	2.27810953388689	TRUE
gene1861	0	FALSE
gene1862	0	FALSE
gene1863	0	FALSE
gene1864	0	FALSE
gene1865	0	FALSE
gene1866	0	FALSE
gene1867	0	FALSE
gene1868	0	FALSE
gene1869	0	FALSE
gene1870	0	FALSE
gene1871	0	FALSE
gene1872	0	FALSE
gene1873	0	FALSE
gene1874	0	FALSE
gene1875	0	FALSE
gene1876	0	FALSE
gene1877	0	FALSE
gene1878	0	FALSE
gene1879	0	FALSE
gene1880	1.13365840923507	TRUE
gene1881	0	FALSE
gene1882	0	FALSE
gene1883	0	FALSE
gene1884	0	FALSE
gene1885	0	FALSE
gene1886	0	FALSE
gene1887	0	FALSE
gene1888	0	FALSE
gene1889	0	FALSE
gene1890	0	FALSE
gene1891	0	FALSE
gene1892	0	FALSE
gene1893	0	FALSE
gene1894	0	FALSE
gene1895	0	FALSE
gene1896	0	FALSE
gene1897	0	FALSE
gene1898	0	FALSE
gene1899	0	FALSE
gene1900	0	FALSE
gene1901	0	FALSE
gene1902	0	FALSE
gene1903	0	FALSE
gene1904	0	FALSE
gene1905	0	FALSE
gene1906	0	FALSE
gene1907	0	FALSE
gene1908	0	FALSE
gene1909	-0.771742783603258	TRUE
gene1910	-1.75213739852188	TRUE
gene1911	0	FALSE
gene1912	0	FALSE
gene1913	0	FALSE
gene1914	0	FALSE
gene1915	-2.60064224945381	TRUE
gene1916	0	FALSE
gene1917	0	FALSE
gene1918	0	FALSE
gene1919	0	FALSE
gene1920	0	FALSE
gene1921	0	FALSE
gene1922	0	FALSE
gene1923	0	FALSE
gene1924	0	FALSE
gene1925	2.51849952345947	TRUE
gene1926	0	FALSE
gene1927	0	FALSE
gene1928	0	FALSE
gene1929	0	FALSE
gene1930	0	FALSE
gene1931	-1.9569167860318	TRUE
gene1932	0	FALSE
gene1933	0	FALSE
gene1934	0	FALSE
gene1935	0	FALSE
gene1936	0	FALSE
gene1937	0	FALSE
gene1938	0	FALSE
gene1939	-1.39052334381267	TRUE
gene1940	0	FALSE
gene1941	0	FALSE
gene1942	0	FALSE
gene1943	0	FALSE
gene1944	0	FALSE
gene1945	0	FALSE
gene1946	1.26124720025109	TRUE
gene1947	0	FALSE
gene1948	-0.823288622021209	TRUE
gene1949	0	FALSE
gene1950	0	FALSE
gene1951	0	FALSE
gene1952	0	FALSE
gene1953	0	FALSE
gene1954	0	FALSE
gene1955	0	FALSE
gene1956	2.46296540787444	TRUE
gene1957	0	FALSE
gene1958	0	FALSE
gene1959	0	FALSE
gene1960	0	FALSE
gene1961	0	FALSE
gene1962	0	FALSE
gene1963	0	FALSE
gene1964	0	FALSE
gene1965	0	FALSE
gene1966	0	FALSE
gene1967	0	FALSE
gene1968	0	FALSE
gene1969	0	FALSE
gene1970	2.18121411296306	TRUE
gene1971	0	FALSE
gene1972	0	FALSE
gene1973	0	FALSE
gene1974	0	FALSE
gene1975	0	FALSE
gene1976	0	FALSE
gene1977	0	FALSE
gene1978	0	FALSE
gene1979	0	FALSE
gene1980	0	FALSE
gene1981	0	FALSE
gene1982	0	FALSE
gene1983	0	FALSE
gene1984	-2.14071808877634	TRUE
gene1985	0	FALSE
gene1986	0	FALSE
gene1987	0	FALSE
gene1988	0	FALSE
gene1989	0	FALSE
gene1990	0	FALSE
gene1991	0	FALSE
gene1992	0	FALSE
gene1993	0	FALSE
gene1994	0	FALSE
gene1995	0	FALSE
gene1996	0	FALSE
gene1997	0	FALSE
gene1998	0	FALSE
gene1999	0	FALSE
gene2000	-1.36879303876776	TRUE
gene2001	0	FALSE
gene2002	0	FALSE
gene2003	0	FALSE
gene2004	0	FALSE
gene2005	0	FALSE
gene2006	0	FALSE
gene2007	0	FALSE
gene2008	0	FALSE
gene2009	0	FALSE
gene2010	0	FALSE
gene2011	0	FALSE
gene2012	0	FALSE
gene2013	0	FALSE
gene2014	0	FALSE
gene2015	0	FALSE
gene2016	0	FALSE
gene2017	0	FALSE
gene2018	0	FALSE
gene2019	-2.25344493356533	TRUE
gene2020	0	FALSE
gene2021	0	FALSE
gene2022	0	FALSE
gene2023	0	FALSE
gene2024	-2.16446425777394	TRUE
gene2025	0	FALSE
gene2026	-1.21402260381728	TRUE
gene2027	0	FALSE
gene2028	0	FALSE
gene2029	0	FALSE
gene2030	0	FALSE
gene2031	0	FALSE
gene2032	0	FALSE
gene2033	0	FALSE
gene2034	0	FALSE
gene2035	0	FALSE
gene2036	0	FALSE
gene2037	1.74835635448107	TRUE
gene2038	0	FALSE
gene2039	0	FALSE
gene2040	0	FALSE
gene2041	0	FALSE
gene2042	0	FALSE
gene2043	0	FALSE
gene2044	0	FALSE
gene2045	0	FALSE
gene2046	0	FALSE
gene2047	1.90828054246958	TRUE
gene2048	0	FALSE
gene2049	0	FALSE
gene2050	0	FALSE
gene2051	0	FALSE
gene2052	0	FALSE
gene2053	1.98689321737038	TRUE
gene2054	0	FALSE
gene2055	0	FALSE
gene2056	-2.92686278029578	TRUE
gene2057	0	FALSE
gene2058	0	FALSE
gene2059	0	FALSE
gene2060	0	FALSE
gene2061	0	FALSE
gene2062	0	FALSE
gene2063	1.66631917655468	TRUE
gene2064	0	FALSE
gene2065	0	FALSE
gene2066	1.78568194422405	TRUE
gene2067	0	FALSE
gene2068	0	FALSE
gene2069	0	FALSE
gene2070	-1.23777427343884	TRUE
gene2071	0	FALSE
gene2072	1.68165492609842	TRUE
gene2073	0	FALSE
gene2074	0	FALSE
gene2075	0	FALSE
gene2076	0	FALSE
gene2077	0	FALSE
gene2078	0	FALSE
gene2079	0	FALSE
gene2080	0	FALSE
gene2081	0	FALSE
gene2082	0	FALSE
gene2083	0	FALSE
gene2084	0	FALSE
gene2085	2.8436894621118	TRUE
gene2086	0	FALSE
gene2087	0	FALSE
gene2088	0	FALSE
gene2089	1.27476193889743	TRUE
gene2090	0	FALSE
gene2091	0	FALSE
gene2092	0	FALSE
gene2093	0	FALSE
gene2094	0	FALSE
gene2095	0	FALSE
gene2096	-2.27770208695438	TRUE
gene2097	0	FALSE
gene2098	0	FALSE
gene2099	0	FALSE
gene2100	0	FALSE
gene2101	0	FALSE
gene2102	0	FALSE
gene2103	0	FALSE
gene2104	-2.77941224619281	TRUE
gene2105	0	FALSE
gene2106	0	FALSE
gene2107	0	FALSE
gene2108	0	FALSE
gene2109	0	FALSE
gene2110	0	FALSE
gene2111	0	FALSE
gene2112	0	FALSE
gene2113	0	FALSE
gene2114	0	FALSE
gene2115	0	FALSE
gene2116	0	FALSE
gene2117	0	FALSE
gene2118	0	FALSE
gene2119	0	FALSE
gene2120	-1.63137137977174	TRUE
gene2121	0	FALSE
gene2122	-2.59767131216358	TRUE
gene2123	0	FALSE
gene2124	-0.995064300892409	TRUE
gene2125	0	FALSE
gene2126	0	FALSE
gene2127	0	FALSE
gene2128	0	FALSE
gene2129	0.810532500618137	TRUE
gene2130	1.74867408309365	TRUE
gene2131	0	FALSE
gene2132	0	FALSE
gene2133	0	FALSE
gene2134	0	FALSE
gene2135	0	FALSE
gene2136	0	FALSE
gene2137	0	FALSE
gene2138	0	FALSE
gene2139	0	FALSE
gene2140	0	FALSE
gene2141	0	FALSE
gene2142	0	FALSE
gene2143	-2.40891919011483	TRUE
gene2144	0	FALSE
gene2145	0	FALSE
gene2146	2.73171529232059	TRUE
gene2147	-2.12687121250201	TRUE
gene2148	0	FALSE
gene2149	0	FALSE
gene2150	0	FALSE
gene2151	0	FALSE
gene2152	0	FALSE
gene2153	0	FALSE
gene2154	-2.05774610443041	TRUE
gene2155	0	FALSE
gene2156	0	FALSE
gene2157	1.06293426716002	TRUE
gene2158	0	FALSE
gene2159	0	FALSE
gene2160	0	FALSE
gene2161	0	FALSE
gene2162	0	FALSE
gene2163	0	FALSE
gene2164	0	FALSE
gene2165	1.21402672037948	TRUE
gene2166	0	FALSE
gene2167	0	FALSE
gene2168	0	FALSE
gene2169	0	FALSE
gene2170	0	FALSE
gene2171	0	FALSE
gene2172	0	FALSE
gene2173	0	FALSE
gene2174	0	FALSE
gene2175	0	FALSE
gene2176	0	FALSE
gene2177	0	FALSE
gene2178	0	FALSE
gene2179	0	FALSE
gene2180	0	FALSE
gene2181	0	FALSE
gene2182	-2.13908979302505	TRUE
gene2183	0	FALSE
gene2184	0	FALSE
gene2185	0	FALSE
gene2186	0	FALSE
gene2187	0	FALSE
gene2188	-2.51486304838909	TRUE
gene2189	0	FALSE
gene2190	2.27226854022592	TRUE
gene2191	0	FALSE
gene2192	0	FALSE
gene2193	0	FALSE
gene2194	0	FALSE
gene2195	0	FALSE
gene2196	0	FALSE
gene2197	0	FALSE
gene2198	0	FALSE
gene2199	0	FALSE
gene2200	0	FALSE
gene2201	0	FALSE
gene2202	0	FALSE
gene2203	0	FALSE
gene2204	0	FALSE
gene2205	-2.73784708720632	TRUE
gene2206	0	FALSE
gene2207	0	FALSE
gene2208	0	FALSE
gene2209	0	FALSE
gene2210	0	FALSE
gene2211	0	FALSE
gene2212	0	FALSE
gene2213	0	FALSE
gene2214	0	FALSE
gene2215	0	FALSE
gene2216	0	FALSE
gene2217	0	FALSE
gene2218	0	FALSE
gene2219	0	FALSE
gene2220	0	FALSE
gene2221	0	FALSE
gene2222	0	FALSE
gene2223	0	FALSE
gene2224	0	FALSE
gene2225	0	FALSE
gene2226	0	FALSE
gene2227	0	FALSE
gene2228	0	FALSE
gene2229	1.35321668774122	TRUE
gene2230	0	FALSE
gene2231	-2.19061247538775	TRUE
gene2232	0	FALSE
gene2233	0	FALSE
gene2234	0	FALSE
gene2235	0	FALSE
gene2236	0	FALSE
gene2237	0	FALSE
gene2238	0	FALSE
gene2239	0	FALSE
gene2240	0	FALSE
gene2241	0	FALSE
gene2242	-1.19954574160511	TRUE
gene2243	0	FALSE
gene2244	0	FALSE
gene2245	0	FALSE
gene2246	0	FALSE
gene2247	0	FALSE
gene2248	-2.05968923232285	TRUE
gene2249	0	FALSE
gene2250	0	FALSE
gene2251	0	FALSE
gene2252	0	FALSE
gene2253	-1.72325753542827	TRUE
gene2254	1.13602667616215	TRUE
gene2255	0	FALSE
gene2256	-2.86581905325875	TRUE
gene2257	0	FALSE
gene2258	0	FALSE
gene2259	0	FALSE
gene2260	0	FALSE
gene2261	0	FALSE
gene2262	0	FALSE
gene2263	0	FALSE
gene2264	0	FALSE
gene2265	0	FALSE
gene2266	0	FALSE
gene2267	0	FALSE
gene2268	-1.39543959876755	TRUE
gene2269	0	FALSE
gene2270	0	FALSE
gene2271	0	FALSE
gene2272	0	FALSE
gene2273	0	FALSE
gene2274	-0.976771930872928	TRUE
gene2275	0	FALSE
gene2276	0	FALSE
gene2277	0	FALSE
gene2278	0	FALSE
gene2279	0	FALSE
gene2280	0	FALSE
gene2281	0	FALSE
gene2282	0	FALSE
gene2283	0	FALSE
gene2284	0	FALSE
gene2285	0	FALSE
gene2286	0	FALSE
gene2287	0	FALSE
gene2288	0.810688494646456	TRUE
gene2289	0	FALSE
gene2290	-1.41748048842419	TRUE
gene2291	0	FALSE
gene2292	0	FALSE
gene2293	0	FALSE
gene2294	0	FALSE
gene2295	0	FALSE
gene2296	0	FALSE
gene2297	0	FALSE
gene2298	0	FALSE
gene2299	0	FALSE
gene2300	0	FALSE
gene2301	0	FALSE
gene2302	0	FALSE
gene2303	0.824321910564322	TRUE
gene2304	-1.07625734206522	TRUE
gene2305	0	FALSE
gene2306	0	FALSE
gene2307	0	FALSE
gene2308	0	FALSE
gene2309	0	FALSE
gene2310	-1.39900661667343	TRUE
gene2311	0	FALSE
gene2312	0	FALSE
gene2313	-2.0777214296395	TRUE
gene2314	0	FALSE
gene2315	0	FALSE
gene2316	2.07886520685861	TRUE
gene2317	0	FALSE
gene2318	0	FALSE
gene2319	0	FALSE
gene2320	-2.23286336049205	TRUE
gene2321	0	FALSE
gene2322	0	FALSE
gene2323	0	FALSE
gene2324	0	FALSE
gene2325	0	FALSE
gene2326	0	FALSE
gene2327	0	FALSE
gene2328	0	FALSE
gene2329	0	FALSE
gene2330	0	FALSE
gene2331	0	FALSE
gene2332	0	FALSE
gene2333	0	FALSE
gene2334	0	FALSE
gene2335	-2.50894045270979	TRUE
gene2336	0	FALSE
gene2337	0	FALSE
gene2338	-1.44074132898822	TRUE
gene2339	0	FALSE
gene2340	0	FALSE
gene2341	0	FALSE
gene2342	0	FALSE
gene2343	0	FALSE
gene2344	0	FALSE
gene2345	0	FALSE
gene2346	-2.57194273348432	TRUE
gene2347	0	FALSE
gene2348	2.62693694239715	TRUE
gene2349	-1.20619004953187	TRUE
gene2350	0	FALSE
gene2351	0	FALSE
gene2352	0	FALSE
gene2353	0	FALSE
gene2354	0	FALSE
gene2355	0	FALSE
gene2356	0	FALSE
gene2357	0	FALSE
gene2358	0	FALSE
gene2359	0	FALSE
gene2360	0	FALSE
gene2361	0	FALSE
gene2362	-2.87673552607885	TRUE
gene2363	0	FALSE
gene2364	0	FALSE
gene2365	0	FALSE
gene2366	0	FALSE
gene2367	0.77927164058201	TRUE
gene2368	0	FALSE
gene2369	0	FALSE
gene2370	0	FALSE
gene2371	0	FALSE
gene2372	0.898625242116395	TRUE
gene2373	0	FALSE
gene2374	0	FALSE
gene2375	0	FALSE
gene2376	-2.55557287082775	TRUE
gene2377	0	FALSE
gene2378	0	FALSE
gene2379	0	FALSE
gene2380	0	FALSE
gene2381	0	FALSE
gene2382	0	FALSE
gene2383	0	FALSE
gene2384	0	FALSE
gene2385	0	FALSE
gene2386	0	FALSE
gene2387	0	FALSE
gene2388	0	FALSE
gene2389	0	FALSE
gene2390	0	FALSE
gene2391	0	FALSE
gene2392	0	FALSE
gene2393	0	FALSE
gene2394	0	FALSE
gene2395	0	FALSE
gene2396	0	FALSE
gene2397	0	FALSE
gene2398	0	FALSE
gene2399	0	FALSE
gene2400	2.76396193174878	TRUE
gene2401	0	FALSE
gene2402	0	FALSE
gene2403	0	FALSE
gene2404	0	FALSE
gene2405	0	FALSE
gene2406	0	FALSE
gene2407	0	FALSE
gene2408	0	FALSE
gene2409	0	FALSE
gene2410	0	FALSE
gene2411	0	FALSE
gene2412	0	FALSE
gene2413	0	FALSE
gene2414	0	FALSE
gene2415	0	FALSE
gene2416	0	FALSE
gene2417	0	FALSE
gene2418	0	FALSE
gene2419	0	FALSE
gene2420	0.766789158456959	TRUE
gene2421	0	FALSE
gene2422	0	FALSE
gene2423	0	FALSE
gene2424	0	FALSE
gene2425	0	FALSE
gene2426	0	FALSE
gene2427	0	FALSE
gene2428	0	FALSE
gene2429	1.04785635648295	TRUE
gene2430	0	FALSE
gene2431	0	FALSE
gene2432	0	FALSE
gene2433	0	FALSE
gene2434	0	FALSE
gene2435	0	FALSE
gene2436	0	FALSE
gene2437	0	FALSE
gene2438	0	FALSE
gene2439	0	FALSE
gene2440	0	FALSE
gene2441	0	FALSE
gene2442	0	FALSE
gene2443	0	FALSE
gene2444	-1.28845346497837	TRUE
gene2445	0	FALSE
gene2446	0	FALSE
gene2447	0	FALSE
gene2448	0	FALSE
gene2449	0	FALSE
gene2450	0	FALSE
gene2451	0	FALSE
gene2452	0	FALSE
gene2453	0	FALSE
gene2454	0	FALSE
gene2455	0	FALSE
gene2456	0	FALSE
gene2457	0	FALSE
gene2458	0	FALSE
gene2459	0	FALSE
gene2460	0	FALSE
gene2461	0	FALSE
gene2462	0	FALSE
gene2463	0	FALSE
gene2464	2.94732314214343	TRUE
gene2465	0	FALSE
gene2466	0	FALSE
gene2467	0	FALSE
gene2468	-1.33550059923436	TRUE
gene2469	0	FALSE
gene2470	-1.7268477701582	TRUE
gene2471	0	FALSE
gene2472	0	FALSE
gene2473	0	FALSE
gene2474	1.93701238639187	TRUE
gene2475	0	FALSE
gene2476	0	FALSE
gene2477	0	FALSE
gene2478	0	FALSE
gene2479	0	FALSE
gene2480	0	FALSE
gene2481	0	FALSE
gene2482	0	FALSE
gene2483	0	FALSE
gene2484	0	FALSE
gene2485	0	FALSE
gene2486	0	FALSE
gene2487	0	FALSE
gene2488	0	FALSE
gene2489	0	FALSE
gene2490	0	FALSE
gene2491	2.78769840969471	TRUE
gene2492	0	FALSE
gene2493	0	FALSE
gene2494	-1.64381966530345	TRUE
gene2495	0	FALSE
gene2496	0	FALSE
gene2497	1.3368804511847	TRUE
gene2498	0	FALSE
gene2499	0	FALSE
gene2500	0	FALSE
gene2501	0	FALSE
gene2502	0	FALSE
gene2503	0	FALSE
gene2504	0	FALSE
gene2505	0	FALSE
gene2506	0	FALSE
gene2507	0	FALSE
gene2508	0	FALSE
gene2509	0	FALSE
gene2510	0	FALSE
gene2511	0	FALSE
gene2512	2.78133628849173	TRUE
gene2513	0	FALSE
gene2514	0	FALSE
gene2515	0	FALSE
gene2516	0	FALSE
gene2517	0	FALSE
gene2518	1.82593050581636	TRUE
gene2519	0	FALSE
gene2520	0	FALSE
gene2521	0	FALSE
gene2522	0	FALSE
gene2523	0.972245225915685	TRUE
gene2524	0	FALSE
gene2525	-2.74614263005788	TRUE
gene2526	0	FALSE
gene2527	0	FALSE
gene2528	0	FALSE
gene2529	0	FALSE
gene2530	0	FALSE
gene2531	0	FALSE
gene2532	0	FALSE
gene2533	0	FALSE
gene2534	0	FALSE
gene2535	-1.20440015278291	TRUE
gene2536	-2.71595621842425	TRUE
gene2537	0	FALSE
gene2538	0	FALSE
gene2539	0	FALSE
gene2540	-1.88547877088422	TRUE
gene2541	0	FALSE
gene2542	0	FALSE
gene2543	0	FALSE
gene2544	0	FALSE
gene2545	0	FALSE
gene2546	0	FALSE
gene2547	0	FALSE
gene2548	0	FALSE
gene2549	0	FALSE
gene2550	0	FALSE
gene2551	0	FALSE
gene2552	0	FALSE
gene2553	0	FALSE
gene2554	0	FALSE
gene2555	0	FALSE
gene2556	-2.99103104247479	TRUE
gene2557	0	FALSE
gene2558	0	FALSE
gene2559	0	FALSE
gene2560	0	FALSE
gene2561	0	FALSE
gene2562	0	FALSE
gene2563	0	FALSE
gene2564	0	FALSE
gene2565	0	FALSE
gene2566	0	FALSE
gene2567	0	FALSE
gene2568	0	FALSE
gene2569	0	FALSE
gene2570	0	FALSE
gene2571	0	FALSE
gene2572	0	FALSE
gene2573	0	FALSE
gene2574	0	FALSE
gene2575	0	FALSE
gene2576	0	FALSE
gene2577	0	FALSE
gene2578	1.32123798894463	TRUE
gene2579	0	FALSE
gene2580	0	FALSE
gene2581	0	FALSE
gene2582	0	FALSE
gene2583	0	FALSE
gene2584	0	FALSE
gene2585	2.54738599044504	TRUE
gene2586	0	FALSE
gene2587	0	FALSE
gene2588	0	FALSE
gene2589	0	FALSE
gene2590	0	FALSE
gene2591	0	FALSE
gene2592	0	FALSE
gene2593	-0.96514901710907	TRUE
gene2594	0	FALSE
gene2595	0	FALSE
gene2596	0	FALSE
gene2597	0	FALSE
gene2598	0	FALSE
gene2599	0	FALSE
gene2600	0	FALSE
gene2601	0	FALSE
gene2602	2.11491131427465	TRUE
gene2603	0	FALSE
gene2604	0	FALSE
gene2605	0	FALSE
gene2606	0	FALSE
gene2607	0	FALSE
gene2608	0	FALSE
gene2609	0	FALSE
gene2610	0	FALSE
gene2611	0	FALSE
gene2612	2.63104388373904	TRUE
gene2613	0	FALSE
gene2614	0	FALSE
gene2615	-2.72296738182195	TRUE
gene2616	-0.94286309403833	TRUE
gene2617	0	FALSE
gene2618	2.924340651487	TRUE
gene2619	0	FALSE
gene2620	0	FALSE
gene2621	0	FALSE
gene2622	0	FALSE
gene2623	0	FALSE
gene2624	0	FALSE
gene2625	0	FALSE
gene2626	0	FALSE
gene2627	0	FALSE
gene2628	0	FALSE
gene2629	0	FALSE
gene2630	0	FALSE
gene2631	0	FALSE
gene2632	0	FALSE
gene2633	0	FALSE
gene2634	0	FALSE
gene2635	0	FALSE
gene2636	0	FALSE
gene2637	0.76270455645863	TRUE
gene2638	0	FALSE
gene2639	0	FALSE
gene2640	0	FALSE
gene2641	-2.07445533724967	TRUE
gene2642	0	FALSE
gene2643	-2.39204921911005	TRUE
gene2644	0	FALSE
gene2645	0	FALSE
gene2646	0	FALSE
gene2647	0	FALSE
gene2648	0	FALSE
gene2649	2.61018459411571	TRUE
gene2650	0	FALSE
gene2651	0	FALSE
gene2652	0	FALSE
gene2653	-1.64739754510811	TRUE
gene2654	0.930282801913563	TRUE
gene2655	0	FALSE
gene2656	0	FALSE
gene2657	0	FALSE
gene2658	0	FALSE
gene2659	0	FALSE
gene2660	0	FALSE
gene2661	0	FALSE
gene2662	0	FALSE
gene2663	0	FALSE
gene2664	0	FALSE
gene2665	0	FALSE
gene2666	0	FALSE
gene2667	0	FALSE
gene2668	0	FALSE
gene2669	0	FALSE
gene2670	0	FALSE
gene2671	0	FALSE
gene2672	0	FALSE
gene2673	0	FALSE
gene2674	0	FALSE
gene2675	-1.2372003357159	TRUE
gene2676	0.757653946930077	TRUE
gene2677	0	FALSE
gene2678	0	FALSE
gene2679	0	FALSE
gene2680	0	FALSE
gene2681	0	FALSE
gene2682	0	FALSE
gene2683	0	FALSE
gene2684	0	FALSE
gene2685	0	FALSE
gene2686	0	FALSE
gene2687	0	FALSE
gene2688	0	FALSE
gene2689	0	FALSE
gene2690	0	FALSE
gene2691	0	FALSE
gene2692	0	FALSE
gene2693	0	FALSE
gene2694	1.14726668206276	TRUE
gene2695	0	FALSE
gene2696	0	FALSE
gene2697	0	FALSE
gene2698	0	FALSE
gene2699	1.34071397117805	TRUE
gene2700	0	FALSE
gene2701	0	FALSE
gene2702	0	FALSE
gene2703	0	FALSE
gene2704	0	FALSE
gene2705	0	FALSE
gene2706	0	FALSE
gene2707	0	FALSE
gene2708	0	FALSE
gene2709	0	FALSE
gene2710	0	FALSE
gene2711	0	FALSE
gene2712	0	FALSE
gene2713	0	FALSE
gene2714	0	FALSE
gene2715	0	FALSE
gene2716	0	FALSE
gene2717	0	FALSE
gene2718	0	FALSE
gene2719	1.96088475961005	TRUE
gene2720	0	FALSE
gene2721	0	FALSE
gene2722	0	FALSE
gene2723	0	FALSE
gene2724	0	FALSE
gene2725	0	FALSE
gene2726	0	FALSE
gene2727	0	FALSE
gene2728	1.69553988135885	TRUE
gene2729	0	FALSE
gene2730	0	FALSE
gene2731	0	FALSE
gene2732	0	FALSE
gene2733	0	FALSE
gene2734	2.55962990317494	TRUE
gene2735	0	FALSE
gene2736	0.911451701831538	TRUE
gene2737	0	FALSE
gene2738	0	FALSE
gene2739	0	FALSE
gene2740	0	FALSE
gene2741	0	FALSE
gene2742	0	FALSE
gene2743	0	FALSE
gene2744	0	FALSE
gene2745	0	FALSE
gene2746	0	FALSE
gene2747	0	FALSE
gene2748	-1.03496165026445	TRUE
gene2749	0	FALSE
gene2750	0	FALSE
gene2751	0	FALSE
gene2752	0	FALSE
gene2753	0	FALSE
gene2754	0	FALSE
gene2755	0	FALSE
gene2756	0	FALSE
gene2757	0	FALSE
gene2758	0	FALSE
gene2759	0	FALSE
gene2760	0	FALSE
gene2761	0	FALSE
gene2762	-2.31274600164033	TRUE
gene2763	0	FALSE
gene2764	0	FALSE
gene2765	0	FALSE
gene2766	0	FALSE
gene2767	0	FALSE
gene2768	-1.49362609209493	TRUE
gene2769	0	FALSE
gene2770	0	FALSE
gene2771	0	FALSE
gene2772	0	FALSE
gene2773	2.52480975334765	TRUE
gene2774	-2.68585061043268	TRUE
gene2775	0	FALSE
gene2776	0	FALSE
gene2777	0	FALSE
gene2778	0	FALSE
gene2779	0	FALSE
gene2780	0	FALSE
gene2781	0	FALSE
gene2782	0	FALSE
gene2783	0	FALSE
gene2784	0	FALSE
gene2785	-1.53998021426378	TRUE
gene2786	0	FALSE
gene2787	0	FALSE
gene2788	0	FALSE
gene2789	0	FALSE
gene2790	-2.53803951147711	TRUE
gene2791	0	FALSE
gene2792	0	FALSE
gene2793	0	FALSE
gene2794	0	FALSE
gene2795	0	FALSE
gene2796	1.38844699866604	TRUE
gene2797	-1.2364721793565	TRUE
gene2798	0	FALSE
gene2799	0	FALSE
gene2800	-1.47866571351187	TRUE
gene2801	-1.15531214454677	TRUE
gene2802	0	FALSE
gene2803	0	FALSE
gene2804	0	FALSE
gene2805	0	FALSE
gene2806	0	FALSE
gene2807	-1.67200568021508	TRUE
gene2808	0	FALSE
gene2809	0	FALSE
gene2810	0	FALSE
gene2811	0	FALSE
gene2812	0	FALSE
gene2813	0	FALSE
gene2814	0	FALSE
gene2815	0	FALSE
gene2816	0	FALSE
gene2817	0	FALSE
gene2818	0	FALSE
gene2819	0	FALSE
gene2820	2.59028394694906	TRUE
gene2821	0	FALSE
gene2822	0	FALSE
gene2823	0	FALSE
gene2824	0	FALSE
gene2825	0	FALSE
gene2826	0	FALSE
gene2827	0	FALSE
gene2828	0	FALSE
gene2829	0	FALSE
gene2830	0	FALSE
gene2831	0	FALSE
gene2832	0	FALSE
gene2833	0	FALSE
gene2834	0	FALSE
gene2835	0	FALSE
gene2836	0	FALSE
gene2837	0	FALSE
gene2838	0	FALSE
gene2839	0	FALSE
gene2840	0	FALSE
gene2841	0	FALSE
gene2842	0	FALSE
gene2843	0	FALSE
gene2844	0	FALSE
gene2845	0.848115314205643	TRUE
gene2846	0	FALSE
gene2847	-2.06014547136147	TRUE
gene2848	0	FALSE
gene2849	0	FALSE
gene2850	0	FALSE
gene2851	0	FALSE
gene2852	0	FALSE
gene2853	-0.967103108006995	TRUE
gene2854	0	FALSE
gene2855	0	FALSE
gene2856	0	FALSE
gene2857	-1.61305036302656	TRUE
gene2858	0	FALSE
gene2859	0	FALSE
gene2860	0	FALSE
gene2861	0	FALSE
gene2862	0	FALSE
gene2863	0	FALSE
gene2864	0	FALSE
gene2865	0	FALSE
gene2866	0	FALSE
gene2867	0	FALSE
gene2868	2.7379513187916	TRUE
gene2869	0	FALSE
gene2870	0	FALSE
gene2871	0	FALSE
gene2872	0	FALSE
gene2873	0	FALSE
gene2874	0	FALSE
gene2875	0	FALSE
gene2876	0	FALSE
gene2877	0	FALSE
gene2878	0	FALSE
gene2879	-2.73380457388703	TRUE
gene2880	0	FALSE
gene2881	0	FALSE
gene2882	0	FALSE
gene2883	0	FALSE
gene2884	0	FALSE
gene2885	0	FALSE
gene2886	0	FALSE
gene2887	0	FALSE
gene2888	0	FALSE
gene2889	0	FALSE
gene2890	0	FALSE
gene2891	0	FALSE
gene2892	0	FALSE
gene2893	0	FALSE
gene2894	0	FALSE
gene2895	0	FALSE
gene2896	0	FALSE
gene2897	0	FALSE
gene2898	2.44326558534522	TRUE
gene2899	0	FALSE
gene2900	0.833259320177604	TRUE
gene2901	0.780164044525009	TRUE
gene2902	0	FALSE
gene2903	-2.9310064354213	TRUE
gene2904	-1.76864810491679	TRUE
gene2905	0	FALSE
gene2906	-1.61072517593857	TRUE
gene2907	0	FALSE
gene2908	0	FALSE
gene2909	0	FALSE
gene2910	0	FALSE
gene2911	0	FALSE
gene2912	0	FALSE
gene2913	0	FALSE
gene2914	0	FALSE
gene2915	0	FALSE
gene2916	-1.88695458462462	TRUE
gene2917	0	FALSE
gene2918	0	FALSE
gene2919	0	FALSE
gene2920	2.41750636295183	TRUE
gene2921	0	FALSE
gene2922	0	FALSE
gene2923	0	FALSE
gene2924	0	FALSE
gene2925	0	FALSE
gene2926	1.87550784170162	TRUE
gene2927	0	FALSE
gene2928	0	FALSE
gene2929	0	FALSE
gene2930	0	FALSE
gene2931	0	FALSE
gene2932	0	FALSE
gene2933	0	FALSE
gene2934	0	FALSE
gene2935	0	FALSE
gene2936	2.83396347780945	TRUE
gene2937	0	FALSE
gene2938	0	FALSE
gene2939	0	FALSE
gene2940	0	FALSE
gene2941	0	FALSE
gene2942	0	FALSE
gene2943	0	FALSE
gene2944	0	FALSE
gene2945	1.29364207416074	TRUE
gene2946	0	FALSE
gene2947	-2.4969492664095	TRUE
gene2948	0	FALSE
gene2949	0	FALSE
gene2950	0	FALSE
gene2951	1.25001987616997	TRUE
gene2952	0	FALSE
gene2953	0	FALSE
gene2954	0	FALSE
gene2955	1.90832477796357	TRUE
gene2956	0	FALSE
gene2957	0	FALSE
gene2958	-2.02403459331254	TRUE
gene2959	0	FALSE
gene2960	1.3070555908489	TRUE
gene2961	0	FALSE
gene2962	0	FALSE
gene2963	0	FALSE
gene2964	0	FALSE
gene2965	0	FALSE
gene2966	0	FALSE
gene2967	0	FALSE
gene2968	0	FALSE
gene2969	0	FALSE
gene2970	0	FALSE
gene2971	0	FALSE
gene2972	0	FALSE
gene2973	0	FALSE
gene2974	0	FALSE
gene2975	0	FALSE
gene2976	0	FALSE
gene2977	0	FALSE
gene2978	0	FALSE
gene2979	0	FALSE
gene2980	0	FALSE
gene2981	0	FALSE
gene2982	0	FALSE
gene2983	0	FALSE
gene2984	0.835738451918587	TRUE
gene2985	0	FALSE
gene2986	0	FALSE
gene2987	0	FALSE
gene2988	0	FALSE
gene2989	0	FALSE
gene2990	0	FALSE
gene2991	-2.55800763715524	TRUE
gene2992	0	FALSE
gene2993	0	FALSE
gene2994	0	FALSE
gene2995	0	FALSE
gene2996	0	FALSE
gene2997	0	FALSE
gene2998	0	FALSE
gene2999	0	FALSE
gene3000	0	FALSE
gene3001	0	FALSE
gene3002	0	FALSE
gene3003	0	FALSE
gene3004	-2.70479849399999	TRUE
gene3005	-2.13202332478249	TRUE
gene3006	0	FALSE
gene3007	0	FALSE
gene3008	0	FALSE
gene3009	0	FALSE
gene3010	0	FALSE
gene3011	0	FALSE
gene3012	0	FALSE
gene3013	1.57755764719332	TRUE
gene3014	0	FALSE
gene3015	0	FALSE
gene3016	0	FALSE
gene3017	0	FALSE
gene3018	2.06164193077711	TRUE
gene3019	0	FALSE
gene3020	0	FALSE
gene3021	0	FALSE
gene3022	0	FALSE
gene3023	0	FALSE
gene3024	0	FALSE
gene3025	0	FALSE
gene3026	0	FALSE
gene3027	0	FALSE
gene3028	0	FALSE
gene3029	0	FALSE
gene3030	0	FALSE
gene3031	0	FALSE
gene3032	2.61053654184798	TRUE
gene3033	0	FALSE
gene3034	0	FALSE
gene3035	0	FALSE
gene3036	0	FALSE
gene3037	0	FALSE
gene3038	1.61039655975765	TRUE
gene3039	0	FALSE
gene3040	0	FALSE
gene3041	0	FALSE
gene3042	0	FALSE
gene3043	0	FALSE
gene3044	0	FALSE
gene3045	0	FALSE
gene3046	0	FALSE
gene3047	0	FALSE
gene3048	0	FALSE
gene3049	2.81589228211669	TRUE
gene3050	0	FALSE
gene3051	0	FALSE
gene3052	0	FALSE
gene3053	0	FALSE
gene3054	0	FALSE
gene3055	0	FALSE
gene3056	0	FALSE
gene3057	0	FALSE
gene3058	-2.25419466284802	TRUE
gene3059	0	FALSE
gene3060	0	FALSE
gene3061	0	FALSE
gene3062	0	FALSE
gene3063	0	FALSE
gene3064	0	FALSE
gene3065	0	FALSE
gene3066	0	FALSE
gene3067	-2.52191592275631	TRUE
gene3068	0	FALSE
gene3069	0	FALSE
gene3070	0	FALSE
gene3071	0	FALSE
gene3072	0	FALSE
gene3073	0	FALSE
gene3074	0	FALSE
gene3075	0	FALSE
gene3076	0	FALSE
gene3077	0	FALSE
gene3078	0	FALSE
gene3079	0	FALSE
gene3080	0	FALSE
gene3081	0	FALSE
gene3082	0	FALSE
gene3083	0	FALSE
gene3084	0	FALSE
gene3085	-2.52745284873527	TRUE
gene3086	0	FALSE
gene3087	0	FALSE
gene3088	0	FALSE
gene3089	1.64574030507356	TRUE
gene3090	0	FALSE
gene3091	0	FALSE
gene3092	-2.88181697629625	TRUE
gene3093	0	FALSE
gene3094	0	FALSE
gene3095	0	FALSE
gene3096	0	FALSE
gene3097	0	FALSE
gene3098	0	FALSE
gene3099	0	FALSE
gene3100	0	FALSE
gene3101	0	FALSE
gene3102	-1.70204215741251	TRUE
gene3103	0	FALSE
gene3104	0	FALSE
gene3105	0	FALSE
gene3106	1.27923221426317	TRUE
gene3107	0	FALSE
gene3108	0	FALSE
gene3109	-1.58620297367452	TRUE
gene3110	0	FALSE
gene3111	0	FALSE
gene3112	0	FALSE
gene3113	0	FALSE
gene3114	0	FALSE
gene3115	0	FALSE
gene3116	0	FALSE
gene3117	0	FALSE
gene3118	1.41141068714205	TRUE
gene3119	0	FALSE
gene3120	0	FALSE
gene3121	0	FALSE
gene3122	0	FALSE
gene3123	0	FALSE
gene3124	0	FALSE
gene3125	-2.83064670476597	TRUE
gene3126	0	FALSE
gene3127	0	FALSE
gene3128	0	FALSE
gene3129	-2.9066620877129	TRUE
gene3130	0	FALSE
gene3131	0	FALSE
gene3132	0	FALSE
gene3133	0	FALSE
gene3134	0	FALSE
gene3135	0	FALSE
gene3136	0	FALSE
gene3137	0	FALSE
gene3138	0	FALSE
gene3139	0	FALSE
gene3140	2.16843423095997	TRUE
gene3141	0	FALSE
gene3142	0	FALSE
gene3143	0	FALSE
gene3144	0	FALSE
gene3145	0	FALSE
gene3146	0	FALSE
gene3147	0	FALSE
gene3148	0	FALSE
gene3149	0	FALSE
gene3150	0	FALSE
gene3151	0	FALSE
gene3152	0	FALSE
gene3153	0	FALSE
gene3154	0	FALSE
gene3155	0	FALSE
gene3156	0	FALSE
gene3157	0	FALSE
gene3158	0	FALSE
gene3159	0	FALSE
gene3160	0	FALSE
gene3161	0	FALSE
gene3162	0	FALSE
gene3163	0	FALSE
gene3164	0	FALSE
gene3165	0	FALSE
gene3166	0	FALSE
gene3167	0	FALSE
gene3168	0	FALSE
gene3169	0	FALSE
gene3170	0	FALSE
gene3171	0	FALSE
gene3172	0	FALSE
gene3173	0	FALSE
gene3174	0	FALSE
gene3175	-1.81256073637633	TRUE
gene3176	0	FALSE
gene3177	0	FALSE
gene3178	0	FALSE
gene3179	0	FALSE
gene3180	0	FALSE
gene3181	0	FALSE
gene3182	0	FALSE
gene3183	0	FALSE
gene3184	0	FALSE
gene3185	2.1034490543534	TRUE
gene3186	0	FALSE
gene3187	0	FALSE
gene3188	0	FALSE
gene3189	0	FALSE
gene3190	0	FALSE
gene3191	0	FALSE
gene3192	0	FALSE
gene3193	0	FALSE
gene3194	0	FALSE
gene3195	0	FALSE
gene3196	0	FALSE
gene3197	0	FALSE
gene3198	0	FALSE
gene3199	0	FALSE
gene3200	2.09900745557388	TRUE
gene3201	0	FALSE
gene3202	0	FALSE
gene3203	0	FALSE
gene3204	2.42154043517075	TRUE
gene3205	0	FALSE
gene3206	0	FALSE
gene3207	0	FALSE
gene3208	0	FALSE
gene3209	0	FALSE
gene3210	0	FALSE
gene3211	0	FALSE
gene3212	0	FALSE
gene3213	0	FALSE
gene3214	0.870121502783149	TRUE
gene3215	0	FALSE
gene3216	0	FALSE
gene3217	0	FALSE
gene3218	0	FALSE
gene3219	0	FALSE
gene3220	0	FALSE
gene3221	1.27389420499094	TRUE
gene3222	0	FALSE
gene3223	0	FALSE
gene3224	0	FALSE
gene3225	0	FALSE
gene3226	0	FALSE
gene3227	0	FALSE
gene3228	0	FALSE
gene3229	0	FALSE
gene3230	1.65802353050094	TRUE
gene3231	0	FALSE
gene3232	0	FALSE
gene3233	0	FALSE
gene3234	0	FALSE
gene3235	-2.50612080196152	TRUE
gene3236	0	FALSE
gene3237	0	FALSE
gene3238	0	FALSE
gene3239	0	FALSE
gene3240	0	FALSE
gene3241	0	FALSE
gene3242	0	FALSE
gene3243	0	FALSE
gene3244	-0.779738166835159	TRUE
gene3245	1.14674934942741	TRUE
gene3246	0	FALSE
gene3247	0	FALSE
gene3248	0	FALSE
gene3249	0	FALSE
gene3250	0	FALSE
gene3251	0	FALSE
gene3252	0	FALSE
gene3253	-2.64117809920572	TRUE
gene3254	0	FALSE
gene3255	0	FALSE
gene3256	0	FALSE
gene3257	0	FALSE
gene3258	0	FALSE
gene3259	0	FALSE
gene3260	0	FALSE
gene3261	0	FALSE
gene3262	0	FALSE
gene3263	0	FALSE
gene3264	0	FALSE
gene3265	0	FALSE
gene3266	0	FALSE
gene3267	0	FALSE
gene3268	0	FALSE
gene3269	0	FALSE
gene3270	0	FALSE
gene3271	0	FALSE
gene3272	0	FALSE
gene3273	0	FALSE
gene3274	0	FALSE
gene3275	0	FALSE
gene3276	0	FALSE
gene3277	0	FALSE
gene3278	0	FALSE
gene3279	0	FALSE
gene3280	-2.60941048606765	TRUE
gene3281	2.3735435710405	TRUE
gene3282	0	FALSE
gene3283	2.35370815446367	TRUE
gene3284	0	FALSE
gene3285	0	FALSE
gene3286	-1.96584688400617	TRUE
gene3287	0	FALSE
gene3288	0	FALSE
gene3289	0	FALSE
gene3290	0	FALSE
gene3291	0	FALSE
gene3292	-1.75686752650654	TRUE
gene3293	0	FALSE
gene3294	0	FALSE
gene3295	-2.42180905526038	TRUE
gene3296	0	FALSE
gene3297	2.51216785475845	TRUE
gene3298	0	FALSE
gene3299	0	FALSE
gene3300	0	FALSE
gene3301	0	FALSE
gene3302	0	FALSE
gene3303	0	FALSE
gene3304	0	FALSE
gene3305	0	FALSE
gene3306	2.15777741378406	TRUE
gene3307	0	FALSE
gene3308	0	FALSE
gene3309	0	FALSE
gene3310	0	FALSE
gene3311	1.55743712279946	TRUE
gene3312	0	FALSE
gene3313	0	FALSE
gene3314	0	FALSE
gene3315	-2.94593820814043	TRUE
gene3316	2.47948810772505	TRUE
gene3317	0	FALSE
gene3318	0	FALSE
gene3319	0	FALSE
gene3320	0	FALSE
gene3321	0	FALSE
gene3322	0	FALSE
gene3323	0	FALSE
gene3324	0	FALSE
gene3325	0	FALSE
gene3326	0	FALSE
gene3327	0	FALSE
gene3328	0	FALSE
gene3329	0	FALSE
gene3330	0	FALSE
gene3331	-2.5357349999249	TRUE
gene3332	0	FALSE
gene3333	0	FALSE
gene3334	0	FALSE
gene3335	2.94529034307925	TRUE
gene3336	0	FALSE
gene3337	0	FALSE
gene3338	-2.63913124316605	TRUE
gene3339	0	FALSE
gene3340	0	FALSE
gene3341	0	FALSE
gene3342	-1.73964236135362	TRUE
gene3343	0	FALSE
gene3344	0	FALSE
gene3345	0	FALSE
gene3346	0	FALSE
gene3347	1.1610334116267	TRUE
gene3348	-1.20452003547689	TRUE
gene3349	0	FALSE
gene3350	0	FALSE
gene3351	0	FALSE
gene3352	0	FALSE
gene3353	0	FALSE
gene3354	0	FALSE
gene3355	0	FALSE
gene3356	0	FALSE
gene3357	0	FALSE
gene3358	0	FALSE
gene3359	0	FALSE
gene3360	0	FALSE
gene3361	0	FALSE
gene3362	-2.56436182383914	TRUE
gene3363	0	FALSE
gene3364	0	FALSE
gene3365	0	FALSE
gene3366	0	FALSE
gene3367	0	FALSE
gene3368	0	FALSE
gene3369	0	FALSE
gene3370	0	FALSE
gene3371	0	FALSE
gene3372	0.781714629032649	TRUE
gene3373	0	FALSE
gene3374	0	FALSE
gene3375	0	FALSE
gene3376	0	FALSE
gene3377	0	FALSE
gene3378	0	FALSE
gene3379	1.90199052606476	TRUE
gene3380	0	FALSE
gene3381	0	FALSE
gene3382	0	FALSE
gene3383	0	FALSE
gene3384	0	FALSE
gene3385	2.01893777539954	TRUE
gene3386	0	FALSE
gene3387	0	FALSE
gene3388	0	FALSE
gene3389	-1.06331681722077	TRUE
gene3390	0	FALSE
gene3391	0	FALSE
gene3392	0	FALSE
gene3393	0	FALSE
gene3394	0	FALSE
gene3395	0	FALSE
gene3396	-1.54120258492185	TRUE
gene3397	0	FALSE
gene3398	0	FALSE
gene3399	0	FALSE
gene3400	0.946683999267407	TRUE
gene3401	0	FALSE
gene3402	0	FALSE
gene3403	0	FALSE
gene3404	0	FALSE
gene3405	0	FALSE
gene3406	0	FALSE
gene3407	0	FALSE
gene3408	1.26672762486851	TRUE
gene3409	0	FALSE
gene3410	0	FALSE
gene3411	0	FALSE
gene3412	0	FALSE
gene3413	0	FALSE
gene3414	0	FALSE
gene3415	0	FALSE
gene3416	0	FALSE
gene3417	0	FALSE
gene3418	0	FALSE
gene3419	0	FALSE
gene3420	0	FALSE
gene3421	0	FALSE
gene3422	0	FALSE
gene3423	0	FALSE
gene3424	-1.7643972504884	TRUE
gene3425	0	FALSE
gene3426	0	FALSE
gene3427	0	FALSE
gene3428	0	FALSE
gene3429	0	FALSE
gene3430	-1.08358505327487	TRUE
gene3431	0	FALSE
gene3432	0	FALSE
gene3433	0	FALSE
gene3434	0	FALSE
gene3435	0	FALSE
gene3436	0	FALSE
gene3437	0	FALSE
gene3438	0	FALSE
gene3439	0	FALSE
gene3440	0	FALSE
gene3441	2.20879454951501	TRUE
gene3442	0	FALSE
gene3443	0	FALSE
gene3444	0	FALSE
gene3445	0	FALSE
gene3446	0	FALSE
gene3447	0	FALSE
gene3448	0	FALSE
gene3449	1.09135559876449	TRUE
gene3450	0	FALSE
gene3451	0	FALSE
gene3452	0	FALSE
gene3453	0	FALSE
gene3454	0	FALSE
gene3455	0	FALSE
gene3456	-1.27398866799194	TRUE
gene3457	0	FALSE
gene3458	0	FALSE
gene3459	0	FALSE
gene3460	0	FALSE
gene3461	0	FALSE
gene3462	0	FALSE
gene3463	0	FALSE
gene3464	0	FALSE
gene3465	0	FALSE
gene3466	0	FALSE
gene3467	0	FALSE
gene3468	0	FALSE
gene3469	-2.21574772533495	TRUE
gene3470	0	FALSE
gene3471	0	FALSE
gene3472	0	FALSE
gene3473	0	FALSE
gene3474	0	FALSE
gene3475	0	FALSE
gene3476	0	FALSE
gene3477	0	FALSE
gene3478	-2.83924180374015	TRUE
gene3479	0	FALSE
gene3480	0	FALSE
gene3481	0	FALSE
gene3482	0	FALSE
gene3483	0	FALSE
gene3484	1.45203282177681	TRUE
gene3485	0	FALSE
gene3486	0	FALSE
gene3487	0	FALSE
gene3488	0	FALSE
gene3489	0	FALSE
gene3490	1.81092644284945	TRUE
gene3491	-1.95434823143296	TRUE
gene3492	0	FALSE
gene3493	0	FALSE
gene3494	0	FALSE
gene3495	0	FALSE
gene3496	0	FALSE
gene3497	0	FALSE
gene3498	-2.20796080684522	TRUE
gene3499	0	FALSE
gene3500	0	FALSE
gene3501	0	FALSE
gene3502	0	FALSE
gene3503	-2.11631428665714	TRUE
gene3504	0	FALSE
gene3505	0	FALSE
gene3506	0	FALSE
gene3507	0	FALSE
gene3508	0	FALSE
gene3509	0	FALSE
gene3510	0	FALSE
gene3511	0	FALSE
gene3512	2.9208634676761	TRUE
gene3513	0	FALSE
gene3514	0	FALSE
gene3515	0	FALSE
gene3516	0	FALSE
gene3517	0	FALSE
gene3518	0.999147235415876	TRUE
gene3519	0	FALSE
gene3520	0	FALSE
gene3521	0	FALSE
gene3522	0	FALSE
gene3523	0	FALSE
gene3524	-2.8980204728432	TRUE
gene3525	0	FALSE
gene3526	0	FALSE
gene3527	0	FALSE
gene3528	0	FALSE
gene3529	0	FALSE
gene3530	0	FALSE
gene3531	0	FALSE
gene3532	0	FALSE
gene3533	0	FALSE
gene3534	0	FALSE
gene3535	0	FALSE
gene3536	0	FALSE
gene3537	0	FALSE
gene3538	0	FALSE
gene3539	0	FALSE
gene3540	0	FALSE
gene3541	0	FALSE
gene3542	0	FALSE
gene3543	0	FALSE
gene3544	0	FALSE
gene3545	0	FALSE
gene3546	0	FALSE
gene3547	0	FALSE
gene3548	0	FALSE
gene3549	0	FALSE
gene3550	0	FALSE
gene3551	0	FALSE
gene3552	0	FALSE
gene3553	0	FALSE
gene3554	0	FALSE
gene3555	0	FALSE
gene3556	2.32191651355242	TRUE
gene3557	0	FALSE
gene3558	0	FALSE
gene3559	0	FALSE
gene3560	0	FALSE
gene3561	0.963969663949683	TRUE
gene3562	0	FALSE
gene3563	0	FALSE
gene3564	-2.74062139028683	TRUE
gene3565	0	FALSE
gene3566	0	FALSE
gene3567	0	FALSE
gene3568	2.51670974720037	TRUE
gene3569	0	FALSE
gene3570	-1.19578546058619	TRUE
gene3571	-2.6942277631606	TRUE
gene3572	0	FALSE
gene3573	0	FALSE
gene3574	-0.868967071117368	TRUE
gene3575	0	FALSE
gene3576	0	FALSE
gene3577	0	FALSE
gene3578	0	FALSE
gene3579	0	FALSE
gene3580	0	FALSE
gene3581	0	FALSE
gene3582	0	FALSE
gene3583	0	FALSE
gene3584	0	FALSE
gene3585	0	FALSE
gene3586	0	FALSE
gene3587	0	FALSE
gene3588	0	FALSE
gene3589	0	FALSE
gene3590	0	FALSE
gene3591	0	FALSE
gene3592	0	FALSE
gene3593	0	FALSE
gene3594	0	FALSE
gene3595	0	FALSE
gene3596	-0.868061212648172	TRUE
gene3597	0	FALSE
gene3598	0	FALSE
gene3599	0	FALSE
gene3600	0	FALSE
gene3601	0	FALSE
gene3602	0	FALSE
gene3603	0	FALSE
gene3604	1.32507738203276	TRUE
gene3605	1.49613721494097	TRUE
gene3606	0	FALSE
gene3607	-0.75964344246313	TRUE
gene3608	0	FALSE
gene3609	0	FALSE
gene3610	0	FALSE
gene3611	0	FALSE
gene3612	0	FALSE
gene3613	0	FALSE
gene3614	0	FALSE
gene3615	0	FALSE
gene3616	0	FALSE
gene3617	0	FALSE
gene3618	-2.04108778748196	TRUE
gene3619	0	FALSE
gene3620	0	FALSE
gene3621	0	FALSE
gene3622	0	FALSE
gene3623	0	FALSE
gene3624	0	FALSE
gene3625	0	FALSE
gene3626	0	FALSE
gene3627	0	FALSE
gene3628	0	FALSE
gene3629	0	FALSE
gene3630	0	FALSE
gene3631	0	FALSE
gene3632	0	FALSE
gene3633	2.56952170404838	TRUE
gene3634	-2.24982329132035	TRUE
gene3635	0	FALSE
gene3636	2.04511150281178	TRUE
gene3637	0	FALSE
gene3638	0	FALSE
gene3639	1.19029509241227	TRUE
gene3640	0	FALSE
gene3641	0	FALSE
gene3642	0	FALSE
gene3643	0	FALSE
gene3644	0	FALSE
gene3645	0	FALSE
gene3646	0	FALSE
gene3647	1.44929219823098	TRUE
gene3648	0	FALSE
gene3649	0	FALSE
gene3650	-2.53469835652504	TRUE
gene3651	0	FALSE
gene3652	0	FALSE
gene3653	0	FALSE
gene3654	0	FALSE
gene3655	0	FALSE
gene3656	0	FALSE
gene3657	0	FALSE
gene3658	0	FALSE
gene3659	0	FALSE
gene3660	0	FALSE
gene3661	0	FALSE
gene3662	-1.47743745404296	TRUE
gene3663	0	FALSE
gene3664	0	FALSE
gene3665	0	FALSE
gene3666	0	FALSE
gene3667	0	FALSE
gene3668	0	FALSE
gene3669	0	FALSE
gene3670	0	FALSE
gene3671	0	FALSE
gene3672	0	FALSE
gene3673	0	FALSE
gene3674	0	FALSE
gene3675	0	FALSE
gene3676	0	FALSE
gene3677	0	FALSE
gene3678	0	FALSE
gene3679	0	FALSE
gene3680	0	FALSE
gene3681	1.91617945628241	TRUE
gene3682	0	FALSE
gene3683	0	FALSE
gene3684	0	FALSE
gene3685	0	FALSE
gene3686	0	FALSE
gene3687	-2.78767594776582	TRUE
gene3688	0	FALSE
gene3689	0	FALSE
gene3690	0	FALSE
gene3691	0	FALSE
gene3692	0	FALSE
gene3693	0	FALSE
gene3694	0	FALSE
gene3695	0	FALSE
gene3696	0	FALSE
gene3697	0	FALSE
gene3698	0	FALSE
gene3699	0	FALSE
gene3700	2.75255845411448	TRUE
gene3701	0	FALSE
gene3702	0	FALSE
gene3703	-1.00529763079248	TRUE
gene3704	0	FALSE
gene3705	0	FALSE
gene3706	0	FALSE
gene3707	0	FALSE
gene3708	0	FALSE
gene3709	0	FALSE
gene3710	0	FALSE
gene3711	0	FALSE
gene3712	-0.997094659251161	TRUE
gene3713	1.24314726458397	TRUE
gene3714	0	FALSE
gene3715	0	FALSE
gene3716	0	FALSE
gene3717	0	FALSE
gene3718	-2.69903752970276	TRUE
gene3719	0	FALSE
gene3720	0	FALSE
gene3721	0	FALSE
gene3722	0	FALSE
gene3723	0	FALSE
gene3724	0	FALSE
gene3725	0	FALSE
gene3726	0	FALSE
gene3727	0	FALSE
gene3728	0	FALSE
gene3729	0	FALSE
gene3730	0	FALSE
gene3731	0	FALSE
gene3732	0	FALSE
gene3733	0	FALSE
gene3734	-2.31569308874896	TRUE
gene3735	-2.46228498331038	TRUE
gene3736	0	FALSE
gene3737	0	FALSE
gene3738	0	FALSE
gene3739	0	FALSE
gene3740	0	FALSE
gene3741	0	FALSE
gene3742	0	FALSE
gene3743	0	FALSE
gene3744	0	FALSE
gene3745	-2.61064972897293	TRUE
gene3746	0	FALSE
gene3747	0	FALSE
gene3748	0	FALSE
gene3749	0	FALSE
gene3750	0	FALSE
gene3751	0	FALSE
gene3752	0	FALSE
gene3753	0	FALSE
gene3754	0	FALSE
gene3755	-2.01993859506911	TRUE
gene3756	0	FALSE
gene3757	0	FALSE
gene3758	0	FALSE
gene3759	0	FALSE
gene3760	0	FALSE
gene3761	0	FALSE
gene3762	0	FALSE
gene3763	0	FALSE
gene3764	0	FALSE
gene3765	-0.913762985961512	TRUE
gene3766	0	FALSE
gene3767	0	FALSE
gene3768	0	FALSE
gene3769	0	FALSE
gene3770	0	FALSE
gene3771	1.83100709033897	TRUE
gene3772	0	FALSE
gene3773	0	FALSE
gene3774	0	FALSE
gene3775	0	FALSE
gene3776	1.88328532583546	TRUE
gene3777	1.97073746204842	TRUE
gene3778	-1.55556141055422	TRUE
gene3779	0	FALSE
gene3780	0	FALSE
gene3781	0	FALSE
gene3782	0	FALSE
gene3783	0	FALSE
gene3784	0	FALSE
gene3785	0	FALSE
gene3786	0	FALSE
gene3787	0	FALSE
gene3788	0	FALSE
gene3789	0	FALSE
gene3790	0	FALSE
gene3791	0	FALSE
gene3792	0	FALSE
gene3793	0	FALSE
gene3794	0	FALSE
gene3795	0	FALSE
gene3796	0	FALSE
gene3797	0	FALSE
gene3798	0	FALSE
gene3799	1.62965372193139	TRUE
gene3800	0	FALSE
gene3801	0	FALSE
gene3802	0	FALSE
gene3803	0	FALSE
gene3804	0	FALSE
gene3805	0	FALSE
gene3806	0	FALSE
gene3807	2.9433108518715	TRUE
gene3808	0	FALSE
gene3809	0	FALSE
gene3810	2.55974078527652	TRUE
gene3811	0	FALSE
gene3812	0	FALSE
gene3813	0	FALSE
gene3814	0	FALSE
gene3815	0	FALSE
gene3816	0	FALSE
gene3817	0	FALSE
gene3818	0	FALSE
gene3819	0	FALSE
gene3820	0	FALSE
gene3821	0	FALSE
gene3822	0	FALSE
gene3823	0	FALSE
gene3824	0	FALSE
gene3825	0	FALSE
gene3826	0	FALSE
gene3827	0	FALSE
gene3828	0	FALSE
gene3829	0	FALSE
gene3830	0	FALSE
gene3831	0	FALSE
gene3832	0	FALSE
gene3833	0	FALSE
gene3834	0	FALSE
gene3835	0	FALSE
gene3836	0	FALSE
gene3837	0	FALSE
gene3838	0	FALSE
gene3839	0	FALSE
gene3840	0	FALSE
gene3841	0	FALSE
gene3842	0	FALSE
gene3843	0	FALSE
gene3844	0	FALSE
gene3845	0	FALSE
gene3846	0	FALSE
gene3847	0	FALSE
gene3848	0	FALSE
gene3849	-2.06707649014425	TRUE
gene3850	0	FALSE
gene3851	0	FALSE
gene3852	0	FALSE
gene3853	0	FALSE
gene3854	0	FALSE
gene3855	0	FALSE
gene3856	0	FALSE
gene3857	0	FALSE
gene3858	0	FALSE
gene3859	0	FALSE
gene3860	1.67775275098393	TRUE
gene3861	0	FALSE
gene3862	0	FALSE
gene3863	0	FALSE
gene3864	0	FALSE
gene3865	0	FALSE
gene3866	0	FALSE
gene3867	0	FALSE
gene3868	2.51808927435195	TRUE
gene3869	0	FALSE
gene3870	0	FALSE
gene3871	0	FALSE
gene3872	0.980106141418219	TRUE
gene3873	0	FALSE
gene3874	0	FALSE
gene3875	0	FALSE
gene3876	2.49238338076975	TRUE
gene3877	0	FALSE
gene3878	-0.85442970256554	TRUE
gene3879	0	FALSE
gene3880	0	FALSE
gene3881	0	FALSE
gene3882	0	FALSE
gene3883	0	FALSE
gene3884	1.58741191023728	TRUE
gene3885	0	FALSE
gene3886	0	FALSE
gene3887	0	FALSE
gene3888	0	FALSE
gene3889	0	FALSE
gene3890	0	FALSE
gene3891	0	FALSE
gene3892	0	FALSE
gene3893	0	FALSE
gene3894	0	FALSE
gene3895	0	FALSE
gene3896	0	FALSE
gene3897	-1.12995053030318	TRUE
gene3898	0	FALSE
gene3899	0	FALSE
gene3900	0	FALSE
gene3901	0	FALSE
gene3902	0	FALSE
gene3903	0	FALSE
gene3904	0	FALSE
gene3905	0	FALSE
gene3906	0	FALSE
gene3907	0	FALSE
gene3908	0	FALSE
gene3909	0	FALSE
gene3910	0	FALSE
gene3911	0	FALSE
gene3912	0	FALSE
gene3913	0	FALSE
gene3914	0	FALSE
gene3915	0	FALSE
gene3916	0	FALSE
gene3917	0	FALSE
gene3918	0	FALSE
gene3919	0	FALSE
gene3920	0	FALSE
gene3921	0	FALSE
gene3922	0	FALSE
gene3923	0	FALSE
gene3924	0	FALSE
gene3925	0	FALSE
gene3926	0	FALSE
gene3927	0	FALSE
gene3928	-1.27446570253232	TRUE
gene3929	-2.61115618032636	TRUE
gene3930	0	FALSE
gene3931	0	FALSE
gene3932	0	FALSE
gene3933	0	FALSE
gene3934	-2.80831626907457	TRUE
gene3935	0	FALSE
gene3936	0	FALSE
gene3937	0	FALSE
gene3938	0	FALSE
gene3939	0	FALSE
gene3940	0	FALSE
gene3941	0	FALSE
gene3942	0	FALSE
gene3943	0	FALSE
gene3944	0	FALSE
gene3945	0	FALSE
gene3946	0	FALSE
gene3947	0	FALSE
gene3948	0	FALSE
gene3949	0	FALSE
gene3950	0	FALSE
gene3951	0	FALSE
gene3952	0	FALSE
gene3953	0	FALSE
gene3954	0	FALSE
gene3955	0	FALSE
gene3956	0	FALSE
gene3957	0	FALSE
gene3958	0	FALSE
gene3959	0	FALSE
gene3960	0	FALSE
gene3961	0	FALSE
gene3962	-2.1231465220917	TRUE
gene3963	0	FALSE
gene3964	0	FALSE
gene3965	-1.81556241272483	TRUE
gene3966	0	FALSE
gene3967	0	FALSE
gene3968	0	FALSE
gene3969	0	FALSE
gene3970	0	FALSE
gene3971	0	FALSE
gene3972	0	FALSE
gene3973	0	FALSE
gene3974	0	FALSE
gene3975	0	FALSE
gene3976	-2.25058695027838	TRUE
gene3977	0	FALSE
gene3978	0	FALSE
gene3979	0	FALSE
gene3980	0	FALSE
gene3981	0	FALSE
gene3982	0	FALSE
gene3983	0	FALSE
gene3984	0	FALSE
gene3985	0	FALSE
gene3986	0	FALSE
gene3987	0	FALSE
gene3988	0	FALSE
gene3989	0	FALSE
gene3990	0	FALSE
gene3991	0	FALSE
gene3992	0	FALSE
gene3993	1.03949672088493	TRUE
gene3994	0	FALSE
gene3995	0	FALSE
gene3996	0	FALSE
gene3997	0	FALSE
gene3998	0	FALSE
gene3999	0	FALSE
gene4000	0	FALSE
gene4001	0	FALSE
gene4002	0	FALSE
gene4003	0	FALSE
gene4004	0	FALSE
gene4005	0	FALSE
gene4006	0	FALSE
gene4007	0	FALSE
gene4008	0	FALSE
gene4009	1.10860333219171	TRUE
gene4010	0	FALSE
gene4011	0	FALSE
gene4012	0	FALSE
gene4013	1.4938106914633	TRUE
gene4014	0	FALSE
gene4015	-1.05417582899099	TRUE
gene4016	0	FALSE
gene4017	-2.45984885806683	TRUE
gene4018	0	FALSE
gene4019	0	FALSE
gene4020	0	FALSE
gene4021	0	FALSE
gene4022	0	FALSE
gene4023	0	FALSE
gene4024	0	FALSE
gene4025	0	FALSE
gene4026	0	FALSE
gene4027	0	FALSE
gene4028	0	FALSE
gene4029	0	FALSE
gene4030	0	FALSE
gene4031	0	FALSE
gene4032	0.96820942388149	TRUE
gene4033	0	FALSE
gene4034	0	FALSE
gene4035	0	FALSE
gene4036	0	FALSE
gene4037	0	FALSE
gene4038	0	FALSE
gene4039	0	FALSE
gene4040	0	FALSE
gene4041	0	FALSE
gene4042	0	FALSE
gene4043	0	FALSE
gene4044	0	FALSE
gene4045	0	FALSE
gene4046	0	FALSE
gene4047	0	FALSE
gene4048	0	FALSE
gene4049	-2.47041746933246	TRUE
gene4050	0	FALSE
gene4051	0	FALSE
gene4052	0	FALSE
gene4053	0	FALSE
gene4054	0	FALSE
gene4055	0	FALSE
gene4056	0	FALSE
gene4057	0	FALSE
gene4058	0	FALSE
gene4059	0	FALSE
gene4060	0	FALSE
gene4061	0	FALSE
gene4062	0	FALSE
gene4063	0	FALSE
gene4064	0	FALSE
gene4065	0	FALSE
gene4066	0	FALSE
gene4067	0	FALSE
gene4068	0	FALSE
gene4069	0	FALSE
gene4070	0	FALSE
gene4071	0	FALSE
gene4072	0	FALSE
gene4073	0	FALSE
gene4074	0	FALSE
gene4075	0	FALSE
gene4076	0	FALSE
gene4077	1.01966712763533	TRUE
gene4078	0	FALSE
gene4079	0	FALSE
gene4080	0	FALSE
gene4081	0	FALSE
gene4082	0	FALSE
gene4083	-1.20942905632546	TRUE
gene4084	0	FALSE
gene4085	0	FALSE
gene4086	0	FALSE
gene4087	0	FALSE
gene4088	0	FALSE
gene4089	-0.788185959623661	TRUE
gene4090	0	FALSE
gene4091	0	FALSE
gene4092	0	FALSE
gene4093	0	FALSE
gene4094	0	FALSE
gene4095	-1.02674071997171	TRUE
gene4096	0	FALSE
gene4097	0	FALSE
gene4098	0	FALSE
gene4099	0	FALSE
gene4100	0	FALSE
gene4101	-1.69395504315617	TRUE
gene4102	0	FALSE
gene4103	2.70690721162828	TRUE
gene4104	0	FALSE
gene4105	1.40070606063819	TRUE
gene4106	0	FALSE
gene4107	0	FALSE
gene4108	0	FALSE
gene4109	0	FALSE
gene4110	0	FALSE
gene4111	0	FALSE
gene4112	0	FALSE
gene4113	0	FALSE
gene4114	0	FALSE
gene4115	1.71734201355139	TRUE
gene4116	0	FALSE
gene4117	-2.40369482949609	TRUE
gene4118	0	FALSE
gene4119	0	FALSE
gene4120	0	FALSE
gene4121	0	FALSE
gene4122	0	FALSE
gene4123	0	FALSE
gene4124	0	FALSE
gene4125	0	FALSE
gene4126	0	FALSE
gene4127	0	FALSE
gene4128	0	FALSE
gene4129	0	FALSE
gene4130	0	FALSE
gene4131	-2.12768237799173	TRUE
gene4132	0	FALSE
gene4133	0	FALSE
gene4134	0	FALSE
gene4135	0	FALSE
gene4136	0	FALSE
gene4137	0	FALSE
gene4138	0	FALSE
gene4139	0	FALSE
gene4140	0	FALSE
gene4141	0	FALSE
gene4142	0	FALSE
gene4143	0	FALSE
gene4144	0	FALSE
gene4145	0	FALSE
gene4146	0	FALSE
gene4147	-1.96498619037447	TRUE
gene4148	0	FALSE
gene4149	0	FALSE
gene4150	0	FALSE
gene4151	0	FALSE
gene4152	0	FALSE
gene4153	0	FALSE
gene4154	0	FALSE
gene4155	0	FALSE
gene4156	0	FALSE
gene4157	0	FALSE
gene4158	0	FALSE
gene4159	0	FALSE
gene4160	0	FALSE
gene4161	0	FALSE
gene4162	0	FALSE
gene4163	0	FALSE
gene4164	0	FALSE
gene4165	0	FALSE
gene4166	0	FALSE
gene4167	2.36035832134075	TRUE
gene4168	0	FALSE
gene4169	0	FALSE
gene4170	0	FALSE
gene4171	0	FALSE
gene4172	0	FALSE
gene4173	0	FALSE
gene4174	0	FALSE
gene4175	0	FALSE
gene4176	0	FALSE
gene4177	-2.64462174125947	TRUE
gene4178	-2.59337372024311	TRUE
gene4179	0	FALSE
gene4180	0	FALSE
gene4181	0	FALSE
gene4182	0	FALSE
gene4183	0	FALSE
gene4184	0	FALSE
gene4185	0	FALSE
gene4186	0	FALSE
gene4187	0	FALSE
gene4188	0	FALSE
gene4189	0	FALSE
gene4190	0	FALSE
gene4191	0	FALSE
gene4192	0	FALSE
gene4193	-0.965300106152426	TRUE
gene4194	0	FALSE
gene4195	0	FALSE
gene4196	0	FALSE
gene4197	0	FALSE
gene4198	0	FALSE
gene4199	0	FALSE
gene4200	0	FALSE
gene4201	0	FALSE
gene4202	0	FALSE
gene4203	0	FALSE
gene4204	0	FALSE
gene4205	0	FALSE
gene4206	0	FALSE
gene4207	0	FALSE
gene4208	0	FALSE
gene4209	0	FALSE
gene4210	0	FALSE
gene4211	0	FALSE
gene4212	0	FALSE
gene4213	0	FALSE
gene4214	0	FALSE
gene4215	0	FALSE
gene4216	2.06631927005947	TRUE
gene4217	0	FALSE
gene4218	0	FALSE
gene4219	0	FALSE
gene4220	0	FALSE
gene4221	0	FALSE
gene4222	0	FALSE
gene4223	0	FALSE
gene4224	0	FALSE
gene4225	0	FALSE
gene4226	0	FALSE
gene4227	0	FALSE
gene4228	0	FALSE
gene4229	-2.09885573317297	TRUE
gene4230	0	FALSE
gene4231	0	FALSE
gene4232	0	FALSE
gene4233	-2.16253101214534	TRUE
gene4234	0	FALSE
gene4235	0	FALSE
gene4236	0	FALSE
gene4237	0	FALSE
gene4238	0	FALSE
gene4239	0	FALSE
gene4240	0	FALSE
gene4241	0	FALSE
gene4242	0	FALSE
gene4243	0	FALSE
gene4244	0	FALSE
gene4245	0	FALSE
gene4246	0	FALSE
gene4247	0	FALSE
gene4248	0	FALSE
gene4249	0	FALSE
gene4250	0	FALSE
gene4251	0	FALSE
gene4252	0	FALSE
gene4253	0	FALSE
gene4254	0	FALSE
gene4255	0	FALSE
gene4256	0	FALSE
gene4257	0	FALSE
gene4258	0	FALSE
gene4259	0	FALSE
gene4260	0	FALSE
gene4261	0	FALSE
gene4262	0	FALSE
gene4263	0	FALSE
gene4264	0	FALSE
gene4265	0	FALSE
gene4266	0	FALSE
gene4267	0	FALSE
gene4268	0	FALSE
gene4269	0	FALSE
gene4270	0	FALSE
gene4271	0	FALSE
gene4272	0	FALSE
gene4273	0	FALSE
gene4274	0	FALSE
gene4275	0	FALSE
gene4276	0	FALSE
gene4277	-2.70722549816128	TRUE
gene4278	0	FALSE
gene4279	0	FALSE
gene4280	0	FALSE
gene4281	0	FALSE
gene4282	0	FALSE
gene4283	0	FALSE
gene4284	0	FALSE
gene4285	0.925169772875961	TRUE
gene4286	0	FALSE
gene4287	0	FALSE
gene4288	0	FALSE
gene4289	0	FALSE
gene4290	0	FALSE
gene4291	0	FALSE
gene4292	0	FALSE
gene4293	0	FALSE
gene4294	0	FALSE
gene4295	0	FALSE
gene4296	0	FALSE
gene4297	0	FALSE
gene4298	0	FALSE
gene4299	0	FALSE
gene4300	0	FALSE
gene4301	0	FALSE
gene4302	0	FALSE
gene4303	0	FALSE
gene4304	0	FALSE
gene4305	0	FALSE
gene4306	0	FALSE
gene4307	0	FALSE
gene4308	0	FALSE
gene4309	-2.13353473803727	TRUE
gene4310	0	FALSE
gene4311	0	FALSE
gene4312	0	FALSE
gene4313	0	FALSE
gene4314	0	FALSE
gene4315	0	FALSE
gene4316	0	FALSE
gene4317	0	FALSE
gene4318	0	FALSE
gene4319	0	FALSE
gene4320	0	FALSE
gene4321	0	FALSE
gene4322	0	FALSE
gene4323	0	FALSE
gene4324	0	FALSE
gene4325	0	FALSE
gene4326	0	FALSE
gene4327	-2.26313263142947	TRUE
gene4328	0	FALSE
gene4329	0	FALSE
gene4330	0	FALSE
gene4331	-1.78279434295837	TRUE
gene4332	0	FALSE
gene4333	0	FALSE
gene4334	0	FALSE
gene4335	0	FALSE
gene4336	1.63978476746706	TRUE
gene4337	0	FALSE
gene4338	0	FALSE
gene4339	0	FALSE
gene4340	0	FALSE
gene4341	0	FALSE
gene4342	0	FALSE
gene4343	0	FALSE
gene4344	0	FALSE
gene4345	0	FALSE
gene4346	0	FALSE
gene4347	0	FALSE
gene4348	0	FALSE
gene4349	0	FALSE
gene4350	0	FALSE
gene4351	0	FALSE
gene4352	0	FALSE
gene4353	0	FALSE
gene4354	0	FALSE
gene4355	0	FALSE
gene4356	0	FALSE
gene4357	0	FALSE
gene4358	-1.3821901709307	TRUE
gene4359	0	FALSE
gene4360	0	FALSE
gene4361	0	FALSE
gene4362	1.0198653973639	TRUE
gene4363	0	FALSE
gene4364	0	FALSE
gene4365	0	FALSE
gene4366	0	FALSE
gene4367	0	FALSE
gene4368	0	FALSE
gene4369	0	FALSE
gene4370	0	FALSE
gene4371	0	FALSE
gene4372	0	FALSE
gene4373	0	FALSE
gene4374	0	FALSE
gene4375	0	FALSE
gene4376	0	FALSE
gene4377	0	FALSE
gene4378	0	FALSE
gene4379	0	FALSE
gene4380	0	FALSE
gene4381	0	FALSE
gene4382	0	FALSE
gene4383	0	FALSE
gene4384	0	FALSE
gene4385	0	FALSE
gene4386	0	FALSE
gene4387	0	FALSE
gene4388	0	FALSE
gene4389	0	FALSE
gene4390	0	FALSE
gene4391	0	FALSE
gene4392	0	FALSE
gene4393	0	FALSE
gene4394	0	FALSE
gene4395	0	FALSE
gene4396	0	FALSE
gene4397	0	FALSE
gene4398	0	FALSE
gene4399	0	FALSE
gene4400	0	FALSE
gene4401	0	FALSE
gene4402	0	FALSE
gene4403	0	FALSE
gene4404	0	FALSE
gene4405	0	FALSE
gene4406	2.37316681601806	TRUE
gene4407	0	FALSE
gene4408	0	FALSE
gene4409	0	FALSE
gene4410	0	FALSE
gene4411	0	FALSE
gene4412	0	FALSE
gene4413	0	FALSE
gene4414	0	FALSE
gene4415	0	FALSE
gene4416	1.28599857998779	TRUE
gene4417	-0.956597007927485	TRUE
gene4418	0	FALSE
gene4419	0	FALSE
gene4420	0	FALSE
gene4421	0	FALSE
gene4422	0	FALSE
gene4423	1.84982673078775	TRUE
gene4424	0	FALSE
gene4425	0	FALSE
gene4426	1.55694150715135	TRUE
gene4427	0	FALSE
gene4428	0	FALSE
gene4429	0	FALSE
gene4430	0	FALSE
gene4431	0	FALSE
gene4432	0	FALSE
gene4433	0	FALSE
gene4434	0	FALSE
gene4435	0	FALSE
gene4436	0	FALSE
gene4437	0	FALSE
gene4438	0	FALSE
gene4439	0	FALSE
gene4440	0	FALSE
gene4441	0	FALSE
gene4442	0	FALSE
gene4443	0	FALSE
gene4444	0	FALSE
gene4445	2.80345809808932	TRUE
gene4446	0	FALSE
gene4447	0	FALSE
gene4448	0	FALSE
gene4449	0	FALSE
gene4450	0	FALSE
gene4451	0	FALSE
gene4452	0	FALSE
gene4453	0	FALSE
gene4454	2.70386270585004	TRUE
gene4455	0	FALSE
gene4456	0	FALSE
gene4457	0	FALSE
gene4458	0	FALSE
gene4459	0	FALSE
gene4460	0	FALSE
gene4461	0	FALSE
gene4462	0	FALSE
gene4463	0	FALSE
gene4464	0	FALSE
gene4465	0	FALSE
gene4466	0	FALSE
gene4467	0	FALSE
gene4468	0	FALSE
gene4469	0	FALSE
gene4470	0	FALSE
gene4471	0	FALSE
gene4472	2.75092294783099	TRUE
gene4473	0	FALSE
gene4474	0	FALSE
gene4475	0	FALSE
gene4476	-1.27271110145375	TRUE
gene4477	0	FALSE
gene4478	0	FALSE
gene4479	0	FALSE
gene4480	1.11414912622422	TRUE
gene4481	0	FALSE
gene4482	0	FALSE
gene4483	0	FALSE
gene4484	0	FALSE
gene4485	0	FALSE
gene4486	0	FALSE
gene4487	-2.20096614479553	TRUE
gene4488	0	FALSE
gene4489	0	FALSE
gene4490	0	FALSE
gene4491	0	FALSE
gene4492	0	FALSE
gene4493	0	FALSE
gene4494	0	FALSE
gene4495	0	FALSE
gene4496	0	FALSE
gene4497	0	FALSE
gene4498	1.68025036220206	TRUE
gene4499	0	FALSE
gene4500	0	FALSE
gene4501	0	FALSE
gene4502	0	FALSE
gene4503	0	FALSE
gene4504	0	FALSE
gene4505	0	FALSE
gene4506	0	FALSE
gene4507	0	FALSE
gene4508	0	FALSE
gene4509	-1.17888189543737	TRUE
gene4510	0	FALSE
gene4511	0	FALSE
gene4512	0	FALSE
gene4513	0	FALSE
gene4514	0	FALSE
gene4515	0	FALSE
gene4516	0	FALSE
gene4517	0	FALSE
gene4518	0	FALSE
gene4519	0	FALSE
gene4520	0	FALSE
gene4521	0	FALSE
gene4522	0	FALSE
gene4523	0	FALSE
gene4524	0	FALSE
gene4525	0	FALSE
gene4526	0	FALSE
gene4527	-1.36402642121539	TRUE
gene4528	0	FALSE
gene4529	0	FALSE
gene4530	0	FALSE
gene4531	0	FALSE
gene4532	0	FALSE
gene4533	0	FALSE
gene4534	0	FALSE
gene4535	0	FALSE
gene4536	0	FALSE
gene4537	0	FALSE
gene4538	-2.48474905482726	TRUE
gene4539	0	FALSE
gene4540	0	FALSE
gene4541	0	FALSE
gene4542	-1.67934546712786	TRUE
gene4543	0	FALSE
gene4544	0	FALSE
gene4545	0	FALSE
gene4546	0	FALSE
gene4547	-2.76368470396847	TRUE
gene4548	0	FALSE
gene4549	0	FALSE
gene4550	0	FALSE
gene4551	0	FALSE
gene4552	0	FALSE
gene4553	0	FALSE
gene4554	0	FALSE
gene4555	0	FALSE
gene4556	0	FALSE
gene4557	1.84174119704403	TRUE
gene4558	0	FALSE
gene4559	0	FALSE
gene4560	0	FALSE
gene4561	0	FALSE
gene4562	0	FALSE
gene4563	0	FALSE
gene4564	0	FALSE
gene4565	0	FALSE
gene4566	0	FALSE
gene4567	0	FALSE
gene4568	0	FALSE
gene4569	0	FALSE
gene4570	2.73374824802158	TRUE
gene4571	0	FALSE
gene4572	0	FALSE
gene4573	0	FALSE
gene4574	0	FALSE
gene4575	0	FALSE
gene4576	0	FALSE
gene4577	0	FALSE
gene4578	0	FALSE
gene4579	0	FALSE
gene4580	0	FALSE
gene4581	0	FALSE
gene4582	0	FALSE
gene4583	-2.33297986350954	TRUE
gene4584	2.81832087831572	TRUE
gene4585	0	FALSE
gene4586	0	FALSE
gene4587	0	FALSE
gene4588	0	FALSE
gene4589	0	FALSE
gene4590	0	FALSE
gene4591	0	FALSE
gene4592	0	FALSE
gene4593	-1.72473643161356	TRUE
gene4594	0	FALSE
gene4595	0	FALSE
gene4596	0	FALSE
gene4597	0	FALSE
gene4598	0	FALSE
gene4599	0.935754467442166	TRUE
gene4600	0	FALSE
gene4601	0	FALSE
gene4602	-2.09578592033358	TRUE
gene4603	0	FALSE
gene4604	0	FALSE
gene4605	0	FALSE
gene4606	0	FALSE
gene4607	0	FALSE
gene4608	0	FALSE
gene4609	0	FALSE
gene4610	0	FALSE
gene4611	0	FALSE
gene4612	0	FALSE
gene4613	0	FALSE
gene4614	0	FALSE
gene4615	0	FALSE
gene4616	0	FALSE
gene4617	0	FALSE
gene4618	0	FALSE
gene4619	0	FALSE
gene4620	0	FALSE
gene4621	0	FALSE
gene4622	0	FALSE
gene4623	-1.30059929320123	TRUE
gene4624	0	FALSE
gene4625	0	FALSE
gene4626	1.97990794252837	TRUE
gene4627	0	FALSE
gene4628	0	FALSE
gene4629	0	FALSE
gene4630	0	FALSE
gene4631	0	FALSE
gene4632	0	FALSE
gene4633	0	FALSE
gene4634	0	FALSE
gene4635	0	FALSE
gene4636	0	FALSE
gene4637	0	FALSE
gene4638	-2.36040126811713	TRUE
gene4639	0	FALSE
gene4640	0	FALSE
gene4641	0	FALSE
gene4642	0	FALSE
gene4643	0	FALSE
gene4644	0	FALSE
gene4645	0	FALSE
gene4646	0	FALSE
gene4647	2.85702128562843	TRUE
gene4648	0	FALSE
gene4649	0	FALSE
gene4650	-2.58253069489729	TRUE
gene4651	0	FALSE
gene4652	0	FALSE
gene4653	0	FALSE
gene4654	0	FALSE
gene4655	-2.05814110318897	TRUE
gene4656	0	FALSE
gene4657	0	FALSE
gene4658	0	FALSE
gene4659	0	FALSE
gene4660	0	FALSE
gene4661	0	FALSE
gene4662	0	FALSE
gene4663	0	FALSE
gene4664	0	FALSE
gene4665	0	FALSE
gene4666	0	FALSE
gene4667	0	FALSE
gene4668	0	FALSE
gene4669	0	FALSE
gene4670	-0.803776204178575	TRUE
gene4671	2.3386201079702	TRUE
gene4672	0	FALSE
gene4673	0	FALSE
gene4674	0	FALSE
gene4675	0	FALSE
gene4676	0	FALSE
gene4677	0	FALSE
gene4678	0	FALSE
gene4679	0	FALSE
gene4680	0	FALSE
gene4681	0	FALSE
gene4682	0	FALSE
gene4683	0	FALSE
gene4684	0	FALSE
gene4685	0	FALSE
gene4686	-0.817865297023673	TRUE
gene4687	0	FALSE
gene4688	0	FALSE
gene4689	-2.80222616839455	TRUE
gene4690	-0.874345736810938	TRUE
gene4691	0	FALSE
gene4692	0	FALSE
gene4693	0	FALSE
gene4694	0	FALSE
gene4695	0	FALSE
gene4696	0	FALSE
gene4697	0	FALSE
gene4698	0	FALSE
gene4699	0	FALSE
gene4700	0	FALSE
gene4701	0	FALSE
gene4702	0	FALSE
gene4703	0	FALSE
gene4704	2.68322678661207	TRUE
gene4705	0	FALSE
gene4706	0	FALSE
gene4707	0	FALSE
gene4708	0	FALSE
gene4709	0	FALSE
gene4710	0	FALSE
gene4711	0	FALSE
gene4712	0	FALSE
gene4713	0	FALSE
gene4714	0	FALSE
gene4715	0	FALSE
gene4716	2.2511905557476	TRUE
gene4717	0	FALSE
gene4718	-2.0086158409249	TRUE
gene4719	2.99654121289495	TRUE
gene4720	0	FALSE
gene4721	0	FALSE
gene4722	0	FALSE
gene4723	0	FALSE
gene4724	0	FALSE
gene4725	0	FALSE
gene4726	0	FALSE
gene4727	0	FALSE
gene4728	0	FALSE
gene4729	0	FALSE
gene4730	0	FALSE
gene4731	0	FALSE
gene4732	0	FALSE
gene4733	0	FALSE
gene4734	0	FALSE
gene4735	0	FALSE
gene4736	0	FALSE
gene4737	1.69674532109639	TRUE
gene4738	0	FALSE
gene4739	0	FALSE
gene4740	-1.47609570203349	TRUE
gene4741	0	FALSE
gene4742	0	FALSE
gene4743	0	FALSE
gene4744	0	FALSE
gene4745	0	FALSE
gene4746	0	FALSE
gene4747	0	FALSE
gene4748	0	FALSE
gene4749	0	FALSE
gene4750	0	FALSE
gene4751	0	FALSE
gene4752	0	FALSE
gene4753	0	FALSE
gene4754	0	FALSE
gene4755	0	FALSE
gene4756	0	FALSE
gene4757	0	FALSE
gene4758	0	FALSE
gene4759	0	FALSE
gene4760	0	FALSE
gene4761	0	FALSE
gene4762	0	FALSE
gene4763	0	FALSE
gene4764	0	FALSE
gene4765	0	FALSE
gene4766	0	FALSE
gene4767	0	FALSE
gene4768	0	FALSE
gene4769	-1.71544444706524	TRUE
gene4770	0	FALSE
gene4771	0	FALSE
gene4772	0	FALSE
gene4773	0	FALSE
gene4774	0	FALSE
gene4775	0	FALSE
gene4776	2.56098057510098	TRUE
gene4777	0	FALSE
gene4778	0	FALSE
gene4779	0	FALSE
gene4780	0	FALSE
gene4781	0	FALSE
gene4782	0	FALSE
gene4783	-1.12737525341799	TRUE
gene4784	0	FALSE
gene4785	0	FALSE
gene4786	0	FALSE
gene4787	0	FALSE
gene4788	0	FALSE
gene4789	1.81649837846635	TRUE
gene4790	0	FALSE
gene4791	0	FALSE
gene4792	0	FALSE
gene4793	0	FALSE
gene4794	0	FALSE
gene4795	0	FALSE
gene4796	0	FALSE
gene4797	0	FALSE
gene4798	0	FALSE
gene4799	0	FALSE
gene4800	0	FALSE
gene4801	0	FALSE
gene4802	0	FALSE
gene4803	0	FALSE
gene4804	0	FALSE
gene4805	0	FALSE
gene4806	0	FALSE
gene4807	0	FALSE
gene4808	-2.1776243360946	TRUE
gene4809	0	FALSE
gene4810	0	FALSE
gene4811	0	FALSE
gene4812	0	FALSE
gene4813	0	FALSE
gene4814	2.66336631390732	TRUE
gene4815	0	FALSE
gene4816	0	FALSE
gene4817	0	FALSE
gene4818	0	FALSE
gene4819	0	FALSE
gene4820	0	FALSE
gene4821	0	FALSE
gene4822	0	FALSE
gene4823	0	FALSE
gene4824	0	FALSE
gene4825	0	FALSE
gene4826	0	FALSE
gene4827	0	FALSE
gene4828	0	FALSE
gene4829	0	FALSE
gene4830	0	FALSE
gene4831	0	FALSE
gene4832	1.25766659580404	TRUE
gene4833	0	FALSE
gene4834	0	FALSE
gene4835	0	FALSE
gene4836	0	FALSE
gene4837	0	FALSE
gene4838	0	FALSE
gene4839	0	FALSE
gene4840	0	FALSE
gene4841	0	FALSE
gene4842	0	FALSE
gene4843	2.45184143842198	TRUE
gene4844	0	FALSE
gene4845	0	FALSE
gene4846	-1.46206493256614	TRUE
gene4847	0	FALSE
gene4848	0	FALSE
gene4849	0	FALSE
gene4850	0	FALSE
gene4851	0	FALSE
gene4852	0	FALSE
gene4853	0	FALSE
gene4854	0	FALSE
gene4855	0	FALSE
gene4856	0	FALSE
gene4857	0	FALSE
gene4858	0	FALSE
gene4859	0	FALSE
gene4860	0	FALSE
gene4861	0	FALSE
gene4862	0	FALSE
gene4863	0	FALSE
gene4864	0	FALSE
gene4865	0	FALSE
gene4866	0	FALSE
gene4867	0	FALSE
gene4868	0	FALSE
gene4869	0	FALSE
gene4870	0	FALSE
gene4871	0	FALSE
gene4872	0	FALSE
gene4873	0	FALSE
gene4874	0	FALSE
gene4875	0	FALSE
gene4876	0	FALSE
gene4877	0	FALSE
gene4878	0	FALSE
gene4879	0	FALSE
gene4880	0	FALSE
gene4881	0	FALSE
gene4882	0	FALSE
gene4883	0	FALSE
gene4884	0	FALSE
gene4885	0	FALSE
gene4886	0	FALSE
gene4887	0	FALSE
gene4888	0	FALSE
gene4889	1.99067931203172	TRUE
gene4890	0	FALSE
gene4891	0	FALSE
gene4892	0	FALSE
gene4893	0	FALSE
gene4894	0	FALSE
gene4895	0	FALSE
gene4896	0	FALSE
gene4897	2.85641942935763	TRUE
gene4898	0	FALSE
gene4899	0	FALSE
gene4900	0	FALSE
gene4901	0	FALSE
gene4902	0	FALSE
gene4903	2.33481505763484	TRUE
gene4904	0	FALSE
gene4905	0	FALSE
gene4906	0	FALSE
gene4907	0	FALSE
gene4908	0	FALSE
gene4909	0	FALSE
gene4910	0	FALSE
gene4911	0	FALSE
gene4912	1.16019034932833	TRUE
gene4913	0	FALSE
gene4914	0	FALSE
gene4915	0	FALSE
gene4916	0	FALSE
gene4917	0	FALSE
gene4918	0	FALSE
gene4919	0	FALSE
gene4920	0	FALSE
gene4921	0	FALSE
gene4922	0	FALSE
gene4923	0	FALSE
gene4924	0	FALSE
gene4925	0	FALSE
gene4926	0	FALSE
gene4927	1.59692471759627	TRUE
gene4928	0	FALSE
gene4929	0	FALSE
gene4930	0	FALSE
gene4931	0	FALSE
gene4932	0	FALSE
gene4933	0	FALSE
gene4934	0	FALSE
gene4935	0	FALSE
gene4936	0	FALSE
gene4937	0	FALSE
gene4938	-2.39105448784539	TRUE
gene4939	0	FALSE
gene4940	0	FALSE
gene4941	0	FALSE
gene4942	0	FALSE
gene4943	1.72401904652361	TRUE
gene4944	0	FALSE
gene4945	0	FALSE
gene4946	0	FALSE
gene4947	0	FALSE
gene4948	0	FALSE
gene4949	0	FALSE
gene4950	0	FALSE
gene4951	0	FALSE
gene4952	0	FALSE
gene4953	0	FALSE
gene4954	0	FALSE
gene4955	0	FALSE
gene4956	0	FALSE
gene4957	0	FALSE
gene4958	0	FALSE
gene4959	2.33939527947223	TRUE
gene4960	0	FALSE
gene4961	0	FALSE
gene4962	0	FALSE
gene4963	0	FALSE
gene4964	-2.3908639572328	TRUE
gene4965	-1.10555535473395	TRUE
gene4966	0	FALSE
gene4967	0	FALSE
gene4968	0	FALSE
gene4969	0	FALSE
gene4970	0	FALSE
gene4971	0	FALSE
gene4972	0	FALSE
gene4973	-1.20887737779412	TRUE
gene4974	0	FALSE
gene4975	1.34245026722783	TRUE
gene4976	0	FALSE
gene4977	0	FALSE
gene4978	0	FALSE
gene4979	0	FALSE
gene4980	0	FALSE
gene4981	0	FALSE
gene4982	0	FALSE
gene4983	0	FALSE
gene4984	0	FALSE
gene4985	0	FALSE
gene4986	2.12010387814371	TRUE
gene4987	0	FALSE
gene4988	0	FALSE
gene4989	0	FALSE
gene4990	0	FALSE
gene4991	0	FALSE
gene4992	0	FALSE
gene4993	0	FALSE
gene4994	0	FALSE
gene4995	0	FALSE
gene4996	0	FALSE
gene4997	0	FALSE
gene4998	0	FALSE
gene4999	0	FALSE
gene5000	-0.945981229597237	TRUE
gene5001	0	FALSE
gene5002	0	FALSE
gene5003	0	FALSE
gene5004	0	FALSE
gene5005	0	FALSE
gene5006	0	FALSE
gene5007	0	FALSE
gene5008	0	FALSE
gene5009	0	FALSE
gene5010	-1.85087304533226	TRUE
gene5011	0	FALSE
gene5012	0	FALSE
gene5013	-1.8136083370191	TRUE
gene5014	0	FALSE
gene5015	0	FALSE
gene5016	0	FALSE
gene5017	0	FALSE
gene5018	0	FALSE
gene5019	0	FALSE
gene5020	0	FALSE
gene5021	0	FALSE
gene5022	0	FALSE
gene5023	0	FALSE
gene5024	0	FALSE
gene5025	-2.37915451184381	TRUE
gene5026	0	FALSE
gene5027	0	FALSE
gene5028	0	FALSE
gene5029	0	FALSE
gene5030	0	FALSE
gene5031	0	FALSE
gene5032	0	FALSE
gene5033	0	FALSE
gene5034	0	FALSE
gene5035	0	FALSE
gene5036	0	FALSE
gene5037	0	FALSE
gene5038	0	FALSE
gene5039	0	FALSE
gene5040	0	FALSE
gene5041	0	FALSE
gene5042	0	FALSE
gene5043	0	FALSE
gene5044	2.80435076344293	TRUE
gene5045	0	FALSE
gene5046	0	FALSE
gene5047	0	FALSE
gene5048	0	FALSE
gene5049	0	FALSE
gene5050	0.801408077648375	TRUE
gene5051	0	FALSE
gene5052	0	FALSE
gene5053	0	FALSE
gene5054	2.2795209059841	TRUE
gene5055	0	FALSE
gene5056	0	FALSE
gene5057	0	FALSE
gene5058	0	FALSE
gene5059	-2.68072144885082	TRUE
gene5060	0	FALSE
gene5061	2.94983568781754	TRUE
gene5062	0	FALSE
gene5063	0	FALSE
gene5064	0	FALSE
gene5065	0	FALSE
gene5066	-2.7133842309122	TRUE
gene5067	0	FALSE
gene5068	0	FALSE
gene5069	0	FALSE
gene5070	0	FALSE
gene5071	0	FALSE
gene5072	0	FALSE
gene5073	0	FALSE
gene5074	0	FALSE
gene5075	0	FALSE
gene5076	1.90175931283738	TRUE
gene5077	0	FALSE
gene5078	0	FALSE
gene5079	-2.32232073135674	TRUE
gene5080	0	FALSE
gene5081	0	FALSE
gene5082	0	FALSE
gene5083	0	FALSE
gene5084	0	FALSE
gene5085	0	FALSE
gene5086	0	FALSE
gene5087	0	FALSE
gene5088	0	FALSE
gene5089	0	FALSE
gene5090	0	FALSE
gene5091	0	FALSE
gene5092	0	FALSE
gene5093	0	FALSE
gene5094	0	FALSE
gene5095	0	FALSE
gene5096	0	FALSE
gene5097	0	FALSE
gene5098	0	FALSE
gene5099	0	FALSE
gene5100	0	FALSE
gene5101	2.16454767866526	TRUE
gene5102	-0.766642401285935	TRUE
gene5103	2.00357616506517	TRUE
gene5104	0	FALSE
gene5105	0	FALSE
gene5106	0	FALSE
gene5107	0	FALSE
gene5108	0	FALSE
gene5109	-1.38003741321154	TRUE
gene5110	0	FALSE
gene5111	0	FALSE
gene5112	0	FALSE
gene5113	0	FALSE
gene5114	0	FALSE
gene5115	0	FALSE
gene5116	0	FALSE
gene5117	0	FALSE
gene5118	0	FALSE
gene5119	-2.90652591374237	TRUE
gene5120	0	FALSE
gene5121	0	FALSE
gene5122	0	FALSE
gene5123	2.89540707925335	TRUE
gene5124	0	FALSE
gene5125	-2.53853177017299	TRUE
gene5126	0	FALSE
gene5127	0	FALSE
gene5128	0	FALSE
gene5129	0	FALSE
gene5130	0	FALSE
gene5131	0	FALSE
gene5132	0	FALSE
gene5133	0	FALSE
gene5134	0	FALSE
gene5135	0	FALSE
gene5136	0	FALSE
gene5137	0	FALSE
gene5138	0	FALSE
gene5139	0	FALSE
gene5140	0	FALSE
gene5141	0	FALSE
gene5142	0	FALSE
gene5143	0	FALSE
gene5144	0	FALSE
gene5145	0	FALSE
gene5146	0	FALSE
gene5147	-2.00450134382118	TRUE
gene5148	0	FALSE
gene5149	0	FALSE
gene5150	0	FALSE
gene5151	0	FALSE
gene5152	-2.19320205861004	TRUE
gene5153	0	FALSE
gene5154	0	FALSE
gene5155	0	FALSE
gene5156	0	FALSE
gene5157	0	FALSE
gene5158	-1.82205611356767	TRUE
gene5159	0	FALSE
gene5160	0	FALSE
gene5161	0	FALSE
gene5162	1.24387609201949	TRUE
gene5163	0	FALSE
gene5164	0	FALSE
gene5165	0	FALSE
gene5166	0	FALSE
gene5167	0	FALSE
gene5168	0	FALSE
gene5169	0	FALSE
gene5170	0	FALSE
gene5171	0	FALSE
gene5172	0	FALSE
gene5173	0	FALSE
gene5174	0	FALSE
gene5175	0	FALSE
gene5176	0	FALSE
gene5177	-0.770098100183532	TRUE
gene5178	-1.65474023582647	TRUE
gene5179	0	FALSE
gene5180	0	FALSE
gene5181	0	FALSE
gene5182	1.83918778749648	TRUE
gene5183	0	FALSE
gene5184	0	FALSE
gene5185	0	FALSE
gene5186	0	FALSE
gene5187	0	FALSE
gene5188	0	FALSE
gene5189	1.3142612730735	TRUE
gene5190	-1.63566586043453	TRUE
gene5191	0	FALSE
gene5192	0	FALSE
gene5193	0	FALSE
gene5194	0	FALSE
gene5195	2.21201319037937	TRUE
gene5196	0	FALSE
gene5197	0	FALSE
gene5198	0	FALSE
gene5199	0	FALSE
gene5200	0	FALSE
gene5201	0	FALSE
gene5202	0	FALSE
gene5203	0	FALSE
gene5204	0	FALSE
gene5205	0	FALSE
gene5206	0	FALSE
gene5207	0	FALSE
gene5208	0	FALSE
gene5209	0	FALSE
gene5210	0	FALSE
gene5211	0	FALSE
gene5212	0	FALSE
gene5213	2.41201698489022	TRUE
gene5214	0	FALSE
gene5215	0	FALSE
gene5216	0	FALSE
gene5217	0	FALSE
gene5218	0	FALSE
gene5219	0	FALSE
gene5220	0	FALSE
gene5221	0	FALSE
gene5222	0	FALSE
gene5223	1.74680950987386	TRUE
gene5224	0	FALSE
gene5225	0	FALSE
gene5226	0	FALSE
gene5227	1.77313809137559	TRUE
gene5228	0	FALSE
gene5229	0	FALSE
gene5230	0	FALSE
gene5231	0	FALSE
gene5232	0	FALSE
gene5233	0.849252208310645	TRUE
gene5234	0	FALSE
gene5235	0	FALSE
gene5236	0	FALSE
gene5237	0	FALSE
gene5238	0	FALSE
gene5239	0	FALSE
gene5240	0	FALSE
gene5241	0	FALSE
gene5242	0	FALSE
gene5243	0	FALSE
gene5244	0	FALSE
gene5245	0	FALSE
gene5246	0	FALSE
gene5247	0	FALSE
gene5248	0	FALSE
gene5249	-1.82460738258669	TRUE
gene5250	0	FALSE
gene5251	0	FALSE
gene5252	0	FALSE
gene5253	0	FALSE
gene5254	0	FALSE
gene5255	1.89891727559734	TRUE
gene5256	0	FALSE
gene5257	0	FALSE
gene5258	0	FALSE
gene5259	0	FALSE
gene5260	0	FALSE
gene5261	0	FALSE
gene5262	0	FALSE
gene5263	0	FALSE
gene5264	2.28765747189755	TRUE
gene5265	0	FALSE
gene5266	0	FALSE
gene5267	0	FALSE
gene5268	0	FALSE
gene5269	-0.933422393572982	TRUE
gene5270	0	FALSE
gene5271	0	FALSE
gene5272	0	FALSE
gene5273	0	FALSE
gene5274	0	FALSE
gene5275	0	FALSE
gene5276	2.53591342654545	TRUE
gene5277	0	FALSE
gene5278	0	FALSE
gene5279	-1.39290045679081	TRUE
gene5280	0	FALSE
gene5281	0	FALSE
gene5282	0	FALSE
gene5283	1.94489768013591	TRUE
gene5284	0	FALSE
gene5285	0	FALSE
gene5286	0	FALSE
gene5287	2.54912613797933	TRUE
gene5288	0	FALSE
gene5289	0	FALSE
gene5290	0	FALSE
gene5291	2.33517879765714	TRUE
gene5292	0	FALSE
gene5293	0	FALSE
gene5294	0	FALSE
gene5295	0	FALSE
gene5296	0	FALSE
gene5297	0	FALSE
gene5298	0	FALSE
gene5299	0	FALSE
gene5300	0	FALSE
gene5301	0	FALSE
gene5302	0	FALSE
gene5303	0	FALSE
gene5304	0	FALSE
gene5305	0	FALSE
gene5306	2.94469229795504	TRUE
gene5307	0	FALSE
gene5308	0	FALSE
gene5309	0	FALSE
gene5310	0	FALSE
gene5311	0	FALSE
gene5312	0	FALSE
gene5313	0	FALSE
gene5314	0	FALSE
gene5315	0	FALSE
gene5316	0	FALSE
gene5317	0	FALSE
gene5318	-1.14245489495806	TRUE
gene5319	0	FALSE
gene5320	-1.63516226940555	TRUE
gene5321	0	FALSE
gene5322	0	FALSE
gene5323	0	FALSE
gene5324	0	FALSE
gene5325	0	FALSE
gene5326	2.7094173192163	TRUE
gene5327	0	FALSE
gene5328	0	FALSE
gene5329	0	FALSE
gene5330	0	FALSE
gene5331	0	FALSE
gene5332	0	FALSE
gene5333	0	FALSE
gene5334	0	FALSE
gene5335	0	FALSE
gene5336	0	FALSE
gene5337	0	FALSE
gene5338	0	FALSE
gene5339	0	FALSE
gene5340	0	FALSE
gene5341	0	FALSE
gene5342	0	FALSE
gene5343	0	FALSE
gene5344	0	FALSE
gene5345	0	FALSE
gene5346	0	FALSE
gene5347	0	FALSE
gene5348	0	FALSE
gene5349	0	FALSE
gene5350	0	FALSE
gene5351	0	FALSE
gene5352	0	FALSE
gene5353	0	FALSE
gene5354	0	FALSE
gene5355	0	FALSE
gene5356	0	FALSE
gene5357	0	FALSE
gene5358	0	FALSE
gene5359	0	FALSE
gene5360	0	FALSE
gene5361	0	FALSE
gene5362	0	FALSE
gene5363	0	FALSE
gene5364	0	FALSE
gene5365	0	FALSE
gene5366	0	FALSE
gene5367	0	FALSE
gene5368	0	FALSE
gene5369	0	FALSE
gene5370	0	FALSE
gene5371	0	FALSE
gene5372	0	FALSE
gene5373	0	FALSE
gene5374	0	FALSE
gene5375	0	FALSE
gene5376	0	FALSE
gene5377	0	FALSE
gene5378	0	FALSE
gene5379	0	FALSE
gene5380	0	FALSE
gene5381	0	FALSE
gene5382	0	FALSE
gene5383	0	FALSE
gene5384	0	FALSE
gene5385	0	FALSE
gene5386	0	FALSE
gene5387	0	FALSE
gene5388	0	FALSE
gene5389	-2.95090756349964	TRUE
gene5390	0	FALSE
gene5391	0	FALSE
gene5392	-1.68611453601625	TRUE
gene5393	0	FALSE
gene5394	-0.943517591280397	TRUE
gene5395	2.79656363121467	TRUE
gene5396	0	FALSE
gene5397	0	FALSE
gene5398	0	FALSE
gene5399	0	FALSE
gene5400	0	FALSE
gene5401	0	FALSE
gene5402	0	FALSE
gene5403	0	FALSE
gene5404	0	FALSE
gene5405	0	FALSE
gene5406	0	FALSE
gene5407	0	FALSE
gene5408	0	FALSE
gene5409	0	FALSE
gene5410	0	FALSE
gene5411	-1.99120750918519	TRUE
gene5412	0	FALSE
gene5413	0	FALSE
gene5414	0	FALSE
gene5415	0	FALSE
gene5416	0	FALSE
gene5417	0	FALSE
gene5418	0	FALSE
gene5419	0	FALSE
gene5420	-2.48163823719369	TRUE
gene5421	0	FALSE
gene5422	0	FALSE
gene5423	0	FALSE
gene5424	0	FALSE
gene5425	0	FALSE
gene5426	0	FALSE
gene5427	0	FALSE
gene5428	-0.768580867268611	TRUE
gene5429	0	FALSE
gene5430	0	FALSE
gene5431	0	FALSE
gene5432	0	FALSE
gene5433	0	FALSE
gene5434	0	FALSE
gene5435	0	FALSE
gene5436	-0.943902812548913	TRUE
gene5437	0	FALSE
gene5438	-1.4302072590217	TRUE
gene5439	0	FALSE
gene5440	0	FALSE
gene5441	0	FALSE
gene5442	0	FALSE
gene5443	0	FALSE
gene5444	1.49147474777419	TRUE
gene5445	-1.0667774991598	TRUE
gene5446	2.05777192593087	TRUE
gene5447	0	FALSE
gene5448	0	FALSE
gene5449	0	FALSE
gene5450	0	FALSE
gene5451	0	FALSE
gene5452	0	FALSE
gene5453	0	FALSE
gene5454	-1.24615546048153	TRUE
gene5455	0	FALSE
gene5456	0	FALSE
gene5457	0	FALSE
gene5458	1.70917107554851	TRUE
gene5459	0	FALSE
gene5460	0	FALSE
gene5461	0	FALSE
gene5462	0	FALSE
gene5463	0	FALSE
gene5464	-2.36524601076962	TRUE
gene5465	0	FALSE
gene5466	0	FALSE
gene5467	0	FALSE
gene5468	-1.16157921968261	TRUE
gene5469	0	FALSE
gene5470	0	FALSE
gene5471	0	FALSE
gene5472	0	FALSE
gene5473	0	FALSE
gene5474	0	FALSE
gene5475	0	FALSE
gene5476	0	FALSE
gene5477	0	FALSE
gene5478	0	FALSE
gene5479	-0.853218327392824	TRUE
gene5480	0	FALSE
gene5481	0	FALSE
gene5482	0	FALSE
gene5483	0	FALSE
gene5484	0	FALSE
gene5485	0	FALSE
gene5486	-2.14620262786048	TRUE
gene5487	0	FALSE
gene5488	0.963945777097251	TRUE
gene5489	0	FALSE
gene5490	-2.99125821719645	TRUE
gene5491	0	FALSE
gene5492	0	FALSE
gene5493	0	FALSE
gene5494	0	FALSE
gene5495	0	FALSE
gene5496	0	FALSE
gene5497	0	FALSE
gene5498	0	FALSE
gene5499	0	FALSE
gene5500	0	FALSE
gene5501	0	FALSE
gene5502	0	FALSE
gene5503	0	FALSE
gene5504	0	FALSE
gene5505	0	FALSE
gene5506	0	FALSE
gene5507	0	FALSE
gene5508	0	FALSE
gene5509	0	FALSE
gene5510	0	FALSE
gene5511	0	FALSE
gene5512	-2.42343929980416	TRUE
gene5513	0	FALSE
gene5514	0	FALSE
gene5515	0	FALSE
gene5516	0	FALSE
gene5517	1.14161667530425	TRUE
gene5518	0	FALSE
gene5519	0	FALSE
gene5520	0	FALSE
gene5521	0	FALSE
gene5522	0	FALSE
gene5523	0	FALSE
gene5524	0	FALSE
gene5525	-0.80762914713705	TRUE
gene5526	0	FALSE
gene5527	0	FALSE
gene5528	0	FALSE
gene5529	0	FALSE
gene5530	0	FALSE
gene5531	0	FALSE
gene5532	0	FALSE
gene5533	0	FALSE
gene5534	0	FALSE
gene5535	2.17777279374423	TRUE
gene5536	0	FALSE
gene5537	0	FALSE
gene5538	0	FALSE
gene5539	0	FALSE
gene5540	0	FALSE
gene5541	0	FALSE
gene5542	0	FALSE
gene5543	0	FALSE
gene5544	0	FALSE
gene5545	0	FALSE
gene5546	2.96200287051033	TRUE
gene5547	0	FALSE
gene5548	0	FALSE
gene5549	0	FALSE
gene5550	0	FALSE
gene5551	0	FALSE
gene5552	0	FALSE
gene5553	0	FALSE
gene5554	0	FALSE
gene5555	0	FALSE
gene5556	0	FALSE
gene5557	0.819443279353436	TRUE
gene5558	2.43293626274681	TRUE
gene5559	0	FALSE
gene5560	-1.82906307867961	TRUE
gene5561	0	FALSE
gene5562	0	FALSE
gene5563	0	FALSE
gene5564	0	FALSE
gene5565	0	FALSE
gene5566	0	FALSE
gene5567	0	FALSE
gene5568	0	FALSE
gene5569	0	FALSE
gene5570	0	FALSE
gene5571	0	FALSE
gene5572	0	FALSE
gene5573	0	FALSE
gene5574	0	FALSE
gene5575	0	FALSE
gene5576	0	FALSE
gene5577	0	FALSE
gene5578	2.49455826880876	TRUE
gene5579	0	FALSE
gene5580	-1.25526152603561	TRUE
gene5581	-2.3429171089665	TRUE
gene5582	0	FALSE
gene5583	0	FALSE
gene5584	-2.31107618194073	TRUE
gene5585	0	FALSE
gene5586	0	FALSE
gene5587	0	FALSE
gene5588	0	FALSE
gene5589	0	FALSE
gene5590	0	FALSE
gene5591	0	FALSE
gene5592	0	FALSE
gene5593	0	FALSE
gene5594	0	FALSE
gene5595	0	FALSE
gene5596	0	FALSE
gene5597	0	FALSE
gene5598	2.20619271299802	TRUE
gene5599	-2.74144653364783	TRUE
gene5600	0	FALSE
gene5601	1.59753224003362	TRUE
gene5602	0	FALSE
gene5603	0	FALSE
gene5604	1.77354216825916	TRUE
gene5605	0	FALSE
gene5606	0	FALSE
gene5607	0	FALSE
gene5608	0	FALSE
gene5609	0	FALSE
gene5610	0	FALSE
gene5611	0	FALSE
gene5612	0	FALSE
gene5613	2.57983908924507	TRUE
gene5614	0	FALSE
gene5615	0	FALSE
gene5616	2.30522834602743	TRUE
gene5617	0	FALSE
gene5618	0	FALSE
gene5619	0	FALSE
gene5620	1.78870824031765	TRUE
gene5621	0	FALSE
gene5622	0	FALSE
gene5623	0	FALSE
gene5624	0	FALSE
gene5625	0	FALSE
gene5626	0	FALSE
gene5627	0	FALSE
gene5628	0	FALSE
gene5629	0	FALSE
gene5630	0	FALSE
gene5631	0	FALSE
gene5632	0	FALSE
gene5633	0	FALSE
gene5634	0	FALSE
gene5635	0	FALSE
gene5636	0	FALSE
gene5637	0	FALSE
gene5638	0	FALSE
gene5639	0	FALSE
gene5640	0	FALSE
gene5641	0	FALSE
gene5642	0	FALSE
gene5643	0	FALSE
gene5644	0	FALSE
gene5645	0	FALSE
gene5646	0	FALSE
gene5647	0	FALSE
gene5648	0	FALSE
gene5649	0	FALSE
gene5650	0	FALSE
gene5651	0	FALSE
gene5652	0	FALSE
gene5653	0	FALSE
gene5654	0	FALSE
gene5655	0	FALSE
gene5656	-1.44196909182938	TRUE
gene5657	-0.952965464035515	TRUE
gene5658	0	FALSE
gene5659	0	FALSE
gene5660	0	FALSE
gene5661	0	FALSE
gene5662	0	FALSE
gene5663	2.51558269187808	TRUE
gene5664	0	FALSE
gene5665	0	FALSE
gene5666	0	FALSE
gene5667	2.08860909071518	TRUE
gene5668	0	FALSE
gene5669	0	FALSE
gene5670	0	FALSE
gene5671	0	FALSE
gene5672	0	FALSE
gene5673	0	FALSE
gene5674	0	FALSE
gene5675	0	FALSE
gene5676	0	FALSE
gene5677	0	FALSE
gene5678	0	FALSE
gene5679	0	FALSE
gene5680	0	FALSE
gene5681	0	FALSE
gene5682	0	FALSE
gene5683	0	FALSE
gene5684	0	FALSE
gene5685	0	FALSE
gene5686	-1.74263702414464	TRUE
gene5687	0	FALSE
gene5688	0	FALSE
gene5689	0	FALSE
gene5690	0	FALSE
gene5691	0	FALSE
gene5692	0	FALSE
gene5693	0	FALSE
gene5694	0	FALSE
gene5695	0	FALSE
gene5696	0	FALSE
gene5697	0	FALSE
gene5698	-1.48243191686925	TRUE
gene5699	0	FALSE
gene5700	0	FALSE
gene5701	0	FALSE
gene5702	2.82884306798223	TRUE
gene5703	0	FALSE
gene5704	0	FALSE
gene5705	0	FALSE
gene5706	0	FALSE
gene5707	0	FALSE
gene5708	-2.36795972107211	TRUE
gene5709	0	FALSE
gene5710	0	FALSE
gene5711	0	FALSE
gene5712	0	FALSE
gene5713	0	FALSE
gene5714	0	FALSE
gene5715	0	FALSE
gene5716	0	FALSE
gene5717	0	FALSE
gene5718	0	FALSE
gene5719	0	FALSE
gene5720	0	FALSE
gene5721	0	FALSE
gene5722	0	FALSE
gene5723	0	FALSE
gene5724	0	FALSE
gene5725	1.0901042529149	TRUE
gene5726	0	FALSE
gene5727	1.69398450135486	TRUE
gene5728	0	FALSE
gene5729	0	FALSE
gene5730	0	FALSE
gene5731	0	FALSE
gene5732	0	FALSE
gene5733	0	FALSE
gene5734	0	FALSE
gene5735	0	FALSE
gene5736	0	FALSE
gene5737	0	FALSE
gene5738	0	FALSE
gene5739	0	FALSE
gene5740	0	FALSE
gene5741	-2.58979660423938	TRUE
gene5742	0	FALSE
gene5743	0	FALSE
gene5744	0	FALSE
gene5745	0	FALSE
gene5746	0	FALSE
gene5747	0	FALSE
gene5748	0	FALSE
gene5749	0	FALSE
gene5750	0	FALSE
gene5751	0	FALSE
gene5752	0	FALSE
gene5753	0	FALSE
gene5754	0	FALSE
gene5755	0	FALSE
gene5756	0	FALSE
gene5757	0	FALSE
gene5758	0	FALSE
gene5759	0	FALSE
gene5760	0	FALSE
gene5761	0	FALSE
gene5762	-2.78945507010212	TRUE
gene5763	0	FALSE
gene5764	0	FALSE
gene5765	0	FALSE
gene5766	0	FALSE
gene5767	0	FALSE
gene5768	2.18534671183443	TRUE
gene5769	0	FALSE
gene5770	1.86353736603633	TRUE
gene5771	0	FALSE
gene5772	0	FALSE
gene5773	0	FALSE
gene5774	0	FALSE
gene5775	0	FALSE
gene5776	0	FALSE
gene5777	0	FALSE
gene5778	-1.6232369664358	TRUE
gene5779	0	FALSE
gene5780	0	FALSE
gene5781	-1.18512931972509	TRUE
gene5782	0	FALSE
gene5783	0	FALSE
gene5784	0	FALSE
gene5785	0	FALSE
gene5786	1.81109148304677	TRUE
gene5787	0	FALSE
gene5788	0	FALSE
gene5789	0	FALSE
gene5790	0	FALSE
gene5791	0.864206672937144	TRUE
gene5792	-1.01299469947116	TRUE
gene5793	0	FALSE
gene5794	0	FALSE
gene5795	0	FALSE
gene5796	0	FALSE
gene5797	1.83534951863112	TRUE
gene5798	0	FALSE
gene5799	0	FALSE
gene5800	0	FALSE
gene5801	0	FALSE
gene5802	0	FALSE
gene5803	0	FALSE
gene5804	0	FALSE
gene5805	0	FALSE
gene5806	0	FALSE
gene5807	0	FALSE
gene5808	0	FALSE
gene5809	0	FALSE
gene5810	0	FALSE
gene5811	0	FALSE
gene5812	1.76462901901687	TRUE
gene5813	2.16354076116113	TRUE
gene5814	0	FALSE
gene5815	0	FALSE
gene5816	0	FALSE
gene5817	0	FALSE
gene5818	0	FALSE
gene5819	0	FALSE
gene5820	0	FALSE
gene5821	0	FALSE
gene5822	0	FALSE
gene5823	1.25625134864822	TRUE
gene5824	0	FALSE
gene5825	0	FALSE
gene5826	0	FALSE
gene5827	0	FALSE
gene5828	0	FALSE
gene5829	0	FALSE
gene5830	0	FALSE
gene5831	0	FALSE
gene5832	1.57816074608127	TRUE
gene5833	0	FALSE
gene5834	0	FALSE
gene5835	-0.813324321352411	TRUE
gene5836	0	FALSE
gene5837	0	FALSE
gene5838	0	FALSE
gene5839	0	FALSE
gene5840	0	FALSE
gene5841	0	FALSE
gene5842	0	FALSE
gene5843	0	FALSE
gene5844	0	FALSE
gene5845	0	FALSE
gene5846	0	FALSE
gene5847	0	FALSE
gene5848	0	FALSE
gene5849	0	FALSE
gene5850	1.03365355421556	TRUE
gene5851	0	FALSE
gene5852	1.59987488714978	TRUE
gene5853	0	FALSE
gene5854	0	FALSE
gene5855	0	FALSE
gene5856	0	FALSE
gene5857	0	FALSE
gene5858	0	FALSE
gene5859	0	FALSE
gene5860	0	FALSE
gene5861	0	FALSE
gene5862	0	FALSE
gene5863	0	FALSE
gene5864	0	FALSE
gene5865	0	FALSE
gene5866	0	FALSE
gene5867	0	FALSE
gene5868	0	FALSE
gene5869	-2.48339381371625	TRUE
gene5870	0	FALSE
gene5871	0	FALSE
gene5872	0	FALSE
gene5873	0	FALSE
gene5874	0	FALSE
gene5875	0	FALSE
gene5876	0	FALSE
gene5877	0	FALSE
gene5878	0	FALSE
gene5879	1.60910499072634	TRUE
gene5880	0	FALSE
gene5881	0	FALSE
gene5882	0	FALSE
gene5883	-2.34887297661044	TRUE
gene5884	0	FALSE
gene5885	0	FALSE
gene5886	0	FALSE
gene5887	0	FALSE
gene5888	0	FALSE
gene5889	0	FALSE
gene5890	0	FALSE
gene5891	0	FALSE
gene5892	0	FALSE
gene5893	0	FALSE
gene5894	0	FALSE
gene5895	2.55720973864663	TRUE
gene5896	0	FALSE
gene5897	0	FALSE
gene5898	0	FALSE
gene5899	0	FALSE
gene5900	0	FALSE
gene5901	0	FALSE
gene5902	0	FALSE
gene5903	0	FALSE
gene5904	0	FALSE
gene5905	0	FALSE
gene5906	1.64565618743654	TRUE
gene5907	-0.862067296926398	TRUE
gene5908	0	FALSE
gene5909	0	FALSE
gene5910	0	FALSE
gene5911	0	FALSE
gene5912	2.89733780926326	TRUE
gene5913	0	FALSE
gene5914	0	FALSE
gene5915	0	FALSE
gene5916	0	FALSE
gene5917	0	FALSE
gene5918	0	FALSE
gene5919	-2.71680590452161	TRUE
gene5920	0	FALSE
gene5921	0	FALSE
gene5922	0	FALSE
gene5923	0	FALSE
gene5924	0	FALSE
gene5925	0	FALSE
gene5926	0	FALSE
gene5927	0	FALSE
gene5928	0	FALSE
gene5929	0	FALSE
gene5930	0	FALSE
gene5931	0	FALSE
gene5932	0	FALSE
gene5933	0	FALSE
gene5934	0	FALSE
gene5935	0	FALSE
gene5936	0	FALSE
gene5937	0	FALSE
gene5938	0	FALSE
gene5939	-0.835080750694033	TRUE
gene5940	0	FALSE
gene5941	0	FALSE
gene5942	0	FALSE
gene5943	0	FALSE
gene5944	0.946194951888174	TRUE
gene5945	0	FALSE
gene5946	0	FALSE
gene5947	0	FALSE
gene5948	0	FALSE
gene5949	0	FALSE
gene5950	0	FALSE
gene5951	0	FALSE
gene5952	1.93355972436257	TRUE
gene5953	0	FALSE
gene5954	0	FALSE
gene5955	0	FALSE
gene5956	0	FALSE
gene5957	0	FALSE
gene5958	-1.56328307540389	TRUE
gene5959	0	FALSE
gene5960	-0.785541094606742	TRUE
gene5961	0	FALSE
gene5962	0	FALSE
gene5963	0	FALSE
gene5964	0	FALSE
gene5965	0	FALSE
gene5966	0	FALSE
gene5967	0	FALSE
gene5968	0	FALSE
gene5969	0	FALSE
gene5970	0	FALSE
gene5971	0	FALSE
gene5972	0	FALSE
gene5973	0	FALSE
gene5974	0	FALSE
gene5975	0	FALSE
gene5976	0	FALSE
gene5977	0	FALSE
gene5978	0	FALSE
gene5979	0	FALSE
gene5980	0	FALSE
gene5981	0	FALSE
gene5982	0	FALSE
gene5983	0	FALSE
gene5984	0	FALSE
gene5985	0	FALSE
gene5986	0	FALSE
gene5987	0	FALSE
gene5988	0	FALSE
gene5989	0	FALSE
gene5990	0	FALSE
gene5991	2.56928387226071	TRUE
gene5992	2.23679913498927	TRUE
gene5993	0	FALSE
gene5994	0	FALSE
gene5995	-1.66380656068213	TRUE
gene5996	0	FALSE
gene5997	-0.923277027555741	TRUE
gene5998	0	FALSE
gene5999	0	FALSE
gene6000	0	FALSE
gene6001	0	FALSE
gene6002	0	FALSE
gene6003	0	FALSE
gene6004	0	FALSE
gene6005	0	FALSE
gene6006	0	FALSE
gene6007	0	FALSE
gene6008	0	FALSE
gene6009	0	FALSE
gene6010	0	FALSE
gene6011	0	FALSE
gene6012	0	FALSE
gene6013	0	FALSE
gene6014	0	FALSE
gene6015	0	FALSE
gene6016	0	FALSE
gene6017	0	FALSE
gene6018	0	FALSE
gene6019	0	FALSE
gene6020	-1.55461528280284	TRUE
gene6021	0	FALSE
gene6022	0	FALSE
gene6023	0	FALSE
gene6024	0	FALSE
gene6025	0	FALSE
gene6026	0	FALSE
gene6027	0	FALSE
gene6028	0	FALSE
gene6029	0	FALSE
gene6030	0	FALSE
gene6031	0	FALSE
gene6032	0	FALSE
gene6033	0	FALSE
gene6034	0	FALSE
gene6035	0	FALSE
gene6036	1.4706271168543	TRUE
gene6037	0	FALSE
gene6038	0	FALSE
gene6039	0	FALSE
gene6040	0	FALSE
gene6041	0	FALSE
gene6042	0	FALSE
gene6043	0	FALSE
gene6044	0	FALSE
gene6045	-2.53904686588794	TRUE
gene6046	0	FALSE
gene6047	0	FALSE
gene6048	0	FALSE
gene6049	0	FALSE
gene6050	0	FALSE
gene6051	-2.45637715025805	TRUE
gene6052	0	FALSE
gene6053	0	FALSE
gene6054	0	FALSE
gene6055	0	FALSE
gene6056	0	FALSE
gene6057	-0.788157899107318	TRUE
gene6058	0	FALSE
gene6059	0	FALSE
gene6060	0	FALSE
gene6061	0	FALSE
gene6062	0	FALSE
gene6063	0	FALSE
gene6064	0	FALSE
gene6065	0	FALSE
gene6066	0	FALSE
gene6067	0	FALSE
gene6068	0	FALSE
gene6069	0	FALSE
gene6070	-2.0080760337878	TRUE
gene6071	0	FALSE
gene6072	0	FALSE
gene6073	0	FALSE
gene6074	0	FALSE
gene6075	0	FALSE
gene6076	0	FALSE
gene6077	0	FALSE
gene6078	0	FALSE
gene6079	0	FALSE
gene6080	0	FALSE
gene6081	0	FALSE
gene6082	0	FALSE
gene6083	0	FALSE
gene6084	0	FALSE
gene6085	0	FALSE
gene6086	0	FALSE
gene6087	0	FALSE
gene6088	0	FALSE
gene6089	0	FALSE
gene6090	0	FALSE
gene6091	0	FALSE
gene6092	0	FALSE
gene6093	0	FALSE
gene6094	0	FALSE
gene6095	0	FALSE
gene6096	0	FALSE
gene6097	0	FALSE
gene6098	0	FALSE
gene6099	0	FALSE
gene6100	0	FALSE
gene6101	0	FALSE
gene6102	0	FALSE
gene6103	0	FALSE
gene6104	0	FALSE
gene6105	0	FALSE
gene6106	0	FALSE
gene6107	0	FALSE
gene6108	0	FALSE
gene6109	0	FALSE
gene6110	0	FALSE
gene6111	-1.68916528054979	TRUE
gene6112	0	FALSE
gene6113	0	FALSE
gene6114	0	FALSE
gene6115	0	FALSE
gene6116	0	FALSE
gene6117	0	FALSE
gene6118	0	FALSE
gene6119	0	FALSE
gene6120	0	FALSE
gene6121	0	FALSE
gene6122	0	FALSE
gene6123	0	FALSE
gene6124	0	FALSE
gene6125	0	FALSE
gene6126	0	FALSE
gene6127	0	FALSE
gene6128	0	FALSE
gene6129	0	FALSE
gene6130	0	FALSE
gene6131	0	FALSE
gene6132	0	FALSE
gene6133	0	FALSE
gene6134	0	FALSE
gene6135	0	FALSE
gene6136	-1.82633541198447	TRUE
gene6137	0	FALSE
gene6138	0	FALSE
gene6139	0	FALSE
gene6140	0	FALSE
gene6141	0	FALSE
gene6142	0	FALSE
gene6143	0	FALSE
gene6144	0	FALSE
gene6145	0	FALSE
gene6146	0	FALSE
gene6147	0	FALSE
gene6148	0	FALSE
gene6149	0	FALSE
gene6150	0	FALSE
gene6151	0	FALSE
gene6152	0	FALSE
gene6153	0	FALSE
gene6154	0	FALSE
gene6155	0	FALSE
gene6156	0	FALSE
gene6157	0	FALSE
gene6158	0	FALSE
gene6159	0	FALSE
gene6160	0	FALSE
gene6161	0	FALSE
gene6162	0	FALSE
gene6163	0	FALSE
gene6164	0	FALSE
gene6165	0	FALSE
gene6166	0	FALSE
gene6167	0	FALSE
gene6168	0	FALSE
gene6169	0	FALSE
gene6170	-1.78052117867628	TRUE
gene6171	0	FALSE
gene6172	0	FALSE
gene6173	0	FALSE
gene6174	0	FALSE
gene6175	0	FALSE
gene6176	1.27455566235585	TRUE
gene6177	0	FALSE
gene6178	0	FALSE
gene6179	2.898254950298	TRUE
gene6180	0	FALSE
gene6181	0	FALSE
gene6182	0	FALSE
gene6183	0	FALSE
gene6184	0	FALSE
gene6185	0	FALSE
gene6186	0	FALSE
gene6187	0	FALSE
gene6188	0	FALSE
gene6189	0	FALSE
gene6190	0	FALSE
gene6191	0	FALSE
gene6192	-0.783776227792259	TRUE
gene6193	0	FALSE
gene6194	0	FALSE
gene6195	0	FALSE
gene6196	0	FALSE
gene6197	0	FALSE
gene6198	0	FALSE
gene6199	2.73985050246119	TRUE
gene6200	-1.68524688592879	TRUE
gene6201	0	FALSE
gene6202	-1.18892051634612	TRUE
gene6203	0	FALSE
gene6204	0	FALSE
gene6205	0	FALSE
gene6206	0	FALSE
gene6207	0	FALSE
gene6208	0	FALSE
gene6209	0	FALSE
gene6210	0	FALSE
gene6211	0	FALSE
gene6212	0	FALSE
gene6213	0	FALSE
gene6214	-0.77236639772309	TRUE
gene6215	-2.6116129605216	TRUE
gene6216	0	FALSE
gene6217	0	FALSE
gene6218	0	FALSE
gene6219	0	FALSE
gene6220	-0.850668210361619	TRUE
gene6221	0	FALSE
gene6222	1.35032207501354	TRUE
gene6223	0	FALSE
gene6224	0	FALSE
gene6225	0	FALSE
gene6226	0	FALSE
gene6227	-2.67861088982318	TRUE
gene6228	0	FALSE
gene6229	2.20204761513742	TRUE
gene6230	0	FALSE
gene6231	0	FALSE
gene6232	0	FALSE
gene6233	0	FALSE
gene6234	0	FALSE
gene6235	0	FALSE
gene6236	0	FALSE
gene6237	-1.07207586622098	TRUE
gene6238	0	FALSE
gene6239	0	FALSE
gene6240	0.897876649629325	TRUE
gene6241	0	FALSE
gene6242	-2.49541098496411	TRUE
gene6243	0	FALSE
gene6244	0	FALSE
gene6245	-2.33862062293338	TRUE
gene6246	0	FALSE
gene6247	0	FALSE
gene6248	0	FALSE
gene6249	0	FALSE
gene6250	0	FALSE
gene6251	-1.4618120091618	TRUE
gene6252	0	FALSE
gene6253	0	FALSE
gene6254	2.75155416643247	TRUE
gene6255	0	FALSE
gene6256	0	FALSE
gene6257	0	FALSE
gene6258	0	FALSE
gene6259	0	FALSE
gene6260	0	FALSE
gene6261	0	FALSE
gene6262	0	FALSE
gene6263	0	FALSE
gene6264	0	FALSE
gene6265	0	FALSE
gene6266	0	FALSE
gene6267	2.65399589046137	TRUE
gene6268	0	FALSE
gene6269	0	FALSE
gene6270	0	FALSE
gene6271	0	FALSE
gene6272	0	FALSE
gene6273	0	FALSE
gene6274	0	FALSE
gene6275	0	FALSE
gene6276	0	FALSE
gene6277	1.06690788437845	TRUE
gene6278	0	FALSE
gene6279	0	FALSE
gene6280	0	FALSE
gene6281	0	FALSE
gene6282	0	FALSE
gene6283	0	FALSE
gene6284	0	FALSE
gene6285	0	FALSE
gene6286	0	FALSE
gene6287	0	FALSE
gene6288	0	FALSE
gene6289	0	FALSE
gene6290	0	FALSE
gene6291	0	FALSE
gene6292	2.27651216369122	TRUE
gene6293	0	FALSE
gene6294	0	FALSE
gene6295	0	FALSE
gene6296	0	FALSE
gene6297	0	FALSE
gene6298	0	FALSE
gene6299	0	FALSE
gene6300	0	FALSE
gene6301	0.885687193076592	TRUE
gene6302	-1.08109852764755	TRUE
gene6303	0	FALSE
gene6304	0	FALSE
gene6305	0	FALSE
gene6306	0	FALSE
gene6307	0	FALSE
gene6308	0	FALSE
gene6309	0	FALSE
gene6310	0	FALSE
gene6311	-2.52261965215439	TRUE
gene6312	0	FALSE
gene6313	0	FALSE
gene6314	0	FALSE
gene6315	0	FALSE
gene6316	-1.1026536540594	TRUE
gene6317	0	FALSE
gene6318	0	FALSE
gene6319	0	FALSE
gene6320	0	FALSE
gene6321	0	FALSE
gene6322	0	FALSE
gene6323	-1.04177883442026	TRUE
gene6324	0	FALSE
gene6325	0	FALSE
gene6326	0	FALSE
gene6327	0	FALSE
gene6328	0	FALSE
gene6329	0	FALSE
gene6330	0	FALSE
gene6331	0	FALSE
gene6332	0	FALSE
gene6333	0	FALSE
gene6334	0	FALSE
gene6335	0	FALSE
gene6336	0	FALSE
gene6337	2.46302209416172	TRUE
gene6338	0	FALSE
gene6339	0	FALSE
gene6340	0	FALSE
gene6341	2.11968485527905	TRUE
gene6342	0	FALSE
gene6343	0	FALSE
gene6344	0	FALSE
gene6345	0	FALSE
gene6346	0	FALSE
gene6347	0	FALSE
gene6348	0	FALSE
gene6349	0	FALSE
gene6350	1.47053719736869	TRUE
gene6351	1.95156332105398	TRUE
gene6352	0	FALSE
gene6353	0	FALSE
gene6354	0	FALSE
gene6355	0	FALSE
gene6356	0	FALSE
gene6357	0	FALSE
gene6358	0	FALSE
gene6359	0	FALSE
gene6360	0.795792126038577	TRUE
gene6361	0	FALSE
gene6362	-1.56560642737895	TRUE
gene6363	0	FALSE
gene6364	0	FALSE
gene6365	0	FALSE
gene6366	-1.01229649269953	TRUE
gene6367	0	FALSE
gene6368	0	FALSE
gene6369	0	FALSE
gene6370	0	FALSE
gene6371	0	FALSE
gene6372	0	FALSE
gene6373	0	FALSE
gene6374	0	FALSE
gene6375	0	FALSE
gene6376	0	FALSE
gene6377	0	FALSE
gene6378	0	FALSE
gene6379	0	FALSE
gene6380	0	FALSE
gene6381	0	FALSE
gene6382	0	FALSE
gene6383	0	FALSE
gene6384	0	FALSE
gene6385	0	FALSE
gene6386	0	FALSE
gene6387	0	FALSE
gene6388	0	FALSE
gene6389	0	FALSE
gene6390	0	FALSE
gene6391	0	FALSE
gene6392	0	FALSE
gene6393	0	FALSE
gene6394	0	FALSE
gene6395	0	FALSE
gene6396	0	FALSE
gene6397	0	FALSE
gene6398	0	FALSE
gene6399	0	FALSE
gene6400	0	FALSE
gene6401	0	FALSE
gene6402	0	FALSE
gene6403	0	FALSE
gene6404	0	FALSE
gene6405	0	FALSE
gene6406	0	FALSE
gene6407	0	FALSE
gene6408	0	FALSE
gene6409	0	FALSE
gene6410	0	FALSE
gene6411	0	FALSE
gene6412	0	FALSE
gene6413	0	FALSE
gene6414	0	FALSE
gene6415	0	FALSE
gene6416	0	FALSE
gene6417	0	FALSE
gene6418	0	FALSE
gene6419	0	FALSE
gene6420	0	FALSE
gene6421	0	FALSE
gene6422	0	FALSE
gene6423	0	FALSE
gene6424	0	FALSE
gene6425	0	FALSE
gene6426	0	FALSE
gene6427	0	FALSE
gene6428	0	FALSE
gene6429	0	FALSE
gene6430	1.48416590632405	TRUE
gene6431	0	FALSE
gene6432	0	FALSE
gene6433	0	FALSE
gene6434	0	FALSE
gene6435	0	FALSE
gene6436	0	FALSE
gene6437	0	FALSE
gene6438	0	FALSE
gene6439	0	FALSE
gene6440	0	FALSE
gene6441	0	FALSE
gene6442	-2.31437541899504	TRUE
gene6443	0	FALSE
gene6444	0	FALSE
gene6445	0	FALSE
gene6446	0	FALSE
gene6447	2.69329908915097	TRUE
gene6448	0	FALSE
gene6449	0	FALSE
gene6450	0	FALSE
gene6451	0	FALSE
gene6452	0	FALSE
gene6453	2.98979539331049	TRUE
gene6454	0	FALSE
gene6455	0	FALSE
gene6456	0	FALSE
gene6457	0.990732437989209	TRUE
gene6458	0	FALSE
gene6459	-2.83777188928798	TRUE
gene6460	0	FALSE
gene6461	0	FALSE
gene6462	0	FALSE
gene6463	-1.46169841656229	TRUE
gene6464	0	FALSE
gene6465	0	FALSE
gene6466	0	FALSE
gene6467	0	FALSE
gene6468	0	FALSE
gene6469	0	FALSE
gene6470	0	FALSE
gene6471	0	FALSE
gene6472	0	FALSE
gene6473	0	FALSE
gene6474	0	FALSE
gene6475	0	FALSE
gene6476	0	FALSE
gene6477	0	FALSE
gene6478	0	FALSE
gene6479	0	FALSE
gene6480	0	FALSE
gene6481	0	FALSE
gene6482	0	FALSE
gene6483	-2.49151278863428	TRUE
gene6484	-1.48223645193502	TRUE
gene6485	0	FALSE
gene6486	0	FALSE
gene6487	0	FALSE
gene6488	0	FALSE
gene6489	0	FALSE
gene6490	1.30713094520615	TRUE
gene6491	-2.97050010762177	TRUE
gene6492	0	FALSE
gene6493	0	FALSE
gene6494	0	FALSE
gene6495	0	FALSE
gene6496	0	FALSE
gene6497	0	FALSE
gene6498	0	FALSE
gene6499	0	FALSE
gene6500	0	FALSE
gene6501	0	FALSE
gene6502	0	FALSE
gene6503	0	FALSE
gene6504	0	FALSE
gene6505	0	FALSE
gene6506	0	FALSE
gene6507	0	FALSE
gene6508	0	FALSE
gene6509	0	FALSE
gene6510	0	FALSE
gene6511	-2.24594307731604	TRUE
gene6512	0	FALSE
gene6513	0	FALSE
gene6514	0	FALSE
gene6515	0	FALSE
gene6516	0	FALSE
gene6517	0	FALSE
gene6518	0	FALSE
gene6519	0	FALSE
gene6520	0	FALSE
gene6521	0	FALSE
gene6522	0	FALSE
gene6523	-1.54935727408156	TRUE
gene6524	0	FALSE
gene6525	0	FALSE
gene6526	0	FALSE
gene6527	0	FALSE
gene6528	0	FALSE
gene6529	0	FALSE
gene6530	0	FALSE
gene6531	0	FALSE
gene6532	0	FALSE
gene6533	-2.07754622166976	TRUE
gene6534	0	FALSE
gene6535	0	FALSE
gene6536	0	FALSE
gene6537	0	FALSE
gene6538	0	FALSE
gene6539	0	FALSE
gene6540	0	FALSE
gene6541	-1.24327285535401	TRUE
gene6542	0	FALSE
gene6543	0	FALSE
gene6544	0	FALSE
gene6545	0	FALSE
gene6546	0	FALSE
gene6547	0	FALSE
gene6548	-0.978179031342734	TRUE
gene6549	0	FALSE
gene6550	0	FALSE
gene6551	0	FALSE
gene6552	0	FALSE
gene6553	0	FALSE
gene6554	0	FALSE
gene6555	0	FALSE
gene6556	0	FALSE
gene6557	0	FALSE
gene6558	0	FALSE
gene6559	0	FALSE
gene6560	0	FALSE
gene6561	0	FALSE
gene6562	0	FALSE
gene6563	0	FALSE
gene6564	0	FALSE
gene6565	0	FALSE
gene6566	0	FALSE
gene6567	0	FALSE
gene6568	0	FALSE
gene6569	0	FALSE
gene6570	0	FALSE
gene6571	0	FALSE
gene6572	0	FALSE
gene6573	0	FALSE
gene6574	0	FALSE
gene6575	0	FALSE
gene6576	0	FALSE
gene6577	-1.61666187050287	TRUE
gene6578	0	FALSE
gene6579	0	FALSE
gene6580	0	FALSE
gene6581	0	FALSE
gene6582	0	FALSE
gene6583	0	FALSE
gene6584	0	FALSE
gene6585	1.16888999316143	TRUE
gene6586	0	FALSE
gene6587	0	FALSE
gene6588	0	FALSE
gene6589	0	FALSE
gene6590	0	FALSE
gene6591	0	FALSE
gene6592	0	FALSE
gene6593	0	FALSE
gene6594	0	FALSE
gene6595	0	FALSE
gene6596	0	FALSE
gene6597	0	FALSE
gene6598	0	FALSE
gene6599	0	FALSE
gene6600	0	FALSE
gene6601	0	FALSE
gene6602	0	FALSE
gene6603	0	FALSE
gene6604	0	FALSE
gene6605	0	FALSE
gene6606	2.04514087195275	TRUE
gene6607	0	FALSE
gene6608	0	FALSE
gene6609	0	FALSE
gene6610	0	FALSE
gene6611	0	FALSE
gene6612	0	FALSE
gene6613	0	FALSE
gene6614	0	FALSE
gene6615	0	FALSE
gene6616	0	FALSE
gene6617	0	FALSE
gene6618	0	FALSE
gene6619	0	FALSE
gene6620	0	FALSE
gene6621	0	FALSE
gene6622	0	FALSE
gene6623	0	FALSE
gene6624	0	FALSE
gene6625	2.76083513192134	TRUE
gene6626	0	FALSE
gene6627	0	FALSE
gene6628	0	FALSE
gene6629	0	FALSE
gene6630	0	FALSE
gene6631	0	FALSE
gene6632	0	FALSE
gene6633	0	FALSE
gene6634	0	FALSE
gene6635	0	FALSE
gene6636	0	FALSE
gene6637	0	FALSE
gene6638	0	FALSE
gene6639	0	FALSE
gene6640	0	FALSE
gene6641	0	FALSE
gene6642	0	FALSE
gene6643	0	FALSE
gene6644	0	FALSE
gene6645	0	FALSE
gene6646	0	FALSE
gene6647	0	FALSE
gene6648	0	FALSE
gene6649	0	FALSE
gene6650	0	FALSE
gene6651	0	FALSE
gene6652	0	FALSE
gene6653	0	FALSE
gene6654	0	FALSE
gene6655	0	FALSE
gene6656	0	FALSE
gene6657	0	FALSE
gene6658	0	FALSE
gene6659	0	FALSE
gene6660	0	FALSE
gene6661	0	FALSE
gene6662	1.88605185732013	TRUE
gene6663	0	FALSE
gene6664	0	FALSE
gene6665	0	FALSE
gene6666	0	FALSE
gene6667	0	FALSE
gene6668	0	FALSE
gene6669	0	FALSE
gene6670	0	FALSE
gene6671	0	FALSE
gene6672	0	FALSE
gene6673	0	FALSE
gene6674	0	FALSE
gene6675	0	FALSE
gene6676	0	FALSE
gene6677	0	FALSE
gene6678	0	FALSE
gene6679	0	FALSE
gene6680	-1.52211827487918	TRUE
gene6681	0	FALSE
gene6682	0	FALSE
gene6683	0	FALSE
gene6684	0	FALSE
gene6685	0	FALSE
gene6686	0	FALSE
gene6687	0	FALSE
gene6688	0	FALSE
gene6689	1.37385048216674	TRUE
gene6690	0	FALSE
gene6691	0	FALSE
gene6692	0	FALSE
gene6693	0	FALSE
gene6694	0	FALSE
gene6695	1.48281527787913	TRUE
gene6696	0	FALSE
gene6697	0	FALSE
gene6698	0	FALSE
gene6699	0	FALSE
gene6700	0	FALSE
gene6701	1.04515899979742	TRUE
gene6702	0	FALSE
gene6703	0	FALSE
gene6704	0	FALSE
gene6705	0	FALSE
gene6706	0	FALSE
gene6707	0	FALSE
gene6708	0	FALSE
gene6709	0	FALSE
gene6710	0	FALSE
gene6711	0	FALSE
gene6712	0	FALSE
gene6713	0	FALSE
gene6714	0	FALSE
gene6715	0	FALSE
gene6716	0	FALSE
gene6717	1.69758392160293	TRUE
gene6718	0	FALSE
gene6719	0	FALSE
gene6720	0	FALSE
gene6721	0	FALSE
gene6722	0	FALSE
gene6723	0	FALSE
gene6724	0	FALSE
gene6725	0.954494163917843	TRUE
gene6726	0	FALSE
gene6727	0	FALSE
gene6728	0	FALSE
gene6729	0	FALSE
gene6730	0	FALSE
gene6731	-1.310278885765	TRUE
gene6732	0	FALSE
gene6733	0	FALSE
gene6734	0	FALSE
gene6735	0	FALSE
gene6736	0	FALSE
gene6737	0	FALSE
gene6738	0	FALSE
gene6739	0	FALSE
gene6740	0	FALSE
gene6741	1.63110841956222	TRUE
gene6742	0	FALSE
gene6743	0	FALSE
gene6744	0	FALSE
gene6745	0	FALSE
gene6746	0	FALSE
gene6747	0	FALSE
gene6748	0	FALSE
gene6749	1.6069715868216	TRUE
gene6750	2.66169493412599	TRUE
gene6751	0	FALSE
gene6752	0	FALSE
gene6753	0	FALSE
gene6754	0	FALSE
gene6755	0	FALSE
gene6756	0	FALSE
gene6757	0	FALSE
gene6758	0	FALSE
gene6759	0	FALSE
gene6760	0	FALSE
gene6761	0	FALSE
gene6762	2.77363068074919	TRUE
gene6763	0	FALSE
gene6764	0	FALSE
gene6765	0	FALSE
gene6766	0	FALSE
gene6767	0	FALSE
gene6768	0	FALSE
gene6769	0	FALSE
gene6770	0	FALSE
gene6771	0	FALSE
gene6772	0	FALSE
gene6773	0	FALSE
gene6774	0	FALSE
gene6775	2.55985955317738	TRUE
gene6776	0	FALSE
gene6777	0	FALSE
gene6778	0	FALSE
gene6779	0	FALSE
gene6780	-1.70697990513872	TRUE
gene6781	0	FALSE
gene6782	0	FALSE
gene6783	0	FALSE
gene6784	0	FALSE
gene6785	0	FALSE
gene6786	0	FALSE
gene6787	0	FALSE
gene6788	0	FALSE
gene6789	0	FALSE
gene6790	0	FALSE
gene6791	0	FALSE
gene6792	0	FALSE
gene6793	0	FALSE
gene6794	0	FALSE
gene6795	0	FALSE
gene6796	0	FALSE
gene6797	0	FALSE
gene6798	0	FALSE
gene6799	-2.31291204557056	TRUE
gene6800	0	FALSE
gene6801	0	FALSE
gene6802	0	FALSE
gene6803	-2.98727448721183	TRUE
gene6804	0	FALSE
gene6805	0	FALSE
gene6806	0	FALSE
gene6807	0	FALSE
gene6808	0	FALSE
gene6809	0	FALSE
gene6810	-2.66370310453931	TRUE
gene6811	0	FALSE
gene6812	0	FALSE
gene6813	-2.60617705376353	TRUE
gene6814	0	FALSE
gene6815	0	FALSE
gene6816	-2.89358968567103	TRUE
gene6817	0	FALSE
gene6818	0	FALSE
gene6819	0	FALSE
gene6820	1.58278087363578	TRUE
gene6821	0	FALSE
gene6822	0	FALSE
gene6823	0	FALSE
gene6824	0	FALSE
gene6825	0	FALSE
gene6826	-1.12006796785863	TRUE
gene6827	0	FALSE
gene6828	0	FALSE
gene6829	2.09217722550966	TRUE
gene6830	0	FALSE
gene6831	1.57540964044165	TRUE
gene6832	0	FALSE
gene6833	-1.64561711414717	TRUE
gene6834	0	FALSE
gene6835	0	FALSE
gene6836	0	FALSE
gene6837	0	FALSE
gene6838	0	FALSE
gene6839	0	FALSE
gene6840	0.99197983648628	TRUE
gene6841	0	FALSE
gene6842	0	FALSE
gene6843	0	FALSE
gene6844	0	FALSE
gene6845	0	FALSE
gene6846	0	FALSE
gene6847	0	FALSE
gene6848	0	FALSE
gene6849	0	FALSE
gene6850	0	FALSE
gene6851	2.55235855345381	TRUE
gene6852	-1.92507434502477	TRUE
gene6853	2.68157276313286	TRUE
gene6854	0	FALSE
gene6855	0	FALSE
gene6856	0	FALSE
gene6857	0	FALSE
gene6858	0	FALSE
gene6859	1.7315540437703	TRUE
gene6860	1.70890831231372	TRUE
gene6861	0	FALSE
gene6862	0	FALSE
gene6863	0	FALSE
gene6864	0	FALSE
gene6865	0	FALSE
gene6866	0	FALSE
gene6867	0	FALSE
gene6868	0	FALSE
gene6869	0	FALSE
gene6870	0	FALSE
gene6871	0	FALSE
gene6872	0	FALSE
gene6873	0	FALSE
gene6874	0	FALSE
gene6875	0	FALSE
gene6876	0	FALSE
gene6877	0	FALSE
gene6878	0	FALSE
gene6879	0	FALSE
gene6880	0	FALSE
gene6881	0	FALSE
gene6882	-1.24418447376229	TRUE
gene6883	0	FALSE
gene6884	0	FALSE
gene6885	0	FALSE
gene6886	0	FALSE
gene6887	0	FALSE
gene6888	2.08674273948418	TRUE
gene6889	0.847317318781279	TRUE
gene6890	0	FALSE
gene6891	-2.19848855322925	TRUE
gene6892	0	FALSE
gene6893	0	FALSE
gene6894	0	FALSE
gene6895	0	FALSE
gene6896	0	FALSE
gene6897	-1.28757686825702	TRUE
gene6898	0	FALSE
gene6899	0	FALSE
gene6900	0	FALSE
gene6901	0	FALSE
gene6902	0	FALSE
gene6903	0	FALSE
gene6904	0	FALSE
gene6905	-2.74900065839756	TRUE
gene6906	1.47880206926493	TRUE
gene6907	0	FALSE
gene6908	0	FALSE
gene6909	0	FALSE
gene6910	0	FALSE
gene6911	0	FALSE
gene6912	0	FALSE
gene6913	0	FALSE
gene6914	0	FALSE
gene6915	0	FALSE
gene6916	2.24475593160605	TRUE
gene6917	0	FALSE
gene6918	-1.85560411366168	TRUE
gene6919	0	FALSE
gene6920	0	FALSE
gene6921	0	FALSE
gene6922	0	FALSE
gene6923	0	FALSE
gene6924	1.69009946932783	TRUE
gene6925	0	FALSE
gene6926	-1.02695171028608	TRUE
gene6927	0	FALSE
gene6928	0	FALSE
gene6929	0	FALSE
gene6930	0	FALSE
gene6931	0	FALSE
gene6932	0	FALSE
gene6933	0	FALSE
gene6934	0	FALSE
gene6935	0	FALSE
gene6936	0	FALSE
gene6937	0	FALSE
gene6938	1.80020765669178	TRUE
gene6939	0	FALSE
gene6940	0	FALSE
gene6941	0	FALSE
gene6942	0	FALSE
gene6943	0	FALSE
gene6944	0	FALSE
gene6945	0	FALSE
gene6946	0	FALSE
gene6947	0	FALSE
gene6948	0	FALSE
gene6949	0	FALSE
gene6950	2.85249215044314	TRUE
gene6951	2.82162270433037	TRUE
gene6952	0	FALSE
gene6953	0	FALSE
gene6954	0	FALSE
gene6955	0	FALSE
gene6956	0	FALSE
gene6957	-2.23050952143967	TRUE
gene6958	0	FALSE
gene6959	2.34662456985097	TRUE
gene6960	0	FALSE
gene6961	0	FALSE
gene6962	0	FALSE
gene6963	0	FALSE
gene6964	0	FALSE
gene6965	0	FALSE
gene6966	-1.30590384401148	TRUE
gene6967	0	FALSE
gene6968	0	FALSE
gene6969	2.30602908181027	TRUE
gene6970	-0.858513934712391	TRUE
gene6971	0	FALSE
gene6972	0	FALSE
gene6973	0	FALSE
gene6974	0	FALSE
gene6975	0	FALSE
gene6976	0	FALSE
gene6977	0	FALSE
gene6978	0	FALSE
gene6979	0	FALSE
gene6980	0	FALSE
gene6981	0	FALSE
gene6982	0	FALSE
gene6983	0	FALSE
gene6984	0	FALSE
gene6985	0	FALSE
gene6986	0	FALSE
gene6987	0	FALSE
gene6988	0	FALSE
gene6989	0	FALSE
gene6990	0	FALSE
gene6991	-2.55969840585021	TRUE
gene6992	0	FALSE
gene6993	0	FALSE
gene6994	0	FALSE
gene6995	0	FALSE
gene6996	0	FALSE
gene6997	0	FALSE
gene6998	-0.980045506730676	TRUE
gene6999	0	FALSE
gene7000	0	FALSE
gene7001	-2.43474180065095	TRUE
gene7002	0	FALSE
gene7003	0	FALSE
gene7004	-2.82590956112836	TRUE
gene7005	0	FALSE
gene7006	0	FALSE
gene7007	0	FALSE
gene7008	0	FALSE
gene7009	0	FALSE
gene7010	0	FALSE
gene7011	0	FALSE
gene7012	0	FALSE
gene7013	0	FALSE
gene7014	0	FALSE
gene7015	0	FALSE
gene7016	0	FALSE
gene7017	0	FALSE
gene7018	0	FALSE
gene7019	0	FALSE
gene7020	0	FALSE
gene7021	2.7438168792869	TRUE
gene7022	0	FALSE
gene7023	0	FALSE
gene7024	0	FALSE
gene7025	0	FALSE
gene7026	0	FALSE
gene7027	0	FALSE
gene7028	0	FALSE
gene7029	0	FALSE
gene7030	0	FALSE
gene7031	0	FALSE
gene7032	0	FALSE
gene7033	0	FALSE
gene7034	0	FALSE
gene7035	-1.66618766501779	TRUE
gene7036	0	FALSE
gene7037	1.25111791072413	TRUE
gene7038	0	FALSE
gene7039	0	FALSE
gene7040	0	FALSE
gene7041	0	FALSE
gene7042	-0.907820469641592	TRUE
gene7043	0	FALSE
gene7044	0	FALSE
gene7045	0	FALSE
gene7046	-2.98609192011645	TRUE
gene7047	-1.59157635405427	TRUE
gene7048	-1.81524124019779	TRUE
gene7049	0	FALSE
gene7050	0	FALSE
gene7051	0	FALSE
gene7052	0	FALSE
gene7053	0	FALSE
gene7054	0	FALSE
gene7055	0	FALSE
gene7056	-1.70120453025447	TRUE
gene7057	0	FALSE
gene7058	0	FALSE
gene7059	0	FALSE
gene7060	0	FALSE
gene7061	0	FALSE
gene7062	0	FALSE
gene7063	0	FALSE
gene7064	0	FALSE
gene7065	2.46639459900325	TRUE
gene7066	0	FALSE
gene7067	0	FALSE
gene7068	0	FALSE
gene7069	0	FALSE
gene7070	-0.817086871247739	TRUE
gene7071	0	FALSE
gene7072	0	FALSE
gene7073	0	FALSE
gene7074	0	FALSE
gene7075	0	FALSE
gene7076	0	FALSE
gene7077	0	FALSE
gene7078	0	FALSE
gene7079	0	FALSE
gene7080	0	FALSE
gene7081	0	FALSE
gene7082	0	FALSE
gene7083	0	FALSE
gene7084	0	FALSE
gene7085	0	FALSE
gene7086	0	FALSE
gene7087	0	FALSE
gene7088	0	FALSE
gene7089	0	FALSE
gene7090	2.79399368260056	TRUE
gene7091	0	FALSE
gene7092	0	FALSE
gene7093	0	FALSE
gene7094	0	FALSE
gene7095	0	FALSE
gene7096	0	FALSE
gene7097	0	FALSE
gene7098	0	FALSE
gene7099	0	FALSE
gene7100	0	FALSE
gene7101	0	FALSE
gene7102	0	FALSE
gene7103	-2.19017614179756	TRUE
gene7104	0	FALSE
gene7105	0	FALSE
gene7106	0	FALSE
gene7107	0	FALSE
gene7108	0	FALSE
gene7109	0	FALSE
gene7110	0	FALSE
gene7111	-1.096153963299	TRUE
gene7112	0	FALSE
gene7113	0	FALSE
gene7114	0	FALSE
gene7115	0	FALSE
gene7116	0	FALSE
gene7117	0	FALSE
gene7118	0	FALSE
gene7119	0	FALSE
gene7120	0	FALSE
gene7121	0	FALSE
gene7122	0	FALSE
gene7123	0	FALSE
gene7124	0	FALSE
gene7125	0	FALSE
gene7126	0	FALSE
gene7127	0	FALSE
gene7128	0	FALSE
gene7129	0	FALSE
gene7130	0	FALSE
gene7131	0	FALSE
gene7132	0	FALSE
gene7133	0	FALSE
gene7134	0	FALSE
gene7135	0	FALSE
gene7136	0	FALSE
gene7137	0	FALSE
gene7138	0	FALSE
gene7139	0	FALSE
gene7140	0	FALSE
gene7141	0	FALSE
gene7142	1.10472842131276	TRUE
gene7143	0	FALSE
gene7144	0	FALSE
gene7145	0	FALSE
gene7146	0	FALSE
gene7147	0	FALSE
gene7148	0	FALSE
gene7149	-2.86291807028465	TRUE
gene7150	0	FALSE
gene7151	0	FALSE
gene7152	0	FALSE
gene7153	0	FALSE
gene7154	0	FALSE
gene7155	0	FALSE
gene7156	-0.975791571952868	TRUE
gene7157	-1.88226003205637	TRUE
gene7158	0	FALSE
gene7159	1.29418058315059	TRUE
gene7160	0	FALSE
gene7161	0	FALSE
gene7162	0	FALSE
gene7163	0	FALSE
gene7164	0	FALSE
gene7165	0	FALSE
gene7166	0	FALSE
gene7167	0	FALSE
gene7168	0	FALSE
gene7169	0	FALSE
gene7170	1.2602462831419	TRUE
gene7171	0	FALSE
gene7172	0	FALSE
gene7173	0	FALSE
gene7174	1.91485683282372	TRUE
gene7175	0	FALSE
gene7176	1.0435433240491	TRUE
gene7177	0	FALSE
gene7178	0	FALSE
gene7179	0	FALSE
gene7180	0	FALSE
gene7181	0	FALSE
gene7182	0	FALSE
gene7183	0	FALSE
gene7184	0	FALSE
gene7185	0	FALSE
gene7186	0	FALSE
gene7187	0	FALSE
gene7188	0	FALSE
gene7189	0	FALSE
gene7190	0	FALSE
gene7191	0	FALSE
gene7192	0	FALSE
gene7193	0	FALSE
gene7194	0	FALSE
gene7195	0	FALSE
gene7196	0	FALSE
gene7197	0	FALSE
gene7198	0	FALSE
gene7199	0	FALSE
gene7200	0.974104543682188	TRUE
gene7201	2.92395909311017	TRUE
gene7202	0	FALSE
gene7203	0	FALSE
gene7204	0	FALSE
gene7205	0	FALSE
gene7206	0	FALSE
gene7207	0	FALSE
gene7208	0	FALSE
gene7209	0	FALSE
gene7210	-1.9008932794095	TRUE
gene7211	0	FALSE
gene7212	0	FALSE
gene7213	0	FALSE
gene7214	0	FALSE
gene7215	0	FALSE
gene7216	0	FALSE
gene7217	0	FALSE
gene7218	0	FALSE
gene7219	0	FALSE
gene7220	0	FALSE
gene7221	0	FALSE
gene7222	0	FALSE
gene7223	0	FALSE
gene7224	0	FALSE
gene7225	-0.790025044523645	TRUE
gene7226	0	FALSE
gene7227	0	FALSE
gene7228	0	FALSE
gene7229	0	FALSE
gene7230	0	FALSE
gene7231	0	FALSE
gene7232	0	FALSE
gene7233	0	FALSE
gene7234	0	FALSE
gene7235	0	FALSE
gene7236	0	FALSE
gene7237	0	FALSE
gene7238	0	FALSE
gene7239	0	FALSE
gene7240	0	FALSE
gene7241	0	FALSE
gene7242	0	FALSE
gene7243	0	FALSE
gene7244	-2.03309682256076	TRUE
gene7245	0	FALSE
gene7246	0	FALSE
gene7247	0	FALSE
gene7248	0	FALSE
gene7249	0	FALSE
gene7250	0	FALSE
gene7251	0	FALSE
gene7252	0	FALSE
gene7253	0	FALSE
gene7254	0	FALSE
gene7255	0	FALSE
gene7256	0	FALSE
gene7257	0	FALSE
gene7258	0	FALSE
gene7259	0	FALSE
gene7260	0	FALSE
gene7261	0	FALSE
gene7262	0	FALSE
gene7263	0	FALSE
gene7264	0	FALSE
gene7265	-2.26269381312886	TRUE
gene7266	2.83756627229741	TRUE
gene7267	0	FALSE
gene7268	0	FALSE
gene7269	0	FALSE
gene7270	0	FALSE
gene7271	0	FALSE
gene7272	0	FALSE
gene7273	0	FALSE
gene7274	0	FALSE
gene7275	-2.94244401640026	TRUE
gene7276	0	FALSE
gene7277	-0.860090033209417	TRUE
gene7278	0	FALSE
gene7279	0	FALSE
gene7280	0	FALSE
gene7281	0	FALSE
gene7282	0	FALSE
gene7283	-2.36607354402076	TRUE
gene7284	0	FALSE
gene7285	0	FALSE
gene7286	0	FALSE
gene7287	1.58640148123959	TRUE
gene7288	0	FALSE
gene7289	0	FALSE
gene7290	0	FALSE
gene7291	0	FALSE
gene7292	0	FALSE
gene7293	0	FALSE
gene7294	0	FALSE
gene7295	1.99701047624694	TRUE
gene7296	0	FALSE
gene7297	0	FALSE
gene7298	0	FALSE
gene7299	0	FALSE
gene7300	0	FALSE
gene7301	0	FALSE
gene7302	0	FALSE
gene7303	0	FALSE
gene7304	0	FALSE
gene7305	2.21561272168765	TRUE
gene7306	0	FALSE
gene7307	0	FALSE
gene7308	0	FALSE
gene7309	0	FALSE
gene7310	1.70782238751417	TRUE
gene7311	0	FALSE
gene7312	0	FALSE
gene7313	0	FALSE
gene7314	2.80262799107004	TRUE
gene7315	0	FALSE
gene7316	0	FALSE
gene7317	0	FALSE
gene7318	-1.7844617968658	TRUE
gene7319	0	FALSE
gene7320	0	FALSE
gene7321	0	FALSE
gene7322	0	FALSE
gene7323	0	FALSE
gene7324	0	FALSE
gene7325	0	FALSE
gene7326	0	FALSE
gene7327	0	FALSE
gene7328	2.38343061623164	TRUE
gene7329	0	FALSE
gene7330	0	FALSE
gene7331	0	FALSE
gene7332	0	FALSE
gene7333	0	FALSE
gene7334	0	FALSE
gene7335	0	FALSE
gene7336	0	FALSE
gene7337	0	FALSE
gene7338	0	FALSE
gene7339	0	FALSE
gene7340	0	FALSE
gene7341	0	FALSE
gene7342	0	FALSE
gene7343	0	FALSE
gene7344	0	FALSE
gene7345	0	FALSE
gene7346	-2.59834294201573	TRUE
gene7347	0	FALSE
gene7348	0	FALSE
gene7349	0	FALSE
gene7350	0	FALSE
gene7351	-1.89113216393162	TRUE
gene7352	0	FALSE
gene7353	0	FALSE
gene7354	0	FALSE
gene7355	0	FALSE
gene7356	0	FALSE
gene7357	0	FALSE
gene7358	0	FALSE
gene7359	0	FALSE
gene7360	0	FALSE
gene7361	0	FALSE
gene7362	0	FALSE
gene7363	0	FALSE
gene7364	0	FALSE
gene7365	0	FALSE
gene7366	0	FALSE
gene7367	0	FALSE
gene7368	0	FALSE
gene7369	0	FALSE
gene7370	0	FALSE
gene7371	0	FALSE
gene7372	0	FALSE
gene7373	0	FALSE
gene7374	0	FALSE
gene7375	0	FALSE
gene7376	0	FALSE
gene7377	0	FALSE
gene7378	0	FALSE
gene7379	0	FALSE
gene7380	0	FALSE
gene7381	0	FALSE
gene7382	0	FALSE
gene7383	1.82569681626046	TRUE
gene7384	0	FALSE
gene7385	0	FALSE
gene7386	0	FALSE
gene7387	0	FALSE
gene7388	0	FALSE
gene7389	0	FALSE
gene7390	0	FALSE
gene7391	0	FALSE
gene7392	0	FALSE
gene7393	1.62385604070732	TRUE
gene7394	0	FALSE
gene7395	0	FALSE
gene7396	0	FALSE
gene7397	0.863877611467615	TRUE
gene7398	0	FALSE
gene7399	0	FALSE
gene7400	0	FALSE
gene7401	0	FALSE
gene7402	2.27732225105865	TRUE
gene7403	0	FALSE
gene7404	0	FALSE
gene7405	0	FALSE
gene7406	0	FALSE
gene7407	1.19788299466018	TRUE
gene7408	0	FALSE
gene7409	2.60095682909014	TRUE
gene7410	0	FALSE
gene7411	0	FALSE
gene7412	1.95990962523501	TRUE
gene7413	0	FALSE
gene7414	-1.94585550116608	TRUE
gene7415	0	FALSE
gene7416	0	FALSE
gene7417	0	FALSE
gene7418	0	FALSE
gene7419	0	FALSE
gene7420	0	FALSE
gene7421	0	FALSE
gene7422	1.38467675156426	TRUE
gene7423	0	FALSE
gene7424	0	FALSE
gene7425	0	FALSE
gene7426	0	FALSE
gene7427	0	FALSE
gene7428	0	FALSE
gene7429	0	FALSE
gene7430	0	FALSE
gene7431	0	FALSE
gene7432	0	FALSE
gene7433	0	FALSE
gene7434	0	FALSE
gene7435	0	FALSE
gene7436	0	FALSE
gene7437	-1.35432988358662	TRUE
gene7438	0	FALSE
gene7439	0	FALSE
gene7440	0	FALSE
gene7441	2.10604907828383	TRUE
gene7442	-2.37525854824344	TRUE
gene7443	0	FALSE
gene7444	0	FALSE
gene7445	0	FALSE
gene7446	0	FALSE
gene7447	0	FALSE
gene7448	0	FALSE
gene7449	0	FALSE
gene7450	0	FALSE
gene7451	0	FALSE
gene7452	0	FALSE
gene7453	0	FALSE
gene7454	0	FALSE
gene7455	0	FALSE
gene7456	1.68037992232712	TRUE
gene7457	0	FALSE
gene7458	0	FALSE
gene7459	0	FALSE
gene7460	0	FALSE
gene7461	0	FALSE
gene7462	0	FALSE
gene7463	0	FALSE
gene7464	0	FALSE
gene7465	0	FALSE
gene7466	1.50082182657206	TRUE
gene7467	0	FALSE
gene7468	0	FALSE
gene7469	0	FALSE
gene7470	0	FALSE
gene7471	0	FALSE
gene7472	0	FALSE
gene7473	0	FALSE
gene7474	-2.30457911314443	TRUE
gene7475	0	FALSE
gene7476	0	FALSE
gene7477	0	FALSE
gene7478	0	FALSE
gene7479	0	FALSE
gene7480	0	FALSE
gene7481	0	FALSE
gene7482	0	FALSE
gene7483	0	FALSE
gene7484	0	FALSE
gene7485	0	FALSE
gene7486	0	FALSE
gene7487	0	FALSE
gene7488	0	FALSE
gene7489	0	FALSE
gene7490	0	FALSE
gene7491	-2.47152065928094	TRUE
gene7492	0	FALSE
gene7493	-0.757250424823724	TRUE
gene7494	0	FALSE
gene7495	0	FALSE
gene7496	1.87098790565506	TRUE
gene7497	0	FALSE
gene7498	0	FALSE
gene7499	0	FALSE
gene7500	0	FALSE
gene7501	0	FALSE
gene7502	0	FALSE
gene7503	0	FALSE
gene7504	0	FALSE
gene7505	0	FALSE
gene7506	0	FALSE
gene7507	0	FALSE
gene7508	0.955611084995326	TRUE
gene7509	0	FALSE
gene7510	0	FALSE
gene7511	0	FALSE
gene7512	0	FALSE
gene7513	0	FALSE
gene7514	0	FALSE
gene7515	-0.997137227270287	TRUE
gene7516	0	FALSE
gene7517	0	FALSE
gene7518	1.44208455045009	TRUE
gene7519	0	FALSE
gene7520	0	FALSE
gene7521	0	FALSE
gene7522	0	FALSE
gene7523	0	FALSE
gene7524	2.21572023583576	TRUE
gene7525	0	FALSE
gene7526	0	FALSE
gene7527	0	FALSE
gene7528	0	FALSE
gene7529	0	FALSE
gene7530	0.767352813156322	TRUE
gene7531	0	FALSE
gene7532	0	FALSE
gene7533	0	FALSE
gene7534	0	FALSE
gene7535	0	FALSE
gene7536	0	FALSE
gene7537	0	FALSE
gene7538	0	FALSE
gene7539	0	FALSE
gene7540	2.39607504982268	TRUE
gene7541	0	FALSE
gene7542	-0.8236482894863	TRUE
gene7543	0	FALSE
gene7544	0	FALSE
gene7545	0	FALSE
gene7546	0	FALSE
gene7547	0	FALSE
gene7548	0	FALSE
gene7549	0	FALSE
gene7550	0	FALSE
gene7551	0	FALSE
gene7552	0	FALSE
gene7553	0	FALSE
gene7554	0	FALSE
gene7555	0	FALSE
gene7556	0	FALSE
gene7557	0	FALSE
gene7558	0	FALSE
gene7559	0	FALSE
gene7560	0	FALSE
gene7561	0	FALSE
gene7562	0	FALSE
gene7563	0	FALSE
gene7564	0	FALSE
gene7565	0	FALSE
gene7566	0	FALSE
gene7567	0	FALSE
gene7568	0	FALSE
gene7569	0	FALSE
gene7570	0	FALSE
gene7571	0	FALSE
gene7572	2.64006282621995	TRUE
gene7573	0	FALSE
gene7574	2.96569955802988	TRUE
gene7575	0	FALSE
gene7576	0	FALSE
gene7577	0	FALSE
gene7578	0	FALSE
gene7579	0	FALSE
gene7580	0	FALSE
gene7581	0	FALSE
gene7582	0	FALSE
gene7583	0	FALSE
gene7584	0	FALSE
gene7585	0	FALSE
gene7586	0	FALSE
gene7587	0	FALSE
gene7588	0.775994840310887	TRUE
gene7589	-2.1696219277801	TRUE
gene7590	0	FALSE
gene7591	0	FALSE
gene7592	0	FALSE
gene7593	0	FALSE
gene7594	0	FALSE
gene7595	0	FALSE
gene7596	0	FALSE
gene7597	-1.13122740114341	TRUE
gene7598	0	FALSE
gene7599	0	FALSE
gene7600	0	FALSE
gene7601	0	FALSE
gene7602	0	FALSE
gene7603	0	FALSE
gene7604	0	FALSE
gene7605	0	FALSE
gene7606	0	FALSE
gene7607	0	FALSE
gene7608	0	FALSE
gene7609	0	FALSE
gene7610	0	FALSE
gene7611	0	FALSE
gene7612	0	FALSE
gene7613	0	FALSE
gene7614	0	FALSE
gene7615	0	FALSE
gene7616	0	FALSE
gene7617	0	FALSE
gene7618	0	FALSE
gene7619	0	FALSE
gene7620	0	FALSE
gene7621	0	FALSE
gene7622	0	FALSE
gene7623	-1.68803919543279	TRUE
gene7624	0	FALSE
gene7625	0	FALSE
gene7626	0	FALSE
gene7627	0	FALSE
gene7628	0	FALSE
gene7629	0	FALSE
gene7630	0	FALSE
gene7631	2.85007173917256	TRUE
gene7632	0	FALSE
gene7633	0	FALSE
gene7634	1.59736417711247	TRUE
gene7635	0	FALSE
gene7636	0	FALSE
gene7637	0	FALSE
gene7638	0	FALSE
gene7639	-2.56548803835176	TRUE
gene7640	0	FALSE
gene7641	0	FALSE
gene7642	0	FALSE
gene7643	0	FALSE
gene7644	0	FALSE
gene7645	-1.59099826205056	TRUE
gene7646	0	FALSE
gene7647	0	FALSE
gene7648	0	FALSE
gene7649	0	FALSE
gene7650	0	FALSE
gene7651	0	FALSE
gene7652	0	FALSE
gene7653	0	FALSE
gene7654	0	FALSE
gene7655	0	FALSE
gene7656	0	FALSE
gene7657	0	FALSE
gene7658	0	FALSE
gene7659	0	FALSE
gene7660	0	FALSE
gene7661	0	FALSE
gene7662	0	FALSE
gene7663	-2.41891681199195	TRUE
gene7664	0	FALSE
gene7665	0	FALSE
gene7666	0	FALSE
gene7667	0	FALSE
gene7668	0	FALSE
gene7669	0	FALSE
gene7670	0	FALSE
gene7671	0	FALSE
gene7672	0	FALSE
gene7673	0	FALSE
gene7674	0	FALSE
gene7675	-2.99813213269226	TRUE
gene7676	0	FALSE
gene7677	0	FALSE
gene7678	0	FALSE
gene7679	0	FALSE
gene7680	0	FALSE
gene7681	0	FALSE
gene7682	0	FALSE
gene7683	0	FALSE
gene7684	0	FALSE
gene7685	0	FALSE
gene7686	0	FALSE
gene7687	0	FALSE
gene7688	0	FALSE
gene7689	0	FALSE
gene7690	0	FALSE
gene7691	0	FALSE
gene7692	0	FALSE
gene7693	0	FALSE
gene7694	0	FALSE
gene7695	0	FALSE
gene7696	0	FALSE
gene7697	0	FALSE
gene7698	0	FALSE
gene7699	0	FALSE
gene7700	0	FALSE
gene7701	-2.2241977340891	TRUE
gene7702	0	FALSE
gene7703	0	FALSE
gene7704	2.17590765055502	TRUE
gene7705	0	FALSE
gene7706	0	FALSE
gene7707	0	FALSE
gene7708	0	FALSE
gene7709	0	FALSE
gene7710	0	FALSE
gene7711	0	FALSE
gene7712	0	FALSE
gene7713	0	FALSE
gene7714	0	FALSE
gene7715	0	FALSE
gene7716	0	FALSE
gene7717	0	FALSE
gene7718	0	FALSE
gene7719	0	FALSE
gene7720	0	FALSE
gene7721	-1.0286855106242	TRUE
gene7722	0	FALSE
gene7723	0	FALSE
gene7724	0	FALSE
gene7725	0	FALSE
gene7726	-2.25421373010613	TRUE
gene7727	0.919428145629354	TRUE
gene7728	0	FALSE
gene7729	0	FALSE
gene7730	0	FALSE
gene7731	-2.01730089710327	TRUE
gene7732	0	FALSE
gene7733	0	FALSE
gene7734	0	FALSE
gene7735	-2.6749335906934	TRUE
gene7736	0	FALSE
gene7737	0	FALSE
gene7738	0	FALSE
gene7739	0	FALSE
gene7740	0	FALSE
gene7741	0	FALSE
gene7742	0	FALSE
gene7743	0	FALSE
gene7744	0	FALSE
gene7745	-1.94809553492814	TRUE
gene7746	2.885880734073	TRUE
gene7747	0	FALSE
gene7748	0	FALSE
gene7749	0	FALSE
gene7750	0	FALSE
gene7751	0	FALSE
gene7752	0	FALSE
gene7753	0	FALSE
gene7754	0	FALSE
gene7755	0	FALSE
gene7756	0	FALSE
gene7757	0	FALSE
gene7758	0	FALSE
gene7759	0	FALSE
gene7760	0	FALSE
gene7761	0	FALSE
gene7762	0	FALSE
gene7763	0	FALSE
gene7764	0	FALSE
gene7765	0	FALSE
gene7766	1.59075506584486	TRUE
gene7767	1.91878488811199	TRUE
gene7768	-1.01406703982502	TRUE
gene7769	0	FALSE
gene7770	0	FALSE
gene7771	0	FALSE
gene7772	0	FALSE
gene7773	0	FALSE
gene7774	0	FALSE
gene7775	0	FALSE
gene7776	0	FALSE
gene7777	0	FALSE
gene7778	0	FALSE
gene7779	0	FALSE
gene7780	-0.891159464197699	TRUE
gene7781	0	FALSE
gene7782	0	FALSE
gene7783	0	FALSE
gene7784	0	FALSE
gene7785	0	FALSE
gene7786	-1.10264555714093	TRUE
gene7787	0	FALSE
gene7788	0	FALSE
gene7789	0	FALSE
gene7790	0	FALSE
gene7791	0	FALSE
gene7792	0	FALSE
gene7793	0	FALSE
gene7794	0	FALSE
gene7795	0	FALSE
gene7796	0	FALSE
gene7797	0	FALSE
gene7798	0	FALSE
gene7799	0	FALSE
gene7800	0	FALSE
gene7801	0	FALSE
gene7802	0	FALSE
gene7803	0	FALSE
gene7804	0	FALSE
gene7805	0	FALSE
gene7806	0	FALSE
gene7807	0	FALSE
gene7808	0	FALSE
gene7809	0	FALSE
gene7810	0	FALSE
gene7811	0	FALSE
gene7812	0	FALSE
gene7813	0	FALSE
gene7814	0	FALSE
gene7815	0	FALSE
gene7816	0	FALSE
gene7817	0	FALSE
gene7818	0	FALSE
gene7819	0	FALSE
gene7820	-2.55061848502373	TRUE
gene7821	0	FALSE
gene7822	0	FALSE
gene7823	0	FALSE
gene7824	0	FALSE
gene7825	0	FALSE
gene7826	0	FALSE
gene7827	-1.52605344640324	TRUE
gene7828	0	FALSE
gene7829	0	FALSE
gene7830	0	FALSE
gene7831	0	FALSE
gene7832	0	FALSE
gene7833	0	FALSE
gene7834	0	FALSE
gene7835	-2.43871001782827	TRUE
gene7836	0	FALSE
gene7837	0	FALSE
gene7838	1.13432282645954	TRUE
gene7839	0	FALSE
gene7840	0	FALSE
gene7841	0	FALSE
gene7842	0	FALSE
gene7843	0	FALSE
gene7844	0	FALSE
gene7845	0	FALSE
gene7846	0	FALSE
gene7847	0	FALSE
gene7848	0	FALSE
gene7849	0	FALSE
gene7850	-2.89784123632126	TRUE
gene7851	0	FALSE
gene7852	0	FALSE
gene7853	0	FALSE
gene7854	0	FALSE
gene7855	0	FALSE
gene7856	0	FALSE
gene7857	0	FALSE
gene7858	0	FALSE
gene7859	0	FALSE
gene7860	0	FALSE
gene7861	0	FALSE
gene7862	0	FALSE
gene7863	0	FALSE
gene7864	0	FALSE
gene7865	0	FALSE
gene7866	0	FALSE
gene7867	2.49910641572205	TRUE
gene7868	0	FALSE
gene7869	0	FALSE
gene7870	0	FALSE
gene7871	0	FALSE
gene7872	0	FALSE
gene7873	0	FALSE
gene7874	0	FALSE
gene7875	0	FALSE
gene7876	0	FALSE
gene7877	0	FALSE
gene7878	-2.86550027271733	TRUE
gene7879	0	FALSE
gene7880	0	FALSE
gene7881	0	FALSE
gene7882	0	FALSE
gene7883	0	FALSE
gene7884	0	FALSE
gene7885	2.79906933149323	TRUE
gene7886	0	FALSE
gene7887	0	FALSE
gene7888	0	FALSE
gene7889	0	FALSE
gene7890	0	FALSE
gene7891	0	FALSE
gene7892	0	FALSE
gene7893	0	FALSE
gene7894	2.93037738720886	TRUE
gene7895	0	FALSE
gene7896	0	FALSE
gene7897	0.880618222465273	TRUE
gene7898	0	FALSE
gene7899	0	FALSE
gene7900	0	FALSE
gene7901	0	FALSE
gene7902	0	FALSE
gene7903	0	FALSE
gene7904	0	FALSE
gene7905	0	FALSE
gene7906	0	FALSE
gene7907	0	FALSE
gene7908	0	FALSE
gene7909	2.23939009860624	TRUE
gene7910	0	FALSE
gene7911	0	FALSE
gene7912	0	FALSE
gene7913	0	FALSE
gene7914	0	FALSE
gene7915	0	FALSE
gene7916	0	FALSE
gene7917	0	FALSE
gene7918	0	FALSE
gene7919	0	FALSE
gene7920	0	FALSE
gene7921	0	FALSE
gene7922	0	FALSE
gene7923	0	FALSE
gene7924	0	FALSE
gene7925	0	FALSE
gene7926	0	FALSE
gene7927	0	FALSE
gene7928	0	FALSE
gene7929	0	FALSE
gene7930	0	FALSE
gene7931	0	FALSE
gene7932	0	FALSE
gene7933	0	FALSE
gene7934	2.43783944507595	TRUE
gene7935	0	FALSE
gene7936	1.92628580663586	TRUE
gene7937	0	FALSE
gene7938	0	FALSE
gene7939	0	FALSE
gene7940	0	FALSE
gene7941	0	FALSE
gene7942	0.757980609603692	TRUE
gene7943	0	FALSE
gene7944	0	FALSE
gene7945	0	FALSE
gene7946	0	FALSE
gene7947	0	FALSE
gene7948	0	FALSE
gene7949	0	FALSE
gene7950	0	FALSE
gene7951	0	FALSE
gene7952	-2.19461152696749	TRUE
gene7953	0	FALSE
gene7954	0	FALSE
gene7955	0	FALSE
gene7956	0	FALSE
gene7957	0	FALSE
gene7958	0	FALSE
gene7959	1.33868627354968	TRUE
gene7960	0	FALSE
gene7961	0	FALSE
gene7962	0	FALSE
gene7963	0	FALSE
gene7964	0	FALSE
gene7965	0	FALSE
gene7966	0	FALSE
gene7967	0	FALSE
gene7968	0	FALSE
gene7969	0	FALSE
gene7970	0	FALSE
gene7971	0	FALSE
gene7972	0	FALSE
gene7973	0	FALSE
gene7974	-2.20253160875291	TRUE
gene7975	0	FALSE
gene7976	0	FALSE
gene7977	0	FALSE
gene7978	0	FALSE
gene7979	0	FALSE
gene7980	0	FALSE
gene7981	0	FALSE
gene7982	0	FALSE
gene7983	0	FALSE
gene7984	0	FALSE
gene7985	0	FALSE
gene7986	1.14295331330504	TRUE
gene7987	-1.17232327884994	TRUE
gene7988	0	FALSE
gene7989	0	FALSE
gene7990	0	FALSE
gene7991	0	FALSE
gene7992	0	FALSE
gene7993	0	FALSE
gene7994	0	FALSE
gene7995	0	FALSE
gene7996	0	FALSE
gene7997	0	FALSE
gene7998	0	FALSE
gene7999	0	FALSE
gene8000	0	FALSE
gene8001	0	FALSE
gene8002	0	FALSE
gene8003	0	FALSE
gene8004	0	FALSE
gene8005	0	FALSE
gene8006	0	FALSE
gene8007	0	FALSE
gene8008	0	FALSE
gene8009	0	FALSE
gene8010	0	FALSE
gene8011	0	FALSE
gene8012	0	FALSE
gene8013	0	FALSE
gene8014	0	FALSE
gene8015	0	FALSE
gene8016	0	FALSE
gene8017	0	FALSE
gene8018	0	FALSE
gene8019	0	FALSE
gene8020	1.5844748148811	TRUE
gene8021	0	FALSE
gene8022	0	FALSE
gene8023	0	FALSE
gene8024	0	FALSE
gene8025	0	FALSE
gene8026	-2.45854142995086	TRUE
gene8027	0	FALSE
gene8028	0	FALSE
gene8029	1.83744903240586	TRUE
gene8030	0	FALSE
gene8031	0	FALSE
gene8032	0	FALSE
gene8033	0	FALSE
gene8034	0	FALSE
gene8035	0	FALSE
gene8036	0	FALSE
gene8037	2.44304688158445	TRUE
gene8038	0	FALSE
gene8039	0	FALSE
gene8040	0	FALSE
gene8041	0	FALSE
gene8042	0	FALSE
gene8043	0	FALSE
gene8044	0	FALSE
gene8045	0	FALSE
gene8046	0	FALSE
gene8047	-0.94755403714953	TRUE
gene8048	1.90576611558208	TRUE
gene8049	0	FALSE
gene8050	0.750012017029803	TRUE
gene8051	0	FALSE
gene8052	0	FALSE
gene8053	0	FALSE
gene8054	0	FALSE
gene8055	-0.846404510142747	TRUE
gene8056	0	FALSE
gene8057	0	FALSE
gene8058	0	FALSE
gene8059	0	FALSE
gene8060	0	FALSE
gene8061	0	FALSE
gene8062	0	FALSE
gene8063	0	FALSE
gene8064	0	FALSE
gene8065	0	FALSE
gene8066	0	FALSE
gene8067	0	FALSE
gene8068	0	FALSE
gene8069	0	FALSE
gene8070	0	FALSE
gene8071	0	FALSE
gene8072	0.872919233283028	TRUE
gene8073	-1.46904448885471	TRUE
gene8074	0	FALSE
gene8075	0	FALSE
gene8076	0	FALSE
gene8077	0	FALSE
gene8078	0	FALSE
gene8079	0	FALSE
gene8080	0	FALSE
gene8081	0	FALSE
gene8082	0	FALSE
gene8083	0.842053576314356	TRUE
gene8084	1.82493156683631	TRUE
gene8085	0	FALSE
gene8086	0	FALSE
gene8087	-1.22170698177069	TRUE
gene8088	0	FALSE
gene8089	0	FALSE
gene8090	0	FALSE
gene8091	0.897593314060941	TRUE
gene8092	0	FALSE
gene8093	1.79628215997946	TRUE
gene8094	0	FALSE
gene8095	0	FALSE
gene8096	0	FALSE
gene8097	-2.48437214578735	TRUE
gene8098	0	FALSE
gene8099	0	FALSE
gene8100	0	FALSE
gene8101	0	FALSE
gene8102	0	FALSE
gene8103	0	FALSE
gene8104	0	FALSE
gene8105	0	FALSE
gene8106	0	FALSE
gene8107	0	FALSE
gene8108	0	FALSE
gene8109	0	FALSE
gene8110	0	FALSE
gene8111	0	FALSE
gene8112	0	FALSE
gene8113	-2.53307601087727	TRUE
gene8114	0	FALSE
gene8115	0	FALSE
gene8116	0	FALSE
gene8117	0	FALSE
gene8118	0	FALSE
gene8119	0	FALSE
gene8120	2.1868749941932	TRUE
gene8121	0	FALSE
gene8122	0	FALSE
gene8123	0	FALSE
gene8124	0	FALSE
gene8125	2.26023830944905	TRUE
gene8126	-2.34753486444242	TRUE
gene8127	0	FALSE
gene8128	0	FALSE
gene8129	0	FALSE
gene8130	0	FALSE
gene8131	0	FALSE
gene8132	0	FALSE
gene8133	0	FALSE
gene8134	0	FALSE
gene8135	-1.2000197392772	TRUE
gene8136	0	FALSE
gene8137	0	FALSE
gene8138	0	FALSE
gene8139	0	FALSE
gene8140	0	FALSE
gene8141	0	FALSE
gene8142	0	FALSE
gene8143	0	FALSE
gene8144	0	FALSE
gene8145	2.39015661471058	TRUE
gene8146	0	FALSE
gene8147	0	FALSE
gene8148	0	FALSE
gene8149	0	FALSE
gene8150	0	FALSE
gene8151	0	FALSE
gene8152	1.23934436263517	TRUE
gene8153	-1.10177491314244	TRUE
gene8154	0	FALSE
gene8155	-1.07086848869221	TRUE
gene8156	0	FALSE
gene8157	1.83061197004281	TRUE
gene8158	1.07508028973825	TRUE
gene8159	0	FALSE
gene8160	0	FALSE
gene8161	-2.27439669863088	TRUE
gene8162	0	FALSE
gene8163	0	FALSE
gene8164	0	FALSE
gene8165	0	FALSE
gene8166	0	FALSE
gene8167	0	FALSE
gene8168	0	FALSE
gene8169	0	FALSE
gene8170	0	FALSE
gene8171	0	FALSE
gene8172	0	FALSE
gene8173	0	FALSE
gene8174	0	FALSE
gene8175	0	FALSE
gene8176	0	FALSE
gene8177	0	FALSE
gene8178	0	FALSE
gene8179	0	FALSE
gene8180	0	FALSE
gene8181	0	FALSE
gene8182	0	FALSE
gene8183	0	FALSE
gene8184	0	FALSE
gene8185	2.22879357769853	TRUE
gene8186	0	FALSE
gene8187	0	FALSE
gene8188	0	FALSE
gene8189	0	FALSE
gene8190	0	FALSE
gene8191	0	FALSE
gene8192	1.70628308295272	TRUE
gene8193	0	FALSE
gene8194	-2.07310125179356	TRUE
gene8195	0	FALSE
gene8196	0	FALSE
gene8197	0.84608551900601	TRUE
gene8198	0	FALSE
gene8199	0	FALSE
gene8200	0	FALSE
gene8201	0	FALSE
gene8202	0	FALSE
gene8203	0	FALSE
gene8204	0	FALSE
gene8205	0	FALSE
gene8206	0	FALSE
gene8207	0	FALSE
gene8208	0	FALSE
gene8209	0	FALSE
gene8210	0	FALSE
gene8211	0	FALSE
gene8212	0	FALSE
gene8213	0	FALSE
gene8214	0	FALSE
gene8215	0	FALSE
gene8216	0	FALSE
gene8217	2.64868355233921	TRUE
gene8218	0	FALSE
gene8219	0	FALSE
gene8220	0	FALSE
gene8221	2.77909579686821	TRUE
gene8222	0	FALSE
gene8223	0	FALSE
gene8224	0.940124931104947	TRUE
gene8225	0	FALSE
gene8226	0	FALSE
gene8227	0	FALSE
gene8228	-0.903593100782018	TRUE
gene8229	0	FALSE
gene8230	0	FALSE
gene8231	0	FALSE
gene8232	0	FALSE
gene8233	0	FALSE
gene8234	0	FALSE
gene8235	0	FALSE
gene8236	0	FALSE
gene8237	0	FALSE
gene8238	0	FALSE
gene8239	0	FALSE
gene8240	0	FALSE
gene8241	0	FALSE
gene8242	0	FALSE
gene8243	0	FALSE
gene8244	0	FALSE
gene8245	0	FALSE
gene8246	1.60697400919162	TRUE
gene8247	0	FALSE
gene8248	0	FALSE
gene8249	2.00683234847384	TRUE
gene8250	2.78124485345325	TRUE
gene8251	0	FALSE
gene8252	0	FALSE
gene8253	0	FALSE
gene8254	0	FALSE
gene8255	0	FALSE
gene8256	0	FALSE
gene8257	0	FALSE
gene8258	0	FALSE
gene8259	0	FALSE
gene8260	0	FALSE
gene8261	0	FALSE
gene8262	0	FALSE
gene8263	0	FALSE
gene8264	0	FALSE
gene8265	0	FALSE
gene8266	0	FALSE
gene8267	0	FALSE
gene8268	0	FALSE
gene8269	0	FALSE
gene8270	-1.72060551802861	TRUE
gene8271	0	FALSE
gene8272	-2.23630015924573	TRUE
gene8273	0	FALSE
gene8274	0	FALSE
gene8275	0	FALSE
gene8276	0	FALSE
gene8277	0	FALSE
gene8278	0	FALSE
gene8279	0	FALSE
gene8280	0	FALSE
gene8281	-2.67026535520563	TRUE
gene8282	0	FALSE
gene8283	0	FALSE
gene8284	0	FALSE
gene8285	0	FALSE
gene8286	0	FALSE
gene8287	1.6172565696761	TRUE
gene8288	0	FALSE
gene8289	0	FALSE
gene8290	0	FALSE
gene8291	0	FALSE
gene8292	0	FALSE
gene8293	0	FALSE
gene8294	0	FALSE
gene8295	0	FALSE
gene8296	0	FALSE
gene8297	0	FALSE
gene8298	0	FALSE
gene8299	0	FALSE
gene8300	0	FALSE
gene8301	0	FALSE
gene8302	0	FALSE
gene8303	0	FALSE
gene8304	0	FALSE
gene8305	0	FALSE
gene8306	0	FALSE
gene8307	0	FALSE
gene8308	0	FALSE
gene8309	0	FALSE
gene8310	0	FALSE
gene8311	0	FALSE
gene8312	1.14148136466974	TRUE
gene8313	0	FALSE
gene8314	0	FALSE
gene8315	0	FALSE
gene8316	0	FALSE
gene8317	0	FALSE
gene8318	0	FALSE
gene8319	0	FALSE
gene8320	0	FALSE
gene8321	-2.08187059796182	TRUE
gene8322	0	FALSE
gene8323	0	FALSE
gene8324	0	FALSE
gene8325	0	FALSE
gene8326	0	FALSE
gene8327	0	FALSE
gene8328	-1.20173972361954	TRUE
gene8329	0	FALSE
gene8330	0	FALSE
gene8331	0	FALSE
gene8332	0	FALSE
gene8333	0	FALSE
gene8334	0	FALSE
gene8335	0	FALSE
gene8336	2.23724740650505	TRUE
gene8337	0	FALSE
gene8338	0	FALSE
gene8339	0	FALSE
gene8340	0	FALSE
gene8341	0	FALSE
gene8342	0	FALSE
gene8343	0	FALSE
gene8344	0	FALSE
gene8345	0	FALSE
gene8346	0	FALSE
gene8347	0	FALSE
gene8348	0	FALSE
gene8349	0	FALSE
gene8350	0	FALSE
gene8351	0	FALSE
gene8352	0	FALSE
gene8353	0	FALSE
gene8354	0	FALSE
gene8355	0	FALSE
gene8356	0	FALSE
gene8357	0	FALSE
gene8358	0	FALSE
gene8359	0	FALSE
gene8360	0	FALSE
gene8361	0	FALSE
gene8362	0	FALSE
gene8363	0	FALSE
gene8364	1.7581645186292	TRUE
gene8365	2.53042623354122	TRUE
gene8366	0	FALSE
gene8367	0	FALSE
gene8368	0	FALSE
gene8369	0	FALSE
gene8370	0	FALSE
gene8371	0	FALSE
gene8372	0	FALSE
gene8373	0	FALSE
gene8374	0	FALSE
gene8375	0	FALSE
gene8376	0	FALSE
gene8377	0	FALSE
gene8378	0	FALSE
gene8379	1.96231878956314	TRUE
gene8380	0	FALSE
gene8381	0	FALSE
gene8382	0	FALSE
gene8383	0	FALSE
gene8384	0	FALSE
gene8385	0	FALSE
gene8386	0	FALSE
gene8387	0	FALSE
gene8388	0	FALSE
gene8389	0	FALSE
gene8390	2.03570083575323	TRUE
gene8391	0	FALSE
gene8392	0	FALSE
gene8393	0	FALSE
gene8394	0	FALSE
gene8395	-1.92207306053024	TRUE
gene8396	0	FALSE
gene8397	0	FALSE
gene8398	0	FALSE
gene8399	0	FALSE
gene8400	0	FALSE
gene8401	0	FALSE
gene8402	0	FALSE
gene8403	-2.77189266012283	TRUE
gene8404	0	FALSE
gene8405	0	FALSE
gene8406	0	FALSE
gene8407	0	FALSE
gene8408	0	FALSE
gene8409	0	FALSE
gene8410	0	FALSE
gene8411	0	FALSE
gene8412	0	FALSE
gene8413	0	FALSE
gene8414	0	FALSE
gene8415	1.9107305596699	TRUE
gene8416	-1.16416139120702	TRUE
gene8417	-2.03935500502121	TRUE
gene8418	-2.03663108818	TRUE
gene8419	0	FALSE
gene8420	0	FALSE
gene8421	0	FALSE
gene8422	0	FALSE
gene8423	0	FALSE
gene8424	0	FALSE
gene8425	0	FALSE
gene8426	0	FALSE
gene8427	0	FALSE
gene8428	0	FALSE
gene8429	0	FALSE
gene8430	0	FALSE
gene8431	0	FALSE
gene8432	0	FALSE
gene8433	0	FALSE
gene8434	0	FALSE
gene8435	0	FALSE
gene8436	0	FALSE
gene8437	0	FALSE
gene8438	0	FALSE
gene8439	0	FALSE
gene8440	0	FALSE
gene8441	0	FALSE
gene8442	0	FALSE
gene8443	0	FALSE
gene8444	0	FALSE
gene8445	0	FALSE
gene8446	1.47543856973061	TRUE
gene8447	0	FALSE
gene8448	0	FALSE
gene8449	-2.85889225319261	TRUE
gene8450	0	FALSE
gene8451	-1.81665960384998	TRUE
gene8452	0	FALSE
gene8453	0	FALSE
gene8454	0	FALSE
gene8455	0	FALSE
gene8456	0	FALSE
gene8457	0	FALSE
gene8458	0	FALSE
gene8459	0	FALSE
gene8460	0	FALSE
gene8461	0	FALSE
gene8462	0	FALSE
gene8463	0	FALSE
gene8464	0	FALSE
gene8465	0	FALSE
gene8466	0	FALSE
gene8467	0	FALSE
gene8468	0	FALSE
gene8469	0	FALSE
gene8470	0	FALSE
gene8471	0	FALSE
gene8472	0	FALSE
gene8473	0	FALSE
gene8474	0	FALSE
gene8475	0	FALSE
gene8476	0	FALSE
gene8477	0	FALSE
gene8478	0	FALSE
gene8479	0	FALSE
gene8480	0	FALSE
gene8481	1.996521771478	TRUE
gene8482	0	FALSE
gene8483	0	FALSE
gene8484	0	FALSE
gene8485	0	FALSE
gene8486	0	FALSE
gene8487	0	FALSE
gene8488	0	FALSE
gene8489	0	FALSE
gene8490	0	FALSE
gene8491	0	FALSE
gene8492	0.981707540166099	TRUE
gene8493	0	FALSE
gene8494	0	FALSE
gene8495	0	FALSE
gene8496	-1.86720816185698	TRUE
gene8497	0	FALSE
gene8498	0	FALSE
gene8499	0	FALSE
gene8500	0	FALSE
gene8501	1.79534704919206	TRUE
gene8502	0	FALSE
gene8503	0	FALSE
gene8504	0	FALSE
gene8505	0	FALSE
gene8506	0	FALSE
gene8507	0	FALSE
gene8508	0	FALSE
gene8509	0	FALSE
gene8510	0	FALSE
gene8511	0	FALSE
gene8512	0	FALSE
gene8513	2.52440948761068	TRUE
gene8514	2.84001192828873	TRUE
gene8515	0	FALSE
gene8516	0	FALSE
gene8517	0	FALSE
gene8518	1.1643103135284	TRUE
gene8519	0	FALSE
gene8520	0	FALSE
gene8521	0	FALSE
gene8522	0	FALSE
gene8523	0	FALSE
gene8524	0	FALSE
gene8525	0	FALSE
gene8526	0	FALSE
gene8527	0	FALSE
gene8528	0	FALSE
gene8529	0	FALSE
gene8530	0	FALSE
gene8531	0	FALSE
gene8532	-1.77452634146903	TRUE
gene8533	0	FALSE
gene8534	0	FALSE
gene8535	0	FALSE
gene8536	0	FALSE
gene8537	-0.908786956511904	TRUE
gene8538	0	FALSE
gene8539	-2.76427331788	TRUE
gene8540	0	FALSE
gene8541	0	FALSE
gene8542	0	FALSE
gene8543	0	FALSE
gene8544	0	FALSE
gene8545	0	FALSE
gene8546	0	FALSE
gene8547	0	FALSE
gene8548	0	FALSE
gene8549	2.37772602285258	TRUE
gene8550	-2.07576655870071	TRUE
gene8551	2.53239571413724	TRUE
gene8552	0	FALSE
gene8553	0	FALSE
gene8554	0	FALSE
gene8555	0	FALSE
gene8556	-0.860716886934824	TRUE
gene8557	2.82146733318223	TRUE
gene8558	0	FALSE
gene8559	0	FALSE
gene8560	0	FALSE
gene8561	0	FALSE
gene8562	0	FALSE
gene8563	0	FALSE
gene8564	0	FALSE
gene8565	0	FALSE
gene8566	0	FALSE
gene8567	0	FALSE
gene8568	0	FALSE
gene8569	0	FALSE
gene8570	0	FALSE
gene8571	-2.59911265585106	TRUE
gene8572	0	FALSE
gene8573	0	FALSE
gene8574	0	FALSE
gene8575	2.59338571684202	TRUE
gene8576	0	FALSE
gene8577	0	FALSE
gene8578	0	FALSE
gene8579	0	FALSE
gene8580	0	FALSE
gene8581	0	FALSE
gene8582	0	FALSE
gene8583	0	FALSE
gene8584	0	FALSE
gene8585	0	FALSE
gene8586	0	FALSE
gene8587	0	FALSE
gene8588	0	FALSE
gene8589	0	FALSE
gene8590	0	FALSE
gene8591	0	FALSE
gene8592	0	FALSE
gene8593	0	FALSE
gene8594	0	FALSE
gene8595	0	FALSE
gene8596	0	FALSE
gene8597	0	FALSE
gene8598	0	FALSE
gene8599	0	FALSE
gene8600	0	FALSE
gene8601	0	FALSE
gene8602	-0.992503703339025	TRUE
gene8603	0	FALSE
gene8604	0	FALSE
gene8605	0	FALSE
gene8606	0	FALSE
gene8607	0	FALSE
gene8608	0	FALSE
gene8609	0	FALSE
gene8610	0	FALSE
gene8611	0	FALSE
gene8612	0	FALSE
gene8613	0	FALSE
gene8614	0	FALSE
gene8615	0	FALSE
gene8616	0	FALSE
gene8617	0	FALSE
gene8618	0	FALSE
gene8619	0	FALSE
gene8620	0	FALSE
gene8621	0	FALSE
gene8622	0	FALSE
gene8623	0	FALSE
gene8624	0	FALSE
gene8625	0	FALSE
gene8626	0	FALSE
gene8627	0	FALSE
gene8628	0	FALSE
gene8629	0	FALSE
gene8630	0	FALSE
gene8631	0	FALSE
gene8632	0	FALSE
gene8633	0	FALSE
gene8634	0	FALSE
gene8635	0	FALSE
gene8636	0	FALSE
gene8637	0	FALSE
gene8638	0	FALSE
gene8639	0	FALSE
gene8640	0	FALSE
gene8641	0	FALSE
gene8642	0	FALSE
gene8643	0	FALSE
gene8644	0	FALSE
gene8645	0	FALSE
gene8646	0	FALSE
gene8647	0	FALSE
gene8648	0	FALSE
gene8649	0	FALSE
gene8650	0	FALSE
gene8651	-1.77371503296308	TRUE
gene8652	0	FALSE
gene8653	0	FALSE
gene8654	-2.38864189689048	TRUE
gene8655	0	FALSE
gene8656	0	FALSE
gene8657	0	FALSE
gene8658	0	FALSE
gene8659	-2.33380377158755	TRUE
gene8660	0	FALSE
gene8661	0	FALSE
gene8662	-2.69865801022388	TRUE
gene8663	0	FALSE
gene8664	0.80991756595904	TRUE
gene8665	0	FALSE
gene8666	0	FALSE
gene8667	0	FALSE
gene8668	0	FALSE
gene8669	0	FALSE
gene8670	0	FALSE
gene8671	0	FALSE
gene8672	2.46180270012701	TRUE
gene8673	0	FALSE
gene8674	0	FALSE
gene8675	1.25094128516503	TRUE
gene8676	0	FALSE
gene8677	0	FALSE
gene8678	0	FALSE
gene8679	0	FALSE
gene8680	0	FALSE
gene8681	0	FALSE
gene8682	0	FALSE
gene8683	0	FALSE
gene8684	0	FALSE
gene8685	0	FALSE
gene8686	0	FALSE
gene8687	0	FALSE
gene8688	0	FALSE
gene8689	2.05321828468004	TRUE
gene8690	0	FALSE
gene8691	0	FALSE
gene8692	0	FALSE
gene8693	0	FALSE
gene8694	0	FALSE
gene8695	0	FALSE
gene8696	0	FALSE
gene8697	0	FALSE
gene8698	0	FALSE
gene8699	0	FALSE
gene8700	0	FALSE
gene8701	0	FALSE
gene8702	0	FALSE
gene8703	0	FALSE
gene8704	0	FALSE
gene8705	0	FALSE
gene8706	0	FALSE
gene8707	0	FALSE
gene8708	0	FALSE
gene8709	0	FALSE
gene8710	0	FALSE
gene8711	0	FALSE
gene8712	0	FALSE
gene8713	0	FALSE
gene8714	0	FALSE
gene8715	-1.81376460450701	TRUE
gene8716	0	FALSE
gene8717	0	FALSE
gene8718	0	FALSE
gene8719	0	FALSE
gene8720	0	FALSE
gene8721	0	FALSE
gene8722	1.56164588750107	TRUE
gene8723	0	FALSE
gene8724	0	FALSE
gene8725	0	FALSE
gene8726	0	FALSE
gene8727	0	FALSE
gene8728	0	FALSE
gene8729	-2.32232036569621	TRUE
gene8730	0	FALSE
gene8731	0	FALSE
gene8732	0	FALSE
gene8733	0	FALSE
gene8734	0	FALSE
gene8735	0	FALSE
gene8736	0	FALSE
gene8737	0	FALSE
gene8738	0	FALSE
gene8739	0	FALSE
gene8740	0	FALSE
gene8741	0	FALSE
gene8742	0	FALSE
gene8743	1.61527636967367	TRUE
gene8744	0	FALSE
gene8745	0	FALSE
gene8746	0	FALSE
gene8747	0	FALSE
gene8748	0	FALSE
gene8749	0	FALSE
gene8750	0	FALSE
gene8751	0	FALSE
gene8752	0	FALSE
gene8753	0	FALSE
gene8754	0	FALSE
gene8755	0	FALSE
gene8756	0	FALSE
gene8757	-1.78621005965397	TRUE
gene8758	-1.6152334548533	TRUE
gene8759	0	FALSE
gene8760	-1.31214436108712	TRUE
gene8761	0	FALSE
gene8762	0	FALSE
gene8763	0	FALSE
gene8764	0	FALSE
gene8765	0	FALSE
gene8766	0	FALSE
gene8767	0	FALSE
gene8768	0	FALSE
gene8769	0	FALSE
gene8770	0	FALSE
gene8771	0.85531300061848	TRUE
gene8772	0	FALSE
gene8773	0	FALSE
gene8774	0	FALSE
gene8775	0	FALSE
gene8776	0	FALSE
gene8777	0	FALSE
gene8778	0	FALSE
gene8779	0	FALSE
gene8780	0	FALSE
gene8781	0	FALSE
gene8782	-1.4035620286013	TRUE
gene8783	0	FALSE
gene8784	0	FALSE
gene8785	0	FALSE
gene8786	2.57800273108296	TRUE
gene8787	0	FALSE
gene8788	0	FALSE
gene8789	0	FALSE
gene8790	0	FALSE
gene8791	0	FALSE
gene8792	0	FALSE
gene8793	0	FALSE
gene8794	0	FALSE
gene8795	0	FALSE
gene8796	0	FALSE
gene8797	0.912146442686208	TRUE
gene8798	0	FALSE
gene8799	0	FALSE
gene8800	0	FALSE
gene8801	0	FALSE
gene8802	0	FALSE
gene8803	0	FALSE
gene8804	0	FALSE
gene8805	0	FALSE
gene8806	0	FALSE
gene8807	0	FALSE
gene8808	0	FALSE
gene8809	0	FALSE
gene8810	0	FALSE
gene8811	0	FALSE
gene8812	0	FALSE
gene8813	0	FALSE
gene8814	0	FALSE
gene8815	0	FALSE
gene8816	0	FALSE
gene8817	0	FALSE
gene8818	0	FALSE
gene8819	0	FALSE
gene8820	0	FALSE
gene8821	0	FALSE
gene8822	0	FALSE
gene8823	0	FALSE
gene8824	0	FALSE
gene8825	1.30530562862987	TRUE
gene8826	0	FALSE
gene8827	0	FALSE
gene8828	0	FALSE
gene8829	0	FALSE
gene8830	0	FALSE
gene8831	0	FALSE
gene8832	0	FALSE
gene8833	0	FALSE
gene8834	2.3723515549209	TRUE
gene8835	0	FALSE
gene8836	0	FALSE
gene8837	1.45618521503638	TRUE
gene8838	0	FALSE
gene8839	-2.11558493116172	TRUE
gene8840	0	FALSE
gene8841	0	FALSE
gene8842	0	FALSE
gene8843	0	FALSE
gene8844	0	FALSE
gene8845	0	FALSE
gene8846	0	FALSE
gene8847	0	FALSE
gene8848	0	FALSE
gene8849	1.54312148649478	TRUE
gene8850	0	FALSE
gene8851	0	FALSE
gene8852	0	FALSE
gene8853	0	FALSE
gene8854	0	FALSE
gene8855	0	FALSE
gene8856	0	FALSE
gene8857	0	FALSE
gene8858	1.88573764020111	TRUE
gene8859	0	FALSE
gene8860	0	FALSE
gene8861	0	FALSE
gene8862	0	FALSE
gene8863	0	FALSE
gene8864	-1.51985111675458	TRUE
gene8865	0	FALSE
gene8866	0	FALSE
gene8867	0	FALSE
gene8868	0	FALSE
gene8869	0	FALSE
gene8870	0	FALSE
gene8871	2.75182403647341	TRUE
gene8872	0	FALSE
gene8873	0	FALSE
gene8874	0	FALSE
gene8875	0	FALSE
gene8876	0	FALSE
gene8877	0	FALSE
gene8878	0	FALSE
gene8879	0	FALSE
gene8880	0	FALSE
gene8881	0	FALSE
gene8882	0	FALSE
gene8883	0	FALSE
gene8884	0	FALSE
gene8885	0	FALSE
gene8886	-1.9352525670547	TRUE
gene8887	-2.60983645595843	TRUE
gene8888	0	FALSE
gene8889	0	FALSE
gene8890	0	FALSE
gene8891	0	FALSE
gene8892	-1.40442947961856	TRUE
gene8893	0	FALSE
gene8894	0	FALSE
gene8895	0	FALSE
gene8896	0	FALSE
gene8897	0	FALSE
gene8898	0	FALSE
gene8899	0	FALSE
gene8900	0	FALSE
gene8901	0	FALSE
gene8902	-1.64722136169439	TRUE
gene8903	0	FALSE
gene8904	0	FALSE
gene8905	0	FALSE
gene8906	0	FALSE
gene8907	0	FALSE
gene8908	0	FALSE
gene8909	0	FALSE
gene8910	0	FALSE
gene8911	0	FALSE
gene8912	0	FALSE
gene8913	0	FALSE
gene8914	0	FALSE
gene8915	0	FALSE
gene8916	0	FALSE
gene8917	0	FALSE
gene8918	0	FALSE
gene8919	0	FALSE
gene8920	0	FALSE
gene8921	0	FALSE
gene8922	-1.1796171690803	TRUE
gene8923	0	FALSE
gene8924	-2.20196601154748	TRUE
gene8925	0	FALSE
gene8926	-2.66313481255202	TRUE
gene8927	0	FALSE
gene8928	0	FALSE
gene8929	0	FALSE
gene8930	0	FALSE
gene8931	-2.54858341865474	TRUE
gene8932	0	FALSE
gene8933	0	FALSE
gene8934	2.72963777370751	TRUE
gene8935	0	FALSE
gene8936	0	FALSE
gene8937	0	FALSE
gene8938	0	FALSE
gene8939	0	FALSE
gene8940	0	FALSE
gene8941	0	FALSE
gene8942	0	FALSE
gene8943	0	FALSE
gene8944	0	FALSE
gene8945	0	FALSE
gene8946	1.61723834951408	TRUE
gene8947	1.06208100827644	TRUE
gene8948	0	FALSE
gene8949	0	FALSE
gene8950	0	FALSE
gene8951	1.91485052596545	TRUE
gene8952	0	FALSE
gene8953	0	FALSE
gene8954	-2.76823851076188	TRUE
gene8955	0	FALSE
gene8956	0	FALSE
gene8957	0	FALSE
gene8958	0	FALSE
gene8959	0	FALSE
gene8960	0	FALSE
gene8961	0	FALSE
gene8962	0	FALSE
gene8963	2.08281925861957	TRUE
gene8964	0	FALSE
gene8965	1.27078037406318	TRUE
gene8966	0	FALSE
gene8967	0	FALSE
gene8968	0	FALSE
gene8969	0	FALSE
gene8970	0	FALSE
gene8971	-1.85220664227381	TRUE
gene8972	0	FALSE
gene8973	0	FALSE
gene8974	0	FALSE
gene8975	0	FALSE
gene8976	0	FALSE
gene8977	-0.899742589099333	TRUE
gene8978	0	FALSE
gene8979	0	FALSE
gene8980	0	FALSE
gene8981	0	FALSE
gene8982	0	FALSE
gene8983	0	FALSE
gene8984	0	FALSE
gene8985	0	FALSE
gene8986	0	FALSE
gene8987	0	FALSE
gene8988	1.77141431631753	TRUE
gene8989	0	FALSE
gene8990	-1.89669600158231	TRUE
gene8991	0	FALSE
gene8992	0	FALSE
gene8993	0	FALSE
gene8994	0	FALSE
gene8995	0	FALSE
gene8996	0	FALSE
gene8997	0	FALSE
gene8998	0	FALSE
gene8999	0	FALSE
gene9000	0	FALSE
gene9001	0	FALSE
gene9002	0	FALSE
gene9003	0	FALSE
gene9004	0	FALSE
gene9005	0	FALSE
gene9006	0	FALSE
gene9007	0	FALSE
gene9008	0	FALSE
gene9009	0	FALSE
gene9010	0	FALSE
gene9011	0	FALSE
gene9012	-2.21552907553269	TRUE
gene9013	0	FALSE
gene9014	0	FALSE
gene9015	0	FALSE
gene9016	0	FALSE
gene9017	0	FALSE
gene9018	0	FALSE
gene9019	-2.57255761051783	TRUE
gene9020	0	FALSE
gene9021	0	FALSE
gene9022	1.15928789548343	TRUE
gene9023	0	FALSE
gene9024	0	FALSE
gene9025	2.65747894736705	TRUE
gene9026	0	FALSE
gene9027	0	FALSE
gene9028	-1.29431255726377	TRUE
gene9029	0	FALSE
gene9030	0	FALSE
gene9031	0	FALSE
gene9032	0	FALSE
gene9033	0	FALSE
gene9034	0	FALSE
gene9035	0	FALSE
gene9036	0	FALSE
gene9037	0	FALSE
gene9038	0	FALSE
gene9039	1.57895498903235	TRUE
gene9040	0	FALSE
gene9041	0	FALSE
gene9042	0	FALSE
gene9043	0	FALSE
gene9044	0	FALSE
gene9045	0	FALSE
gene9046	0	FALSE
gene9047	0	FALSE
gene9048	0	FALSE
gene9049	0	FALSE
gene9050	0	FALSE
gene9051	0	FALSE
gene9052	0	FALSE
gene9053	0	FALSE
gene9054	0	FALSE
gene9055	0	FALSE
gene9056	0	FALSE
gene9057	0	FALSE
gene9058	0	FALSE
gene9059	0	FALSE
gene9060	0	FALSE
gene9061	0	FALSE
gene9062	0	FALSE
gene9063	-2.57107582886238	TRUE
gene9064	0	FALSE
gene9065	0	FALSE
gene9066	0	FALSE
gene9067	0	FALSE
gene9068	0	FALSE
gene9069	0	FALSE
gene9070	0	FALSE
gene9071	0	FALSE
gene9072	0	FALSE
gene9073	0	FALSE
gene9074	0	FALSE
gene9075	-1.79558289027773	TRUE
gene9076	0	FALSE
gene9077	0	FALSE
gene9078	0	FALSE
gene9079	0	FALSE
gene9080	0	FALSE
gene9081	-1.69762477866607	TRUE
gene9082	0	FALSE
gene9083	0	FALSE
gene9084	-2.85256820206996	TRUE
gene9085	0	FALSE
gene9086	0	FALSE
gene9087	0	FALSE
gene9088	0	FALSE
gene9089	0	FALSE
gene9090	2.07906925067073	TRUE
gene9091	0	FALSE
gene9092	0	FALSE
gene9093	0	FALSE
gene9094	0	FALSE
gene9095	0	FALSE
gene9096	-1.55696153728059	TRUE
gene9097	1.85782795201521	TRUE
gene9098	0	FALSE
gene9099	0	FALSE
gene9100	0	FALSE
gene9101	0	FALSE
gene9102	0	FALSE
gene9103	0	FALSE
gene9104	-1.60038483113749	TRUE
gene9105	0	FALSE
gene9106	0	FALSE
gene9107	0	FALSE
gene9108	0	FALSE
gene9109	0	FALSE
gene9110	0	FALSE
gene9111	1.12266672455007	TRUE
gene9112	0	FALSE
gene9113	0	FALSE
gene9114	0	FALSE
gene9115	0	FALSE
gene9116	-2.32581116224173	TRUE
gene9117	0	FALSE
gene9118	0	FALSE
gene9119	0	FALSE
gene9120	0	FALSE
gene9121	0	FALSE
gene9122	0	FALSE
gene9123	-1.78285150701413	TRUE
gene9124	0	FALSE
gene9125	0	FALSE
gene9126	1.5792941423133	TRUE
gene9127	0	FALSE
gene9128	0	FALSE
gene9129	0	FALSE
gene9130	0	FALSE
gene9131	0	FALSE
gene9132	0	FALSE
gene9133	0	FALSE
gene9134	0	FALSE
gene9135	0	FALSE
gene9136	0	FALSE
gene9137	0	FALSE
gene9138	0	FALSE
gene9139	0	FALSE
gene9140	0	FALSE
gene9141	1.46106162189972	TRUE
gene9142	0	FALSE
gene9143	0	FALSE
gene9144	0	FALSE
gene9145	1.20609718275955	TRUE
gene9146	0	FALSE
gene9147	0	FALSE
gene9148	0	FALSE
gene9149	0	FALSE
gene9150	0	FALSE
gene9151	0	FALSE
gene9152	0	FALSE
gene9153	0	FALSE
gene9154	0	FALSE
gene9155	0	FALSE
gene9156	0	FALSE
gene9157	0	FALSE
gene9158	-1.16381841263501	TRUE
gene9159	0	FALSE
gene9160	0	FALSE
gene9161	0	FALSE
gene9162	0	FALSE
gene9163	0	FALSE
gene9164	0	FALSE
gene9165	0	FALSE
gene9166	0	FALSE
gene9167	0	FALSE
gene9168	0	FALSE
gene9169	0	FALSE
gene9170	0	FALSE
gene9171	2.21234726789407	TRUE
gene9172	0	FALSE
gene9173	0	FALSE
gene9174	2.62824472464854	TRUE
gene9175	0	FALSE
gene9176	0	FALSE
gene9177	0	FALSE
gene9178	0	FALSE
gene9179	0	FALSE
gene9180	0	FALSE
gene9181	0	FALSE
gene9182	0.765492478036322	TRUE
gene9183	0	FALSE
gene9184	0	FALSE
gene9185	0	FALSE
gene9186	0	FALSE
gene9187	0	FALSE
gene9188	0	FALSE
gene9189	0	FALSE
gene9190	0	FALSE
gene9191	0	FALSE
gene9192	0	FALSE
gene9193	0	FALSE
gene9194	0	FALSE
gene9195	0	FALSE
gene9196	0	FALSE
gene9197	-1.43905938748503	TRUE
gene9198	0	FALSE
gene9199	0	FALSE
gene9200	0	FALSE
gene9201	0	FALSE
gene9202	0	FALSE
gene9203	0	FALSE
gene9204	0	FALSE
gene9205	0	FALSE
gene9206	-2.35898114321753	TRUE
gene9207	0	FALSE
gene9208	0	FALSE
gene9209	0	FALSE
gene9210	0	FALSE
gene9211	0	FALSE
gene9212	0	FALSE
gene9213	0	FALSE
gene9214	0.995124795706943	TRUE
gene9215	2.56644389854046	TRUE
gene9216	0	FALSE
gene9217	0	FALSE
gene9218	0	FALSE
gene9219	0	FALSE
gene9220	0	FALSE
gene9221	0	FALSE
gene9222	0	FALSE
gene9223	0	FALSE
gene9224	0	FALSE
gene9225	0	FALSE
gene9226	0	FALSE
gene9227	-1.96951567445649	TRUE
gene9228	0	FALSE
gene9229	0	FALSE
gene9230	0	FALSE
gene9231	0	FALSE
gene9232	0	FALSE
gene9233	0	FALSE
gene9234	0	FALSE
gene9235	0	FALSE
gene9236	0	FALSE
gene9237	0	FALSE
gene9238	0	FALSE
gene9239	0	FALSE
gene9240	0	FALSE
gene9241	0	FALSE
gene9242	0.969327363360208	TRUE
gene9243	0	FALSE
gene9244	0	FALSE
gene9245	0	FALSE
gene9246	0	FALSE
gene9247	0	FALSE
gene9248	0	FALSE
gene9249	0	FALSE
gene9250	1.67588607547805	TRUE
gene9251	0	FALSE
gene9252	0	FALSE
gene9253	0	FALSE
gene9254	0	FALSE
gene9255	0	FALSE
gene9256	0	FALSE
gene9257	0	FALSE
gene9258	0	FALSE
gene9259	0	FALSE
gene9260	0	FALSE
gene9261	0	FALSE
gene9262	0	FALSE
gene9263	0	FALSE
gene9264	0	FALSE
gene9265	0	FALSE
gene9266	0	FALSE
gene9267	0	FALSE
gene9268	0	FALSE
gene9269	0	FALSE
gene9270	0	FALSE
gene9271	0	FALSE
gene9272	0	FALSE
gene9273	0	FALSE
gene9274	0	FALSE
gene9275	-1.19260770559777	TRUE
gene9276	0	FALSE
gene9277	0	FALSE
gene9278	0	FALSE
gene9279	0	FALSE
gene9280	0	FALSE
gene9281	0	FALSE
gene9282	0	FALSE
gene9283	0	FALSE
gene9284	0	FALSE
gene9285	0	FALSE
gene9286	1.03269346692832	TRUE
gene9287	0	FALSE
gene9288	0	FALSE
gene9289	0	FALSE
gene9290	0	FALSE
gene9291	0	FALSE
gene9292	0	FALSE
gene9293	0	FALSE
gene9294	0	FALSE
gene9295	0	FALSE
gene9296	0	FALSE
gene9297	0	FALSE
gene9298	1.88154777040472	TRUE
gene9299	-2.69643208687194	TRUE
gene9300	0	FALSE
gene9301	0	FALSE
gene9302	0	FALSE
gene9303	0	FALSE
gene9304	0	FALSE
gene9305	0	FALSE
gene9306	0	FALSE
gene9307	0	FALSE
gene9308	0	FALSE
gene9309	0	FALSE
gene9310	0	FALSE
gene9311	0	FALSE
gene9312	0	FALSE
gene9313	0	FALSE
gene9314	0	FALSE
gene9315	0	FALSE
gene9316	0	FALSE
gene9317	0	FALSE
gene9318	0	FALSE
gene9319	0	FALSE
gene9320	0	FALSE
gene9321	-2.68980891967658	TRUE
gene9322	0	FALSE
gene9323	0	FALSE
gene9324	0	FALSE
gene9325	0	FALSE
gene9326	0	FALSE
gene9327	1.13565460714744	TRUE
gene9328	-2.0051456130459	TRUE
gene9329	0	FALSE
gene9330	0	FALSE
gene9331	0	FALSE
gene9332	0	FALSE
gene9333	0	FALSE
gene9334	0	FALSE
gene9335	0	FALSE
gene9336	0	FALSE
gene9337	0	FALSE
gene9338	0	FALSE
gene9339	0	FALSE
gene9340	0	FALSE
gene9341	0	FALSE
gene9342	0	FALSE
gene9343	-2.14693718956551	TRUE
gene9344	2.75728904467542	TRUE
gene9345	0	FALSE
gene9346	0	FALSE
gene9347	0	FALSE
gene9348	0	FALSE
gene9349	0	FALSE
gene9350	0	FALSE
gene9351	0	FALSE
gene9352	0	FALSE
gene9353	0	FALSE
gene9354	0	FALSE
gene9355	-1.45114870282123	TRUE
gene9356	0	FALSE
gene9357	0	FALSE
gene9358	0	FALSE
gene9359	0	FALSE
gene9360	0	FALSE
gene9361	0	FALSE
gene9362	0	FALSE
gene9363	0	FALSE
gene9364	0	FALSE
gene9365	0	FALSE
gene9366	0	FALSE
gene9367	0	FALSE
gene9368	0	FALSE
gene9369	0	FALSE
gene9370	0	FALSE
gene9371	0	FALSE
gene9372	0	FALSE
gene9373	0	FALSE
gene9374	0	FALSE
gene9375	0	FALSE
gene9376	0	FALSE
gene9377	0	FALSE
gene9378	0	FALSE
gene9379	0	FALSE
gene9380	0	FALSE
gene9381	0	FALSE
gene9382	0	FALSE
gene9383	0	FALSE
gene9384	0	FALSE
gene9385	0	FALSE
gene9386	0	FALSE
gene9387	0	FALSE
gene9388	0	FALSE
gene9389	0	FALSE
gene9390	0	FALSE
gene9391	0	FALSE
gene9392	0	FALSE
gene9393	0	FALSE
gene9394	1.11484759912128	TRUE
gene9395	0	FALSE
gene9396	0	FALSE
gene9397	-1.8460753330146	TRUE
gene9398	-2.93534425995313	TRUE
gene9399	0	FALSE
gene9400	0	FALSE
gene9401	0	FALSE
gene9402	0	FALSE
gene9403	0	FALSE
gene9404	0	FALSE
gene9405	0	FALSE
gene9406	0	FALSE
gene9407	-1.25328111543786	TRUE
gene9408	0	FALSE
gene9409	0	FALSE
gene9410	0	FALSE
gene9411	0	FALSE
gene9412	0	FALSE
gene9413	0	FALSE
gene9414	0	FALSE
gene9415	1.17351768224034	TRUE
gene9416	0	FALSE
gene9417	0	FALSE
gene9418	0	FALSE
gene9419	0	FALSE
gene9420	0	FALSE
gene9421	-2.97032778826542	TRUE
gene9422	0	FALSE
gene9423	0	FALSE
gene9424	0	FALSE
gene9425	0	FALSE
gene9426	0	FALSE
gene9427	0	FALSE
gene9428	0	FALSE
gene9429	0	FALSE
gene9430	2.67233160801698	TRUE
gene9431	0	FALSE
gene9432	0	FALSE
gene9433	0	FALSE
gene9434	0	FALSE
gene9435	0	FALSE
gene9436	0	FALSE
gene9437	0	FALSE
gene9438	0	FALSE
gene9439	0	FALSE
gene9440	0	FALSE
gene9441	0	FALSE
gene9442	0	FALSE
gene9443	0	FALSE
gene9444	0	FALSE
gene9445	0	FALSE
gene9446	0	FALSE
gene9447	0	FALSE
gene9448	0	FALSE
gene9449	0	FALSE
gene9450	0	FALSE
gene9451	0	FALSE
gene9452	0	FALSE
gene9453	0	FALSE
gene9454	0	FALSE
gene9455	0	FALSE
gene9456	0	FALSE
gene9457	-1.69232294306858	TRUE
gene9458	-2.16119044355582	TRUE
gene9459	0	FALSE
gene9460	2.01642620255006	TRUE
gene9461	0	FALSE
gene9462	0	FALSE
gene9463	-1.90632048889529	TRUE
gene9464	0	FALSE
gene9465	-1.66190737910802	TRUE
gene9466	0	FALSE
gene9467	-2.33223393646767	TRUE
gene9468	0	FALSE
gene9469	2.32108646049164	TRUE
gene9470	0	FALSE
gene9471	0	FALSE
gene9472	0	FALSE
gene9473	0	FALSE
gene9474	0	FALSE
gene9475	0	FALSE
gene9476	1.15703344222857	TRUE
gene9477	0	FALSE
gene9478	0	FALSE
gene9479	0	FALSE
gene9480	0	FALSE
gene9481	0	FALSE
gene9482	0	FALSE
gene9483	0	FALSE
gene9484	0	FALSE
gene9485	0	FALSE
gene9486	0	FALSE
gene9487	0	FALSE
gene9488	1.54247747920454	TRUE
gene9489	0	FALSE
gene9490	0	FALSE
gene9491	0	FALSE
gene9492	0	FALSE
gene9493	0	FALSE
gene9494	0	FALSE
gene9495	0	FALSE
gene9496	0	FALSE
gene9497	0	FALSE
gene9498	0	FALSE
gene9499	0	FALSE
gene9500	0	FALSE
gene9501	0	FALSE
gene9502	0	FALSE
gene9503	0	FALSE
gene9504	0	FALSE
gene9505	0	FALSE
gene9506	0	FALSE
gene9507	0	FALSE
gene9508	0	FALSE
gene9509	0	FALSE
gene9510	-2.76127182750497	TRUE
gene9511	0	FALSE
gene9512	0	FALSE
gene9513	0	FALSE
gene9514	1.00538920675172	TRUE
gene9515	0	FALSE
gene9516	0	FALSE
gene9517	0	FALSE
gene9518	0	FALSE
gene9519	2.09006393817253	TRUE
gene9520	0	FALSE
gene9521	0	FALSE
gene9522	0	FALSE
gene9523	0	FALSE
gene9524	0	FALSE
gene9525	-1.1952733854996	TRUE
gene9526	0	FALSE
gene9527	0	FALSE
gene9528	0.835211441852152	TRUE
gene9529	0	FALSE
gene9530	0	FALSE
gene9531	0	FALSE
gene9532	0	FALSE
gene9533	-1.41686974314507	TRUE
gene9534	0	FALSE
gene9535	0	FALSE
gene9536	0	FALSE
gene9537	0	FALSE
gene9538	0	FALSE
gene9539	0	FALSE
gene9540	0	FALSE
gene9541	0	FALSE
gene9542	0	FALSE
gene9543	0	FALSE
gene9544	0	FALSE
gene9545	0	FALSE
gene9546	0	FALSE
gene9547	0	FALSE
gene9548	0	FALSE
gene9549	0	FALSE
gene9550	0	FALSE
gene9551	0	FALSE
gene9552	0	FALSE
gene9553	0	FALSE
gene9554	0	FALSE
gene9555	0	FALSE
gene9556	0	FALSE
gene9557	1.04160496179247	TRUE
gene9558	0	FALSE
gene9559	0	FALSE
gene9560	1.25459908484481	TRUE
gene9561	0	FALSE
gene9562	0	FALSE
gene9563	0	FALSE
gene9564	0	FALSE
gene9565	0	FALSE
gene9566	0	FALSE
gene9567	2.37113055260852	TRUE
gene9568	0	FALSE
gene9569	0	FALSE
gene9570	0	FALSE
gene9571	0	FALSE
gene9572	0	FALSE
gene9573	0	FALSE
gene9574	0	FALSE
gene9575	0	FALSE
gene9576	2.36597825278295	TRUE
gene9577	2.93351023457944	TRUE
gene9578	0	FALSE
gene9579	0	FALSE
gene9580	0	FALSE
gene9581	0	FALSE
gene9582	0	FALSE
gene9583	0	FALSE
gene9584	1.13928870909149	TRUE
gene9585	0	FALSE
gene9586	0	FALSE
gene9587	0	FALSE
gene9588	2.07630320743192	TRUE
gene9589	0	FALSE
gene9590	-1.96213815169176	TRUE
gene9591	0	FALSE
gene9592	0	FALSE
gene9593	0	FALSE
gene9594	0	FALSE
gene9595	0	FALSE
gene9596	0	FALSE
gene9597	-2.67527859087568	TRUE
gene9598	0	FALSE
gene9599	2.92609328962862	TRUE
gene9600	0	FALSE
gene9601	0	FALSE
gene9602	1.12513163062977	TRUE
gene9603	0	FALSE
gene9604	0	FALSE
gene9605	0	FALSE
gene9606	0	FALSE
gene9607	0	FALSE
gene9608	0	FALSE
gene9609	0	FALSE
gene9610	0	FALSE
gene9611	0	FALSE
gene9612	0	FALSE
gene9613	0	FALSE
gene9614	0	FALSE
gene9615	-1.95984204352135	TRUE
gene9616	0	FALSE
gene9617	0	FALSE
gene9618	0	FALSE
gene9619	0	FALSE
gene9620	0	FALSE
gene9621	0	FALSE
gene9622	0	FALSE
gene9623	0	FALSE
gene9624	0	FALSE
gene9625	0	FALSE
gene9626	0	FALSE
gene9627	0	FALSE
gene9628	0	FALSE
gene9629	0	FALSE
gene9630	0	FALSE
gene9631	0	FALSE
gene9632	0	FALSE
gene9633	0	FALSE
gene9634	0	FALSE
gene9635	0	FALSE
gene9636	0	FALSE
gene9637	0	FALSE
gene9638	0	FALSE
gene9639	0	FALSE
gene9640	0	FALSE
gene9641	0	FALSE
gene9642	-1.84319134592079	TRUE
gene9643	0	FALSE
gene9644	0	FALSE
gene9645	0	FALSE
gene9646	0	FALSE
gene9647	0	FALSE
gene9648	0	FALSE
gene9649	0	FALSE
gene9650	0	FALSE
gene9651	0	FALSE
gene9652	0	FALSE
gene9653	0	FALSE
gene9654	1.04172064986778	TRUE
gene9655	0	FALSE
gene9656	-2.12447602290194	TRUE
gene9657	0	FALSE
gene9658	0	FALSE
gene9659	0	FALSE
gene9660	0	FALSE
gene9661	0	FALSE
gene9662	1.82772935077082	TRUE
gene9663	0	FALSE
gene9664	0	FALSE
gene9665	0	FALSE
gene9666	0	FALSE
gene9667	0	FALSE
gene9668	0	FALSE
gene9669	0	FALSE
gene9670	0	FALSE
gene9671	0	FALSE
gene9672	0	FALSE
gene9673	-1.41616655961843	TRUE
gene9674	0	FALSE
gene9675	0	FALSE
gene9676	0	FALSE
gene9677	0	FALSE
gene9678	0	FALSE
gene9679	0	FALSE
gene9680	0	FALSE
gene9681	0	FALSE
gene9682	0	FALSE
gene9683	0	FALSE
gene9684	0	FALSE
gene9685	0	FALSE
gene9686	0	FALSE
gene9687	0	FALSE
gene9688	0	FALSE
gene9689	0	FALSE
gene9690	0	FALSE
gene9691	0	FALSE
gene9692	0	FALSE
gene9693	0	FALSE
gene9694	0	FALSE
gene9695	0	FALSE
gene9696	0	FALSE
gene9697	0	FALSE
gene9698	0	FALSE
gene9699	0	FALSE
gene9700	0	FALSE
gene9701	0	FALSE
gene9702	0	FALSE
gene9703	0	FALSE
gene9704	0	FALSE
gene9705	0	FALSE
gene9706	0	FALSE
gene9707	2.19524937827373	TRUE
gene9708	0	FALSE
gene9709	0	FALSE
gene9710	0	FALSE
gene9711	0	FALSE
gene9712	0	FALSE
gene9713	1.72388088342268	TRUE
gene9714	0	FALSE
gene9715	0	FALSE
gene9716	0	FALSE
gene9717	1.94085522496607	TRUE
gene9718	0	FALSE
gene9719	0	FALSE
gene9720	0	FALSE
gene9721	-2.21535056823632	TRUE
gene9722	0	FALSE
gene9723	0.830630113079678	TRUE
gene9724	0	FALSE
gene9725	0	FALSE
gene9726	2.28127620590385	TRUE
gene9727	0	FALSE
gene9728	0	FALSE
gene9729	0	FALSE
gene9730	0	FALSE
gene9731	0	FALSE
gene9732	0	FALSE
gene9733	0	FALSE
gene9734	0	FALSE
gene9735	0	FALSE
gene9736	0	FALSE
gene9737	0	FALSE
gene9738	0	FALSE
gene9739	0	FALSE
gene9740	0	FALSE
gene9741	0	FALSE
gene9742	0	FALSE
gene9743	0	FALSE
gene9744	0	FALSE
gene9745	0	FALSE
gene9746	0	FALSE
gene9747	0	FALSE
gene9748	0	FALSE
gene9749	0	FALSE
gene9750	0	FALSE
gene9751	0	FALSE
gene9752	0	FALSE
gene9753	0	FALSE
gene9754	-2.21339883946348	TRUE
gene9755	0	FALSE
gene9756	0	FALSE
gene9757	0	FALSE
gene9758	0	FALSE
gene9759	0	FALSE
gene9760	0	FALSE
gene9761	0	FALSE
gene9762	0	FALSE
gene9763	0	FALSE
gene9764	0	FALSE
gene9765	-2.4922874996555	TRUE
gene9766	0	FALSE
gene9767	0	FALSE
gene9768	0	FALSE
gene9769	0	FALSE
gene9770	0	FALSE
gene9771	0	FALSE
gene9772	0	FALSE
gene9773	0	FALSE
gene9774	0	FALSE
gene9775	0	FALSE
gene9776	2.86464366159635	TRUE
gene9777	0	FALSE
gene9778	0	FALSE
gene9779	0	FALSE
gene9780	0	FALSE
gene9781	0	FALSE
gene9782	0	FALSE
gene9783	0	FALSE
gene9784	0	FALSE
gene9785	0	FALSE
gene9786	0	FALSE
gene9787	0	FALSE
gene9788	-1.18835048406618	TRUE
gene9789	0	FALSE
gene9790	0	FALSE
gene9791	0	FALSE
gene9792	0	FALSE
gene9793	-0.957563516276423	TRUE
gene9794	-2.5625070600654	TRUE
gene9795	0	FALSE
gene9796	0	FALSE
gene9797	0	FALSE
gene9798	0	FALSE
gene9799	-1.39650145388441	TRUE
gene9800	0	FALSE
gene9801	0	FALSE
gene9802	0	FALSE
gene9803	0	FALSE
gene9804	0	FALSE
gene9805	0	FALSE
gene9806	0	FALSE
gene9807	0	FALSE
gene9808	0	FALSE
gene9809	0.925816160102841	TRUE
gene9810	0	FALSE
gene9811	0	FALSE
gene9812	0	FALSE
gene9813	0	FALSE
gene9814	0	FALSE
gene9815	0	FALSE
gene9816	0	FALSE
gene9817	0	FALSE
gene9818	0	FALSE
gene9819	-1.87328522343887	TRUE
gene9820	0	FALSE
gene9821	-2.94349991407944	TRUE
gene9822	0	FALSE
gene9823	0	FALSE
gene9824	0	FALSE
gene9825	0	FALSE
gene9826	0	FALSE
gene9827	0	FALSE
gene9828	0	FALSE
gene9829	2.81139512703521	TRUE
gene9830	1.63852099858923	TRUE
gene9831	0	FALSE
gene9832	0	FALSE
gene9833	0	FALSE
gene9834	0	FALSE
gene9835	0	FALSE
gene9836	2.62859663151903	TRUE
gene9837	0	FALSE
gene9838	0	FALSE
gene9839	0	FALSE
gene9840	0	FALSE
gene9841	0	FALSE
gene9842	0	FALSE
gene9843	0	FALSE
gene9844	0	FALSE
gene9845	1.5163273489452	TRUE
gene9846	0	FALSE
gene9847	0	FALSE
gene9848	-0.921004842908587	TRUE
gene9849	0	FALSE
gene9850	0	FALSE
gene9851	0	FALSE
gene9852	-2.15750266599935	TRUE
gene9853	0	FALSE
gene9854	0	FALSE
gene9855	0	FALSE
gene9856	0	FALSE
gene9857	0	FALSE
gene9858	0	FALSE
gene9859	0	FALSE
gene9860	2.04082800348988	TRUE
gene9861	0	FALSE
gene9862	0	FALSE
gene9863	0	FALSE
gene9864	0	FALSE
gene9865	0	FALSE
gene9866	0	FALSE
gene9867	0	FALSE
gene9868	0	FALSE
gene9869	-1.24617964122444	TRUE
gene9870	0	FALSE
gene9871	0	FALSE
gene9872	0	FALSE
gene9873	0	FALSE
gene9874	0	FALSE
gene9875	1.90740959567484	TRUE
gene9876	0	FALSE
gene9877	0	FALSE
gene9878	0	FALSE
gene9879	0	FALSE
gene9880	0	FALSE
gene9881	0	FALSE
gene9882	0	FALSE
gene9883	0	FALSE
gene9884	0	FALSE
gene9885	0	FALSE
gene9886	0	FALSE
gene9887	0	FALSE
gene9888	0	FALSE
gene9889	0	FALSE
gene9890	0	FALSE
gene9891	0	FALSE
gene9892	0	FALSE
gene9893	0	FALSE
gene9894	0	FALSE
gene9895	0	FALSE
gene9896	0	FALSE
gene9897	0	FALSE
gene9898	0	FALSE
gene9899	0	FALSE
gene9900	0	FALSE
gene9901	-2.48647884075763	TRUE
gene9902	0	FALSE
gene9903	2.80568807775853	TRUE
gene9904	0	FALSE
gene9905	0	FALSE
gene9906	0	FALSE
gene9907	1.29406834003748	TRUE
gene9908	0	FALSE
gene9909	0	FALSE
gene9910	0	FALSE
gene9911	0	FALSE
gene9912	-1.94047125993529	TRUE
gene9913	0	FALSE
gene9914	0	FALSE
gene9915	0	FALSE
gene9916	0	FALSE
gene9917	2.30611245817272	TRUE
gene9918	0	FALSE
gene9919	0	FALSE
gene9920	0	FALSE
gene9921	0	FALSE
gene9922	0	FALSE
gene9923	0	FALSE
gene9924	-2.31411674874835	TRUE
gene9925	0	FALSE
gene9926	0	FALSE
gene9927	0	FALSE
gene9928	0	FALSE
gene9929	0	FALSE
gene9930	0	FALSE
gene9931	0	FALSE
gene9932	0	FALSE
gene9933	0	FALSE
gene9934	-1.39284239168046	TRUE
gene9935	0	FALSE
gene9936	0	FALSE
gene9937	0	FALSE
gene9938	0	FALSE
gene9939	-2.47857189289061	TRUE
gene9940	0	FALSE
gene9941	0	FALSE
gene9942	0	FALSE
gene9943	-1.7549975857255	TRUE
gene9944	0	FALSE
gene9945	0	FALSE
gene9946	0	FALSE
gene9947	0	FALSE
gene9948	0	FALSE
gene9949	-1.92930883902591	TRUE
gene9950	0	FALSE
gene9951	0	FALSE
gene9952	0	FALSE
gene9953	0	FALSE
gene9954	0	FALSE
gene9955	0	FALSE
gene9956	-1.67638139618794	TRUE
gene9957	0	FALSE
gene9958	0	FALSE
gene9959	0	FALSE
gene9960	0	FALSE
gene9961	0	FALSE
gene9962	0	FALSE
gene9963	0	FALSE
gene9964	0	FALSE
gene9965	0	FALSE
gene9966	0	FALSE
gene9967	0	FALSE
gene9968	0	FALSE
gene9969	0	FALSE
gene9970	0	FALSE
gene9971	0	FALSE
gene9972	0	FALSE
gene9973	0	FALSE
gene9974	2.05588261614321	TRUE
gene9975	0	FALSE
gene9976	0	FALSE
gene9977	0	FALSE
gene9978	0	FALSE
gene9979	-1.76237590791425	TRUE
gene9980	0	FALSE
gene9981	0	FALSE
gene9982	0	FALSE
gene9983	0	FALSE
gene9984	2.99546130996896	TRUE
gene9985	0	FALSE
gene9986	0	FALSE
gene9987	0	FALSE
gene9988	0	FALSE
gene9989	0	FALSE
gene9990	0	FALSE
gene9991	0	FALSE
gene9992	0	FALSE
gene9993	0	FALSE
gene9994	0	FALSE
gene9995	0	FALSE
gene9996	0	FALSE
gene9997	0	FALSE
gene9998	0	FALSE
gene9999	0	FALSE
gene10000	0	FALSE
gene10001	0	FALSE
gene10002	0	FALSE
gene10003	2.7430634907796	TRUE
gene10004	0	FALSE
gene10005	0	FALSE
gene10006	0	FALSE
gene10007	0	FALSE
gene10008	0	FALSE
gene10009	-1.04523886047537	TRUE
gene10010	0	FALSE
gene10011	0	FALSE
gene10012	0	FALSE
gene10013	0	FALSE
gene10014	0	FALSE
gene10015	0	FALSE
gene10016	0	FALSE
gene10017	0	FALSE
gene10018	0	FALSE
gene10019	0	FALSE
gene10020	0	FALSE
gene10021	0	FALSE
gene10022	0	FALSE
gene10023	0	FALSE
gene10024	0	FALSE
gene10025	0	FALSE
gene10026	0	FALSE
gene10027	0	FALSE
gene10028	0	FALSE
gene10029	0	FALSE
gene10030	0	FALSE
gene10031	0	FALSE
gene10032	0	FALSE
gene10033	0	FALSE
gene10034	0	FALSE
gene10035	0	FALSE
gene10036	0	FALSE
gene10037	0	FALSE
gene10038	0	FALSE
gene10039	0	FALSE
gene10040	0	FALSE
gene10041	0	FALSE
gene10042	0	FALSE
gene10043	-2.07970399386249	TRUE
gene10044	0	FALSE
gene10045	0	FALSE
gene10046	0	FALSE
gene10047	0	FALSE
gene10048	0	FALSE
gene10049	-2.53305259183981	TRUE
gene10050	0	FALSE
gene10051	1.72108844819013	TRUE
gene10052	0	FALSE
gene10053	0	FALSE
gene10054	0	FALSE
gene10055	-1.03284014080418	TRUE
gene10056	0	FALSE
gene10057	0	FALSE
gene10058	0	FALSE
gene10059	0	FALSE
gene10060	0	FALSE
gene10061	0	FALSE
gene10062	1.67219077097252	TRUE
gene10063	-2.50516820704797	TRUE
gene10064	0	FALSE
gene10065	0	FALSE
gene10066	0	FALSE
gene10067	0	FALSE
gene10068	0	FALSE
gene10069	0	FALSE
gene10070	0	FALSE
gene10071	0	FALSE
gene10072	0	FALSE
gene10073	0	FALSE
gene10074	0	FALSE
gene10075	0	FALSE
gene10076	0	FALSE
gene10077	0	FALSE
gene10078	0	FALSE
gene10079	0	FALSE
gene10080	0	FALSE
gene10081	0	FALSE
gene10082	0	FALSE
gene10083	-1.54205773497233	TRUE
gene10084	0	FALSE
gene10085	0	FALSE
gene10086	0	FALSE
gene10087	0	FALSE
gene10088	0	FALSE
gene10089	0	FALSE
gene10090	0	FALSE
gene10091	0	FALSE
gene10092	0	FALSE
gene10093	0	FALSE
gene10094	0	FALSE
gene10095	0	FALSE
gene10096	0	FALSE
gene10097	-1.19982452213299	TRUE
gene10098	0	FALSE
gene10099	-1.72272369253915	TRUE
gene10100	0	FALSE
gene10101	0	FALSE
gene10102	0	FALSE
gene10103	0	FALSE
gene10104	0	FALSE
gene10105	0	FALSE
gene10106	0	FALSE
gene10107	0	FALSE
gene10108	0	FALSE
gene10109	0	FALSE
gene10110	0	FALSE
gene10111	0	FALSE
gene10112	0	FALSE
gene10113	0	FALSE
gene10114	0	FALSE
gene10115	0	FALSE
gene10116	2.80040684225969	TRUE
gene10117	-1.75237831327831	TRUE
gene10118	0	FALSE
gene10119	1.99408434965881	TRUE
gene10120	0	FALSE
gene10121	0	FALSE
gene10122	-0.943083850317635	TRUE
gene10123	0	FALSE
gene10124	-1.32531710027251	TRUE
gene10125	0	FALSE
gene10126	0	FALSE
gene10127	0	FALSE
gene10128	0	FALSE
gene10129	0	FALSE
gene10130	0	FALSE
gene10131	0	FALSE
gene10132	0	FALSE
gene10133	0	FALSE
gene10134	0	FALSE
gene10135	0	FALSE
gene10136	-2.83327295567142	TRUE
gene10137	0	FALSE
gene10138	0	FALSE
gene10139	0	FALSE
gene10140	0	FALSE
gene10141	0	FALSE
gene10142	0	FALSE
gene10143	0	FALSE
gene10144	1.8456951676053	TRUE
gene10145	-0.988328900013585	TRUE
gene10146	0	FALSE
gene10147	0	FALSE
gene10148	0	FALSE
gene10149	0.90666817483725	TRUE
gene10150	0	FALSE
gene10151	-2.96171063178917	TRUE
gene10152	0	FALSE
gene10153	0	FALSE
gene10154	0	FALSE
gene10155	1.7645483337692	TRUE
gene10156	0	FALSE
gene10157	0	FALSE
gene10158	0	FALSE
gene10159	0	FALSE
gene10160	-2.92357693280792	TRUE
gene10161	1.73231074103387	TRUE
gene10162	0	FALSE
gene10163	0	FALSE
gene10164	0	FALSE
gene10165	0	FALSE
gene10166	0	FALSE
gene10167	0	FALSE
gene10168	0	FALSE
gene10169	0	FALSE
gene10170	0	FALSE
gene10171	0	FALSE
gene10172	0	FALSE
gene10173	0	FALSE
gene10174	2.65543297928525	TRUE
gene10175	0	FALSE
gene10176	0	FALSE
gene10177	0	FALSE
gene10178	0	FALSE
gene10179	2.65901050914545	TRUE
gene10180	0	FALSE
gene10181	0	FALSE
gene10182	0	FALSE
gene10183	0	FALSE
gene10184	0	FALSE
gene10185	0	FALSE
gene10186	0	FALSE
gene10187	0	FALSE
gene10188	0	FALSE
gene10189	0	FALSE
gene10190	0	FALSE
gene10191	0	FALSE
gene10192	0	FALSE
gene10193	0	FALSE
gene10194	0	FALSE
gene10195	0	FALSE
gene10196	0	FALSE
gene10197	0	FALSE
gene10198	0	FALSE
gene10199	0	FALSE
gene10200	2.12820974428905	TRUE
gene10201	0	FALSE
gene10202	0	FALSE
gene10203	0	FALSE
gene10204	0	FALSE
gene10205	0	FALSE
gene10206	0	FALSE
gene10207	0	FALSE
gene10208	0	FALSE
gene10209	2.99884232558543	TRUE
gene10210	0	FALSE
gene10211	0	FALSE
gene10212	0	FALSE
gene10213	0	FALSE
gene10214	0	FALSE
gene10215	0	FALSE
gene10216	0	FALSE
gene10217	0	FALSE
gene10218	0	FALSE
gene10219	0	FALSE
gene10220	0	FALSE
gene10221	0	FALSE
gene10222	0	FALSE
gene10223	0	FALSE
gene10224	0	FALSE
gene10225	0	FALSE
gene10226	0	FALSE
gene10227	0	FALSE
gene10228	0	FALSE
gene10229	1.75866978865815	TRUE
gene10230	0	FALSE
gene10231	0	FALSE
gene10232	0	FALSE
gene10233	0	FALSE
gene10234	0	FALSE
gene10235	0	FALSE
gene10236	0	FALSE
gene10237	0	FALSE
gene10238	0	FALSE
gene10239	0	FALSE
gene10240	1.93367086106446	TRUE
gene10241	0	FALSE
gene10242	0	FALSE
gene10243	0	FALSE
gene10244	0	FALSE
gene10245	0	FALSE
gene10246	0	FALSE
gene10247	0	FALSE
gene10248	0	FALSE
gene10249	0	FALSE
gene10250	0	FALSE
gene10251	-2.03883093752665	TRUE
gene10252	0	FALSE
gene10253	0	FALSE
gene10254	2.44404425472021	TRUE
gene10255	0	FALSE
gene10256	0	FALSE
gene10257	0	FALSE
gene10258	0	FALSE
gene10259	1.87721800507279	TRUE
gene10260	0	FALSE
gene10261	0	FALSE
gene10262	0	FALSE
gene10263	0	FALSE
gene10264	-0.932838702981826	TRUE
gene10265	0	FALSE
gene10266	1.80043206224218	TRUE
gene10267	0	FALSE
gene10268	1.65145334688714	TRUE
gene10269	0	FALSE
gene10270	0	FALSE
gene10271	0	FALSE
gene10272	-1.46507015236421	TRUE
gene10273	0	FALSE
gene10274	0	FALSE
gene10275	0	FALSE
gene10276	0	FALSE
gene10277	0	FALSE
gene10278	0	FALSE
gene10279	0	FALSE
gene10280	0	FALSE
gene10281	0	FALSE
gene10282	0	FALSE
gene10283	0	FALSE
gene10284	0	FALSE
gene10285	0	FALSE
gene10286	0	FALSE
gene10287	0	FALSE
gene10288	0	FALSE
gene10289	0	FALSE
gene10290	0	FALSE
gene10291	-2.6394522889168	TRUE
gene10292	0	FALSE
gene10293	-1.70188444823725	TRUE
gene10294	0	FALSE
gene10295	0	FALSE
gene10296	0	FALSE
gene10297	0	FALSE
gene10298	0	FALSE
gene10299	0	FALSE
gene10300	0	FALSE
gene10301	0	FALSE
gene10302	0	FALSE
gene10303	0	FALSE
gene10304	0	FALSE
gene10305	2.97225576010533	TRUE
gene10306	0	FALSE
gene10307	0	FALSE
gene10308	0	FALSE
gene10309	0	FALSE
gene10310	0	FALSE
gene10311	0	FALSE
gene10312	0	FALSE
gene10313	-2.54866729688365	TRUE
gene10314	0	FALSE
gene10315	0	FALSE
gene10316	0	FALSE
gene10317	0	FALSE
gene10318	0	FALSE
gene10319	0	FALSE
gene10320	0	FALSE
gene10321	0	FALSE
gene10322	-2.43204022786813	TRUE
gene10323	2.31466812867438	TRUE
gene10324	0	FALSE
gene10325	0	FALSE
gene10326	0	FALSE
gene10327	0	FALSE
gene10328	-2.59450855868636	TRUE
gene10329	0	FALSE
gene10330	0	FALSE
gene10331	0	FALSE
gene10332	0	FALSE
gene10333	0	FALSE
gene10334	0	FALSE
gene10335	2.82858688978013	TRUE
gene10336	0	FALSE
gene10337	0	FALSE
gene10338	0	FALSE
gene10339	0	FALSE
gene10340	0	FALSE
gene10341	0	FALSE
gene10342	0.939090768748429	TRUE
gene10343	0	FALSE
gene10344	0	FALSE
gene10345	0	FALSE
gene10346	0	FALSE
gene10347	0	FALSE
gene10348	0	FALSE
gene10349	0	FALSE
gene10350	0	FALSE
gene10351	0	FALSE
gene10352	0	FALSE
gene10353	-2.90321939176647	TRUE
gene10354	2.37138031446375	TRUE
gene10355	0	FALSE
gene10356	0	FALSE
gene10357	0	FALSE
gene10358	0	FALSE
gene10359	0	FALSE
gene10360	0	FALSE
gene10361	0	FALSE
gene10362	0	FALSE
gene10363	0	FALSE
gene10364	0	FALSE
gene10365	-2.00941916619195	TRUE
gene10366	0	FALSE
gene10367	0	FALSE
gene10368	0	FALSE
gene10369	0	FALSE
gene10370	-2.5027940167347	TRUE
gene10371	0	FALSE
gene10372	0	FALSE
gene10373	0	FALSE
gene10374	0	FALSE
gene10375	-2.86326940666186	TRUE
gene10376	-2.04700036416762	TRUE
gene10377	0	FALSE
gene10378	0	FALSE
gene10379	0	FALSE
gene10380	0	FALSE
gene10381	0	FALSE
gene10382	0	FALSE
gene10383	0	FALSE
gene10384	0	FALSE
gene10385	0	FALSE
gene10386	0	FALSE
gene10387	0	FALSE
gene10388	0.983308980823494	TRUE
gene10389	0	FALSE
gene10390	0	FALSE
gene10391	0	FALSE
gene10392	0	FALSE
gene10393	0	FALSE
gene10394	0	FALSE
gene10395	0	FALSE
gene10396	0	FALSE
gene10397	0	FALSE
gene10398	0	FALSE
gene10399	0	FALSE
gene10400	-0.818892910494469	TRUE
gene10401	0	FALSE
gene10402	0	FALSE
gene10403	0	FALSE
gene10404	0	FALSE
gene10405	0	FALSE
gene10406	0	FALSE
gene10407	0	FALSE
gene10408	0	FALSE
gene10409	0	FALSE
gene10410	0	FALSE
gene10411	0	FALSE
gene10412	0	FALSE
gene10413	0	FALSE
gene10414	2.08939212810947	TRUE
gene10415	0	FALSE
gene10416	-1.0283449664712	TRUE
gene10417	0	FALSE
gene10418	0	FALSE
gene10419	0	FALSE
gene10420	0	FALSE
gene10421	0	FALSE
gene10422	0	FALSE
gene10423	0	FALSE
gene10424	0	FALSE
gene10425	0	FALSE
gene10426	0	FALSE
gene10427	0	FALSE
gene10428	0	FALSE
gene10429	0	FALSE
gene10430	0	FALSE
gene10431	2.9481140197604	TRUE
gene10432	0	FALSE
gene10433	0	FALSE
gene10434	0	FALSE
gene10435	0	FALSE
gene10436	0	FALSE
gene10437	0	FALSE
gene10438	0	FALSE
gene10439	0	FALSE
gene10440	0	FALSE
gene10441	0	FALSE
gene10442	-2.49258710345021	TRUE
gene10443	0	FALSE
gene10444	1.76489496423164	TRUE
gene10445	0	FALSE
gene10446	0	FALSE
gene10447	0	FALSE
gene10448	0	FALSE
gene10449	-1.7738728018594	TRUE
gene10450	0	FALSE
gene10451	0	FALSE
gene10452	0	FALSE
gene10453	0	FALSE
gene10454	0	FALSE
gene10455	0	FALSE
gene10456	0	FALSE
gene10457	0	FALSE
gene10458	0	FALSE
gene10459	0	FALSE
gene10460	0	FALSE
gene10461	0	FALSE
gene10462	0	FALSE
gene10463	0	FALSE
gene10464	0	FALSE
gene10465	2.97973755322164	TRUE
gene10466	0	FALSE
gene10467	0	FALSE
gene10468	0	FALSE
gene10469	0	FALSE
gene10470	0	FALSE
gene10471	0	FALSE
gene10472	0	FALSE
gene10473	0	FALSE
gene10474	0	FALSE
gene10475	0	FALSE
gene10476	0	FALSE
gene10477	0	FALSE
gene10478	-1.42092947813217	TRUE
gene10479	0	FALSE
gene10480	0	FALSE
gene10481	0	FALSE
gene10482	0	FALSE
gene10483	0	FALSE
gene10484	0	FALSE
gene10485	0	FALSE
gene10486	0	FALSE
gene10487	0	FALSE
gene10488	0	FALSE
gene10489	0	FALSE
gene10490	0	FALSE
gene10491	0	FALSE
gene10492	0	FALSE
gene10493	0	FALSE
gene10494	0	FALSE
gene10495	0	FALSE
gene10496	0	FALSE
gene10497	0	FALSE
gene10498	0	FALSE
gene10499	0	FALSE
gene10500	0	FALSE
gene10501	0	FALSE
gene10502	-2.18982173973927	TRUE
gene10503	0	FALSE
gene10504	0	FALSE
gene10505	-1.46133121219464	TRUE
gene10506	0	FALSE
gene10507	0	FALSE
gene10508	0	FALSE
gene10509	0	FALSE
gene10510	0	FALSE
gene10511	0	FALSE
gene10512	0	FALSE
gene10513	0	FALSE
gene10514	0	FALSE
gene10515	0	FALSE
gene10516	1.9376264938619	TRUE
gene10517	1.50604442175245	TRUE
gene10518	0	FALSE
gene10519	0	FALSE
gene10520	0	FALSE
gene10521	0	FALSE
gene10522	0	FALSE
gene10523	0	FALSE
gene10524	0	FALSE
gene10525	0	FALSE
gene10526	0	FALSE
gene10527	0	FALSE
gene10528	0	FALSE
gene10529	0	FALSE
gene10530	0	FALSE
gene10531	0	FALSE
gene10532	0	FALSE
gene10533	0	FALSE
gene10534	0	FALSE
gene10535	0	FALSE
gene10536	-2.24380665278295	TRUE
gene10537	0	FALSE
gene10538	0	FALSE
gene10539	0	FALSE
gene10540	0	FALSE
gene10541	0	FALSE
gene10542	0	FALSE
gene10543	0	FALSE
gene10544	0	FALSE
gene10545	0	FALSE
gene10546	0	FALSE
gene10547	0	FALSE
gene10548	0	FALSE
gene10549	0	FALSE
gene10550	1.88475036830641	TRUE
gene10551	0	FALSE
gene10552	0	FALSE
gene10553	0	FALSE
gene10554	0	FALSE
gene10555	0	FALSE
gene10556	0	FALSE
gene10557	0	FALSE
gene10558	0	FALSE
gene10559	0	FALSE
gene10560	1.79332342569251	TRUE
gene10561	0	FALSE
gene10562	0	FALSE
gene10563	0	FALSE
gene10564	0	FALSE
gene10565	2.72337596869329	TRUE
gene10566	-2.75309302989626	TRUE
gene10567	0	FALSE
gene10568	0	FALSE
gene10569	0	FALSE
gene10570	0	FALSE
gene10571	-2.05480425024871	TRUE
gene10572	2.41038156556897	TRUE
gene10573	0	FALSE
gene10574	0	FALSE
gene10575	0	FALSE
gene10576	0	FALSE
gene10577	0	FALSE
gene10578	0	FALSE
gene10579	0	FALSE
gene10580	0	FALSE
gene10581	0	FALSE
gene10582	0	FALSE
gene10583	-1.34938586043427	TRUE
gene10584	-1.08408772962866	TRUE
gene10585	0	FALSE
gene10586	-1.81426326645305	TRUE
gene10587	0	FALSE
gene10588	0	FALSE
gene10589	0	FALSE
gene10590	-1.07908354798565	TRUE
gene10591	0	FALSE
gene10592	0	FALSE
gene10593	0	FALSE
gene10594	0	FALSE
gene10595	0	FALSE
gene10596	0	FALSE
gene10597	0	FALSE
gene10598	0	FALSE
gene10599	0	FALSE
gene10600	0	FALSE
gene10601	0	FALSE
gene10602	-2.00384470552672	TRUE
gene10603	0	FALSE
gene10604	0	FALSE
gene10605	0	FALSE
gene10606	0	FALSE
gene10607	0	FALSE
gene10608	0	FALSE
gene10609	0	FALSE
gene10610	0	FALSE
gene10611	-1.17820702807512	TRUE
gene10612	0	FALSE
gene10613	0	FALSE
gene10614	0	FALSE
gene10615	-2.7502797205816	TRUE
gene10616	0	FALSE
gene10617	0	FALSE
gene10618	0	FALSE
gene10619	0	FALSE
gene10620	0	FALSE
gene10621	0	FALSE
gene10622	0	FALSE
gene10623	0	FALSE
gene10624	0	FALSE
gene10625	0	FALSE
gene10626	0	FALSE
gene10627	0	FALSE
gene10628	0	FALSE
gene10629	0	FALSE
gene10630	0	FALSE
gene10631	0	FALSE
gene10632	0	FALSE
gene10633	0	FALSE
gene10634	0	FALSE
gene10635	0	FALSE
gene10636	0	FALSE
gene10637	0	FALSE
gene10638	0	FALSE
gene10639	0	FALSE
gene10640	0	FALSE
gene10641	0	FALSE
gene10642	0	FALSE
gene10643	2.58648094965611	TRUE
gene10644	0	FALSE
gene10645	0	FALSE
gene10646	0	FALSE
gene10647	0	FALSE
gene10648	0	FALSE
gene10649	0	FALSE
gene10650	0	FALSE
gene10651	0	FALSE
gene10652	0	FALSE
gene10653	0	FALSE
gene10654	0	FALSE
gene10655	0	FALSE
gene10656	0	FALSE
gene10657	0	FALSE
gene10658	0	FALSE
gene10659	0	FALSE
gene10660	0	FALSE
gene10661	-1.13181914831512	TRUE
gene10662	0	FALSE
gene10663	0	FALSE
gene10664	0	FALSE
gene10665	0	FALSE
gene10666	0	FALSE
gene10667	0	FALSE
gene10668	0	FALSE
gene10669	0	FALSE
gene10670	0	FALSE
gene10671	0	FALSE
gene10672	1.67760633694706	TRUE
gene10673	0	FALSE
gene10674	0	FALSE
gene10675	0	FALSE
gene10676	0	FALSE
gene10677	-1.3789736648323	TRUE
gene10678	0	FALSE
gene10679	0	FALSE
gene10680	0	FALSE
gene10681	0	FALSE
gene10682	0	FALSE
gene10683	0	FALSE
gene10684	0	FALSE
gene10685	0	FALSE
gene10686	0	FALSE
gene10687	0	FALSE
gene10688	0	FALSE
gene10689	-1.53223189181881	TRUE
gene10690	0	FALSE
gene10691	0	FALSE
gene10692	-2.25060596567346	TRUE
gene10693	0	FALSE
gene10694	0	FALSE
gene10695	0	FALSE
gene10696	0	FALSE
gene10697	1.61746020120336	TRUE
gene10698	2.18788794300053	TRUE
gene10699	0	FALSE
gene10700	0	FALSE
gene10701	-2.06446401489666	TRUE
gene10702	0	FALSE
gene10703	0	FALSE
gene10704	0	FALSE
gene10705	0	FALSE
gene10706	0	FALSE
gene10707	0	FALSE
gene10708	0	FALSE
gene10709	0	FALSE
gene10710	0	FALSE
gene10711	0	FALSE
gene10712	0	FALSE
gene10713	0	FALSE
gene10714	1.85125649801921	TRUE
gene10715	0	FALSE
gene10716	-2.07851779740304	TRUE
gene10717	0	FALSE
gene10718	0	FALSE
gene10719	0	FALSE
gene10720	0	FALSE
gene10721	0	FALSE
gene10722	1.03735602262896	TRUE
gene10723	0	FALSE
gene10724	0	FALSE
gene10725	0	FALSE
gene10726	0	FALSE
gene10727	0.964135934715159	TRUE
gene10728	-0.845288906071801	TRUE
gene10729	0	FALSE
gene10730	0	FALSE
gene10731	0	FALSE
gene10732	0	FALSE
gene10733	0	FALSE
gene10734	0	FALSE
gene10735	0	FALSE
gene10736	0	FALSE
gene10737	0	FALSE
gene10738	0	FALSE
gene10739	0	FALSE
gene10740	0	FALSE
gene10741	0	FALSE
gene10742	0	FALSE
gene10743	0	FALSE
gene10744	0	FALSE
gene10745	0	FALSE
gene10746	0	FALSE
gene10747	-1.49168494914193	TRUE
gene10748	0	FALSE
gene10749	0	FALSE
gene10750	0	FALSE
gene10751	0	FALSE
gene10752	0	FALSE
gene10753	0	FALSE
gene10754	0	FALSE
gene10755	0	FALSE
gene10756	0	FALSE
gene10757	0	FALSE
gene10758	0	FALSE
gene10759	0	FALSE
gene10760	0	FALSE
gene10761	0	FALSE
gene10762	0	FALSE
gene10763	0	FALSE
gene10764	0	FALSE
gene10765	0	FALSE
gene10766	0	FALSE
gene10767	0	FALSE
gene10768	-2.07981810666388	TRUE
gene10769	-2.85310996480985	TRUE
gene10770	0	FALSE
gene10771	0	FALSE
gene10772	0	FALSE
gene10773	0	FALSE
gene10774	0	FALSE
gene10775	0	FALSE
gene10776	0	FALSE
gene10777	0	FALSE
gene10778	-1.69594442815287	TRUE
gene10779	0	FALSE
gene10780	0	FALSE
gene10781	0	FALSE
gene10782	2.79360216652276	TRUE
gene10783	0	FALSE
gene10784	1.12932699266821	TRUE
gene10785	0	FALSE
gene10786	0	FALSE
gene10787	0	FALSE
gene10788	0	FALSE
gene10789	0	FALSE
gene10790	0	FALSE
gene10791	0	FALSE
gene10792	0	FALSE
gene10793	0	FALSE
gene10794	0	FALSE
gene10795	0	FALSE
gene10796	0	FALSE
gene10797	0	FALSE
gene10798	0	FALSE
gene10799	0	FALSE
gene10800	0	FALSE
gene10801	0	FALSE
gene10802	0	FALSE
gene10803	0	FALSE
gene10804	0	FALSE
gene10805	0	FALSE
gene10806	0	FALSE
gene10807	0	FALSE
gene10808	-1.79028050461784	TRUE
gene10809	0	FALSE
gene10810	0	FALSE
gene10811	0	FALSE
gene10812	1.43110240384704	TRUE
gene10813	0	FALSE
gene10814	0	FALSE
gene10815	0	FALSE
gene10816	0	FALSE
gene10817	0	FALSE
gene10818	0.945745308359619	TRUE
gene10819	0	FALSE
gene10820	0	FALSE
gene10821	0	FALSE
gene10822	0	FALSE
gene10823	0	FALSE
gene10824	0	FALSE
gene10825	0	FALSE
gene10826	0	FALSE
gene10827	0	FALSE
gene10828	0	FALSE
gene10829	0	FALSE
gene10830	0	FALSE
gene10831	0	FALSE
gene10832	0	FALSE
gene10833	0	FALSE
gene10834	0	FALSE
gene10835	0	FALSE
gene10836	0	FALSE
gene10837	0	FALSE
gene10838	0	FALSE
gene10839	0	FALSE
gene10840	0	FALSE
gene10841	0	FALSE
gene10842	0	FALSE
gene10843	0	FALSE
gene10844	0	FALSE
gene10845	-2.23680009890813	TRUE
gene10846	0	FALSE
gene10847	0	FALSE
gene10848	0	FALSE
gene10849	0	FALSE
gene10850	0	FALSE
gene10851	0	FALSE
gene10852	0	FALSE
gene10853	0	FALSE
gene10854	0	FALSE
gene10855	0	FALSE
gene10856	0	FALSE
gene10857	0	FALSE
gene10858	0	FALSE
gene10859	0	FALSE
gene10860	0	FALSE
gene10861	0	FALSE
gene10862	0	FALSE
gene10863	0	FALSE
gene10864	0	FALSE
gene10865	0	FALSE
gene10866	0	FALSE
gene10867	0	FALSE
gene10868	0	FALSE
gene10869	0	FALSE
gene10870	2.26872042665491	TRUE
gene10871	0	FALSE
gene10872	0	FALSE
gene10873	-1.5551101823221	TRUE
gene10874	0	FALSE
gene10875	0	FALSE
gene10876	0	FALSE
gene10877	0	FALSE
gene10878	0	FALSE
gene10879	0	FALSE
gene10880	0	FALSE
gene10881	0	FALSE
gene10882	0	FALSE
gene10883	0	FALSE
gene10884	0	FALSE
gene10885	0	FALSE
gene10886	0.773234640306327	TRUE
gene10887	0	FALSE
gene10888	0	FALSE
gene10889	0	FALSE
gene10890	0	FALSE
gene10891	0	FALSE
gene10892	0	FALSE
gene10893	0	FALSE
gene10894	0	FALSE
gene10895	0	FALSE
gene10896	0	FALSE
gene10897	0	FALSE
gene10898	0	FALSE
gene10899	0	FALSE
gene10900	0	FALSE
gene10901	0	FALSE
gene10902	0	FALSE
gene10903	0	FALSE
gene10904	-1.17190921492875	TRUE
gene10905	0	FALSE
gene10906	0	FALSE
gene10907	0	FALSE
gene10908	0	FALSE
gene10909	0	FALSE
gene10910	0	FALSE
gene10911	0	FALSE
gene10912	0	FALSE
gene10913	0	FALSE
gene10914	-2.71237767330604	TRUE
gene10915	0	FALSE
gene10916	0	FALSE
gene10917	-1.3016825200757	TRUE
gene10918	0	FALSE
gene10919	0	FALSE
gene10920	0	FALSE
gene10921	0	FALSE
gene10922	0	FALSE
gene10923	-2.19283476728015	TRUE
gene10924	0	FALSE
gene10925	0	FALSE
gene10926	0	FALSE
gene10927	2.73748872784199	TRUE
gene10928	0	FALSE
gene10929	-1.43024479213636	TRUE
gene10930	-1.72848807403352	TRUE
gene10931	-1.85208603768842	TRUE
gene10932	2.79128813365242	TRUE
gene10933	0	FALSE
gene10934	0	FALSE
gene10935	0	FALSE
gene10936	0	FALSE
gene10937	0	FALSE
gene10938	0	FALSE
gene10939	0	FALSE
gene10940	0	FALSE
gene10941	0	FALSE
gene10942	0	FALSE
gene10943	0	FALSE
gene10944	0	FALSE
gene10945	0	FALSE
gene10946	0	FALSE
gene10947	0	FALSE
gene10948	0	FALSE
gene10949	0	FALSE
gene10950	0	FALSE
gene10951	0	FALSE
gene10952	0	FALSE
gene10953	0	FALSE
gene10954	0	FALSE
gene10955	0	FALSE
gene10956	0	FALSE
gene10957	0	FALSE
gene10958	0	FALSE
gene10959	0	FALSE
gene10960	0	FALSE
gene10961	0	FALSE
gene10962	0	FALSE
gene10963	0	FALSE
gene10964	0	FALSE
gene10965	-2.55745896877488	TRUE
gene10966	-2.30988714820705	TRUE
gene10967	0	FALSE
gene10968	0	FALSE
gene10969	0	FALSE
gene10970	0	FALSE
gene10971	0	FALSE
gene10972	0	FALSE
gene10973	0	FALSE
gene10974	0	FALSE
gene10975	0	FALSE
gene10976	1.5296991771902	TRUE
gene10977	0	FALSE
gene10978	0	FALSE
gene10979	0	FALSE
gene10980	0	FALSE
gene10981	0	FALSE
gene10982	0	FALSE
gene10983	0	FALSE
gene10984	0	FALSE
gene10985	0	FALSE
gene10986	0	FALSE
gene10987	0	FALSE
gene10988	0	FALSE
gene10989	0	FALSE
gene10990	0	FALSE
gene10991	0	FALSE
gene10992	0	FALSE
gene10993	0	FALSE
gene10994	0	FALSE
gene10995	0	FALSE
gene10996	-1.12102610059083	TRUE
gene10997	2.43510819040239	TRUE
gene10998	0	FALSE
gene10999	0	FALSE
gene11000	-1.99397078534821	TRUE
gene11001	0	FALSE
gene11002	0	FALSE
gene11003	0	FALSE
gene11004	0	FALSE
gene11005	0	FALSE
gene11006	0	FALSE
gene11007	0	FALSE
gene11008	0	FALSE
gene11009	0	FALSE
gene11010	0	FALSE
gene11011	0	FALSE
gene11012	0	FALSE
gene11013	0	FALSE
gene11014	0	FALSE
gene11015	0	FALSE
gene11016	0	FALSE
gene11017	0	FALSE
gene11018	0	FALSE
gene11019	0	FALSE
gene11020	-1.10384150175378	TRUE
gene11021	0	FALSE
gene11022	0	FALSE
gene11023	0	FALSE
gene11024	0	FALSE
gene11025	0	FALSE
gene11026	0	FALSE
gene11027	-2.75623742124299	TRUE
gene11028	0	FALSE
gene11029	-1.03460725920741	TRUE
gene11030	0	FALSE
gene11031	0	FALSE
gene11032	0	FALSE
gene11033	0	FALSE
gene11034	0	FALSE
gene11035	0	FALSE
gene11036	0	FALSE
gene11037	0	FALSE
gene11038	0	FALSE
gene11039	0	FALSE
gene11040	0	FALSE
gene11041	0	FALSE
gene11042	0	FALSE
gene11043	0	FALSE
gene11044	0	FALSE
gene11045	0	FALSE
gene11046	0	FALSE
gene11047	0	FALSE
gene11048	0	FALSE
gene11049	1.15087400487391	TRUE
gene11050	0.939069961721543	TRUE
gene11051	0	FALSE
gene11052	0	FALSE
gene11053	0	FALSE
gene11054	0	FALSE
gene11055	0	FALSE
gene11056	0	FALSE
gene11057	0	FALSE
gene11058	0	FALSE
gene11059	0	FALSE
gene11060	0	FALSE
gene11061	2.95570600713836	TRUE
gene11062	0	FALSE
gene11063	1.14123487123288	TRUE
gene11064	0	FALSE
gene11065	0	FALSE
gene11066	0	FALSE
gene11067	2.74945751245832	TRUE
gene11068	0	FALSE
gene11069	0	FALSE
gene11070	0	FALSE
gene11071	0	FALSE
gene11072	0	FALSE
gene11073	0	FALSE
gene11074	0	FALSE
gene11075	0	FALSE
gene11076	0	FALSE
gene11077	0	FALSE
gene11078	0	FALSE
gene11079	0	FALSE
gene11080	0	FALSE
gene11081	0	FALSE
gene11082	0	FALSE
gene11083	-1.3304964369745	TRUE
gene11084	0	FALSE
gene11085	0	FALSE
gene11086	0	FALSE
gene11087	0	FALSE
gene11088	0	FALSE
gene11089	0	FALSE
gene11090	0	FALSE
gene11091	0	FALSE
gene11092	0	FALSE
gene11093	0	FALSE
gene11094	0	FALSE
gene11095	0.947962931008078	TRUE
gene11096	0	FALSE
gene11097	0	FALSE
gene11098	0	FALSE
gene11099	0	FALSE
gene11100	0	FALSE
gene11101	0	FALSE
gene11102	0	FALSE
gene11103	0	FALSE
gene11104	0	FALSE
gene11105	0	FALSE
gene11106	0	FALSE
gene11107	0	FALSE
gene11108	0	FALSE
gene11109	2.52320181304822	TRUE
gene11110	0	FALSE
gene11111	-2.37582443252904	TRUE
gene11112	0	FALSE
gene11113	0	FALSE
gene11114	0	FALSE
gene11115	2.9065677713952	TRUE
gene11116	0	FALSE
gene11117	0	FALSE
gene11118	0	FALSE
gene11119	0	FALSE
gene11120	0	FALSE
gene11121	-1.68681185535388	TRUE
gene11122	0	FALSE
gene11123	1.04627292958321	TRUE
gene11124	0	FALSE
gene11125	0	FALSE
gene11126	0	FALSE
gene11127	0	FALSE
gene11128	0	FALSE
gene11129	0	FALSE
gene11130	0	FALSE
gene11131	0	FALSE
gene11132	2.33350058610085	TRUE
gene11133	0	FALSE
gene11134	0	FALSE
gene11135	0	FALSE
gene11136	0	FALSE
gene11137	0	FALSE
gene11138	0	FALSE
gene11139	0	FALSE
gene11140	0	FALSE
gene11141	0	FALSE
gene11142	0	FALSE
gene11143	0	FALSE
gene11144	0	FALSE
gene11145	0	FALSE
gene11146	0	FALSE
gene11147	0	FALSE
gene11148	0	FALSE
gene11149	0	FALSE
gene11150	2.01589784090174	TRUE
gene11151	0	FALSE
gene11152	2.34540881251451	TRUE
gene11153	0	FALSE
gene11154	0	FALSE
gene11155	-1.80174717132468	TRUE
gene11156	0	FALSE
gene11157	0.825033259112388	TRUE
gene11158	0	FALSE
gene11159	0	FALSE
gene11160	0	FALSE
gene11161	0	FALSE
gene11162	0	FALSE
gene11163	0	FALSE
gene11164	0	FALSE
gene11165	0	FALSE
gene11166	0	FALSE
gene11167	0	FALSE
gene11168	0	FALSE
gene11169	0	FALSE
gene11170	0	FALSE
gene11171	0	FALSE
gene11172	0	FALSE
gene11173	0	FALSE
gene11174	0	FALSE
gene11175	0	FALSE
gene11176	2.22841966885608	TRUE
gene11177	0	FALSE
gene11178	0	FALSE
gene11179	0	FALSE
gene11180	0	FALSE
gene11181	0	FALSE
gene11182	0	FALSE
gene11183	-1.61800754367141	TRUE
gene11184	0	FALSE
gene11185	-1.99158132320736	TRUE
gene11186	0	FALSE
gene11187	0	FALSE
gene11188	-2.02868277090602	TRUE
gene11189	0	FALSE
gene11190	0	FALSE
gene11191	0	FALSE
gene11192	0	FALSE
gene11193	0	FALSE
gene11194	0	FALSE
gene11195	0	FALSE
gene11196	0	FALSE
gene11197	0	FALSE
gene11198	0	FALSE
gene11199	0	FALSE
gene11200	-1.44893225363921	TRUE
gene11201	0	FALSE
gene11202	0	FALSE
gene11203	0	FALSE
gene11204	0.940896077721845	TRUE
gene11205	0	FALSE
gene11206	-2.68107574403984	TRUE
gene11207	0	FALSE
gene11208	0	FALSE
gene11209	0	FALSE
gene11210	0	FALSE
gene11211	0	FALSE
gene11212	0	FALSE
gene11213	-2.5810154589708	TRUE
gene11214	-2.71730362821836	TRUE
gene11215	0	FALSE
gene11216	0	FALSE
gene11217	-1.95840413798578	TRUE
gene11218	0	FALSE
gene11219	0	FALSE
gene11220	0	FALSE
gene11221	0	FALSE
gene11222	0	FALSE
gene11223	0	FALSE
gene11224	0	FALSE
gene11225	0	FALSE
gene11226	-2.87966271035839	TRUE
gene11227	0	FALSE
gene11228	0	FALSE
gene11229	0	FALSE
gene11230	0	FALSE
gene11231	0	FALSE
gene11232	0	FALSE
gene11233	0	FALSE
gene11234	0	FALSE
gene11235	0	FALSE
gene11236	0	FALSE
gene11237	0	FALSE
gene11238	0	FALSE
gene11239	0	FALSE
gene11240	0	FALSE
gene11241	0	FALSE
gene11242	0	FALSE
gene11243	0	FALSE
gene11244	0	FALSE
gene11245	0	FALSE
gene11246	0	FALSE
gene11247	0	FALSE
gene11248	0	FALSE
gene11249	0	FALSE
gene11250	0	FALSE
gene11251	0	FALSE
gene11252	0	FALSE
gene11253	0	FALSE
gene11254	-1.72973717720015	TRUE
gene11255	0	FALSE
gene11256	0	FALSE
gene11257	1.46401168667944	TRUE
gene11258	2.87979176442605	TRUE
gene11259	0	FALSE
gene11260	0	FALSE
gene11261	0	FALSE
gene11262	0.790113244147506	TRUE
gene11263	0	FALSE
gene11264	0	FALSE
gene11265	-1.06640733755194	TRUE
gene11266	0	FALSE
gene11267	0	FALSE
gene11268	0	FALSE
gene11269	0	FALSE
gene11270	0	FALSE
gene11271	-1.17549281171523	TRUE
gene11272	0	FALSE
gene11273	-2.38871255057165	TRUE
gene11274	0	FALSE
gene11275	0	FALSE
gene11276	0	FALSE
gene11277	0	FALSE
gene11278	1.51802652468905	TRUE
gene11279	0	FALSE
gene11280	0	FALSE
gene11281	0	FALSE
gene11282	0	FALSE
gene11283	0	FALSE
gene11284	0	FALSE
gene11285	0	FALSE
gene11286	0	FALSE
gene11287	0	FALSE
gene11288	0	FALSE
gene11289	0	FALSE
gene11290	-1.30005101719871	TRUE
gene11291	0	FALSE
gene11292	0	FALSE
gene11293	0	FALSE
gene11294	0	FALSE
gene11295	0	FALSE
gene11296	0	FALSE
gene11297	0	FALSE
gene11298	0	FALSE
gene11299	0	FALSE
gene11300	0	FALSE
gene11301	0	FALSE
gene11302	0	FALSE
gene11303	0	FALSE
gene11304	0	FALSE
gene11305	0	FALSE
gene11306	0	FALSE
gene11307	0	FALSE
gene11308	0	FALSE
gene11309	0	FALSE
gene11310	0	FALSE
gene11311	-1.81217902241042	TRUE
gene11312	0	FALSE
gene11313	0	FALSE
gene11314	0	FALSE
gene11315	0	FALSE
gene11316	0	FALSE
gene11317	0	FALSE
gene11318	-1.43608246132499	TRUE
gene11319	0	FALSE
gene11320	0	FALSE
gene11321	0	FALSE
gene11322	0	FALSE
gene11323	0	FALSE
gene11324	0	FALSE
gene11325	2.96331014251336	TRUE
gene11326	0	FALSE
gene11327	0	FALSE
gene11328	0	FALSE
gene11329	0	FALSE
gene11330	0	FALSE
gene11331	0	FALSE
gene11332	0	FALSE
gene11333	0	FALSE
gene11334	2.01246348652057	TRUE
gene11335	0	FALSE
gene11336	0	FALSE
gene11337	0	FALSE
gene11338	0	FALSE
gene11339	0.891365823510569	TRUE
gene11340	0	FALSE
gene11341	0	FALSE
gene11342	0	FALSE
gene11343	0	FALSE
gene11344	0	FALSE
gene11345	0	FALSE
gene11346	0	FALSE
gene11347	0	FALSE
gene11348	0	FALSE
gene11349	0	FALSE
gene11350	0	FALSE
gene11351	0	FALSE
gene11352	0	FALSE
gene11353	0	FALSE
gene11354	0	FALSE
gene11355	0	FALSE
gene11356	0	FALSE
gene11357	0	FALSE
gene11358	0	FALSE
gene11359	1.89556295477087	TRUE
gene11360	0	FALSE
gene11361	0	FALSE
gene11362	0	FALSE
gene11363	0	FALSE
gene11364	0	FALSE
gene11365	0	FALSE
gene11366	0	FALSE
gene11367	0	FALSE
gene11368	0	FALSE
gene11369	0	FALSE
gene11370	0	FALSE
gene11371	0	FALSE
gene11372	0	FALSE
gene11373	0	FALSE
gene11374	0	FALSE
gene11375	0	FALSE
gene11376	0	FALSE
gene11377	0	FALSE
gene11378	0	FALSE
gene11379	0	FALSE
gene11380	0	FALSE
gene11381	0	FALSE
gene11382	0	FALSE
gene11383	0	FALSE
gene11384	0	FALSE
gene11385	0	FALSE
gene11386	0	FALSE
gene11387	0	FALSE
gene11388	0	FALSE
gene11389	0	FALSE
gene11390	0	FALSE
gene11391	0	FALSE
gene11392	0	FALSE
gene11393	0	FALSE
gene11394	0	FALSE
gene11395	-1.49045476916945	TRUE
gene11396	0	FALSE
gene11397	0	FALSE
gene11398	0	FALSE
gene11399	0	FALSE
gene11400	0	FALSE
gene11401	0	FALSE
gene11402	-1.9101865432458	TRUE
gene11403	0	FALSE
gene11404	0	FALSE
gene11405	0	FALSE
gene11406	0	FALSE
gene11407	0	FALSE
gene11408	0	FALSE
gene11409	-2.32342908717692	TRUE
gene11410	0	FALSE
gene11411	0	FALSE
gene11412	0	FALSE
gene11413	0	FALSE
gene11414	0	FALSE
gene11415	0	FALSE
gene11416	0	FALSE
gene11417	0	FALSE
gene11418	0	FALSE
gene11419	0	FALSE
gene11420	0	FALSE
gene11421	0	FALSE
gene11422	0	FALSE
gene11423	0	FALSE
gene11424	1.21464925952023	TRUE
gene11425	0	FALSE
gene11426	0	FALSE
gene11427	0	FALSE
gene11428	-2.07003711297875	TRUE
gene11429	0	FALSE
gene11430	0	FALSE
gene11431	-2.95082616683794	TRUE
gene11432	0	FALSE
gene11433	0	FALSE
gene11434	0	FALSE
gene11435	-1.89691750542261	TRUE
gene11436	0	FALSE
gene11437	0	FALSE
gene11438	0	FALSE
gene11439	-1.69238774251426	TRUE
gene11440	0	FALSE
gene11441	0	FALSE
gene11442	0	FALSE
gene11443	0	FALSE
gene11444	0	FALSE
gene11445	0	FALSE
gene11446	0	FALSE
gene11447	0	FALSE
gene11448	0	FALSE
gene11449	0	FALSE
gene11450	0	FALSE
gene11451	0	FALSE
gene11452	1.52085929206805	TRUE
gene11453	0	FALSE
gene11454	0	FALSE
gene11455	0	FALSE
gene11456	0	FALSE
gene11457	0	FALSE
gene11458	0	FALSE
gene11459	0	FALSE
gene11460	0	FALSE
gene11461	0	FALSE
gene11462	0	FALSE
gene11463	0	FALSE
gene11464	2.50370726385154	TRUE
gene11465	0	FALSE
gene11466	1.96474802016746	TRUE
gene11467	0	FALSE
gene11468	0	FALSE
gene11469	0	FALSE
gene11470	0	FALSE
gene11471	0	FALSE
gene11472	0	FALSE
gene11473	0	FALSE
gene11474	-2.75492112454958	TRUE
gene11475	0	FALSE
gene11476	0	FALSE
gene11477	0	FALSE
gene11478	0	FALSE
gene11479	0	FALSE
gene11480	0	FALSE
gene11481	0	FALSE
gene11482	0	FALSE
gene11483	-2.48941812693374	TRUE
gene11484	0	FALSE
gene11485	0	FALSE
gene11486	0	FALSE
gene11487	-1.34746082487982	TRUE
gene11488	0	FALSE
gene11489	0	FALSE
gene11490	1.16280539048603	TRUE
gene11491	0	FALSE
gene11492	0	FALSE
gene11493	0	FALSE
gene11494	0	FALSE
gene11495	0	FALSE
gene11496	2.63376400095876	TRUE
gene11497	1.68571812019218	TRUE
gene11498	0	FALSE
gene11499	2.15031712391647	TRUE
gene11500	0	FALSE
gene11501	2.99709551181877	TRUE
gene11502	0	FALSE
gene11503	0	FALSE
gene11504	-2.13074844045332	TRUE
gene11505	0	FALSE
gene11506	0	FALSE
gene11507	0	FALSE
gene11508	0	FALSE
gene11509	0	FALSE
gene11510	0	FALSE
gene11511	0	FALSE
gene11512	0	FALSE
gene11513	-1.05227688734885	TRUE
gene11514	0	FALSE
gene11515	0	FALSE
gene11516	0	FALSE
gene11517	0	FALSE
gene11518	0	FALSE
gene11519	0	FALSE
gene11520	0	FALSE
gene11521	0	FALSE
gene11522	0	FALSE
gene11523	0	FALSE
gene11524	-2.00435197044862	TRUE
gene11525	0	FALSE
gene11526	0	FALSE
gene11527	0	FALSE
gene11528	0	FALSE
gene11529	0	FALSE
gene11530	0	FALSE
gene11531	0	FALSE
gene11532	0	FALSE
gene11533	0	FALSE
gene11534	0	FALSE
gene11535	0	FALSE
gene11536	1.05017523985589	TRUE
gene11537	0	FALSE
gene11538	0	FALSE
gene11539	0	FALSE
gene11540	0	FALSE
gene11541	0	FALSE
gene11542	0	FALSE
gene11543	0	FALSE
gene11544	0	FALSE
gene11545	0	FALSE
gene11546	1.53398963506334	TRUE
gene11547	0	FALSE
gene11548	0	FALSE
gene11549	0	FALSE
gene11550	0	FALSE
gene11551	0	FALSE
gene11552	0	FALSE
gene11553	0	FALSE
gene11554	0	FALSE
gene11555	0	FALSE
gene11556	0	FALSE
gene11557	0	FALSE
gene11558	0	FALSE
gene11559	0	FALSE
gene11560	0	FALSE
gene11561	0	FALSE
gene11562	0	FALSE
gene11563	0	FALSE
gene11564	0	FALSE
gene11565	0	FALSE
gene11566	0	FALSE
gene11567	0	FALSE
gene11568	0	FALSE
gene11569	0	FALSE
gene11570	0	FALSE
gene11571	0	FALSE
gene11572	0	FALSE
gene11573	0	FALSE
gene11574	0	FALSE
gene11575	0	FALSE
gene11576	0	FALSE
gene11577	0	FALSE
gene11578	0	FALSE
gene11579	0	FALSE
gene11580	0	FALSE
gene11581	0	FALSE
gene11582	0	FALSE
gene11583	-2.69630213384517	TRUE
gene11584	0	FALSE
gene11585	0	FALSE
gene11586	0	FALSE
gene11587	0	FALSE
gene11588	0	FALSE
gene11589	0	FALSE
gene11590	0	FALSE
gene11591	0	FALSE
gene11592	0	FALSE
gene11593	0	FALSE
gene11594	0	FALSE
gene11595	0	FALSE
gene11596	0	FALSE
gene11597	0	FALSE
gene11598	0	FALSE
gene11599	0	FALSE
gene11600	0	FALSE
gene11601	0	FALSE
gene11602	0	FALSE
gene11603	0	FALSE
gene11604	0	FALSE
gene11605	0	FALSE
gene11606	0	FALSE
gene11607	0	FALSE
gene11608	0	FALSE
gene11609	0	FALSE
gene11610	0	FALSE
gene11611	0	FALSE
gene11612	-1.23905816988554	TRUE
gene11613	0	FALSE
gene11614	0	FALSE
gene11615	0	FALSE
gene11616	0	FALSE
gene11617	0	FALSE
gene11618	0	FALSE
gene11619	0	FALSE
gene11620	0	FALSE
gene11621	0	FALSE
gene11622	0	FALSE
gene11623	0	FALSE
gene11624	0	FALSE
gene11625	0	FALSE
gene11626	0	FALSE
gene11627	0	FALSE
gene11628	0	FALSE
gene11629	0	FALSE
gene11630	0	FALSE
gene11631	0	FALSE
gene11632	0	FALSE
gene11633	0	FALSE
gene11634	-0.944352575519588	TRUE
gene11635	0	FALSE
gene11636	0	FALSE
gene11637	0	FALSE
gene11638	0	FALSE
gene11639	0	FALSE
gene11640	0	FALSE
gene11641	0	FALSE
gene11642	0	FALSE
gene11643	0	FALSE
gene11644	0	FALSE
gene11645	0	FALSE
gene11646	0	FALSE
gene11647	0	FALSE
gene11648	0	FALSE
gene11649	-2.77950119704474	TRUE
gene11650	0	FALSE
gene11651	0	FALSE
gene11652	0	FALSE
gene11653	0	FALSE
gene11654	0	FALSE
gene11655	0	FALSE
gene11656	0	FALSE
gene11657	0	FALSE
gene11658	1.37785207660636	TRUE
gene11659	0	FALSE
gene11660	0	FALSE
gene11661	0	FALSE
gene11662	0	FALSE
gene11663	0	FALSE
gene11664	0	FALSE
gene11665	0	FALSE
gene11666	0	FALSE
gene11667	2.17727031436516	TRUE
gene11668	0	FALSE
gene11669	0	FALSE
gene11670	0	FALSE
gene11671	0	FALSE
gene11672	0	FALSE
gene11673	0	FALSE
gene11674	0	FALSE
gene11675	0	FALSE
gene11676	0	FALSE
gene11677	0	FALSE
gene11678	0	FALSE
gene11679	0	FALSE
gene11680	1.99534223548835	TRUE
gene11681	0	FALSE
gene11682	0	FALSE
gene11683	-1.71554719243431	TRUE
gene11684	1.10732402326539	TRUE
gene11685	2.49559021624736	TRUE
gene11686	0	FALSE
gene11687	-2.37542306247633	TRUE
gene11688	0	FALSE
gene11689	2.65896539879031	TRUE
gene11690	0	FALSE
gene11691	0	FALSE
gene11692	0	FALSE
gene11693	0	FALSE
gene11694	0	FALSE
gene11695	0	FALSE
gene11696	0	FALSE
gene11697	0	FALSE
gene11698	0	FALSE
gene11699	0	FALSE
gene11700	0	FALSE
gene11701	-2.91900009568781	TRUE
gene11702	0	FALSE
gene11703	0	FALSE
gene11704	1.27290564071154	TRUE
gene11705	0	FALSE
gene11706	0	FALSE
gene11707	0	FALSE
gene11708	1.87846057245042	TRUE
gene11709	0	FALSE
gene11710	0	FALSE
gene11711	0	FALSE
gene11712	0	FALSE
gene11713	0	FALSE
gene11714	0	FALSE
gene11715	0	FALSE
gene11716	0	FALSE
gene11717	0	FALSE
gene11718	0	FALSE
gene11719	0	FALSE
gene11720	0	FALSE
gene11721	0	FALSE
gene11722	0	FALSE
gene11723	0	FALSE
gene11724	0	FALSE
gene11725	0	FALSE
gene11726	0	FALSE
gene11727	0	FALSE
gene11728	0	FALSE
gene11729	0.903610074135941	TRUE
gene11730	0	FALSE
gene11731	0	FALSE
gene11732	0	FALSE
gene11733	0	FALSE
gene11734	0	FALSE
gene11735	0	FALSE
gene11736	1.36564997647656	TRUE
gene11737	0	FALSE
gene11738	0	FALSE
gene11739	0	FALSE
gene11740	0	FALSE
gene11741	0	FALSE
gene11742	-2.55958403268596	TRUE
gene11743	0	FALSE
gene11744	0	FALSE
gene11745	0	FALSE
gene11746	0	FALSE
gene11747	0	FALSE
gene11748	-0.899022523371968	TRUE
gene11749	-1.93472514679888	TRUE
gene11750	0	FALSE
gene11751	0	FALSE
gene11752	0	FALSE
gene11753	0	FALSE
gene11754	0	FALSE
gene11755	0	FALSE
gene11756	0	FALSE
gene11757	0	FALSE
gene11758	0	FALSE
gene11759	0	FALSE
gene11760	0	FALSE
gene11761	0	FALSE
gene11762	0	FALSE
gene11763	0	FALSE
gene11764	0	FALSE
gene11765	0	FALSE
gene11766	0	FALSE
gene11767	0	FALSE
gene11768	0	FALSE
gene11769	0	FALSE
gene11770	0	FALSE
gene11771	0	FALSE
gene11772	0	FALSE
gene11773	0	FALSE
gene11774	0	FALSE
gene11775	0	FALSE
gene11776	0	FALSE
gene11777	0	FALSE
gene11778	0	FALSE
gene11779	0	FALSE
gene11780	0	FALSE
gene11781	-2.51654249365674	TRUE
gene11782	0	FALSE
gene11783	0	FALSE
gene11784	0	FALSE
gene11785	0	FALSE
gene11786	0	FALSE
gene11787	0	FALSE
gene11788	0.89507045969367	TRUE
gene11789	0	FALSE
gene11790	0	FALSE
gene11791	0.90582620218629	TRUE
gene11792	0	FALSE
gene11793	0	FALSE
gene11794	0	FALSE
gene11795	0	FALSE
gene11796	0	FALSE
gene11797	0	FALSE
gene11798	0	FALSE
gene11799	-2.44385897327447	TRUE
gene11800	0	FALSE
gene11801	0	FALSE
gene11802	0	FALSE
gene11803	0	FALSE
gene11804	0	FALSE
gene11805	0	FALSE
gene11806	0	FALSE
gene11807	0	FALSE
gene11808	0	FALSE
gene11809	0	FALSE
gene11810	0	FALSE
gene11811	0	FALSE
gene11812	0	FALSE
gene11813	0	FALSE
gene11814	0	FALSE
gene11815	0	FALSE
gene11816	0	FALSE
gene11817	0	FALSE
gene11818	0.938287422002759	TRUE
gene11819	0	FALSE
gene11820	0	FALSE
gene11821	0	FALSE
gene11822	0	FALSE
gene11823	0	FALSE
gene11824	1.41571470693452	TRUE
gene11825	0	FALSE
gene11826	0	FALSE
gene11827	0	FALSE
gene11828	0	FALSE
gene11829	0	FALSE
gene11830	2.21915260580136	TRUE
gene11831	-1.53871777758468	TRUE
gene11832	0	FALSE
gene11833	0	FALSE
gene11834	0	FALSE
gene11835	0	FALSE
gene11836	0	FALSE
gene11837	0	FALSE
gene11838	1.71819108567433	TRUE
gene11839	0	FALSE
gene11840	0	FALSE
gene11841	0	FALSE
gene11842	0	FALSE
gene11843	0	FALSE
gene11844	0	FALSE
gene11845	0	FALSE
gene11846	0	FALSE
gene11847	0	FALSE
gene11848	0	FALSE
gene11849	0	FALSE
gene11850	0	FALSE
gene11851	0	FALSE
gene11852	0	FALSE
gene11853	1.06591243488947	TRUE
gene11854	0	FALSE
gene11855	-2.70582892902894	TRUE
gene11856	0	FALSE
gene11857	0	FALSE
gene11858	0	FALSE
gene11859	0	FALSE
gene11860	0	FALSE
gene11861	0	FALSE
gene11862	0	FALSE
gene11863	0	FALSE
gene11864	0	FALSE
gene11865	0	FALSE
gene11866	0	FALSE
gene11867	0	FALSE
gene11868	0	FALSE
gene11869	0	FALSE
gene11870	0	FALSE
gene11871	0	FALSE
gene11872	0	FALSE
gene11873	0	FALSE
gene11874	2.76356811483856	TRUE
gene11875	0	FALSE
gene11876	0	FALSE
gene11877	0	FALSE
gene11878	0	FALSE
gene11879	0	FALSE
gene11880	0	FALSE
gene11881	0	FALSE
gene11882	0	FALSE
gene11883	0	FALSE
gene11884	0	FALSE
gene11885	0	FALSE
gene11886	-1.25252815283602	TRUE
gene11887	0	FALSE
gene11888	0	FALSE
gene11889	0	FALSE
gene11890	0	FALSE
gene11891	0	FALSE
gene11892	0	FALSE
gene11893	-2.09182419494027	TRUE
gene11894	0	FALSE
gene11895	0	FALSE
gene11896	0	FALSE
gene11897	0	FALSE
gene11898	0	FALSE
gene11899	0	FALSE
gene11900	0	FALSE
gene11901	0	FALSE
gene11902	-0.922123305732384	TRUE
gene11903	0	FALSE
gene11904	-2.34494386363076	TRUE
gene11905	0	FALSE
gene11906	0	FALSE
gene11907	0	FALSE
gene11908	0	FALSE
gene11909	0	FALSE
gene11910	0	FALSE
gene11911	0	FALSE
gene11912	0	FALSE
gene11913	0	FALSE
gene11914	0	FALSE
gene11915	0	FALSE
gene11916	0	FALSE
gene11917	0	FALSE
gene11918	0	FALSE
gene11919	0	FALSE
gene11920	1.66546546923928	TRUE
gene11921	0	FALSE
gene11922	0	FALSE
gene11923	0	FALSE
gene11924	0	FALSE
gene11925	0	FALSE
gene11926	0	FALSE
gene11927	0	FALSE
gene11928	0	FALSE
gene11929	0	FALSE
gene11930	0	FALSE
gene11931	2.47359480941668	TRUE
gene11932	0	FALSE
gene11933	0	FALSE
gene11934	0	FALSE
gene11935	0	FALSE
gene11936	0	FALSE
gene11937	0	FALSE
gene11938	0	FALSE
gene11939	0	FALSE
gene11940	2.57643520989222	TRUE
gene11941	0	FALSE
gene11942	-2.46379712579073	TRUE
gene11943	-2.08654915000079	TRUE
gene11944	-1.73874447878916	TRUE
gene11945	0	FALSE
gene11946	0	FALSE
gene11947	0	FALSE
gene11948	0	FALSE
gene11949	0	FALSE
gene11950	0	FALSE
gene11951	0	FALSE
gene11952	-1.00738066574559	TRUE
gene11953	0	FALSE
gene11954	0	FALSE
gene11955	0	FALSE
gene11956	0	FALSE
gene11957	0	FALSE
gene11958	0	FALSE
gene11959	-2.40485406137304	TRUE
gene11960	0	FALSE
gene11961	0	FALSE
gene11962	-2.18380228750175	TRUE
gene11963	0	FALSE
gene11964	0	FALSE
gene11965	2.41235969524132	TRUE
gene11966	0	FALSE
gene11967	0	FALSE
gene11968	0	FALSE
gene11969	0	FALSE
gene11970	0	FALSE
gene11971	0	FALSE
gene11972	0	FALSE
gene11973	0	FALSE
gene11974	0	FALSE
gene11975	0	FALSE
gene11976	0	FALSE
gene11977	0	FALSE
gene11978	0	FALSE
gene11979	0	FALSE
gene11980	0	FALSE
gene11981	0	FALSE
gene11982	0	FALSE
gene11983	0	FALSE
gene11984	-1.00747220398625	TRUE
gene11985	0	FALSE
gene11986	0	FALSE
gene11987	0	FALSE
gene11988	0	FALSE
gene11989	-1.28200690657832	TRUE
gene11990	0	FALSE
gene11991	0	FALSE
gene11992	0	FALSE
gene11993	0	FALSE
gene11994	0	FALSE
gene11995	0	FALSE
gene11996	0	FALSE
gene11997	0	FALSE
gene11998	0	FALSE
gene11999	0	FALSE
gene12000	0	FALSE
gene12001	0	FALSE
gene12002	0	FALSE
gene12003	0	FALSE
gene12004	0	FALSE
gene12005	2.53837928973371	TRUE
gene12006	0	FALSE
gene12007	0	FALSE
gene12008	0	FALSE
gene12009	1.75230022118194	TRUE
gene12010	0	FALSE
gene12011	0	FALSE
gene12012	0	FALSE
gene12013	0	FALSE
gene12014	-1.00329426949611	TRUE
gene12015	0	FALSE
gene12016	0	FALSE
gene12017	0	FALSE
gene12018	0	FALSE
gene12019	0	FALSE
gene12020	0	FALSE
gene12021	1.2656259976211	TRUE
gene12022	0	FALSE
gene12023	0	FALSE
gene12024	0	FALSE
gene12025	0	FALSE
gene12026	0	FALSE
gene12027	0	FALSE
gene12028	0	FALSE
gene12029	0	FALSE
gene12030	0.971296469913796	TRUE
gene12031	0	FALSE
gene12032	0	FALSE
gene12033	0	FALSE
gene12034	-0.926220842578914	TRUE
gene12035	0	FALSE
gene12036	0	FALSE
gene12037	0	FALSE
gene12038	0	FALSE
gene12039	0	FALSE
gene12040	0	FALSE
gene12041	0	FALSE
gene12042	0	FALSE
gene12043	0	FALSE
gene12044	0	FALSE
gene12045	0	FALSE
gene12046	0	FALSE
gene12047	0	FALSE
gene12048	0	FALSE
gene12049	0	FALSE
gene12050	0	FALSE
gene12051	0	FALSE
gene12052	0	FALSE
gene12053	0	FALSE
gene12054	0	FALSE
gene12055	0	FALSE
gene12056	0	FALSE
gene12057	0	FALSE
gene12058	0	FALSE
gene12059	0	FALSE
gene12060	0	FALSE
gene12061	0	FALSE
gene12062	0	FALSE
gene12063	0	FALSE
gene12064	0	FALSE
gene12065	0	FALSE
gene12066	0	FALSE
gene12067	0	FALSE
gene12068	0	FALSE
gene12069	0	FALSE
gene12070	0	FALSE
gene12071	0	FALSE
gene12072	0	FALSE
gene12073	0	FALSE
gene12074	0	FALSE
gene12075	0	FALSE
gene12076	-0.934004922222812	TRUE
gene12077	0	FALSE
gene12078	0	FALSE
gene12079	0	FALSE
gene12080	0	FALSE
gene12081	0	FALSE
gene12082	0	FALSE
gene12083	0	FALSE
gene12084	2.87689393357141	TRUE
gene12085	0	FALSE
gene12086	0	FALSE
gene12087	0	FALSE
gene12088	0	FALSE
gene12089	0	FALSE
gene12090	0	FALSE
gene12091	0	FALSE
gene12092	-1.3409956319374	TRUE
gene12093	0	FALSE
gene12094	0	FALSE
gene12095	0	FALSE
gene12096	0	FALSE
gene12097	0	FALSE
gene12098	0	FALSE
gene12099	0	FALSE
gene12100	0	FALSE
gene12101	0	FALSE
gene12102	0	FALSE
gene12103	0	FALSE
gene12104	0	FALSE
gene12105	0	FALSE
gene12106	0	FALSE
gene12107	0	FALSE
gene12108	0	FALSE
gene12109	0	FALSE
gene12110	0	FALSE
gene12111	0	FALSE
gene12112	1.30912348860875	TRUE
gene12113	0	FALSE
gene12114	0	FALSE
gene12115	0	FALSE
gene12116	2.14888691977831	TRUE
gene12117	0	FALSE
gene12118	0	FALSE
gene12119	0	FALSE
gene12120	0	FALSE
gene12121	0	FALSE
gene12122	0	FALSE
gene12123	0	FALSE
gene12124	0	FALSE
gene12125	0	FALSE
gene12126	0	FALSE
gene12127	0	FALSE
gene12128	0	FALSE
gene12129	0	FALSE
gene12130	0	FALSE
gene12131	0	FALSE
gene12132	1.12720447214087	TRUE
gene12133	0	FALSE
gene12134	0	FALSE
gene12135	0	FALSE
gene12136	0	FALSE
gene12137	0	FALSE
gene12138	0	FALSE
gene12139	0	FALSE
gene12140	0	FALSE
gene12141	0	FALSE
gene12142	0	FALSE
gene12143	0	FALSE
gene12144	0	FALSE
gene12145	0	FALSE
gene12146	0	FALSE
gene12147	0	FALSE
gene12148	2.26648216199828	TRUE
gene12149	0	FALSE
gene12150	0	FALSE
gene12151	0	FALSE
gene12152	0	FALSE
gene12153	0	FALSE
gene12154	0	FALSE
gene12155	0	FALSE
gene12156	0	FALSE
gene12157	0	FALSE
gene12158	0	FALSE
gene12159	-1.90812327020103	TRUE
gene12160	0	FALSE
gene12161	0	FALSE
gene12162	0	FALSE
gene12163	0	FALSE
gene12164	0	FALSE
gene12165	0	FALSE
gene12166	0	FALSE
gene12167	0	FALSE
gene12168	0	FALSE
gene12169	0	FALSE
gene12170	0	FALSE
gene12171	0	FALSE
gene12172	1.11330264934804	TRUE
gene12173	-1.44820098759374	TRUE
gene12174	-2.85374126670649	TRUE
gene12175	0	FALSE
gene12176	0	FALSE
gene12177	0	FALSE
gene12178	0	FALSE
gene12179	0	FALSE
gene12180	0	FALSE
gene12181	-2.4510301440605	TRUE
gene12182	0	FALSE
gene12183	0	FALSE
gene12184	0	FALSE
gene12185	0	FALSE
gene12186	0	FALSE
gene12187	0	FALSE
gene12188	0	FALSE
gene12189	1.8605543980957	TRUE
gene12190	0	FALSE
gene12191	-2.09802825335646	TRUE
gene12192	0	FALSE
gene12193	0	FALSE
gene12194	0	FALSE
gene12195	0	FALSE
gene12196	0	FALSE
gene12197	0	FALSE
gene12198	0	FALSE
gene12199	0	FALSE
gene12200	0	FALSE
gene12201	0.821999406733084	TRUE
gene12202	0	FALSE
gene12203	0	FALSE
gene12204	0	FALSE
gene12205	0	FALSE
gene12206	-2.51697886706097	TRUE
gene12207	0	FALSE
gene12208	0	FALSE
gene12209	0	FALSE
gene12210	0	FALSE
gene12211	0	FALSE
gene12212	0	FALSE
gene12213	0	FALSE
gene12214	0	FALSE
gene12215	0	FALSE
gene12216	0	FALSE
gene12217	0	FALSE
gene12218	0	FALSE
gene12219	0	FALSE
gene12220	1.42542567924829	TRUE
gene12221	0	FALSE
gene12222	0	FALSE
gene12223	2.87222563260002	TRUE
gene12224	0	FALSE
gene12225	0	FALSE
gene12226	0	FALSE
gene12227	0	FALSE
gene12228	0	FALSE
gene12229	0	FALSE
gene12230	0	FALSE
gene12231	0	FALSE
gene12232	0	FALSE
gene12233	0	FALSE
gene12234	0	FALSE
gene12235	-1.09651609609136	TRUE
gene12236	0.921489189087879	TRUE
gene12237	0	FALSE
gene12238	0	FALSE
gene12239	-2.91185993375257	TRUE
gene12240	0	FALSE
gene12241	-2.58224079053616	TRUE
gene12242	0	FALSE
gene12243	0	FALSE
gene12244	0.941807847528253	TRUE
gene12245	0	FALSE
gene12246	0	FALSE
gene12247	0	FALSE
gene12248	0	FALSE
gene12249	0	FALSE
gene12250	0	FALSE
gene12251	0	FALSE
gene12252	0	FALSE
gene12253	0	FALSE
gene12254	0	FALSE
gene12255	-1.67336713912664	TRUE
gene12256	0	FALSE
gene12257	0	FALSE
gene12258	1.700077187852	TRUE
gene12259	0	FALSE
gene12260	0	FALSE
gene12261	0	FALSE
gene12262	-2.80500411603134	TRUE
gene12263	0	FALSE
gene12264	0	FALSE
gene12265	0	FALSE
gene12266	0	FALSE
gene12267	0	FALSE
gene12268	0	FALSE
gene12269	-2.46960193896666	TRUE
gene12270	0	FALSE
gene12271	0	FALSE
gene12272	2.37560894584749	TRUE
gene12273	-0.896913326403592	TRUE
gene12274	0	FALSE
gene12275	0	FALSE
gene12276	0	FALSE
gene12277	0	FALSE
gene12278	0	FALSE
gene12279	0	FALSE
gene12280	0	FALSE
gene12281	0	FALSE
gene12282	0	FALSE
gene12283	0	FALSE
gene12284	0	FALSE
gene12285	0	FALSE
gene12286	0	FALSE
gene12287	0	FALSE
gene12288	0	FALSE
gene12289	1.7550524463295	TRUE
gene12290	-2.23690919775981	TRUE
gene12291	0	FALSE
gene12292	0	FALSE
gene12293	0	FALSE
gene12294	0	FALSE
gene12295	0	FALSE
gene12296	0	FALSE
gene12297	0	FALSE
gene12298	0	FALSE
gene12299	0	FALSE
gene12300	0	FALSE
gene12301	0	FALSE
gene12302	0	FALSE
gene12303	0	FALSE
gene12304	0	FALSE
gene12305	0	FALSE
gene12306	-1.78892223292496	TRUE
gene12307	0	FALSE
gene12308	0	FALSE
gene12309	1.24758528429084	TRUE
gene12310	0	FALSE
gene12311	0	FALSE
gene12312	-1.13855571008753	TRUE
gene12313	1.09522250283044	TRUE
gene12314	0	FALSE
gene12315	0	FALSE
gene12316	0	FALSE
gene12317	0	FALSE
gene12318	0	FALSE
gene12319	0	FALSE
gene12320	0	FALSE
gene12321	0	FALSE
gene12322	0	FALSE
gene12323	0	FALSE
gene12324	0	FALSE
gene12325	0	FALSE
gene12326	0	FALSE
gene12327	0	FALSE
gene12328	0	FALSE
gene12329	0	FALSE
gene12330	0	FALSE
gene12331	0	FALSE
gene12332	0	FALSE
gene12333	0	FALSE
gene12334	0	FALSE
gene12335	0	FALSE
gene12336	0	FALSE
gene12337	0	FALSE
gene12338	0	FALSE
gene12339	0	FALSE
gene12340	2.9065950246295	TRUE
gene12341	0	FALSE
gene12342	0	FALSE
gene12343	0	FALSE
gene12344	0	FALSE
gene12345	0	FALSE
gene12346	0	FALSE
gene12347	0	FALSE
gene12348	-1.73043266456807	TRUE
gene12349	0	FALSE
gene12350	-1.07682463398669	TRUE
gene12351	0	FALSE
gene12352	0	FALSE
gene12353	0	FALSE
gene12354	0	FALSE
gene12355	0	FALSE
gene12356	1.9227455961518	TRUE
gene12357	0	FALSE
gene12358	0	FALSE
gene12359	0	FALSE
gene12360	0	FALSE
gene12361	0	FALSE
gene12362	0	FALSE
gene12363	0	FALSE
gene12364	0	FALSE
gene12365	0	FALSE
gene12366	0	FALSE
gene12367	0	FALSE
gene12368	0	FALSE
gene12369	1.54089172842214	TRUE
gene12370	0	FALSE
gene12371	0	FALSE
gene12372	0.985578375868499	TRUE
gene12373	0	FALSE
gene12374	0	FALSE
gene12375	0	FALSE
gene12376	1.43937137030298	TRUE
gene12377	1.42683658719761	TRUE
gene12378	-2.85926793323597	TRUE
gene12379	0	FALSE
gene12380	2.02038193540648	TRUE
gene12381	0	FALSE
gene12382	0	FALSE
gene12383	0	FALSE
gene12384	0	FALSE
gene12385	0	FALSE
gene12386	0	FALSE
gene12387	0	FALSE
gene12388	0	FALSE
gene12389	0	FALSE
gene12390	0	FALSE
gene12391	0	FALSE
gene12392	0	FALSE
gene12393	0	FALSE
gene12394	0	FALSE
gene12395	0	FALSE
gene12396	0	FALSE
gene12397	0	FALSE
gene12398	0	FALSE
gene12399	-0.831710747850593	TRUE
gene12400	0	FALSE
gene12401	0	FALSE
gene12402	0	FALSE
gene12403	0	FALSE
gene12404	0	FALSE
gene12405	0	FALSE
gene12406	0	FALSE
gene12407	0	FALSE
gene12408	0	FALSE
gene12409	0	FALSE
gene12410	0	FALSE
gene12411	0	FALSE
gene12412	0	FALSE
gene12413	-2.9922571357456	TRUE
gene12414	0	FALSE
gene12415	0	FALSE
gene12416	0	FALSE
gene12417	0	FALSE
gene12418	0	FALSE
gene12419	0	FALSE
gene12420	0	FALSE
gene12421	0	FALSE
gene12422	1.52211241435725	TRUE
gene12423	0	FALSE
gene12424	0	FALSE
gene12425	2.77439887903165	TRUE
gene12426	0	FALSE
gene12427	1.0426983187208	TRUE
gene12428	0	FALSE
gene12429	0	FALSE
gene12430	0	FALSE
gene12431	0	FALSE
gene12432	0	FALSE
gene12433	0	FALSE
gene12434	0	FALSE
gene12435	0	FALSE
gene12436	0	FALSE
gene12437	0	FALSE
gene12438	0	FALSE
gene12439	1.2801904460066	TRUE
gene12440	0	FALSE
gene12441	0	FALSE
gene12442	0	FALSE
gene12443	1.27009132609237	TRUE
gene12444	0	FALSE
gene12445	0	FALSE
gene12446	0	FALSE
gene12447	-2.84646758000599	TRUE
gene12448	0	FALSE
gene12449	0	FALSE
gene12450	0	FALSE
gene12451	0	FALSE
gene12452	0	FALSE
gene12453	0	FALSE
gene12454	0	FALSE
gene12455	0	FALSE
gene12456	0	FALSE
gene12457	0	FALSE
gene12458	0	FALSE
gene12459	0	FALSE
gene12460	0	FALSE
gene12461	0	FALSE
gene12462	0	FALSE
gene12463	0	FALSE
gene12464	0	FALSE
gene12465	0	FALSE
gene12466	0	FALSE
gene12467	0	FALSE
gene12468	0	FALSE
gene12469	0	FALSE
gene12470	0	FALSE
gene12471	0	FALSE
gene12472	0	FALSE
gene12473	0	FALSE
gene12474	0	FALSE
gene12475	0	FALSE
gene12476	0	FALSE
gene12477	0	FALSE
gene12478	0	FALSE
gene12479	0	FALSE
gene12480	0	FALSE
gene12481	0	FALSE
gene12482	0	FALSE
gene12483	0	FALSE
gene12484	0	FALSE
gene12485	0	FALSE
gene12486	0	FALSE
gene12487	0	FALSE
gene12488	0	FALSE
gene12489	0	FALSE
gene12490	0	FALSE
gene12491	0	FALSE
gene12492	0	FALSE
gene12493	0	FALSE
gene12494	0	FALSE
gene12495	0	FALSE
gene12496	0	FALSE
gene12497	0	FALSE
gene12498	0	FALSE
gene12499	0	FALSE
gene12500	0	FALSE
gene12501	0	FALSE
gene12502	0	FALSE
gene12503	0	FALSE
gene12504	0	FALSE
gene12505	0	FALSE
gene12506	0	FALSE
gene12507	0	FALSE
gene12508	0	FALSE
gene12509	2.85961484711152	TRUE
gene12510	0	FALSE
gene12511	0	FALSE
gene12512	0	FALSE
gene12513	0	FALSE
gene12514	0	FALSE
gene12515	0	FALSE
gene12516	2.69415964448126	TRUE
gene12517	0	FALSE
gene12518	-2.91652637498919	TRUE
gene12519	-0.891881218878552	TRUE
gene12520	0	FALSE
gene12521	0	FALSE
gene12522	0	FALSE
gene12523	0	FALSE
gene12524	0	FALSE
gene12525	0	FALSE
gene12526	0	FALSE
gene12527	0	FALSE
gene12528	2.25991718668956	TRUE
gene12529	0	FALSE
gene12530	0	FALSE
gene12531	-2.25594700133661	TRUE
gene12532	0	FALSE
gene12533	0	FALSE
gene12534	0	FALSE
gene12535	0	FALSE
gene12536	0	FALSE
gene12537	1.48658772942144	TRUE
gene12538	0	FALSE
gene12539	2.59456271625822	TRUE
gene12540	0	FALSE
gene12541	0	FALSE
gene12542	0	FALSE
gene12543	0	FALSE
gene12544	0	FALSE
gene12545	0	FALSE
gene12546	0	FALSE
gene12547	0	FALSE
gene12548	0	FALSE
gene12549	0	FALSE
gene12550	0	FALSE
gene12551	-1.01151812821627	TRUE
gene12552	0	FALSE
gene12553	0	FALSE
gene12554	0	FALSE
gene12555	-1.11692737718113	TRUE
gene12556	0	FALSE
gene12557	0	FALSE
gene12558	0	FALSE
gene12559	0	FALSE
gene12560	0	FALSE
gene12561	0	FALSE
gene12562	0	FALSE
gene12563	0	FALSE
gene12564	1.63387712248368	TRUE
gene12565	2.94599202048266	TRUE
gene12566	-2.95585086161736	TRUE
gene12567	0	FALSE
gene12568	2.52166275784839	TRUE
gene12569	0	FALSE
gene12570	0	FALSE
gene12571	0	FALSE
gene12572	0	FALSE
gene12573	0	FALSE
gene12574	0	FALSE
gene12575	2.03366721211933	TRUE
gene12576	2.07985114603071	TRUE
gene12577	0	FALSE
gene12578	0	FALSE
gene12579	0	FALSE
gene12580	0	FALSE
gene12581	0	FALSE
gene12582	0	FALSE
gene12583	0	FALSE
gene12584	0	FALSE
gene12585	0	FALSE
gene12586	0	FALSE
gene12587	0	FALSE
gene12588	0	FALSE
gene12589	0	FALSE
gene12590	0	FALSE
gene12591	0	FALSE
gene12592	0	FALSE
gene12593	0	FALSE
gene12594	0	FALSE
gene12595	0	FALSE
gene12596	0	FALSE
gene12597	-1.1697696618503	TRUE
gene12598	0	FALSE
gene12599	0	FALSE
gene12600	-1.32911078474717	TRUE
gene12601	0	FALSE
gene12602	0	FALSE
gene12603	2.72211111802608	TRUE
gene12604	0	FALSE
gene12605	0	FALSE
gene12606	1.79837013239739	TRUE
gene12607	0	FALSE
gene12608	0	FALSE
gene12609	0	FALSE
gene12610	0	FALSE
gene12611	0	FALSE
gene12612	0	FALSE
gene12613	-2.43813619640423	TRUE
gene12614	0	FALSE
gene12615	0	FALSE
gene12616	0	FALSE
gene12617	0	FALSE
gene12618	0	FALSE
gene12619	0	FALSE
gene12620	0	FALSE
gene12621	0	FALSE
gene12622	0	FALSE
gene12623	0	FALSE
gene12624	0	FALSE
gene12625	0	FALSE
gene12626	0	FALSE
gene12627	0	FALSE
gene12628	0	FALSE
gene12629	0	FALSE
gene12630	0	FALSE
gene12631	1.50801940349629	TRUE
gene12632	0	FALSE
gene12633	0	FALSE
gene12634	-2.82629982515937	TRUE
gene12635	0	FALSE
gene12636	0	FALSE
gene12637	0	FALSE
gene12638	0	FALSE
gene12639	0	FALSE
gene12640	0	FALSE
gene12641	0	FALSE
gene12642	0	FALSE
gene12643	0	FALSE
gene12644	-1.38277217623545	TRUE
gene12645	0	FALSE
gene12646	0	FALSE
gene12647	0	FALSE
gene12648	0	FALSE
gene12649	0	FALSE
gene12650	0	FALSE
gene12651	0	FALSE
gene12652	0	FALSE
gene12653	0	FALSE
gene12654	0	FALSE
gene12655	0	FALSE
gene12656	0	FALSE
gene12657	0	FALSE
gene12658	-0.826951621100307	TRUE
gene12659	0	FALSE
gene12660	0	FALSE
gene12661	-2.44608170207357	TRUE
gene12662	0	FALSE
gene12663	0	FALSE
gene12664	0	FALSE
gene12665	0	FALSE
gene12666	0	FALSE
gene12667	0	FALSE
gene12668	0	FALSE
gene12669	0	FALSE
gene12670	0	FALSE
gene12671	0	FALSE
gene12672	0	FALSE
gene12673	0	FALSE
gene12674	0	FALSE
gene12675	0	FALSE
gene12676	-2.22601350734476	TRUE
gene12677	2.320507800614	TRUE
gene12678	-1.36505006585503	TRUE
gene12679	0	FALSE
gene12680	0	FALSE
gene12681	0	FALSE
gene12682	0	FALSE
gene12683	0	FALSE
gene12684	0	FALSE
gene12685	0	FALSE
gene12686	0	FALSE
gene12687	0	FALSE
gene12688	0	FALSE
gene12689	0	FALSE
gene12690	0	FALSE
gene12691	0	FALSE
gene12692	0	FALSE
gene12693	0	FALSE
gene12694	0	FALSE
gene12695	0	FALSE
gene12696	0	FALSE
gene12697	-2.56781440257328	TRUE
gene12698	0	FALSE
gene12699	0	FALSE
gene12700	0	FALSE
gene12701	0	FALSE
gene12702	0	FALSE
gene12703	0	FALSE
gene12704	0	FALSE
gene12705	0	FALSE
gene12706	0	FALSE
gene12707	0	FALSE
gene12708	0	FALSE
gene12709	0	FALSE
gene12710	0	FALSE
gene12711	0	FALSE
gene12712	0	FALSE
gene12713	0	FALSE
gene12714	0	FALSE
gene12715	0	FALSE
gene12716	0	FALSE
gene12717	0	FALSE
gene12718	0	FALSE
gene12719	0	FALSE
gene12720	0	FALSE
gene12721	0	FALSE
gene12722	0	FALSE
gene12723	0	FALSE
gene12724	0	FALSE
gene12725	0	FALSE
gene12726	0	FALSE
gene12727	0	FALSE
gene12728	0	FALSE
gene12729	0	FALSE
gene12730	0	FALSE
gene12731	0	FALSE
gene12732	0	FALSE
gene12733	0	FALSE
gene12734	0	FALSE
gene12735	0	FALSE
gene12736	0	FALSE
gene12737	0	FALSE
gene12738	0	FALSE
gene12739	0	FALSE
gene12740	0	FALSE
gene12741	0	FALSE
gene12742	0	FALSE
gene12743	0	FALSE
gene12744	0	FALSE
gene12745	0	FALSE
gene12746	0	FALSE
gene12747	0	FALSE
gene12748	0	FALSE
gene12749	0	FALSE
gene12750	0	FALSE
gene12751	0	FALSE
gene12752	0	FALSE
gene12753	0	FALSE
gene12754	0	FALSE
gene12755	0	FALSE
gene12756	0	FALSE
gene12757	0	FALSE
gene12758	0	FALSE
gene12759	0	FALSE
gene12760	0	FALSE
gene12761	0	FALSE
gene12762	0	FALSE
gene12763	0	FALSE
gene12764	-2.05798904341646	TRUE
gene12765	0	FALSE
gene12766	0	FALSE
gene12767	0	FALSE
gene12768	0	FALSE
gene12769	0	FALSE
gene12770	0	FALSE
gene12771	0	FALSE
gene12772	0	FALSE
gene12773	0	FALSE
gene12774	0	FALSE
gene12775	0	FALSE
gene12776	0	FALSE
gene12777	0	FALSE
gene12778	0	FALSE
gene12779	0	FALSE
gene12780	-1.17762603331357	TRUE
gene12781	0	FALSE
gene12782	0	FALSE
gene12783	0	FALSE
gene12784	0	FALSE
gene12785	0	FALSE
gene12786	0	FALSE
gene12787	0	FALSE
gene12788	0	FALSE
gene12789	0	FALSE
gene12790	0	FALSE
gene12791	0	FALSE
gene12792	2.61149813001975	TRUE
gene12793	0	FALSE
gene12794	0	FALSE
gene12795	0	FALSE
gene12796	0	FALSE
gene12797	0	FALSE
gene12798	0	FALSE
gene12799	2.02786891220603	TRUE
gene12800	0	FALSE
gene12801	0	FALSE
gene12802	0	FALSE
gene12803	0	FALSE
gene12804	0	FALSE
gene12805	0	FALSE
gene12806	0	FALSE
gene12807	0	FALSE
gene12808	0	FALSE
gene12809	1.30297291302122	TRUE
gene12810	0	FALSE
gene12811	0	FALSE
gene12812	0	FALSE
gene12813	0	FALSE
gene12814	0	FALSE
gene12815	2.93575323186815	TRUE
gene12816	0	FALSE
gene12817	0	FALSE
gene12818	0	FALSE
gene12819	2.80494681367418	TRUE
gene12820	-1.94601973512908	TRUE
gene12821	0	FALSE
gene12822	0	FALSE
gene12823	0	FALSE
gene12824	0	FALSE
gene12825	0	FALSE
gene12826	0	FALSE
gene12827	0	FALSE
gene12828	0	FALSE
gene12829	0	FALSE
gene12830	0	FALSE
gene12831	0	FALSE
gene12832	0	FALSE
gene12833	0	FALSE
gene12834	0	FALSE
gene12835	2.16285646049073	TRUE
gene12836	0	FALSE
gene12837	0	FALSE
gene12838	0	FALSE
gene12839	0	FALSE
gene12840	0	FALSE
gene12841	0	FALSE
gene12842	0	FALSE
gene12843	0	FALSE
gene12844	0	FALSE
gene12845	0	FALSE
gene12846	0	FALSE
gene12847	0	FALSE
gene12848	0	FALSE
gene12849	0	FALSE
gene12850	0	FALSE
gene12851	0	FALSE
gene12852	0	FALSE
gene12853	0	FALSE
gene12854	0	FALSE
gene12855	0	FALSE
gene12856	0	FALSE
gene12857	0	FALSE
gene12858	0	FALSE
gene12859	0	FALSE
gene12860	0	FALSE
gene12861	0	FALSE
gene12862	0	FALSE
gene12863	0	FALSE
gene12864	2.31228986737551	TRUE
gene12865	0	FALSE
gene12866	0	FALSE
gene12867	0	FALSE
gene12868	0	FALSE
gene12869	0	FALSE
gene12870	0	FALSE
gene12871	0	FALSE
gene12872	0	FALSE
gene12873	0	FALSE
gene12874	-1.26667098992039	TRUE
gene12875	0	FALSE
gene12876	0	FALSE
gene12877	-2.77521677257027	TRUE
gene12878	0	FALSE
gene12879	0	FALSE
gene12880	2.74757469288306	TRUE
gene12881	0	FALSE
gene12882	0	FALSE
gene12883	1.01542400498874	TRUE
gene12884	0	FALSE
gene12885	0	FALSE
gene12886	0	FALSE
gene12887	0	FALSE
gene12888	0	FALSE
gene12889	0	FALSE
gene12890	1.70785651443293	TRUE
gene12891	0	FALSE
gene12892	0	FALSE
gene12893	0	FALSE
gene12894	0	FALSE
gene12895	0	FALSE
gene12896	0	FALSE
gene12897	0	FALSE
gene12898	0	FALSE
gene12899	0	FALSE
gene12900	2.54471274011303	TRUE
gene12901	0	FALSE
gene12902	0	FALSE
gene12903	0	FALSE
gene12904	0	FALSE
gene12905	0	FALSE
gene12906	0	FALSE
gene12907	0	FALSE
gene12908	0	FALSE
gene12909	0	FALSE
gene12910	0	FALSE
gene12911	0	FALSE
gene12912	0	FALSE
gene12913	0	FALSE
gene12914	-2.28530676034279	TRUE
gene12915	0	FALSE
gene12916	0	FALSE
gene12917	0	FALSE
gene12918	0	FALSE
gene12919	0	FALSE
gene12920	0	FALSE
gene12921	0	FALSE
gene12922	0	FALSE
gene12923	0	FALSE
gene12924	0	FALSE
gene12925	0	FALSE
gene12926	0	FALSE
gene12927	-1.9825193946599	TRUE
gene12928	2.14891836448805	TRUE
gene12929	0	FALSE
gene12930	0	FALSE
gene12931	0	FALSE
gene12932	-2.78263929882087	TRUE
gene12933	0	FALSE
gene12934	1.47597899084212	TRUE
gene12935	0	FALSE
gene12936	0	FALSE
gene12937	0	FALSE
gene12938	0.849122648185585	TRUE
gene12939	0.926791439589579	TRUE
gene12940	-2.15546555392211	TRUE
gene12941	0	FALSE
gene12942	0	FALSE
gene12943	0	FALSE
gene12944	0	FALSE
gene12945	0	FALSE
gene12946	0	FALSE
gene12947	0	FALSE
gene12948	0	FALSE
gene12949	0	FALSE
gene12950	-1.25309559353627	TRUE
gene12951	0	FALSE
gene12952	0	FALSE
gene12953	0	FALSE
gene12954	0	FALSE
gene12955	0	FALSE
gene12956	0	FALSE
gene12957	0	FALSE
gene12958	0	FALSE
gene12959	0	FALSE
gene12960	0	FALSE
gene12961	0	FALSE
gene12962	0	FALSE
gene12963	-1.50898346590111	TRUE
gene12964	0	FALSE
gene12965	0	FALSE
gene12966	0	FALSE
gene12967	0	FALSE
gene12968	0	FALSE
gene12969	0	FALSE
gene12970	0	FALSE
gene12971	0	FALSE
gene12972	0	FALSE
gene12973	0	FALSE
gene12974	0	FALSE
gene12975	0	FALSE
gene12976	0	FALSE
gene12977	0	FALSE
gene12978	0	FALSE
gene12979	1.60522353672422	TRUE
gene12980	2.26958660886157	TRUE
gene12981	0	FALSE
gene12982	2.57176215376239	TRUE
gene12983	0	FALSE
gene12984	-1.16315503005171	TRUE
gene12985	0	FALSE
gene12986	-1.3416712306207	TRUE
gene12987	0	FALSE
gene12988	0	FALSE
gene12989	0	FALSE
gene12990	0	FALSE
gene12991	2.49283888796344	TRUE
gene12992	0	FALSE
gene12993	1.8687324366183	TRUE
gene12994	0	FALSE
gene12995	0	FALSE
gene12996	0	FALSE
gene12997	0	FALSE
gene12998	0	FALSE
gene12999	0	FALSE
gene13000	0	FALSE
gene13001	2.34282633871771	TRUE
gene13002	0	FALSE
gene13003	-2.4433896788978	TRUE
gene13004	0	FALSE
gene13005	0	FALSE
gene13006	0	FALSE
gene13007	0	FALSE
gene13008	1.78263579978375	TRUE
gene13009	0	FALSE
gene13010	2.50365472974954	TRUE
gene13011	0	FALSE
gene13012	0	FALSE
gene13013	0	FALSE
gene13014	0	FALSE
gene13015	0	FALSE
gene13016	0	FALSE
gene13017	0	FALSE
gene13018	0	FALSE
gene13019	2.66561361373169	TRUE
gene13020	0	FALSE
gene13021	0	FALSE
gene13022	0	FALSE
gene13023	0	FALSE
gene13024	0	FALSE
gene13025	-2.27905329165515	TRUE
gene13026	0	FALSE
gene13027	0	FALSE
gene13028	0	FALSE
gene13029	0	FALSE
gene13030	0	FALSE
gene13031	0	FALSE
gene13032	0	FALSE
gene13033	0	FALSE
gene13034	0	FALSE
gene13035	0	FALSE
gene13036	0	FALSE
gene13037	-2.00187301734695	TRUE
gene13038	0	FALSE
gene13039	0	FALSE
gene13040	2.00692412507487	TRUE
gene13041	0	FALSE
gene13042	0	FALSE
gene13043	0	FALSE
gene13044	-2.41269508609548	TRUE
gene13045	0	FALSE
gene13046	0	FALSE
gene13047	0	FALSE
gene13048	2.79684436210664	TRUE
gene13049	0	FALSE
gene13050	0	FALSE
gene13051	-2.09555647778325	TRUE
gene13052	2.10011087497696	TRUE
gene13053	0	FALSE
gene13054	0	FALSE
gene13055	0	FALSE
gene13056	0	FALSE
gene13057	0	FALSE
gene13058	0	FALSE
gene13059	0	FALSE
gene13060	0	FALSE
gene13061	-1.20859179692343	TRUE
gene13062	0	FALSE
gene13063	0	FALSE
gene13064	-2.15268919203663	TRUE
gene13065	-1.75032122660195	TRUE
gene13066	0	FALSE
gene13067	0	FALSE
gene13068	0	FALSE
gene13069	0	FALSE
gene13070	0	FALSE
gene13071	0	FALSE
gene13072	0	FALSE
gene13073	0	FALSE
gene13074	0	FALSE
gene13075	-1.41210589424009	TRUE
gene13076	0	FALSE
gene13077	1.57087310403585	TRUE
gene13078	0	FALSE
gene13079	0	FALSE
gene13080	0	FALSE
gene13081	0	FALSE
gene13082	0	FALSE
gene13083	0	FALSE
gene13084	1.36364561092341	TRUE
gene13085	0	FALSE
gene13086	-2.06655189301819	TRUE
gene13087	-2.05093859561021	TRUE
gene13088	0	FALSE
gene13089	0	FALSE
gene13090	0	FALSE
gene13091	0	FALSE
gene13092	0	FALSE
gene13093	0	FALSE
gene13094	0	FALSE
gene13095	0	FALSE
gene13096	0	FALSE
gene13097	0	FALSE
gene13098	0	FALSE
gene13099	0	FALSE
gene13100	0	FALSE
gene13101	0	FALSE
gene13102	0	FALSE
gene13103	0	FALSE
gene13104	0	FALSE
gene13105	0	FALSE
gene13106	0	FALSE
gene13107	0	FALSE
gene13108	0	FALSE
gene13109	0	FALSE
gene13110	0	FALSE
gene13111	0	FALSE
gene13112	0	FALSE
gene13113	0	FALSE
gene13114	2.02845823595999	TRUE
gene13115	0	FALSE
gene13116	0	FALSE
gene13117	0	FALSE
gene13118	0	FALSE
gene13119	0	FALSE
gene13120	-2.2748255849001	TRUE
gene13121	0	FALSE
gene13122	0	FALSE
gene13123	0	FALSE
gene13124	0	FALSE
gene13125	0	FALSE
gene13126	0	FALSE
gene13127	0	FALSE
gene13128	0	FALSE
gene13129	0	FALSE
gene13130	-1.13714172126492	TRUE
gene13131	0	FALSE
gene13132	0	FALSE
gene13133	0	FALSE
gene13134	0	FALSE
gene13135	0	FALSE
gene13136	0	FALSE
gene13137	0	FALSE
gene13138	0	FALSE
gene13139	0	FALSE
gene13140	0	FALSE
gene13141	0	FALSE
gene13142	0	FALSE
gene13143	0	FALSE
gene13144	0	FALSE
gene13145	0	FALSE
gene13146	0	FALSE
gene13147	0	FALSE
gene13148	0	FALSE
gene13149	0	FALSE
gene13150	0	FALSE
gene13151	-1.47249444824411	TRUE
gene13152	0	FALSE
gene13153	2.54513685184065	TRUE
gene13154	0	FALSE
gene13155	0	FALSE
gene13156	0	FALSE
gene13157	0	FALSE
gene13158	0	FALSE
gene13159	0	FALSE
gene13160	0	FALSE
gene13161	-2.06491084577283	TRUE
gene13162	0	FALSE
gene13163	-2.65008131222567	TRUE
gene13164	0	FALSE
gene13165	0	FALSE
gene13166	0	FALSE
gene13167	0	FALSE
gene13168	0	FALSE
gene13169	0	FALSE
gene13170	2.10348414781038	TRUE
gene13171	0	FALSE
gene13172	0	FALSE
gene13173	2.7919829164166	TRUE
gene13174	0	FALSE
gene13175	0	FALSE
gene13176	0	FALSE
gene13177	0	FALSE
gene13178	0	FALSE
gene13179	0	FALSE
gene13180	0	FALSE
gene13181	0	FALSE
gene13182	0	FALSE
gene13183	0	FALSE
gene13184	0	FALSE
gene13185	0	FALSE
gene13186	0	FALSE
gene13187	0	FALSE
gene13188	0	FALSE
gene13189	0	FALSE
gene13190	0	FALSE
gene13191	0	FALSE
gene13192	0	FALSE
gene13193	-1.30033634818392	TRUE
gene13194	0	FALSE
gene13195	0	FALSE
gene13196	0	FALSE
gene13197	0	FALSE
gene13198	0	FALSE
gene13199	0	FALSE
gene13200	2.80110221385257	TRUE
gene13201	0	FALSE
gene13202	0	FALSE
gene13203	0	FALSE
gene13204	0	FALSE
gene13205	0	FALSE
gene13206	0	FALSE
gene13207	0	FALSE
gene13208	0	FALSE
gene13209	0	FALSE
gene13210	-1.70385360036744	TRUE
gene13211	0	FALSE
gene13212	0	FALSE
gene13213	0	FALSE
gene13214	0	FALSE
gene13215	0	FALSE
gene13216	0	FALSE
gene13217	0	FALSE
gene13218	0	FALSE
gene13219	0	FALSE
gene13220	0	FALSE
gene13221	0	FALSE
gene13222	0	FALSE
gene13223	0	FALSE
gene13224	0	FALSE
gene13225	0	FALSE
gene13226	2.51795388304163	TRUE
gene13227	0	FALSE
gene13228	0	FALSE
gene13229	0	FALSE
gene13230	0	FALSE
gene13231	0	FALSE
gene13232	0	FALSE
gene13233	0	FALSE
gene13234	0	FALSE
gene13235	0	FALSE
gene13236	0	FALSE
gene13237	0	FALSE
gene13238	0	FALSE
gene13239	0	FALSE
gene13240	0	FALSE
gene13241	0	FALSE
gene13242	-2.03513039695099	TRUE
gene13243	0	FALSE
gene13244	0	FALSE
gene13245	2.49833196977852	TRUE
gene13246	0	FALSE
gene13247	0	FALSE
gene13248	0	FALSE
gene13249	0	FALSE
gene13250	0	FALSE
gene13251	0	FALSE
gene13252	0	FALSE
gene13253	0	FALSE
gene13254	0	FALSE
gene13255	0	FALSE
gene13256	0	FALSE
gene13257	0	FALSE
gene13258	0	FALSE
gene13259	0	FALSE
gene13260	-0.919774797046557	TRUE
gene13261	0.752053035597783	TRUE
gene13262	-2.35706673801178	TRUE
gene13263	0	FALSE
gene13264	0	FALSE
gene13265	1.33192917925771	TRUE
gene13266	0	FALSE
gene13267	0	FALSE
gene13268	0	FALSE
gene13269	0	FALSE
gene13270	0	FALSE
gene13271	0	FALSE
gene13272	0	FALSE
gene13273	0	FALSE
gene13274	0	FALSE
gene13275	0	FALSE
gene13276	0	FALSE
gene13277	0	FALSE
gene13278	0	FALSE
gene13279	0	FALSE
gene13280	0	FALSE
gene13281	1.45873784978176	TRUE
gene13282	0	FALSE
gene13283	0	FALSE
gene13284	-2.52380884409649	TRUE
gene13285	0	FALSE
gene13286	0	FALSE
gene13287	0	FALSE
gene13288	0	FALSE
gene13289	0	FALSE
gene13290	0	FALSE
gene13291	0	FALSE
gene13292	0	FALSE
gene13293	0	FALSE
gene13294	0	FALSE
gene13295	0	FALSE
gene13296	0	FALSE
gene13297	0	FALSE
gene13298	0	FALSE
gene13299	0	FALSE
gene13300	0	FALSE
gene13301	0	FALSE
gene13302	0	FALSE
gene13303	0	FALSE
gene13304	0	FALSE
gene13305	0	FALSE
gene13306	0	FALSE
gene13307	0	FALSE
gene13308	0.761740351561457	TRUE
gene13309	1.13995568541577	TRUE
gene13310	0	FALSE
gene13311	0	FALSE
gene13312	0	FALSE
gene13313	0	FALSE
gene13314	0	FALSE
gene13315	-1.83139203028986	TRUE
gene13316	0	FALSE
gene13317	0	FALSE
gene13318	0	FALSE
gene13319	0	FALSE
gene13320	0	FALSE
gene13321	0	FALSE
gene13322	1.98473984410521	TRUE
gene13323	0	FALSE
gene13324	0	FALSE
gene13325	0	FALSE
gene13326	0	FALSE
gene13327	0	FALSE
gene13328	0	FALSE
gene13329	0	FALSE
gene13330	2.68069167842623	TRUE
gene13331	0	FALSE
gene13332	0	FALSE
gene13333	0	FALSE
gene13334	-0.947976739145815	TRUE
gene13335	0	FALSE
gene13336	0	FALSE
gene13337	0	FALSE
gene13338	0	FALSE
gene13339	-2.85428028908791	TRUE
gene13340	0	FALSE
gene13341	0	FALSE
gene13342	-2.90489597566193	TRUE
gene13343	0	FALSE
gene13344	0	FALSE
gene13345	0	FALSE
gene13346	0	FALSE
gene13347	0	FALSE
gene13348	0	FALSE
gene13349	-2.26359165849863	TRUE
gene13350	0	FALSE
gene13351	0	FALSE
gene13352	0	FALSE
gene13353	0	FALSE
gene13354	0	FALSE
gene13355	0	FALSE
gene13356	0	FALSE
gene13357	2.09915080969222	TRUE
gene13358	0	FALSE
gene13359	-2.83208542858483	TRUE
gene13360	0	FALSE
gene13361	0	FALSE
gene13362	0	FALSE
gene13363	0	FALSE
gene13364	0	FALSE
gene13365	0	FALSE
gene13366	0	FALSE
gene13367	-2.26369837846141	TRUE
gene13368	0	FALSE
gene13369	0	FALSE
gene13370	0	FALSE
gene13371	0	FALSE
gene13372	0	FALSE
gene13373	0	FALSE
gene13374	0	FALSE
gene13375	0	FALSE
gene13376	0	FALSE
gene13377	0	FALSE
gene13378	-2.87279476487311	TRUE
gene13379	0	FALSE
gene13380	0	FALSE
gene13381	0	FALSE
gene13382	0	FALSE
gene13383	0	FALSE
gene13384	0	FALSE
gene13385	0	FALSE
gene13386	0	FALSE
gene13387	0	FALSE
gene13388	0	FALSE
gene13389	0	FALSE
gene13390	0	FALSE
gene13391	0	FALSE
gene13392	-2.57637111714575	TRUE
gene13393	0	FALSE
gene13394	0	FALSE
gene13395	0	FALSE
gene13396	0	FALSE
gene13397	0	FALSE
gene13398	0	FALSE
gene13399	-1.18253890512278	TRUE
gene13400	0	FALSE
gene13401	0	FALSE
gene13402	0	FALSE
gene13403	0	FALSE
gene13404	0	FALSE
gene13405	0	FALSE
gene13406	0	FALSE
gene13407	0	FALSE
gene13408	0	FALSE
gene13409	0	FALSE
gene13410	0	FALSE
gene13411	0	FALSE
gene13412	-1.88867854356067	TRUE
gene13413	0	FALSE
gene13414	0	FALSE
gene13415	0	FALSE
gene13416	0	FALSE
gene13417	0	FALSE
gene13418	0	FALSE
gene13419	0	FALSE
gene13420	-2.57820270600496	TRUE
gene13421	0	FALSE
gene13422	0	FALSE
gene13423	0	FALSE
gene13424	0.934557775268331	TRUE
gene13425	0	FALSE
gene13426	0.977055362309329	TRUE
gene13427	0	FALSE
gene13428	0	FALSE
gene13429	0	FALSE
gene13430	0	FALSE
gene13431	0	FALSE
gene13432	0	FALSE
gene13433	0	FALSE
gene13434	0	FALSE
gene13435	2.36264718440361	TRUE
gene13436	0	FALSE
gene13437	0	FALSE
gene13438	0	FALSE
gene13439	0	FALSE
gene13440	0	FALSE
gene13441	0	FALSE
gene13442	0	FALSE
gene13443	0	FALSE
gene13444	0	FALSE
gene13445	0	FALSE
gene13446	0	FALSE
gene13447	-1.96823580394266	TRUE
gene13448	0	FALSE
gene13449	0	FALSE
gene13450	0	FALSE
gene13451	0	FALSE
gene13452	2.84034581040032	TRUE
gene13453	0	FALSE
gene13454	0	FALSE
gene13455	0	FALSE
gene13456	0	FALSE
gene13457	0	FALSE
gene13458	0	FALSE
gene13459	0	FALSE
gene13460	0	FALSE
gene13461	0	FALSE
gene13462	2.30625353293726	TRUE
gene13463	0	FALSE
gene13464	0	FALSE
gene13465	0	FALSE
gene13466	1.09699514019303	TRUE
gene13467	0	FALSE
gene13468	0	FALSE
gene13469	0	FALSE
gene13470	0	FALSE
gene13471	0	FALSE
gene13472	0	FALSE
gene13473	0	FALSE
gene13474	0	FALSE
gene13475	0	FALSE
gene13476	0	FALSE
gene13477	0	FALSE
gene13478	0	FALSE
gene13479	0	FALSE
gene13480	0	FALSE
gene13481	0	FALSE
gene13482	0	FALSE
gene13483	0	FALSE
gene13484	0	FALSE
gene13485	0	FALSE
gene13486	0	FALSE
gene13487	-1.99594629515195	TRUE
gene13488	0	FALSE
gene13489	0	FALSE
gene13490	0	FALSE
gene13491	0	FALSE
gene13492	-1.4280776301166	TRUE
gene13493	0	FALSE
gene13494	0	FALSE
gene13495	0.878838431672193	TRUE
gene13496	0	FALSE
gene13497	0	FALSE
gene13498	0	FALSE
gene13499	0	FALSE
gene13500	0	FALSE
gene13501	0	FALSE
gene13502	0	FALSE
gene13503	0	FALSE
gene13504	0	FALSE
gene13505	0	FALSE
gene13506	0	FALSE
gene13507	0	FALSE
gene13508	0	FALSE
gene13509	0	FALSE
gene13510	0	FALSE
gene13511	1.26797453250038	TRUE
gene13512	0	FALSE
gene13513	0	FALSE
gene13514	0	FALSE
gene13515	0	FALSE
gene13516	0	FALSE
gene13517	0	FALSE
gene13518	0	FALSE
gene13519	0	FALSE
gene13520	0	FALSE
gene13521	0	FALSE
gene13522	0	FALSE
gene13523	0	FALSE
gene13524	0	FALSE
gene13525	0	FALSE
gene13526	0	FALSE
gene13527	0	FALSE
gene13528	0.828752168628853	TRUE
gene13529	0	FALSE
gene13530	0	FALSE
gene13531	0	FALSE
gene13532	0	FALSE
gene13533	0	FALSE
gene13534	2.12425499316305	TRUE
gene13535	-1.5384512807359	TRUE
gene13536	0	FALSE
gene13537	0	FALSE
gene13538	0	FALSE
gene13539	0	FALSE
gene13540	0	FALSE
gene13541	0	FALSE
gene13542	0	FALSE
gene13543	0	FALSE
gene13544	0	FALSE
gene13545	0	FALSE
gene13546	0	FALSE
gene13547	0	FALSE
gene13548	0	FALSE
gene13549	0	FALSE
gene13550	0	FALSE
gene13551	0	FALSE
gene13552	0	FALSE
gene13553	0	FALSE
gene13554	0	FALSE
gene13555	0	FALSE
gene13556	0	FALSE
gene13557	0	FALSE
gene13558	0	FALSE
gene13559	0	FALSE
gene13560	0	FALSE
gene13561	0	FALSE
gene13562	1.98557876102859	TRUE
gene13563	0	FALSE
gene13564	0	FALSE
gene13565	0	FALSE
gene13566	0	FALSE
gene13567	0	FALSE
gene13568	0	FALSE
gene13569	0	FALSE
gene13570	1.49287084018579	TRUE
gene13571	2.58195149438689	TRUE
gene13572	0	FALSE
gene13573	0	FALSE
gene13574	0	FALSE
gene13575	0	FALSE
gene13576	0	FALSE
gene13577	0	FALSE
gene13578	2.26165797543945	TRUE
gene13579	1.11455096933059	TRUE
gene13580	0	FALSE
gene13581	0	FALSE
gene13582	0	FALSE
gene13583	2.64011425862554	TRUE
gene13584	0	FALSE
gene13585	1.32503979338799	TRUE
gene13586	-2.04768224613508	TRUE
gene13587	0	FALSE
gene13588	0	FALSE
gene13589	0	FALSE
gene13590	0	FALSE
gene13591	0	FALSE
gene13592	0	FALSE
gene13593	0	FALSE
gene13594	0	FALSE
gene13595	0	FALSE
gene13596	0	FALSE
gene13597	0	FALSE
gene13598	0	FALSE
gene13599	0	FALSE
gene13600	0	FALSE
gene13601	2.25877005461371	TRUE
gene13602	-1.40716966573382	TRUE
gene13603	0	FALSE
gene13604	0	FALSE
gene13605	0	FALSE
gene13606	0	FALSE
gene13607	0	FALSE
gene13608	0	FALSE
gene13609	-2.8945685311337	TRUE
gene13610	0	FALSE
gene13611	0	FALSE
gene13612	0	FALSE
gene13613	0	FALSE
gene13614	0	FALSE
gene13615	0	FALSE
gene13616	-2.28367649170104	TRUE
gene13617	0	FALSE
gene13618	1.57219384785276	TRUE
gene13619	0	FALSE
gene13620	0	FALSE
gene13621	0	FALSE
gene13622	0	FALSE
gene13623	0	FALSE
gene13624	-1.16136708209524	TRUE
gene13625	0	FALSE
gene13626	1.91271612147102	TRUE
gene13627	0	FALSE
gene13628	-2.07853177422658	TRUE
gene13629	0	FALSE
gene13630	0	FALSE
gene13631	0	FALSE
gene13632	0	FALSE
gene13633	0	FALSE
gene13634	0	FALSE
gene13635	0	FALSE
gene13636	0	FALSE
gene13637	-1.16196857375326	TRUE
gene13638	0	FALSE
gene13639	0	FALSE
gene13640	0	FALSE
gene13641	0	FALSE
gene13642	0	FALSE
gene13643	0	FALSE
gene13644	0	FALSE
gene13645	0	FALSE
gene13646	0	FALSE
gene13647	0	FALSE
gene13648	0	FALSE
gene13649	0	FALSE
gene13650	0	FALSE
gene13651	0	FALSE
gene13652	0	FALSE
gene13653	0	FALSE
gene13654	0	FALSE
gene13655	1.74721662414959	TRUE
gene13656	0	FALSE
gene13657	0	FALSE
gene13658	0	FALSE
gene13659	0	FALSE
gene13660	0	FALSE
gene13661	0	FALSE
gene13662	0	FALSE
gene13663	0	FALSE
gene13664	0	FALSE
gene13665	-2.63193749415223	TRUE
gene13666	0	FALSE
gene13667	0	FALSE
gene13668	0	FALSE
gene13669	0	FALSE
gene13670	0	FALSE
gene13671	0	FALSE
gene13672	0	FALSE
gene13673	0	FALSE
gene13674	0	FALSE
gene13675	0	FALSE
gene13676	0	FALSE
gene13677	0	FALSE
gene13678	1.64627974131145	TRUE
gene13679	-2.16794435796328	TRUE
gene13680	0	FALSE
gene13681	0	FALSE
gene13682	0.750175444758497	TRUE
gene13683	0	FALSE
gene13684	-2.89806960860733	TRUE
gene13685	0	FALSE
gene13686	0	FALSE
gene13687	0	FALSE
gene13688	0	FALSE
gene13689	0	FALSE
gene13690	0	FALSE
gene13691	0	FALSE
gene13692	0	FALSE
gene13693	0	FALSE
gene13694	0	FALSE
gene13695	0	FALSE
gene13696	0	FALSE
gene13697	0	FALSE
gene13698	0	FALSE
gene13699	0	FALSE
gene13700	0	FALSE
gene13701	1.35452535061631	TRUE
gene13702	0	FALSE
gene13703	0	FALSE
gene13704	0	FALSE
gene13705	0	FALSE
gene13706	0	FALSE
gene13707	0	FALSE
gene13708	0	FALSE
gene13709	0	FALSE
gene13710	0	FALSE
gene13711	0	FALSE
gene13712	0	FALSE
gene13713	0	FALSE
gene13714	0	FALSE
gene13715	0	FALSE
gene13716	0	FALSE
gene13717	0	FALSE
gene13718	0	FALSE
gene13719	0	FALSE
gene13720	0	FALSE
gene13721	0	FALSE
gene13722	0	FALSE
gene13723	0	FALSE
gene13724	0	FALSE
gene13725	0	FALSE
gene13726	0	FALSE
gene13727	0	FALSE
gene13728	0	FALSE
gene13729	0	FALSE
gene13730	0	FALSE
gene13731	0	FALSE
gene13732	0	FALSE
gene13733	1.93029972404474	TRUE
gene13734	0.813796461385209	TRUE
gene13735	0	FALSE
gene13736	0	FALSE
gene13737	0	FALSE
gene13738	0	FALSE
gene13739	0	FALSE
gene13740	0	FALSE
gene13741	-1.61268721916713	TRUE
gene13742	0	FALSE
gene13743	0	FALSE
gene13744	0	FALSE
gene13745	0	FALSE
gene13746	0	FALSE
gene13747	0	FALSE
gene13748	0	FALSE
gene13749	0	FALSE
gene13750	0	FALSE
gene13751	-1.73198035836685	TRUE
gene13752	0	FALSE
gene13753	0	FALSE
gene13754	1.61313429730944	TRUE
gene13755	0	FALSE
gene13756	0	FALSE
gene13757	0	FALSE
gene13758	0	FALSE
gene13759	0	FALSE
gene13760	0	FALSE
gene13761	0	FALSE
gene13762	0	FALSE
gene13763	0	FALSE
gene13764	-2.17719725822099	TRUE
gene13765	0	FALSE
gene13766	0	FALSE
gene13767	0	FALSE
gene13768	0	FALSE
gene13769	0	FALSE
gene13770	0	FALSE
gene13771	-2.41553160123294	TRUE
gene13772	0	FALSE
gene13773	0	FALSE
gene13774	0	FALSE
gene13775	0	FALSE
gene13776	0	FALSE
gene13777	0	FALSE
gene13778	0	FALSE
gene13779	0	FALSE
gene13780	0	FALSE
gene13781	0	FALSE
gene13782	2.56169919809327	TRUE
gene13783	0	FALSE
gene13784	0	FALSE
gene13785	0	FALSE
gene13786	0	FALSE
gene13787	0	FALSE
gene13788	0	FALSE
gene13789	-1.47224642039509	TRUE
gene13790	0	FALSE
gene13791	-2.5632258412661	TRUE
gene13792	0	FALSE
gene13793	0	FALSE
gene13794	0	FALSE
gene13795	-0.878944602096453	TRUE
gene13796	0	FALSE
gene13797	0	FALSE
gene13798	0	FALSE
gene13799	0	FALSE
gene13800	0	FALSE
gene13801	0	FALSE
gene13802	0	FALSE
gene13803	0	FALSE
gene13804	-2.38581007457105	TRUE
gene13805	0	FALSE
gene13806	0	FALSE
gene13807	0	FALSE
gene13808	0	FALSE
gene13809	1.42158166877925	TRUE
gene13810	0	FALSE
gene13811	0	FALSE
gene13812	0	FALSE
gene13813	0	FALSE
gene13814	0	FALSE
gene13815	0	FALSE
gene13816	0	FALSE
gene13817	0	FALSE
gene13818	0	FALSE
gene13819	0	FALSE
gene13820	0	FALSE
gene13821	0	FALSE
gene13822	0	FALSE
gene13823	0	FALSE
gene13824	0	FALSE
gene13825	0	FALSE
gene13826	0	FALSE
gene13827	1.9360714884242	TRUE
gene13828	0	FALSE
gene13829	0	FALSE
gene13830	0	FALSE
gene13831	0	FALSE
gene13832	0	FALSE
gene13833	0	FALSE
gene13834	0	FALSE
gene13835	0	FALSE
gene13836	0.954721260583028	TRUE
gene13837	0	FALSE
gene13838	0	FALSE
gene13839	0	FALSE
gene13840	0	FALSE
gene13841	0	FALSE
gene13842	0	FALSE
gene13843	0	FALSE
gene13844	0	FALSE
gene13845	0	FALSE
gene13846	0	FALSE
gene13847	0	FALSE
gene13848	0	FALSE
gene13849	0	FALSE
gene13850	2.99091570801102	TRUE
gene13851	1.09632575407159	TRUE
gene13852	-2.9067437594058	TRUE
gene13853	0	FALSE
gene13854	0	FALSE
gene13855	0	FALSE
gene13856	0	FALSE
gene13857	0	FALSE
gene13858	0	FALSE
gene13859	0	FALSE
gene13860	0	FALSE
gene13861	-1.74920331593603	TRUE
gene13862	-2.66217071661958	TRUE
gene13863	0	FALSE
gene13864	0	FALSE
gene13865	0	FALSE
gene13866	0	FALSE
gene13867	-1.31574854120845	TRUE
gene13868	0	FALSE
gene13869	0	FALSE
gene13870	0	FALSE
gene13871	0	FALSE
gene13872	0	FALSE
gene13873	0	FALSE
gene13874	0	FALSE
gene13875	0	FALSE
gene13876	0	FALSE
gene13877	0	FALSE
gene13878	0	FALSE
gene13879	0	FALSE
gene13880	0	FALSE
gene13881	0	FALSE
gene13882	0	FALSE
gene13883	0	FALSE
gene13884	0	FALSE
gene13885	0	FALSE
gene13886	0	FALSE
gene13887	0	FALSE
gene13888	0	FALSE
gene13889	0	FALSE
gene13890	0	FALSE
gene13891	0	FALSE
gene13892	0	FALSE
gene13893	0	FALSE
gene13894	0	FALSE
gene13895	0	FALSE
gene13896	0	FALSE
gene13897	0	FALSE
gene13898	0	FALSE
gene13899	0	FALSE
gene13900	0	FALSE
gene13901	0	FALSE
gene13902	0	FALSE
gene13903	0	FALSE
gene13904	0	FALSE
gene13905	0	FALSE
gene13906	0	FALSE
gene13907	0	FALSE
gene13908	0	FALSE
gene13909	-0.848467046627775	TRUE
gene13910	1.81899342220277	TRUE
gene13911	0	FALSE
gene13912	0	FALSE
gene13913	0	FALSE
gene13914	-1.69967094686581	TRUE
gene13915	0	FALSE
gene13916	-1.16655456548324	TRUE
gene13917	0	FALSE
gene13918	0	FALSE
gene13919	0	FALSE
gene13920	0	FALSE
gene13921	0	FALSE
gene13922	0	FALSE
gene13923	0	FALSE
gene13924	0	FALSE
gene13925	0	FALSE
gene13926	0	FALSE
gene13927	0	FALSE
gene13928	-0.953134647512343	TRUE
gene13929	-2.10946382425027	TRUE
gene13930	0	FALSE
gene13931	-1.20022768748458	TRUE
gene13932	0	FALSE
gene13933	0	FALSE
gene13934	0	FALSE
gene13935	0	FALSE
gene13936	0	FALSE
gene13937	0	FALSE
gene13938	0	FALSE
gene13939	0	FALSE
gene13940	0	FALSE
gene13941	0	FALSE
gene13942	0	FALSE
gene13943	0	FALSE
gene13944	0	FALSE
gene13945	0	FALSE
gene13946	0	FALSE
gene13947	0	FALSE
gene13948	0	FALSE
gene13949	0	FALSE
gene13950	0	FALSE
gene13951	0	FALSE
gene13952	0	FALSE
gene13953	0	FALSE
gene13954	-2.37024903518613	TRUE
gene13955	0	FALSE
gene13956	0	FALSE
gene13957	0	FALSE
gene13958	0	FALSE
gene13959	0	FALSE
gene13960	0	FALSE
gene13961	0	FALSE
gene13962	0	FALSE
gene13963	0	FALSE
gene13964	0	FALSE
gene13965	0	FALSE
gene13966	0	FALSE
gene13967	0	FALSE
gene13968	0	FALSE
gene13969	0.957054347090889	TRUE
gene13970	-1.43666812323499	TRUE
gene13971	0	FALSE
gene13972	0	FALSE
gene13973	0	FALSE
gene13974	0	FALSE
gene13975	0	FALSE
gene13976	0	FALSE
gene13977	-2.6247010587249	TRUE
gene13978	0	FALSE
gene13979	0	FALSE
gene13980	0	FALSE
gene13981	0	FALSE
gene13982	-2.33025725162588	TRUE
gene13983	0	FALSE
gene13984	0	FALSE
gene13985	0	FALSE
gene13986	0	FALSE
gene13987	0	FALSE
gene13988	0	FALSE
gene13989	0	FALSE
gene13990	0	FALSE
gene13991	1.36714681988815	TRUE
gene13992	0	FALSE
gene13993	0	FALSE
gene13994	0	FALSE
gene13995	0	FALSE
gene13996	0	FALSE
gene13997	0	FALSE
gene13998	0	FALSE
gene13999	0	FALSE
gene14000	0.847187275649048	TRUE
gene14001	0	FALSE
gene14002	0	FALSE
gene14003	1.78540549910394	TRUE
gene14004	0	FALSE
gene14005	0	FALSE
gene14006	0	FALSE
gene14007	0	FALSE
gene14008	0	FALSE
gene14009	0	FALSE
gene14010	0	FALSE
gene14011	0	FALSE
gene14012	0	FALSE
gene14013	0	FALSE
gene14014	0	FALSE
gene14015	0	FALSE
gene14016	2.19123345497064	TRUE
gene14017	2.64554723433685	TRUE
gene14018	0	FALSE
gene14019	0	FALSE
gene14020	0	FALSE
gene14021	0	FALSE
gene14022	0	FALSE
gene14023	0	FALSE
gene14024	0	FALSE
gene14025	0	FALSE
gene14026	0	FALSE
gene14027	0	FALSE
gene14028	0	FALSE
gene14029	-2.93769510771381	TRUE
gene14030	0	FALSE
gene14031	1.39863961242372	TRUE
gene14032	0	FALSE
gene14033	0	FALSE
gene14034	0	FALSE
gene14035	0	FALSE
gene14036	0	FALSE
gene14037	0	FALSE
gene14038	0	FALSE
gene14039	-2.50778432999505	TRUE
gene14040	0	FALSE
gene14041	1.61336472054245	TRUE
gene14042	0	FALSE
gene14043	0	FALSE
gene14044	0	FALSE
gene14045	1.9179034634144	TRUE
gene14046	0	FALSE
gene14047	0	FALSE
gene14048	0.844322688993998	TRUE
gene14049	0	FALSE
gene14050	0	FALSE
gene14051	0	FALSE
gene14052	0	FALSE
gene14053	0	FALSE
gene14054	0	FALSE
gene14055	0	FALSE
gene14056	0	FALSE
gene14057	0	FALSE
gene14058	0	FALSE
gene14059	0	FALSE
gene14060	0	FALSE
gene14061	0	FALSE
gene14062	0	FALSE
gene14063	0	FALSE
gene14064	-1.25491884973599	TRUE
gene14065	0	FALSE
gene14066	0	FALSE
gene14067	0	FALSE
gene14068	0	FALSE
gene14069	0	FALSE
gene14070	1.53910682414426	TRUE
gene14071	0	FALSE
gene14072	1.96225212095305	TRUE
gene14073	0	FALSE
gene14074	0	FALSE
gene14075	0	FALSE
gene14076	0	FALSE
gene14077	0	FALSE
gene14078	0	FALSE
gene14079	-0.789140811888501	TRUE
gene14080	0	FALSE
gene14081	2.81418503512396	TRUE
gene14082	0	FALSE
gene14083	0	FALSE
gene14084	-2.52007400844013	TRUE
gene14085	0	FALSE
gene14086	0	FALSE
gene14087	0	FALSE
gene14088	-2.91821365838405	TRUE
gene14089	0	FALSE
gene14090	0	FALSE
gene14091	0	FALSE
gene14092	0	FALSE
gene14093	0	FALSE
gene14094	0	FALSE
gene14095	0	FALSE
gene14096	1.72110921016429	TRUE
gene14097	0	FALSE
gene14098	0	FALSE
gene14099	1.62613537302241	TRUE
gene14100	-1.48777099535801	TRUE
gene14101	0	FALSE
gene14102	0	FALSE
gene14103	0	FALSE
gene14104	0	FALSE
gene14105	0	FALSE
gene14106	0	FALSE
gene14107	0	FALSE
gene14108	0	FALSE
gene14109	0	FALSE
gene14110	0	FALSE
gene14111	0	FALSE
gene14112	0	FALSE
gene14113	0	FALSE
gene14114	0	FALSE
gene14115	0	FALSE
gene14116	0	FALSE
gene14117	0	FALSE
gene14118	0	FALSE
gene14119	-0.857525226369034	TRUE
gene14120	0	FALSE
gene14121	0	FALSE
gene14122	0	FALSE
gene14123	0	FALSE
gene14124	0	FALSE
gene14125	0	FALSE
gene14126	0	FALSE
gene14127	0	FALSE
gene14128	0	FALSE
gene14129	0	FALSE
gene14130	-1.85597812203923	TRUE
gene14131	0	FALSE
gene14132	0	FALSE
gene14133	0	FALSE
gene14134	1.15027582773473	TRUE
gene14135	0	FALSE
gene14136	0	FALSE
gene14137	0	FALSE
gene14138	0	FALSE
gene14139	0	FALSE
gene14140	0	FALSE
gene14141	0	FALSE
gene14142	0	FALSE
gene14143	0	FALSE
gene14144	-1.20561759226257	TRUE
gene14145	0	FALSE
gene14146	0	FALSE
gene14147	0	FALSE
gene14148	0	FALSE
gene14149	0	FALSE
gene14150	0	FALSE
gene14151	0	FALSE
gene14152	0	FALSE
gene14153	0	FALSE
gene14154	1.66361047286773	TRUE
gene14155	0	FALSE
gene14156	0	FALSE
gene14157	0	FALSE
gene14158	0	FALSE
gene14159	0	FALSE
gene14160	0	FALSE
gene14161	0	FALSE
gene14162	0	FALSE
gene14163	0	FALSE
gene14164	0	FALSE
gene14165	0	FALSE
gene14166	0	FALSE
gene14167	0	FALSE
gene14168	2.56302488670917	TRUE
gene14169	0	FALSE
gene14170	0	FALSE
gene14171	0	FALSE
gene14172	0	FALSE
gene14173	0	FALSE
gene14174	2.69890412542736	TRUE
gene14175	0	FALSE
gene14176	0	FALSE
gene14177	2.88313719257712	TRUE
gene14178	0	FALSE
gene14179	0	FALSE
gene14180	0	FALSE
gene14181	0	FALSE
gene14182	0	FALSE
gene14183	0	FALSE
gene14184	0	FALSE
gene14185	0	FALSE
gene14186	0	FALSE
gene14187	0	FALSE
gene14188	0	FALSE
gene14189	-1.79403319896664	TRUE
gene14190	0	FALSE
gene14191	0	FALSE
gene14192	0	FALSE
gene14193	0	FALSE
gene14194	0	FALSE
gene14195	0	FALSE
gene14196	0	FALSE
gene14197	0	FALSE
gene14198	0	FALSE
gene14199	0	FALSE
gene14200	0	FALSE
gene14201	0	FALSE
gene14202	0	FALSE
gene14203	0	FALSE
gene14204	0	FALSE
gene14205	0	FALSE
gene14206	0	FALSE
gene14207	0	FALSE
gene14208	0	FALSE
gene14209	0	FALSE
gene14210	0	FALSE
gene14211	0	FALSE
gene14212	0	FALSE
gene14213	0	FALSE
gene14214	0	FALSE
gene14215	-1.03756931377575	TRUE
gene14216	0	FALSE
gene14217	0	FALSE
gene14218	0	FALSE
gene14219	0	FALSE
gene14220	-1.70647193666082	TRUE
gene14221	0	FALSE
gene14222	0	FALSE
gene14223	0	FALSE
gene14224	0	FALSE
gene14225	0	FALSE
gene14226	1.15944517037133	TRUE
gene14227	0	FALSE
gene14228	1.57767739368137	TRUE
gene14229	0	FALSE
gene14230	0	FALSE
gene14231	0	FALSE
gene14232	0	FALSE
gene14233	0	FALSE
gene14234	1.57432703382801	TRUE
gene14235	0	FALSE
gene14236	0	FALSE
gene14237	0	FALSE
gene14238	0	FALSE
gene14239	0	FALSE
gene14240	0	FALSE
gene14241	0	FALSE
gene14242	0	FALSE
gene14243	0	FALSE
gene14244	0	FALSE
gene14245	0	FALSE
gene14246	0	FALSE
gene14247	0	FALSE
gene14248	1.1673258022056	TRUE
gene14249	0	FALSE
gene14250	0	FALSE
gene14251	0	FALSE
gene14252	0	FALSE
gene14253	0	FALSE
gene14254	0	FALSE
gene14255	0	FALSE
gene14256	0	FALSE
gene14257	0	FALSE
gene14258	0	FALSE
gene14259	0	FALSE
gene14260	-1.23649310058681	TRUE
gene14261	-2.13176507782191	TRUE
gene14262	2.04727444297168	TRUE
gene14263	0	FALSE
gene14264	0	FALSE
gene14265	0	FALSE
gene14266	0	FALSE
gene14267	0	FALSE
gene14268	0	FALSE
gene14269	0	FALSE
gene14270	0	FALSE
gene14271	0	FALSE
gene14272	0	FALSE
gene14273	-2.2377626792877	TRUE
gene14274	0	FALSE
gene14275	0	FALSE
gene14276	0	FALSE
gene14277	0	FALSE
gene14278	0	FALSE
gene14279	0	FALSE
gene14280	0	FALSE
gene14281	0	FALSE
gene14282	0	FALSE
gene14283	0	FALSE
gene14284	0	FALSE
gene14285	0	FALSE
gene14286	0	FALSE
gene14287	0	FALSE
gene14288	0	FALSE
gene14289	0	FALSE
gene14290	0	FALSE
gene14291	0	FALSE
gene14292	0	FALSE
gene14293	0	FALSE
gene14294	0	FALSE
gene14295	0	FALSE
gene14296	0	FALSE
gene14297	0	FALSE
gene14298	0	FALSE
gene14299	2.65259709436214	TRUE
gene14300	0	FALSE
gene14301	-1.49454505252652	TRUE
gene14302	0	FALSE
gene14303	0	FALSE
gene14304	0	FALSE
gene14305	0	FALSE
gene14306	-2.40828767971834	TRUE
gene14307	0	FALSE
gene14308	0	FALSE
gene14309	0	FALSE
gene14310	0	FALSE
gene14311	0	FALSE
gene14312	0	FALSE
gene14313	0	FALSE
gene14314	0	FALSE
gene14315	0	FALSE
gene14316	0	FALSE
gene14317	0	FALSE
gene14318	-1.31686978210928	TRUE
gene14319	0	FALSE
gene14320	2.65020323800854	TRUE
gene14321	0	FALSE
gene14322	0	FALSE
gene14323	0	FALSE
gene14324	0	FALSE
gene14325	0	FALSE
gene14326	0	FALSE
gene14327	0	FALSE
gene14328	0	FALSE
gene14329	0	FALSE
gene14330	0	FALSE
gene14331	0	FALSE
gene14332	0	FALSE
gene14333	0	FALSE
gene14334	0	FALSE
gene14335	0	FALSE
gene14336	0	FALSE
gene14337	0	FALSE
gene14338	1.82979801966576	TRUE
gene14339	0	FALSE
gene14340	0	FALSE
gene14341	0	FALSE
gene14342	0	FALSE
gene14343	0	FALSE
gene14344	-1.56953439046629	TRUE
gene14345	0	FALSE
gene14346	0	FALSE
gene14347	0	FALSE
gene14348	0	FALSE
gene14349	0.750618105113972	TRUE
gene14350	0	FALSE
gene14351	0	FALSE
gene14352	-1.36745648615761	TRUE
gene14353	0	FALSE
gene14354	0	FALSE
gene14355	0	FALSE
gene14356	0	FALSE
gene14357	0	FALSE
gene14358	0	FALSE
gene14359	0	FALSE
gene14360	0	FALSE
gene14361	0	FALSE
gene14362	0	FALSE
gene14363	0	FALSE
gene14364	0	FALSE
gene14365	0	FALSE
gene14366	0	FALSE
gene14367	0	FALSE
gene14368	0	FALSE
gene14369	0	FALSE
gene14370	0	FALSE
gene14371	0	FALSE
gene14372	0	FALSE
gene14373	-2.32283161726082	TRUE
gene14374	0	FALSE
gene14375	0	FALSE
gene14376	0	FALSE
gene14377	2.48812150990125	TRUE
gene14378	0	FALSE
gene14379	0	FALSE
gene14380	0	FALSE
gene14381	0	FALSE
gene14382	0	FALSE
gene14383	-2.03513612964889	TRUE
gene14384	0	FALSE
gene14385	0	FALSE
gene14386	0.962418704351876	TRUE
gene14387	0	FALSE
gene14388	0	FALSE
gene14389	0	FALSE
gene14390	0	FALSE
gene14391	0	FALSE
gene14392	0	FALSE
gene14393	0	FALSE
gene14394	0	FALSE
gene14395	0	FALSE
gene14396	0	FALSE
gene14397	-2.36569374531973	TRUE
gene14398	0	FALSE
gene14399	0	FALSE
gene14400	0	FALSE
gene14401	0	FALSE
gene14402	0	FALSE
gene14403	0	FALSE
gene14404	0	FALSE
gene14405	0	FALSE
gene14406	0	FALSE
gene14407	0	FALSE
gene14408	0	FALSE
gene14409	0	FALSE
gene14410	2.68400315567851	TRUE
gene14411	0	FALSE
gene14412	0	FALSE
gene14413	0	FALSE
gene14414	0	FALSE
gene14415	0	FALSE
gene14416	0	FALSE
gene14417	0	FALSE
gene14418	0	FALSE
gene14419	0	FALSE
gene14420	1.94932929764036	TRUE
gene14421	0	FALSE
gene14422	-2.66843632806558	TRUE
gene14423	0	FALSE
gene14424	2.10758167941822	TRUE
gene14425	0	FALSE
gene14426	0.793912398337852	TRUE
gene14427	0	FALSE
gene14428	0	FALSE
gene14429	0	FALSE
gene14430	0	FALSE
gene14431	0	FALSE
gene14432	0	FALSE
gene14433	0	FALSE
gene14434	0	FALSE
gene14435	0	FALSE
gene14436	0	FALSE
gene14437	0	FALSE
gene14438	0	FALSE
gene14439	0	FALSE
gene14440	0	FALSE
gene14441	0	FALSE
gene14442	0	FALSE
gene14443	0	FALSE
gene14444	0	FALSE
gene14445	0	FALSE
gene14446	0	FALSE
gene14447	0	FALSE
gene14448	0	FALSE
gene14449	0	FALSE
gene14450	0	FALSE
gene14451	0	FALSE
gene14452	-2.16319758770987	TRUE
gene14453	0	FALSE
gene14454	0	FALSE
gene14455	0	FALSE
gene14456	0	FALSE
gene14457	0	FALSE
gene14458	0	FALSE
gene14459	0	FALSE
gene14460	0	FALSE
gene14461	1.97254350286676	TRUE
gene14462	0	FALSE
gene14463	0	FALSE
gene14464	0	FALSE
gene14465	0	FALSE
gene14466	0	FALSE
gene14467	-2.62962509680074	TRUE
gene14468	0	FALSE
gene14469	-1.69738904078258	TRUE
gene14470	0	FALSE
gene14471	1.02143662754679	TRUE
gene14472	0	FALSE
gene14473	1.88200892857276	TRUE
gene14474	0	FALSE
gene14475	0	FALSE
gene14476	0	FALSE
gene14477	2.31465292756911	TRUE
gene14478	0	FALSE
gene14479	0	FALSE
gene14480	0	FALSE
gene14481	0	FALSE
gene14482	1.58783795766067	TRUE
gene14483	0	FALSE
gene14484	1.48121905600419	TRUE
gene14485	0	FALSE
gene14486	0	FALSE
gene14487	0	FALSE
gene14488	0	FALSE
gene14489	0	FALSE
gene14490	0	FALSE
gene14491	0	FALSE
gene14492	0	FALSE
gene14493	0	FALSE
gene14494	0	FALSE
gene14495	0	FALSE
gene14496	0	FALSE
gene14497	0	FALSE
gene14498	0	FALSE
gene14499	0	FALSE
gene14500	0	FALSE
gene14501	0	FALSE
gene14502	0	FALSE
gene14503	0	FALSE
gene14504	0	FALSE
gene14505	0	FALSE
gene14506	0	FALSE
gene14507	0	FALSE
gene14508	0	FALSE
gene14509	0	FALSE
gene14510	0	FALSE
gene14511	0	FALSE
gene14512	0	FALSE
gene14513	0	FALSE
gene14514	0	FALSE
gene14515	0	FALSE
gene14516	0	FALSE
gene14517	0.880031863285694	TRUE
gene14518	0	FALSE
gene14519	0	FALSE
gene14520	0	FALSE
gene14521	0	FALSE
gene14522	0	FALSE
gene14523	0	FALSE
gene14524	0	FALSE
gene14525	0	FALSE
gene14526	0	FALSE
gene14527	0	FALSE
gene14528	0	FALSE
gene14529	0	FALSE
gene14530	0	FALSE
gene14531	0	FALSE
gene14532	0	FALSE
gene14533	0	FALSE
gene14534	0	FALSE
gene14535	0	FALSE
gene14536	0	FALSE
gene14537	0	FALSE
gene14538	-1.20490667643026	TRUE
gene14539	0	FALSE
gene14540	0	FALSE
gene14541	0	FALSE
gene14542	0	FALSE
gene14543	0	FALSE
gene14544	0	FALSE
gene14545	0	FALSE
gene14546	0	FALSE
gene14547	0	FALSE
gene14548	0	FALSE
gene14549	0	FALSE
gene14550	0	FALSE
gene14551	0	FALSE
gene14552	0	FALSE
gene14553	0	FALSE
gene14554	0	FALSE
gene14555	0	FALSE
gene14556	2.73757723288145	TRUE
gene14557	0	FALSE
gene14558	0	FALSE
gene14559	0	FALSE
gene14560	0	FALSE
gene14561	0	FALSE
gene14562	0	FALSE
gene14563	0	FALSE
gene14564	0	FALSE
gene14565	0	FALSE
gene14566	0.905450383841526	TRUE
gene14567	0	FALSE
gene14568	0	FALSE
gene14569	0	FALSE
gene14570	0	FALSE
gene14571	0	FALSE
gene14572	0	FALSE
gene14573	0	FALSE
gene14574	0	FALSE
gene14575	0	FALSE
gene14576	0	FALSE
gene14577	0	FALSE
gene14578	0	FALSE
gene14579	0	FALSE
gene14580	0	FALSE
gene14581	0	FALSE
gene14582	0	FALSE
gene14583	0	FALSE
gene14584	0	FALSE
gene14585	0	FALSE
gene14586	0	FALSE
gene14587	-1.52767214225605	TRUE
gene14588	0	FALSE
gene14589	0	FALSE
gene14590	0	FALSE
gene14591	2.08536365552573	TRUE
gene14592	0	FALSE
gene14593	0	FALSE
gene14594	0	FALSE
gene14595	0	FALSE
gene14596	0	FALSE
gene14597	0	FALSE
gene14598	0	FALSE
gene14599	0	FALSE
gene14600	0	FALSE
gene14601	0	FALSE
gene14602	0	FALSE
gene14603	-1.12727195589105	TRUE
gene14604	-2.73561183846323	TRUE
gene14605	0	FALSE
gene14606	0	FALSE
gene14607	0	FALSE
gene14608	0	FALSE
gene14609	0	FALSE
gene14610	0	FALSE
gene14611	-1.56918950920226	TRUE
gene14612	0	FALSE
gene14613	0	FALSE
gene14614	0	FALSE
gene14615	0	FALSE
gene14616	0	FALSE
gene14617	0	FALSE
gene14618	0	FALSE
gene14619	0	FALSE
gene14620	0	FALSE
gene14621	0	FALSE
gene14622	0	FALSE
gene14623	0	FALSE
gene14624	0	FALSE
gene14625	0	FALSE
gene14626	0	FALSE
gene14627	0	FALSE
gene14628	0	FALSE
gene14629	0	FALSE
gene14630	0	FALSE
gene14631	0	FALSE
gene14632	0	FALSE
gene14633	0	FALSE
gene14634	2.73839103605133	TRUE
gene14635	0	FALSE
gene14636	0	FALSE
gene14637	0	FALSE
gene14638	0	FALSE
gene14639	0	FALSE
gene14640	0	FALSE
gene14641	0	FALSE
gene14642	1.64870004361728	TRUE
gene14643	0	FALSE
gene14644	0	FALSE
gene14645	0	FALSE
gene14646	0	FALSE
gene14647	0	FALSE
gene14648	2.92183814785676	TRUE
gene14649	0	FALSE
gene14650	0	FALSE
gene14651	0	FALSE
gene14652	0	FALSE
gene14653	0	FALSE
gene14654	0	FALSE
gene14655	0	FALSE
gene14656	-1.47981186071411	TRUE
gene14657	0	FALSE
gene14658	0	FALSE
gene14659	0	FALSE
gene14660	-1.34209834830835	TRUE
gene14661	1.67892769369064	TRUE
gene14662	0	FALSE
gene14663	0	FALSE
gene14664	0	FALSE
gene14665	0	FALSE
gene14666	0	FALSE
gene14667	0	FALSE
gene14668	0	FALSE
gene14669	0	FALSE
gene14670	0	FALSE
gene14671	1.75477224978385	TRUE
gene14672	0	FALSE
gene14673	0	FALSE
gene14674	0	FALSE
gene14675	0	FALSE
gene14676	-1.59898885083385	TRUE
gene14677	0	FALSE
gene14678	0	FALSE
gene14679	0	FALSE
gene14680	0	FALSE
gene14681	0	FALSE
gene14682	0	FALSE
gene14683	0	FALSE
gene14684	0	FALSE
gene14685	0	FALSE
gene14686	0	FALSE
gene14687	0	FALSE
gene14688	0	FALSE
gene14689	0	FALSE
gene14690	0	FALSE
gene14691	0	FALSE
gene14692	-2.29004198295297	TRUE
gene14693	0	FALSE
gene14694	0	FALSE
gene14695	0	FALSE
gene14696	0	FALSE
gene14697	-0.897728390002158	TRUE
gene14698	0	FALSE
gene14699	0	FALSE
gene14700	0	FALSE
gene14701	0	FALSE
gene14702	0	FALSE
gene14703	0	FALSE
gene14704	0	FALSE
gene14705	0	FALSE
gene14706	2.29246898030397	TRUE
gene14707	0	FALSE
gene14708	0	FALSE
gene14709	0	FALSE
gene14710	0	FALSE
gene14711	0	FALSE
gene14712	0	FALSE
gene14713	-2.75061553996056	TRUE
gene14714	0	FALSE
gene14715	0	FALSE
gene14716	0	FALSE
gene14717	0	FALSE
gene14718	0	FALSE
gene14719	0	FALSE
gene14720	0	FALSE
gene14721	0	FALSE
gene14722	0	FALSE
gene14723	0	FALSE
gene14724	0	FALSE
gene14725	0	FALSE
gene14726	-2.34526381763862	TRUE
gene14727	0	FALSE
gene14728	0	FALSE
gene14729	0	FALSE
gene14730	0	FALSE
gene14731	0	FALSE
gene14732	0	FALSE
gene14733	0	FALSE
gene14734	0	FALSE
gene14735	0	FALSE
gene14736	0	FALSE
gene14737	0	FALSE
gene14738	0	FALSE
gene14739	0	FALSE
gene14740	0	FALSE
gene14741	1.79605534777511	TRUE
gene14742	0	FALSE
gene14743	0	FALSE
gene14744	0	FALSE
gene14745	0	FALSE
gene14746	0	FALSE
gene14747	0	FALSE
gene14748	0	FALSE
gene14749	0	FALSE
gene14750	0	FALSE
gene14751	0	FALSE
gene14752	0	FALSE
gene14753	0	FALSE
gene14754	0	FALSE
gene14755	0	FALSE
gene14756	0	FALSE
gene14757	0	FALSE
gene14758	0	FALSE
gene14759	0	FALSE
gene14760	0	FALSE
gene14761	0	FALSE
gene14762	0	FALSE
gene14763	0	FALSE
gene14764	0	FALSE
gene14765	0	FALSE
gene14766	0	FALSE
gene14767	0	FALSE
gene14768	0	FALSE
gene14769	0	FALSE
gene14770	0	FALSE
gene14771	1.28928844450274	TRUE
gene14772	0	FALSE
gene14773	0	FALSE
gene14774	0	FALSE
gene14775	0	FALSE
gene14776	1.74929850554327	TRUE
gene14777	0	FALSE
gene14778	0	FALSE
gene14779	0	FALSE
gene14780	0	FALSE
gene14781	0	FALSE
gene14782	0	FALSE
gene14783	0	FALSE
gene14784	0	FALSE
gene14785	1.48937978275353	TRUE
gene14786	0	FALSE
gene14787	0	FALSE
gene14788	0	FALSE
gene14789	0	FALSE
gene14790	0	FALSE
gene14791	0	FALSE
gene14792	0	FALSE
gene14793	0	FALSE
gene14794	0	FALSE
gene14795	-2.62896638870006	TRUE
gene14796	0	FALSE
gene14797	0	FALSE
gene14798	0	FALSE
gene14799	0	FALSE
gene14800	0	FALSE
gene14801	0	FALSE
gene14802	0	FALSE
gene14803	0	FALSE
gene14804	0	FALSE
gene14805	0	FALSE
gene14806	0	FALSE
gene14807	0	FALSE
gene14808	-1.44738855329342	TRUE
gene14809	0	FALSE
gene14810	0	FALSE
gene14811	0	FALSE
gene14812	0	FALSE
gene14813	0	FALSE
gene14814	0	FALSE
gene14815	0	FALSE
gene14816	0	FALSE
gene14817	0	FALSE
gene14818	0	FALSE
gene14819	-2.08528705645585	TRUE
gene14820	0	FALSE
gene14821	0	FALSE
gene14822	0	FALSE
gene14823	0	FALSE
gene14824	0	FALSE
gene14825	0	FALSE
gene14826	0	FALSE
gene14827	0	FALSE
gene14828	0	FALSE
gene14829	0	FALSE
gene14830	0	FALSE
gene14831	0	FALSE
gene14832	0	FALSE
gene14833	0	FALSE
gene14834	0	FALSE
gene14835	0	FALSE
gene14836	0	FALSE
gene14837	0	FALSE
gene14838	2.64749037532602	TRUE
gene14839	0	FALSE
gene14840	0	FALSE
gene14841	0	FALSE
gene14842	0	FALSE
gene14843	0	FALSE
gene14844	-2.69322839198867	TRUE
gene14845	0	FALSE
gene14846	0	FALSE
gene14847	2.25439622771228	TRUE
gene14848	0	FALSE
gene14849	0	FALSE
gene14850	0	FALSE
gene14851	0	FALSE
gene14852	0	FALSE
gene14853	-2.29736394260544	TRUE
gene14854	0	FALSE
gene14855	0	FALSE
gene14856	1.13302791723981	TRUE
gene14857	0	FALSE
gene14858	1.97348130214959	TRUE
gene14859	0	FALSE
gene14860	0	FALSE
gene14861	-2.92995172954397	TRUE
gene14862	0	FALSE
gene14863	0	FALSE
gene14864	0	FALSE
gene14865	0	FALSE
gene14866	0	FALSE
gene14867	0	FALSE
gene14868	-2.56841344409622	TRUE
gene14869	0	FALSE
gene14870	0	FALSE
gene14871	0	FALSE
gene14872	0	FALSE
gene14873	0	FALSE
gene14874	0	FALSE
gene14875	0	FALSE
gene14876	0	FALSE
gene14877	-2.16939948673826	TRUE
gene14878	0	FALSE
gene14879	-2.87677982129389	TRUE
gene14880	0	FALSE
gene14881	0	FALSE
gene14882	0	FALSE
gene14883	0	FALSE
gene14884	0	FALSE
gene14885	0	FALSE
gene14886	0	FALSE
gene14887	0	FALSE
gene14888	0	FALSE
gene14889	-2.29583966784412	TRUE
gene14890	0	FALSE
gene14891	0	FALSE
gene14892	0	FALSE
gene14893	0	FALSE
gene14894	0	FALSE
gene14895	2.25714341114508	TRUE
gene14896	0	FALSE
gene14897	0	FALSE
gene14898	-2.62515265366528	TRUE
gene14899	0	FALSE
gene14900	0	FALSE
gene14901	0	FALSE
gene14902	0	FALSE
gene14903	0	FALSE
gene14904	0	FALSE
gene14905	0	FALSE
gene14906	-1.4627069302951	TRUE
gene14907	0	FALSE
gene14908	0	FALSE
gene14909	0	FALSE
gene14910	0	FALSE
gene14911	2.88613718940178	TRUE
gene14912	0	FALSE
gene14913	1.79147977213142	TRUE
gene14914	0	FALSE
gene14915	-1.23478180565871	TRUE
gene14916	0	FALSE
gene14917	0	FALSE
gene14918	0	FALSE
gene14919	0	FALSE
gene14920	0	FALSE
gene14921	0	FALSE
gene14922	2.68117319780868	TRUE
gene14923	0	FALSE
gene14924	0	FALSE
gene14925	0	FALSE
gene14926	0	FALSE
gene14927	0	FALSE
gene14928	0	FALSE
gene14929	0	FALSE
gene14930	0	FALSE
gene14931	0	FALSE
gene14932	0	FALSE
gene14933	0	FALSE
gene14934	0	FALSE
gene14935	-1.56936932459939	TRUE
gene14936	0	FALSE
gene14937	0	FALSE
gene14938	0	FALSE
gene14939	0	FALSE
gene14940	0	FALSE
gene14941	0	FALSE
gene14942	0	FALSE
gene14943	0	FALSE
gene14944	0	FALSE
gene14945	0	FALSE
gene14946	0	FALSE
gene14947	0	FALSE
gene14948	0	FALSE
gene14949	0	FALSE
gene14950	0	FALSE
gene14951	0	FALSE
gene14952	0	FALSE
gene14953	0	FALSE
gene14954	0	FALSE
gene14955	-1.56491447874578	TRUE
gene14956	0	FALSE
gene14957	0	FALSE
gene14958	0	FALSE
gene14959	0	FALSE
gene14960	0	FALSE
gene14961	0	FALSE
gene14962	0	FALSE
gene14963	0	FALSE
gene14964	2.69259340781718	TRUE
gene14965	1.67565928789554	TRUE
gene14966	0	FALSE
gene14967	0	FALSE
gene14968	0	FALSE
gene14969	0	FALSE
gene14970	0	FALSE
gene14971	0	FALSE
gene14972	0	FALSE
gene14973	0	FALSE
gene14974	0	FALSE
gene14975	0	FALSE
gene14976	0	FALSE
gene14977	0	FALSE
gene14978	0	FALSE
gene14979	0	FALSE
gene14980	0	FALSE
gene14981	0	FALSE
gene14982	0	FALSE
gene14983	0	FALSE
gene14984	0	FALSE
gene14985	0	FALSE
gene14986	0	FALSE
gene14987	0	FALSE
gene14988	2.07673567801248	TRUE
gene14989	0	FALSE
gene14990	0	FALSE
gene14991	0	FALSE
gene14992	0	FALSE
gene14993	0	FALSE
gene14994	0	FALSE
gene14995	0	FALSE
gene14996	0	FALSE
gene14997	0	FALSE
gene14998	0	FALSE
gene14999	0	FALSE
gene15000	0	FALSE
