gene	normal_1	normal_2	normal_3	normal_4	tumor_1	tumor_2	tumor_3	tumor_4	tumor_5	tumor_6	tumor_7	tumor_8	tumor_9	tumor_10	tumor_11	tumor_12
gene1	7555	4408	16481	7511	5026	6991	11120	20400	10279	11535	5632	18612	12646	2565	6736	6918
gene2	0	2	6	7	3	7	0	6	13	4	4	5	12	0	6	4
gene3	7	0	5	4	24	44	84	143	64	31	45	34	24	17	41	26
gene4	14	10	23	19	2	6	14	16	4	13	4	24	10	3	14	12
gene5	3	0	10	14	4	1	2	1	5	6	3	18	7	2	7	4
gene6	5	1	5	1	3	9	17	23	8	2	2	11	2	2	8	1
gene7	192	135	524	184	221	295	367	681	242	518	201	597	445	103	268	188
gene8	52	12	67	47	20	47	52	88	35	31	31	118	86	10	34	26
gene9	66	19	169	73	41	39	111	92	65	51	91	97	114	36	61	44
gene10	5121	3000	10510	4563	3586	5614	8778	12893	8191	8261	9671	11289	10072	3376	4733	4755
gene11	126	26	147	99	54	88	91	150	153	124	140	213	156	77	73	87
gene12	16641	8006	42090	15803	12180	17572	23232	43534	21265	30887	21793	45757	34798	8547	19010	17601
gene13	7892	4248	12883	4629	3559	8321	7735	15145	7891	12699	6391	18343	17600	3700	9217	7541
gene14	59	40	189	86	84	118	93	218	126	125	76	117	167	37	96	98
gene15	3068	1750	6957	3011	2640	2318	3542	8284	4115	4480	3704	8244	5136	1410	3237	2093
gene16	115	69	235	154	84	106	204	407	273	209	175	297	244	68	135	111
gene17	24	1	16	6	6	4	4	8	5	1	1	9	13	12	3	1
gene18	13	10	29	25	5	7	24	119	38	30	15	60	43	9	22	15
gene19	45	13	110	63	24	17	11	40	15	34	29	43	50	6	24	14
gene20	502	176	999	373	347	446	465	945	404	688	526	1147	808	169	608	444
gene21	370	152	578	270	159	319	395	645	424	608	392	632	718	113	342	300
gene22	221	95	333	186	149	193	266	728	249	449	272	442	514	107	181	142
gene23	1001	453	1504	651	586	837	860	2311	930	1606	891	2551	1506	396	653	798
gene24	2	4	1	1	0	1	0	1	4	0	0	0	2	0	0	2
gene25	758	461	1590	421	455	758	1117	1581	1139	1236	1051	1740	1364	324	713	642
gene26	80	26	133	88	36	47	71	201	67	145	59	114	118	21	49	65
gene27	267	92	410	156	189	284	240	630	461	488	324	541	457	87	263	234
gene28	200	47	267	158	305	379	963	630	713	606	810	1026	968	243	546	358
gene29	8	3	9	6	4	15	2	10	9	9	14	4	17	1	22	1
gene30	10	28	45	38	15	27	32	47	21	59	81	70	78	21	24	22
gene31	8	0	12	5	2	2	13	20	30	6	26	17	1	6	10	3
gene32	222	99	398	270	161	262	222	784	270	348	251	578	412	103	218	183
gene33	67	20	103	45	45	86	85	210	84	100	76	158	94	28	34	59
gene34	28	27	40	23	28	34	52	116	27	36	55	109	92	27	28	28
gene35	6	8	22	26	25	21	30	73	15	17	22	37	47	11	18	35
gene36	15	7	42	25	16	16	3	15	39	25	24	26	14	6	15	26
gene37	519	188	703	405	313	584	583	1044	446	786	438	1325	982	179	365	278
gene38	5	3	1	2	11	9	9	37	3	0	6	17	7	0	1	1
gene39	22	22	51	19	27	41	55	112	69	36	53	35	82	9	31	57
gene40	83	31	148	107	59	77	152	255	88	120	107	234	131	40	62	96
gene41	735	296	1137	655	408	640	914	1150	938	1093	722	1600	1334	311	652	606
gene42	11	4	14	6	5	4	12	26	48	21	19	12	28	0	9	9
gene43	17	18	22	18	15	54	34	45	27	41	20	56	35	4	24	13
gene44	1	5	0	0	1	2	0	5	1	5	8	10	16	0	0	0
gene45	40	10	55	52	16	14	40	52	45	47	31	40	37	8	16	40
gene46	21	17	39	29	2	2	6	12	4	8	6	29	16	3	4	3
gene47	985	435	1780	957	684	1012	1520	2552	1409	1041	1249	2268	2146	422	958	921
gene48	143	60	476	132	174	169	222	596	190	281	194	357	311	72	185	199
gene49	60	20	131	43	59	50	53	76	65	58	90	106	167	29	97	66
gene50	230	127	723	339	293	329	534	921	604	497	663	778	893	174	306	394
gene51	22	12	64	31	8	25	68	109	25	49	16	47	30	21	41	28
gene52	26	44	107	27	18	49	68	188	57	61	30	118	72	12	70	37
gene53	122	50	147	70	108	151	179	265	163	190	82	244	368	56	128	121
gene54	2221	950	3538	1687	1459	2278	2687	5115	2148	2659	2416	4000	5363	944	1922	1983
gene55	175	142	471	242	161	243	219	465	274	371	274	677	424	79	229	272
gene56	103	48	307	96	328	657	750	1468	661	1133	674	2059	1042	271	463	368
gene57	5	1	1	2	0	2	0	1	0	10	2	0	9	0	0	1
gene58	78	69	128	70	35	29	47	108	31	64	59	90	79	22	50	33
gene59	99	45	129	39	87	65	100	250	55	114	90	122	143	35	31	53
gene60	1	0	2	7	5	2	3	27	25	8	5	39	4	5	0	9
gene61	46	13	176	36	26	58	122	133	49	100	92	120	97	16	55	32
gene62	75	27	93	57	62	91	117	129	74	214	97	159	107	35	103	54
gene63	148	60	378	107	130	161	174	378	143	223	256	388	353	63	190	196
gene64	283	106	479	185	193	258	248	526	256	296	207	461	494	96	184	180
gene65	81	44	128	64	47	106	230	331	118	122	84	282	151	34	138	91
gene66	757	283	865	399	334	665	874	993	850	1006	676	1409	1156	226	446	460
gene67	278	143	609	188	34	41	65	95	70	86	44	122	133	29	56	49
gene68	573	250	1158	544	401	646	678	1218	883	876	519	1042	983	266	648	616
gene69	781	335	1183	672	469	932	1045	2001	1134	1257	915	1592	1247	329	875	515
gene70	208	115	407	165	101	254	325	457	324	344	263	473	309	89	215	217
gene71	103	85	234	106	103	136	210	294	157	161	149	304	196	60	144	152
gene72	5	2	4	2	6	1	1	15	3	4	20	8	6	0	12	2
gene73	5	3	23	7	6	10	12	42	18	10	22	29	28	1	19	12
gene74	10	6	8	12	10	7	2	20	18	5	9	21	24	5	20	11
gene75	0	9	0	0	6	1	2	0	0	0	1	0	0	0	1	2
gene76	0	1	4	11	4	1	1	23	7	1	3	0	14	1	3	0
gene77	0	9	3	10	8	7	20	4	9	9	31	6	12	0	1	2
gene78	8	2	19	21	6	21	15	42	31	26	5	25	13	6	19	5
gene79	35	19	91	28	33	43	54	135	59	47	44	90	66	18	66	37
gene80	8176	4575	17955	11203	9154	12863	11501	23568	12954	13080	14156	25527	23055	4962	7989	9753
gene81	91	44	183	68	80	102	98	191	156	111	96	206	200	32	110	86
gene82	20	30	107	49	20	58	94	185	69	111	54	79	125	23	41	61
gene83	48	26	80	31	36	46	33	98	59	47	88	53	96	18	86	55
gene84	54	8	69	21	6	13	65	63	12	12	13	44	42	16	13	18
gene85	13	3	21	13	1	4	14	6	19	29	6	13	3	1	8	7
gene86	26	4	99	10	11	47	49	58	30	44	12	96	67	7	16	7
gene87	20	14	66	11	20	44	39	39	36	17	22	102	16	8	19	13
gene88	28	21	15	29	11	28	22	30	33	21	17	53	62	9	20	19
gene89	0	0	2	0	0	1	0	0	1	10	1	0	0	0	0	3
gene90	199	83	415	170	122	223	147	340	282	238	215	416	360	59	175	202
gene91	1618	766	3226	1284	1313	2195	2492	2995	1834	2307	1657	3085	3774	824	1301	2063
gene92	5	11	2	3	11	2	14	35	11	43	18	26	11	3	3	10
gene93	194	93	275	181	31	40	51	100	61	57	38	81	88	16	43	53
gene94	50	49	165	71	45	57	113	187	132	98	81	286	169	26	97	57
gene95	249	148	708	253	1505	1347	1919	3762	1496	1721	1463	3538	3036	676	1122	1140
gene96	18	2	33	10	2	0	15	7	7	11	15	38	6	8	3	8
gene97	682	257	1174	443	377	607	845	1347	686	807	741	1123	909	252	532	590
gene98	1	0	1	0	1	0	0	0	1	0	0	0	0	0	0	0
gene99	21	5	39	27	11	16	50	72	14	43	11	17	30	8	37	6
gene100	26	11	61	14	19	63	37	117	50	33	39	93	46	11	60	22
gene101	145	96	297	121	22	26	35	84	30	30	52	45	71	8	26	22
gene102	148	68	350	128	181	220	208	439	183	318	204	393	295	68	169	161
gene103	33	19	114	35	30	69	39	62	57	55	62	74	68	11	52	30
gene104	2	1	2	6	4	0	0	3	7	13	1	4	17	1	1	3
gene105	95	59	143	129	48	100	163	167	187	88	142	274	159	46	73	126
gene106	3	1	12	0	0	7	2	1	1	1	0	1	0	0	6	2
gene107	346	247	645	275	360	453	683	883	454	452	472	1012	1060	195	404	332
gene108	437	225	831	359	326	607	608	874	509	828	648	941	923	185	430	473
gene109	351	155	570	218	202	328	291	624	332	571	330	551	557	158	301	377
gene110	95	30	133	51	55	58	115	137	68	48	80	146	105	20	62	50
gene111	15	16	26	14	8	0	15	13	11	10	8	9	22	2	3	7
gene112	284	93	176	107	85	168	174	294	191	142	105	360	204	61	152	134
gene113	118	99	363	159	206	205	263	380	173	440	195	451	439	97	191	156
gene114	152	76	355	122	144	126	258	398	319	326	206	370	372	139	193	124
gene115	5	2	5	2	3	5	21	6	8	11	2	46	25	1	4	2
gene116	1715	785	2984	1484	1262	1300	1702	2946	1480	2202	1546	3040	3053	751	1316	1502
gene117	0	0	15	1	1	0	2	9	8	4	1	10	1	1	0	3
gene118	507	273	989	588	487	752	569	939	975	757	684	1044	1174	281	547	373
gene119	327	178	993	510	314	510	615	895	485	596	460	751	818	224	385	438
gene120	68	35	165	81	62	114	144	170	133	189	105	283	213	48	109	105
gene121	0	4	14	0	0	7	0	0	5	0	0	2	2	0	0	1
gene122	1480	650	2937	1350	1032	1534	2562	3151	2274	2363	2190	2819	2621	863	1466	1383
gene123	179	99	410	312	167	215	298	608	303	375	261	611	287	113	252	190
gene124	35	10	57	11	26	32	49	91	28	84	35	38	51	15	43	21
gene125	183	177	455	183	167	220	289	426	248	298	190	517	517	84	221	169
gene126	789	524	2225	1048	1094	1612	1738	2843	1610	2360	1559	2728	3171	580	1300	1212
gene127	153	81	368	99	84	210	184	194	190	229	167	296	377	43	196	122
gene128	61	12	66	41	48	89	62	91	63	80	69	76	86	31	49	42
gene129	8	0	6	0	1	0	13	5	2	1	0	9	5	1	0	0
gene130	444	212	838	319	313	480	528	1070	452	664	568	934	793	160	380	475
gene131	20	3	12	7	4	7	8	8	12	7	4	47	25	6	15	13
gene132	238	101	489	249	199	243	414	527	268	381	430	469	409	133	219	182
gene133	298	124	593	249	234	447	403	545	340	543	322	922	648	166	228	255
gene134	105	49	252	109	131	107	88	192	98	158	154	324	149	47	129	100
gene135	535	316	1209	510	490	830	826	1375	815	927	545	1169	1251	298	541	573
gene136	8	0	7	4	15	5	8	9	4	11	15	17	1	6	17	2
gene137	161	126	230	104	95	149	159	312	134	171	148	227	221	40	111	98
gene138	195	221	486	287	258	491	604	770	312	620	409	1021	758	173	372	253
gene139	60	29	181	109	80	101	78	113	193	88	98	197	221	34	87	88
gene140	409	175	594	249	295	590	666	921	676	628	532	990	1042	200	390	460
gene141	0	1	11	1	0	0	0	1	1	4	0	2	8	0	1	5
gene142	9	3	20	10	2	11	18	5	3	6	8	2	11	0	17	11
gene143	82	45	127	73	52	46	73	308	112	103	55	241	236	42	80	72
gene144	75	21	214	63	40	87	154	254	95	117	84	210	188	11	64	62
gene145	121	84	264	129	121	121	189	475	161	203	128	232	202	97	107	83
gene146	32	10	81	50	10	47	86	77	65	43	50	106	173	11	36	79
gene147	19	1	17	7	1	6	4	2	3	38	5	10	7	3	8	4
gene148	106	86	296	159	67	181	236	268	291	189	180	287	236	73	173	168
gene149	65	42	177	90	100	127	152	210	112	258	105	210	110	35	105	128
gene150	3	2	13	2	4	2	4	1	5	4	0	15	5	0	7	2
gene151	16	15	28	8	17	20	49	19	39	55	16	42	67	12	30	25
gene152	374	224	976	337	378	534	529	1153	805	762	750	1029	1263	211	491	503
gene153	4	1	5	8	1	0	13	11	17	6	6	6	14	6	3	1
gene154	29	20	71	26	42	36	45	90	39	54	44	136	42	13	34	41
gene155	188	123	499	206	114	216	278	704	313	270	199	397	415	108	181	151
gene156	13	5	23	7	4	5	12	5	4	19	3	13	11	6	10	7
gene157	5	1	5	0	3	0	10	0	0	0	0	1	0	0	2	0
gene158	592	280	1327	644	491	638	734	1321	627	1189	733	1442	1464	392	692	490
gene159	620	220	1306	656	564	671	837	1593	943	1587	732	1751	1300	337	695	482
gene160	52	16	100	30	21	40	62	136	62	27	57	66	91	17	28	62
gene161	41	41	261	96	104	122	174	212	100	185	153	190	195	49	91	137
gene162	44	23	111	36	47	74	62	131	99	76	59	200	120	29	32	29
gene163	63	26	44	45	35	134	144	186	123	133	115	227	129	57	98	60
gene164	194	98	304	142	110	260	368	506	319	447	405	691	641	143	222	222
gene165	394	174	1065	539	370	524	528	1123	386	560	539	829	993	217	468	539
gene166	7	10	21	13	20	39	29	78	25	25	24	23	46	18	13	14
gene167	73	35	211	54	66	97	65	248	130	145	164	200	118	32	85	112
gene168	202	77	380	156	143	267	276	566	244	311	205	470	383	101	181	149
gene169	70	61	166	72	79	136	166	167	183	116	153	259	163	57	63	82
gene170	0	1	1	0	0	0	0	0	0	0	0	3	0	0	0	0
gene171	0	0	0	0	0	0	0	0	0	1	0	0	0	0	0	1
gene172	160	52	193	65	121	169	127	305	170	259	195	347	394	65	120	143
gene173	661	237	1312	560	454	956	681	1495	769	926	704	1367	1254	228	658	545
gene174	9	0	0	9	4	5	2	8	7	0	0	1	4	1	4	2
gene175	147	78	348	153	117	229	293	300	236	285	323	386	370	64	233	145
gene176	102	34	108	69	60	79	156	243	94	126	99	186	209	46	48	58
gene177	287	129	393	176	629	995	1296	1649	1070	1193	1122	1785	1896	272	874	1018
gene178	664	369	1712	782	569	1110	1156	1454	956	1534	1163	2188	1556	532	795	643
gene179	56	28	108	73	42	40	85	157	99	103	85	83	139	26	51	75
gene180	5	7	42	4	3	18	3	30	26	21	5	46	26	1	29	10
gene181	5785	2747	9264	5788	18220	25778	37054	56474	31406	37546	28459	58153	54836	8609	20954	20486
gene182	6369	3986	14340	6339	7320	8888	10458	15083	9569	11584	8273	17836	20025	2995	8470	8023
gene183	418	280	1042	493	481	736	1035	1428	656	715	581	1108	1380	242	372	664
gene184	32	16	33	51	31	38	16	163	36	60	49	78	81	19	55	19
gene185	170	70	214	122	115	148	144	388	136	156	121	689	249	52	161	75
gene186	12	8	27	16	20	44	12	38	15	11	12	44	27	8	25	15
gene187	399	177	1148	567	246	494	736	1014	733	701	537	1458	972	218	512	470
gene188	138	48	305	119	128	147	167	212	118	131	144	235	253	54	108	122
gene189	0	0	0	0	0	6	0	0	7	0	0	0	0	0	9	0
gene190	15	2	37	22	22	20	25	34	42	91	9	22	17	8	10	45
gene191	3	0	0	0	0	0	0	0	2	0	0	0	0	0	0	0
gene192	730	237	1019	663	532	755	871	1616	840	1020	567	1729	1722	291	886	619
gene193	32	11	42	17	14	17	14	32	25	34	39	48	68	10	28	23
gene194	0	5	6	4	4	8	17	20	1	0	11	6	1	0	0	5
gene195	40	13	58	22	17	61	69	85	62	45	74	113	53	18	40	33
gene196	126	62	305	119	53	115	122	250	158	154	114	276	216	31	113	136
gene197	1	8	10	4	12	1	9	34	12	2	3	1	14	0	3	0
gene198	43	12	88	25	26	33	71	56	60	40	55	73	63	18	40	47
gene199	5	4	17	13	5	25	18	32	18	20	29	33	23	9	13	6
gene200	236	123	264	208	32	64	57	117	46	98	57	140	82	25	42	43
gene201	3182	1306	8762	3560	3288	3976	6795	6415	5005	6883	3956	10659	8505	1704	3419	4213
gene202	301	172	726	271	246	267	576	689	437	371	312	757	503	172	316	293
gene203	16	9	110	41	32	50	48	97	71	92	51	151	124	20	59	72
gene204	193	100	328	215	72	178	234	411	281	339	187	457	350	40	165	175
gene205	516	430	1285	499	486	899	1064	1212	921	914	1103	1556	1970	274	473	589
gene206	3	1	2	3	0	4	1	8	1	0	0	29	8	7	8	3
gene207	9	5	15	6	9	5	1	16	15	14	12	24	39	7	21	5
gene208	93	67	221	124	84	128	151	373	189	144	108	388	250	66	136	78
gene209	13	0	5	0	1	4	3	1	0	6	0	6	6	0	0	0
gene210	615	224	1360	545	685	756	895	1400	991	1261	724	1525	1500	356	582	817
gene211	58	6	140	34	76	45	107	56	77	65	32	79	92	22	46	60
gene212	4	0	3	1	0	0	0	5	3	0	0	0	8	3	0	0
gene213	12	2	39	9	0	4	18	14	27	20	24	9	36	4	7	23
gene214	9	4	19	15	7	7	13	37	12	14	15	78	2	15	7	11
gene215	10	3	1	4	42	49	43	22	30	13	19	181	72	14	19	41
gene216	1371	488	2132	1169	1239	1683	2064	3440	1407	1997	1488	2830	2456	538	867	852
gene217	40	27	41	23	16	39	57	85	56	56	49	112	86	12	36	28
gene218	48	36	131	42	68	44	56	213	73	74	64	181	144	36	61	58
gene219	2	0	4	4	2	17	16	4	22	18	4	3	26	2	10	2
gene220	44	6	38	16	75	154	149	444	251	282	119	211	188	55	60	102
gene221	44	10	23	42	24	47	91	127	41	25	47	66	91	22	36	42
gene222	0	0	11	1	0	2	0	2	6	0	0	1	9	1	0	1
gene223	344	180	807	405	335	484	683	1204	429	679	534	916	717	175	484	336
gene224	136	48	294	128	109	188	173	326	207	224	121	218	259	48	75	119
gene225	20	7	7	1	5	12	45	16	15	17	13	25	41	9	8	3
gene226	932	264	1276	770	512	815	1195	1259	814	1203	801	1916	1552	257	733	898
gene227	62	20	170	67	26	37	65	85	64	82	91	151	137	28	46	70
gene228	2	13	29	9	5	4	9	14	5	37	1	14	12	0	9	1
gene229	10	6	28	16	18	20	24	73	31	18	26	69	39	7	11	13
gene230	0	2	0	4	0	0	1	0	0	2	0	0	1	0	0	0
gene231	379	217	711	377	387	428	481	793	519	485	455	807	824	175	433	319
gene232	38	8	22	25	8	7	30	12	44	22	25	19	50	18	8	2
gene233	59	12	133	36	40	56	84	152	48	50	70	108	98	28	52	47
gene234	35	10	61	19	17	41	32	33	42	92	29	139	67	19	24	22
gene235	1411	854	2722	979	977	1195	1994	2687	2058	2128	1408	2772	2659	801	1536	1104
gene236	1	0	2	0	1	0	0	2	0	3	0	0	6	3	1	3
gene237	57	20	63	41	40	38	59	154	26	91	71	64	116	13	46	16
gene238	45	25	78	72	34	55	103	101	51	79	37	122	76	24	62	36
gene239	34	22	110	34	18	24	22	44	24	21	10	34	26	2	5	22
gene240	18	6	14	17	13	32	37	26	7	15	18	53	49	6	8	6
gene241	11	13	32	15	39	24	52	10	35	57	17	60	30	4	34	32
gene242	61	30	93	30	54	53	67	171	116	71	107	151	129	26	52	61
gene243	5	0	3	0	4	4	2	6	12	6	0	17	12	1	6	6
gene244	1535	677	2902	1073	705	1682	1813	2239	1699	2421	1398	2693	3484	566	1156	1216
gene245	28	11	15	13	1	5	2	9	2	11	6	12	5	2	0	1
gene246	3603	1519	7304	3766	2853	3662	4746	6930	5412	5017	4950	8303	8675	1467	2360	3246
gene247	9	6	33	4	4	26	24	17	35	12	30	23	48	3	10	8
gene248	40	15	43	50	35	22	35	64	41	67	34	108	75	15	30	46
gene249	0	0	1	0	0	0	0	1	0	0	0	16	1	6	0	0
gene250	262	199	456	218	188	249	360	445	308	316	312	728	447	114	296	263
gene251	1	1	0	3	2	1	4	0	0	0	3	0	0	0	7	0
gene252	3	0	0	0	0	0	0	0	0	0	0	0	0	0	0	0
gene253	2	4	3	0	2	0	3	1	0	0	9	15	2	0	1	1
gene254	45	18	77	16	24	47	45	80	45	34	41	73	23	15	33	21
gene255	29	9	22	16	23	16	22	50	51	27	31	28	30	0	14	8
gene256	35	12	27	11	14	8	9	15	17	2	16	62	8	8	10	12
gene257	3	4	23	10	29	11	37	130	20	60	2	100	75	16	41	27
gene258	2139	990	4714	1983	2207	3501	3460	4657	3181	2933	2487	5106	5509	1026	2092	1702
gene259	62	9	84	30	26	42	89	89	33	74	40	123	85	30	28	32
gene260	62	25	96	26	46	61	111	150	83	111	97	176	150	41	74	82
gene261	20	4	17	3	1	3	6	21	12	35	8	8	8	7	5	6
gene262	0	0	0	0	0	1	10	1	1	1	3	0	0	4	4	4
gene263	23581	9749	37174	17373	16941	23180	26857	43310	25900	29370	24278	57160	46670	10874	20345	18764
gene264	509	219	744	415	303	565	573	1196	555	959	543	986	1233	217	429	572
gene265	386	145	713	325	233	334	444	679	511	647	422	666	768	160	404	335
gene266	96	74	352	134	51	105	62	150	126	95	91	126	252	51	73	68
gene267	5	3	18	11	6	9	28	33	8	10	5	15	20	14	24	18
gene268	30	19	75	58	35	64	75	130	42	76	72	104	129	14	52	48
gene269	4	1	39	5	0	12	4	11	18	36	5	30	22	1	1	2
gene270	790	389	1761	813	782	1023	955	2009	1165	1090	864	2356	1582	357	967	977
gene271	313	143	496	283	232	283	365	559	469	547	250	468	603	121	264	334
gene272	126	39	203	53	71	67	94	161	109	169	101	118	203	42	72	160
gene273	53	14	51	27	12	29	40	76	12	37	42	89	41	11	23	24
gene274	5	5	3	8	1	4	0	15	12	11	0	14	3	1	2	11
gene275	81	39	134	77	36	57	76	161	80	87	63	201	108	43	67	35
gene276	10524	5576	14772	10320	8107	12723	14924	23246	9145	20381	12362	22437	24461	4624	13969	9741
gene277	444	221	631	284	326	300	574	659	470	519	428	897	634	190	392	278
gene278	241	96	385	188	153	342	438	618	287	311	305	516	641	133	204	245
gene279	1001	423	2051	1063	671	1162	1087	2488	1842	1270	1054	2210	2508	457	1433	874
gene280	613	439	1716	744	457	749	901	1747	907	949	849	1629	1795	366	592	652
gene281	5729	2251	7722	4124	3456	5912	8259	10471	4738	8450	6048	11530	9952	2400	5241	3903
gene282	216	128	278	184	161	217	359	478	214	361	218	533	265	119	286	176
gene283	0	0	8	29	0	1	0	3	2	9	0	0	1	4	0	0
gene284	7	1	32	22	14	27	24	64	17	8	15	19	32	3	8	20
gene285	32	22	135	57	71	42	86	185	106	133	36	200	208	35	49	61
gene286	16	2	25	6	9	10	9	27	17	8	12	17	24	5	4	17
gene287	46	20	87	56	61	63	81	162	77	99	97	166	132	32	54	33
gene288	122	61	192	142	92	118	143	170	119	202	127	256	231	58	96	163
gene289	32	14	38	35	33	55	48	91	22	108	23	85	36	21	37	50
gene290	441	222	691	297	315	557	503	933	422	827	419	806	809	181	524	469
gene291	27	2	25	7	4	15	14	19	17	7	17	12	34	6	19	7
gene292	1643	592	3716	1765	1611	1658	1776	5006	1816	3056	1718	4119	3174	677	1385	1658
gene293	8	1	2	0	5	11	8	3	11	16	5	14	19	3	2	1
gene294	51	38	85	36	36	66	70	131	75	32	58	121	176	17	32	51
gene295	0	0	0	0	18	0	1	0	0	5	0	0	1	0	2	0
gene296	30	20	105	49	37	42	34	134	53	35	65	137	72	10	74	19
gene297	24	8	55	29	20	42	47	65	30	39	36	54	70	8	21	22
gene298	3	0	10	0	0	7	14	8	18	2	5	2	3	1	2	10
gene299	0	0	0	0	0	1	0	0	0	0	0	0	0	0	6	0
gene300	4	1	20	14	10	18	9	57	21	22	8	8	42	6	12	2
gene301	181	86	217	181	143	136	176	365	209	105	125	308	237	95	162	112
gene302	17	6	58	19	12	25	53	24	29	33	43	66	81	26	36	23
gene303	59	28	128	19	29	104	78	126	73	37	31	84	176	21	65	83
gene304	17	20	22	19	21	10	21	62	43	17	24	56	85	21	11	15
gene305	19	2	59	28	18	20	30	66	13	24	29	59	65	10	7	23
gene306	5	1	23	2	0	2	1	11	3	7	1	2	5	3	4	1
gene307	2179	1014	4060	1823	4665	6511	8488	14163	7842	6123	5053	9721	14532	1885	4616	5745
gene308	33	3	28	30	20	34	24	79	55	45	40	110	68	13	33	22
gene309	10	1	11	11	1	1	7	18	4	9	1	17	4	1	0	8
gene310	461	225	856	372	495	630	887	1197	711	1005	833	1416	1224	250	550	702
gene311	470	198	1014	289	388	428	376	967	338	596	378	1029	1097	219	477	501
gene312	885	365	1247	565	506	914	1106	1394	968	1039	927	1626	1714	319	776	824
gene313	2426	1039	3346	1889	1677	2307	2954	4562	2597	3827	2549	6295	6071	1119	2629	2836
gene314	0	1	0	0	0	0	0	0	1	9	0	0	0	0	0	0
gene315	149	91	288	159	218	182	274	599	301	353	280	342	579	84	178	219
gene316	670	272	1049	664	3063	5897	5694	7211	7713	5792	4404	8140	6678	1774	4183	4114
gene317	156	55	160	132	20	23	44	96	29	62	16	51	38	13	14	17
gene318	0	1	4	1	1	6	1	0	11	9	4	1	2	0	0	0
gene319	31	13	44	5	20	24	21	95	26	42	25	37	39	4	17	23
gene320	0	0	7	5	3	0	0	15	13	3	6	7	0	0	0	0
gene321	4	3	17	2	9	11	4	4	1	10	4	9	7	1	8	5
gene322	9	3	18	8	13	11	7	33	24	4	8	16	23	2	21	2
gene323	8525	3288	11306	4709	18859	27594	30301	39193	25936	44852	18861	47757	43008	11699	23278	18860
gene324	49	25	68	53	405	505	704	595	489	790	473	939	721	191	380	667
gene325	250	116	421	198	228	318	352	550	376	382	264	562	511	104	244	203
gene326	13	4	10	15	16	15	6	21	11	8	4	29	44	9	14	17
gene327	57	35	125	55	50	66	91	182	118	84	77	133	138	48	69	51
gene328	8	9	9	18	18	54	40	14	27	35	33	50	87	30	55	5
gene329	10	4	5	1	6	2	7	13	5	8	9	58	3	1	12	5
gene330	7	0	21	9	16	25	25	27	24	15	29	21	23	4	4	14
gene331	249	74	365	189	132	268	251	393	260	462	241	404	377	87	221	217
gene332	33	3	59	14	14	10	33	63	10	45	33	96	70	9	16	18
gene333	392	162	745	345	172	427	430	770	378	627	439	786	513	188	341	371
gene334	43	42	150	88	50	104	109	214	56	171	92	138	118	43	74	45
gene335	69	18	43	59	27	58	64	98	55	62	48	89	48	30	24	20
gene336	5	3	17	2	2	10	11	3	0	13	0	19	22	10	16	0
gene337	4	14	6	7	0	2	1	0	11	4	4	3	1	0	7	2
gene338	412	243	582	426	342	478	437	975	715	779	335	837	806	206	316	321
gene339	53	28	110	37	75	97	130	180	92	125	55	149	137	29	67	82
gene340	634	258	1181	490	526	651	728	1162	586	1028	722	1672	1124	325	450	621
gene341	4	2	17	9	4	3	18	29	18	20	0	3	8	0	14	15
gene342	5	10	16	9	0	0	0	0	2	0	0	0	0	2	0	2
gene343	0	0	2	0	8	2	0	0	0	3	0	10	0	1	3	6
gene344	0	0	0	0	0	0	4	0	0	1	2	1	1	5	2	0
gene345	3	7	50	6	21	10	0	16	6	5	2	10	13	4	3	4
gene346	609	194	1078	452	340	539	658	1374	572	955	459	1602	1182	312	536	506
gene347	902	307	1186	722	594	757	835	1875	823	1112	750	1964	1622	266	834	574
gene348	42	30	149	39	59	53	60	111	63	67	78	135	114	21	76	61
gene349	65	24	102	50	34	68	77	128	46	78	70	89	54	13	57	66
gene350	164	69	400	112	84	206	291	528	205	259	251	237	372	76	153	192
gene351	137	71	344	137	89	115	232	314	144	209	209	368	234	76	118	135
gene352	15	13	69	25	10	58	41	94	71	44	23	91	137	12	38	54
gene353	4	2	1	1	0	1	1	6	2	13	0	0	2	3	1	2
gene354	314	95	555	235	194	291	349	579	494	424	381	560	632	173	337	243
gene355	12	13	27	20	9	16	39	52	45	76	23	70	62	7	30	21
gene356	16	5	77	6	16	27	25	37	35	16	25	44	56	21	29	8
gene357	13	9	19	16	7	11	25	37	17	16	12	15	16	10	24	16
gene358	0	0	0	0	2	0	0	0	0	7	1	0	0	0	0	0
gene359	3	2	16	3	10	2	2	5	19	3	6	4	9	1	1	0
gene360	6411	2749	12009	7014	5218	7915	9744	14898	7109	11337	7366	11985	13108	2988	6375	6719
gene361	70	46	127	72	57	68	136	225	75	149	51	182	117	41	97	77
gene362	0	0	0	0	3	0	0	1	0	0	0	5	0	0	0	0
gene363	63	12	74	42	40	70	57	219	58	84	77	121	128	21	23	37
gene364	32	31	104	65	34	50	54	152	81	71	48	107	149	22	92	30
gene365	226	111	334	202	185	298	319	531	224	367	269	460	576	87	220	213
gene366	11	3	43	5	3	20	18	51	32	17	6	41	13	5	15	34
gene367	92	40	213	58	101	107	198	182	92	161	179	237	245	49	52	98
gene368	159	78	367	155	110	191	184	514	215	381	281	489	276	49	248	222
gene369	4695	2253	9028	4586	4060	5144	5941	13955	7691	8163	5507	10883	12130	2383	4528	4594
gene370	330	128	658	273	291	399	351	984	491	425	496	891	613	169	308	434
gene371	0	0	4	3	0	0	0	0	0	6	14	19	3	0	0	0
gene372	454	227	713	354	281	584	548	867	478	585	493	885	1051	186	357	330
gene373	103	58	229	106	135	191	159	378	172	181	139	372	298	40	64	128
gene374	18	8	47	13	8	38	47	44	51	44	15	93	38	14	13	18
gene375	219	147	602	232	263	348	265	726	378	389	298	687	642	143	239	270
gene376	2	4	2	2	4	9	8	6	1	35	11	16	1	0	0	0
gene377	189	92	246	118	119	179	221	405	162	294	144	345	449	57	123	119
gene378	84	29	139	55	60	103	126	162	121	80	112	160	119	38	75	93
gene379	338	144	817	420	266	310	400	709	629	565	442	736	564	123	318	390
gene380	9	2	2	0	0	0	0	1	6	0	0	1	0	0	6	0
gene381	0	0	0	5	1	2	4	0	12	0	0	4	0	0	4	1
gene382	6230	3288	12852	8084	8945	12123	14112	23419	17064	16996	13753	23396	26827	5820	11542	9323
gene383	107	75	251	97	101	152	133	189	193	198	111	227	267	43	108	113
gene384	233	97	294	168	112	169	211	451	266	341	198	353	342	97	227	125
gene385	35	12	52	25	22	22	26	67	23	57	35	33	34	7	19	10
gene386	77	41	148	93	75	92	134	258	152	130	107	304	189	53	109	95
gene387	0	0	0	7	0	0	0	0	0	0	0	2	0	0	0	0
gene388	282	186	520	392	315	411	393	908	523	543	418	972	512	140	425	327
gene389	0	0	13	3	0	3	8	5	0	1	0	9	25	3	2	4
gene390	34	19	49	42	23	39	18	57	39	19	27	40	31	11	42	10
gene391	10	5	3	9	10	10	18	11	11	18	9	64	15	6	2	1
gene392	56	24	145	74	42	85	171	161	91	142	91	203	217	50	63	88
gene393	0	9	5	1	2	7	9	14	1	15	7	17	6	2	4	1
gene394	6	3	37	10	14	24	20	36	5	32	17	18	32	6	11	12
gene395	108	35	191	58	102	94	162	162	100	146	115	226	163	52	151	43
gene396	110	44	144	123	117	93	141	178	174	155	154	221	302	57	125	111
gene397	188	58	255	168	119	173	204	394	272	344	247	382	305	76	116	142
gene398	2	2	0	0	2	2	9	0	0	15	8	2	12	7	4	1
gene399	2	3	9	6	5	15	13	31	1	3	25	26	25	1	6	18
gene400	379	154	707	318	1544	2230	2280	3496	2380	3120	2330	4811	4338	845	1797	2010
gene401	30	5	36	25	15	26	10	30	24	73	38	34	70	16	18	18
gene402	691	233	903	438	455	718	589	1096	887	985	717	1468	1598	235	570	459
gene403	7	5	4	9	24	15	5	26	23	15	4	11	24	1	11	18
gene404	637	354	1288	473	473	715	1304	1725	1009	1049	998	1834	1130	347	1006	657
gene405	1054	498	2095	1260	1022	1342	1343	2811	1762	2056	1132	2688	2119	685	1424	1295
gene406	308	103	491	185	207	254	488	485	347	398	295	578	487	124	268	279
gene407	163	54	394	128	30	62	52	100	58	57	40	58	74	22	41	63
gene408	1549	628	2702	1496	1064	1412	2161	3750	1932	2625	1799	3529	2966	797	1470	1602
gene409	33	13	117	59	25	44	57	82	47	104	52	71	53	18	32	47
gene410	0	3	2	0	0	1	0	0	0	0	48	14	0	11	0	0
gene411	28	20	29	22	9	34	25	49	23	61	33	87	71	8	15	36
gene412	2	0	1	5	0	1	0	0	10	1	0	0	0	0	0	2
gene413	205	80	382	144	513	1155	896	2426	1456	1621	1117	2144	1943	549	901	712
gene414	48	46	148	87	70	72	44	188	89	53	110	159	51	29	34	77
gene415	60	20	116	41	73	248	387	471	94	299	187	373	276	95	127	228
gene416	186	72	239	99	120	141	212	282	145	269	236	342	338	53	172	197
gene417	1	2	5	5	1	19	0	39	8	1	13	6	11	1	7	13
gene418	134	38	101	104	70	89	136	157	83	155	104	129	159	46	102	122
gene419	23	13	67	34	25	31	33	66	31	61	47	80	79	2	62	47
gene420	1	0	1	4	4	5	3	4	12	5	11	20	3	6	16	11
gene421	0	0	0	0	0	1	0	0	0	0	0	8	1	0	0	0
gene422	206	86	247	213	117	271	224	351	286	387	251	461	387	104	184	206
gene423	23	27	60	37	44	27	27	55	50	41	29	113	126	11	45	45
gene424	1654	836	1887	1220	975	1389	2121	3050	1854	2966	1999	3651	3553	574	1610	1288
gene425	12	3	13	7	5	12	13	8	3	9	4	17	14	4	1	3
gene426	538	274	980	583	442	471	835	1209	792	482	527	1429	1170	189	444	563
gene427	81	71	211	79	90	85	117	222	106	149	117	217	271	42	98	100
gene428	0	1	12	21	10	8	0	41	3	25	11	34	13	2	3	0
gene429	29	15	81	44	13	65	33	103	66	70	58	75	98	13	30	39
gene430	485	308	1165	486	2428	3710	3920	7988	4775	5217	2875	8948	8992	1748	3467	3188
gene431	141	74	366	159	116	192	268	345	207	281	193	367	232	101	103	111
gene432	12	12	78	11	20	51	20	62	43	15	30	65	33	10	23	31
gene433	49	25	50	10	41	36	86	158	41	80	40	120	129	17	27	18
gene434	60	48	182	67	97	110	94	288	112	90	177	270	170	37	76	125
gene435	206	135	738	351	221	246	352	594	359	398	326	906	517	130	272	223
gene436	0	2	0	0	0	0	0	1	1	0	2	0	11	0	0	0
gene437	272	107	410	202	159	262	234	514	337	285	284	422	505	135	170	192
gene438	17	6	16	14	8	6	1	3	11	9	18	14	15	10	18	5
gene439	1297	445	2166	1223	1509	1780	1828	2898	2020	1545	1516	2930	2654	616	1733	1825
gene440	4	0	0	2	7	11	1	3	0	18	9	1	1	1	0	1
gene441	8	5	10	7	2	16	12	0	6	60	2	20	31	7	16	6
gene442	2019	817	3072	1861	2085	1714	2353	3401	1953	2985	2436	3210	4243	678	1686	1586
gene443	170	70	384	144	132	181	198	541	211	314	228	313	484	58	164	148
gene444	37	17	51	23	41	43	21	70	49	10	60	70	109	5	16	39
gene445	216	82	390	118	25	47	47	125	42	52	35	111	84	14	40	25
gene446	6	1	3	1	0	11	4	16	0	3	1	11	7	3	5	1
gene447	3	0	6	2	0	1	2	6	2	1	3	24	11	1	5	5
gene448	7	2	21	1	4	12	13	32	8	3	14	5	53	4	1	2
gene449	68	19	21	30	14	22	50	53	29	51	59	78	67	12	18	27
gene450	5	6	37	13	7	29	20	21	20	17	17	12	88	2	14	5
gene451	5	0	7	1	1	0	1	4	1	7	7	22	3	0	0	4
gene452	4526	1727	7723	2425	2663	4345	3778	9049	4258	6780	4943	9322	8592	1832	4131	3578
gene453	7	7	18	2	6	2	20	34	2	23	0	20	9	1	7	18
gene454	21	9	55	29	2	6	30	14	18	11	14	6	26	8	8	8
gene455	498	384	803	478	438	614	808	1009	770	677	633	1259	1085	275	440	442
gene456	9	0	7	9	0	4	8	21	13	3	9	4	6	8	15	3
gene457	7	0	7	13	2	1	1	10	3	13	10	7	11	0	1	9
gene458	2	1	15	1	0	2	1	40	3	16	7	19	28	2	17	1
gene459	186	79	271	131	174	124	149	350	220	184	141	328	272	53	147	113
gene460	16	5	24	9	27	14	24	47	29	18	13	72	57	13	8	34
gene461	31	15	53	66	38	25	58	106	68	34	71	86	70	28	50	52
gene462	23	27	90	70	38	49	37	77	42	59	27	113	26	14	71	21
gene463	89	53	141	112	86	84	202	196	102	218	120	119	149	46	69	85
gene464	230	107	376	272	190	329	515	585	343	485	301	709	542	148	229	217
gene465	64	14	93	86	23	21	36	99	53	36	111	101	87	8	53	50
gene466	0	0	3	0	1	2	1	6	2	0	2	1	0	0	4	2
gene467	16	0	22	10	6	2	33	29	25	12	7	31	41	3	6	0
gene468	24	26	101	39	34	16	25	72	32	39	64	53	64	19	30	37
gene469	569	342	1435	694	479	1112	1184	1321	1198	1078	841	1897	1670	386	792	903
gene470	18	15	53	41	5	37	39	56	56	35	47	14	61	15	14	33
gene471	18	21	79	61	5	20	30	30	24	53	38	51	28	7	25	24
gene472	11	12	15	10	5	18	13	30	11	29	18	69	77	5	5	19
gene473	36	29	58	28	19	58	73	154	42	39	51	67	78	22	31	24
gene474	0	0	8	1	10	0	0	8	1	2	6	3	0	2	8	0
gene475	2579	1588	5081	2297	2895	3257	4626	5875	3759	3030	3619	7568	4430	1437	2799	2276
gene476	72	26	136	39	56	44	64	185	46	48	69	192	152	20	49	55
gene477	119	36	300	95	68	163	198	252	124	263	111	182	260	65	154	131
gene478	1687	722	2113	1692	993	1474	2074	4186	1729	2868	1673	2984	3697	617	1844	1030
gene479	27	11	86	29	18	19	29	57	34	35	37	57	35	10	37	19
gene480	92	11	37	27	26	46	39	58	57	69	44	105	66	17	33	59
gene481	40	37	56	30	31	52	39	109	66	80	64	128	86	16	67	32
gene482	7723	3720	13851	8127	4945	7153	10037	15132	10345	12650	7881	16976	19252	3849	7640	7293
gene483	56	13	162	23	26	62	115	50	39	55	53	61	88	28	35	43
gene484	104	43	115	60	45	93	116	152	84	99	81	109	114	36	67	60
gene485	18	24	45	22	10	18	35	60	31	40	26	41	15	10	7	19
gene486	352	118	519	261	203	338	451	890	286	485	308	849	613	113	391	281
gene487	957	498	1772	717	760	1019	1855	2956	1184	1720	1046	2258	2246	481	1036	867
gene488	2	0	4	0	3	1	3	0	0	8	2	1	0	0	1	9
gene489	91	34	180	86	61	74	129	145	56	82	47	114	150	34	30	39
gene490	0	12	5	7	0	0	0	1	0	0	0	0	0	1	1	0
gene491	431	174	680	386	265	422	677	957	633	735	469	1158	664	195	292	331
gene492	583	370	1198	799	566	786	1074	1719	869	1005	939	1745	1098	316	735	550
gene493	66	11	95	30	35	69	37	165	48	89	86	95	58	37	66	28
gene494	27	11	59	7	22	11	21	65	16	42	31	39	26	5	11	16
gene495	933	331	1349	586	651	978	999	1730	1162	1143	993	1665	1868	416	863	827
gene496	1	0	14	1	1	5	3	7	2	4	10	5	4	3	3	6
gene497	9	4	2	15	5	2	15	7	5	7	13	10	34	1	9	0
gene498	1189	566	2182	1191	182	277	390	587	347	357	304	574	589	108	189	245
gene499	323	139	602	264	217	461	355	772	405	624	336	684	700	193	399	310
gene500	16	5	13	23	10	23	17	44	11	21	13	73	23	7	15	11
gene501	15	11	84	24	52	34	36	29	31	35	21	49	32	9	31	18
gene502	23	7	22	14	17	11	27	60	26	18	10	11	12	6	21	17
gene503	6	15	46	19	11	10	8	29	15	13	13	9	33	3	9	4
gene504	510	188	741	556	358	503	508	941	556	714	595	1067	851	181	483	408
gene505	23	2	27	5	4	15	15	11	13	4	5	38	24	2	2	8
gene506	0	0	0	0	0	0	0	0	0	4	2	7	0	0	0	0
gene507	0	8	3	1	0	4	7	3	1	2	4	4	9	1	2	1
gene508	6	8	25	20	7	18	23	25	18	12	19	20	46	12	9	14
gene509	1	0	28	0	4	18	11	2	10	3	0	3	4	2	3	0
gene510	0	0	0	0	0	2	0	0	0	2	5	0	0	0	1	0
gene511	26	8	36	5	17	112	264	280	131	143	144	171	207	33	85	35
gene512	5098	2054	12749	3711	3462	6497	5353	13822	6085	8616	5418	11084	12785	2657	5202	5511
gene513	1172	559	2144	1018	1008	821	1404	2817	1379	1813	962	2711	2105	501	971	1088
gene514	228	66	247	181	68	137	135	443	164	398	200	406	291	70	200	128
gene515	3	0	8	2	4	1	11	6	10	18	3	8	1	0	3	13
gene516	19	12	1	9	5	1	16	15	5	2	11	6	40	0	5	3
gene517	18	15	51	18	18	28	47	87	39	35	53	96	13	2	77	19
gene518	537	190	1123	537	382	485	731	1239	623	736	576	1111	931	269	486	554
gene519	118	54	298	181	128	197	307	324	216	255	178	439	223	77	155	140
gene520	0	0	0	0	0	0	0	0	0	0	0	0	0	0	0	0
gene521	283	99	585	363	129	384	424	933	396	469	328	767	727	135	348	388
gene522	271	140	521	232	494	1218	970	1589	743	1023	972	1741	2119	361	621	687
gene523	30	11	46	41	57	139	157	273	119	69	199	352	127	70	88	46
gene524	4	1	2	8	24	6	10	38	16	5	24	31	7	7	1	3
gene525	0	0	0	0	0	0	2	3	0	0	4	14	4	1	0	0
gene526	119	44	191	79	63	110	76	262	73	178	89	327	257	32	80	112
gene527	0	0	0	0	0	0	0	0	0	0	1	0	0	0	0	0
gene528	343	132	447	171	141	219	381	415	352	429	270	498	411	121	166	137
gene529	44	44	143	44	42	50	65	67	84	58	69	118	181	6	59	60
gene530	5	15	18	2	3	7	9	5	25	15	20	16	33	3	6	9
gene531	27	4	37	8	4	25	17	9	14	20	5	13	21	10	13	4
gene532	72	43	227	108	97	96	157	161	121	198	170	312	158	33	67	49
gene533	69	17	38	26	31	83	69	120	46	44	79	169	45	20	36	42
gene534	741	355	1264	851	489	738	1149	1464	1182	1597	688	1748	1165	283	757	690
gene535	46	56	107	74	19	52	83	119	45	91	95	98	106	28	44	51
gene536	39	6	61	16	2	15	11	18	15	12	3	8	20	6	9	5
gene537	30	1	29	1	6	26	22	40	31	21	27	37	24	0	10	14
gene538	0	0	3	3	0	2	14	4	10	7	1	7	4	1	1	1
gene539	6	5	35	0	2	13	12	38	7	47	2	25	6	4	7	27
gene540	13	7	52	27	29	53	35	40	68	89	25	82	59	23	21	34
gene541	10	2	25	34	5	4	17	58	29	23	12	28	38	7	27	8
gene542	13	4	29	17	13	18	8	38	8	11	3	35	13	8	8	8
gene543	1530	803	2311	1362	775	2051	1286	3456	1674	1972	1738	4072	2554	806	1202	1392
gene544	1471	661	2188	1244	1059	1399	1853	3162	2101	2033	1572	2669	3548	731	1260	981
gene545	250	94	362	176	270	338	411	869	428	968	594	882	600	232	337	350
gene546	69	12	69	55	28	45	54	126	57	75	60	133	36	17	34	42
gene547	2	0	38	8	6	17	2	8	1	0	3	42	15	2	1	9
gene548	8	2	2	0	8	0	7	4	9	3	1	42	13	2	3	2
gene549	33	10	32	24	13	16	29	83	63	44	45	35	28	10	12	36
gene550	7	3	5	7	0	1	1	2	1	3	3	6	2	1	0	1
gene551	79	23	116	35	22	33	57	137	47	59	55	76	114	39	53	34
gene552	1478	647	2665	1251	1236	1496	1678	3295	1797	1719	1391	3483	3190	710	1571	1491
gene553	6	2	10	3	2	1	3	14	3	2	44	5	14	1	11	21
gene554	44	34	131	25	37	60	32	98	77	53	50	242	94	18	40	45
gene555	34	17	51	19	41	69	85	211	241	176	113	156	224	34	56	53
gene556	2	2	31	9	3	2	10	44	5	18	19	45	9	2	11	5
gene557	30	10	72	28	23	45	27	59	32	61	32	80	102	18	99	30
gene558	41	20	148	62	69	71	108	185	39	206	58	110	139	40	28	94
gene559	753	373	1499	905	477	982	939	1781	897	907	1012	1738	1361	273	900	621
gene560	584	281	724	325	336	442	840	1268	625	726	485	1238	1080	141	565	483
gene561	12	13	46	24	23	14	28	49	39	42	28	64	40	5	26	21
gene562	41	17	64	28	24	53	45	110	52	57	32	88	54	21	17	75
gene563	11788	4949	24127	10711	9012	11284	14822	24780	15827	21158	16287	31543	26260	5459	11980	7738
gene564	3	7	5	12	25	4	18	103	9	22	8	26	15	4	8	11
gene565	207	90	481	235	171	261	322	543	295	330	272	701	436	104	234	227
gene566	49	12	45	29	61	48	68	73	78	48	30	144	60	25	35	72
gene567	0	0	1	0	1	9	3	0	0	0	1	0	1	0	1	0
gene568	8	3	1	2	2	10	12	39	5	9	4	16	6	16	5	4
gene569	17	2	7	15	6	15	17	31	5	18	7	3	30	4	14	6
gene570	26	10	90	31	16	28	8	77	16	40	35	71	59	8	40	33
gene571	1126	608	2549	1144	1124	1168	2195	3052	1695	2328	1456	3105	2227	505	1159	1007
gene572	121	55	178	83	120	147	102	288	227	116	124	268	225	95	111	105
gene573	2510	972	5791	2311	1869	2757	2832	5766	2869	5172	3330	6237	4881	1333	2145	2098
gene574	2922	1340	7402	2801	2623	3137	4300	7153	4461	6460	3907	7187	7255	1302	3355	3040
gene575	9	7	36	5	21	7	23	11	31	49	5	47	65	7	36	18
gene576	25	11	41	8	34	46	59	147	103	79	49	157	26	48	39	94
gene577	3	0	13	1	3	5	7	9	18	39	7	21	13	1	3	1
gene578	10	10	28	34	10	32	14	13	21	16	22	55	41	11	27	41
gene579	214	96	268	166	153	210	188	478	281	167	169	475	490	98	163	122
gene580	55	23	58	76	21	66	112	123	72	99	65	178	88	37	48	62
gene581	90	37	188	99	76	119	88	150	143	117	91	294	166	68	58	141
gene582	16	1	27	17	4	17	37	91	17	24	12	50	33	4	9	13
gene583	94	30	299	73	77	144	143	315	122	153	174	188	215	47	85	119
gene584	20	14	33	27	2	13	15	19	3	9	5	24	10	0	1	12
gene585	194	63	230	153	119	186	321	313	205	251	143	380	413	71	116	175
gene586	1584	956	2637	1218	1677	1507	2361	3103	2341	2593	1637	3323	3511	709	1861	1987
gene587	143	37	222	126	69	215	107	245	121	179	165	265	169	75	144	134
gene588	737	339	2049	637	482	722	1025	1268	896	903	1080	1477	1624	283	581	722
gene589	8	3	51	14	9	11	9	20	46	17	5	27	13	3	7	2
gene590	85	35	174	133	60	113	112	116	146	132	97	240	133	42	62	86
gene591	0	0	3	0	0	0	1	7	0	0	0	0	0	0	0	0
gene592	8514	3955	16881	8265	6194	9239	10844	18370	11960	11273	9053	23073	16321	3616	8704	8136
gene593	354	174	581	232	630	727	1007	1998	803	1080	1164	1622	1775	299	759	822
gene594	210	97	220	197	434	370	887	1444	774	1188	825	1557	951	434	599	535
gene595	9	5	16	12	16	17	30	70	49	59	41	27	54	10	20	24
gene596	81	41	99	94	32	80	105	166	143	105	118	106	221	25	62	55
gene597	3924	1938	8980	4341	4119	5118	6247	10546	5597	8398	4685	9566	10398	2147	2631	4876
gene598	222	80	411	179	156	262	285	594	314	282	144	558	336	85	261	175
gene599	46	19	61	37	48	60	89	86	85	50	75	172	156	11	41	57
gene600	1	8	16	3	13	8	23	33	9	5	11	26	23	5	10	20
gene601	14	0	6	0	0	0	5	7	3	0	10	0	5	0	2	8
gene602	55	35	94	48	36	61	103	84	110	74	96	217	141	18	75	83
gene603	17	2	83	17	13	38	12	76	21	18	27	24	56	5	15	38
gene604	25	26	116	23	51	52	59	147	30	61	66	121	42	16	47	48
gene605	37	39	161	69	12	5	9	19	12	9	4	17	13	1	8	18
gene606	62	19	109	50	39	59	55	88	145	73	65	163	79	19	37	66
gene607	166	104	304	191	164	239	223	462	179	268	211	412	359	78	176	128
gene608	46	10	126	25	23	35	28	47	66	84	43	102	135	17	33	44
gene609	151	88	261	156	108	154	277	315	273	254	149	418	311	85	162	150
gene610	35	22	79	26	24	14	60	91	59	25	44	67	150	15	45	70
gene611	40	20	110	27	14	14	17	27	11	29	23	31	21	2	6	12
gene612	1399	595	2097	970	717	1363	1732	2614	1510	1654	1095	2619	2767	649	1345	1253
gene613	3	1	31	13	4	9	23	52	17	25	5	46	59	1	16	11
gene614	61	37	67	45	58	45	80	123	64	142	102	105	108	42	84	68
gene615	87	32	142	71	107	77	110	152	91	75	135	218	109	31	127	88
gene616	291	145	471	274	151	276	321	920	431	437	389	575	750	105	330	290
gene617	2	1	5	0	1	9	6	14	5	6	8	49	23	0	10	3
gene618	404	124	470	388	194	456	395	706	663	537	466	949	582	139	386	189
gene619	29	10	56	12	7	22	45	59	16	24	43	51	77	11	29	10
gene620	1434	789	2347	1115	1212	1429	1885	3154	1969	1916	1855	3018	2392	772	1312	905
gene621	137	48	229	56	121	123	150	232	181	222	104	430	246	54	122	135
gene622	138	71	240	105	99	141	106	360	105	240	138	326	355	57	162	139
gene623	233	116	339	134	111	190	252	379	245	296	170	375	430	79	166	140
gene624	25	7	135	32	61	52	36	177	45	78	22	101	80	21	59	76
gene625	2	1	10	4	1	3	3	76	3	0	12	54	24	3	11	0
gene626	241	79	230	128	151	122	229	576	319	231	243	329	275	98	137	113
gene627	0	0	0	0	0	0	0	0	4	1	0	1	0	0	0	0
gene628	324	154	630	415	313	387	381	704	459	688	391	787	887	160	362	345
gene629	7	5	23	3	7	5	3	35	24	4	18	19	7	11	15	8
gene630	21	9	80	17	17	28	40	56	33	32	42	80	36	16	17	16
gene631	53	34	173	89	86	94	120	281	160	154	143	215	155	47	112	83
gene632	430	122	727	410	252	660	385	689	559	613	491	1024	929	197	436	449
gene633	17	27	44	29	22	22	44	68	51	108	47	91	71	11	16	26
gene634	78	19	57	50	19	41	70	53	55	104	49	92	63	23	55	71
gene635	351	180	1089	414	301	373	557	1149	675	614	403	885	680	219	448	249
gene636	79	20	180	87	34	65	122	213	101	83	96	218	230	32	98	66
gene637	12	0	33	1	2	15	19	15	5	15	4	14	1	7	1	3
gene638	5	2	5	5	6	4	11	5	17	11	7	3	18	1	8	15
gene639	601	361	1003	672	104	156	202	374	184	260	158	467	332	75	207	143
gene640	334	112	496	232	225	397	245	860	320	462	268	669	599	126	201	310
gene641	364	210	804	289	213	422	512	1028	306	508	426	1143	859	180	337	335
gene642	1	0	5	0	0	0	32	14	0	0	1	12	1	0	2	4
gene643	6	0	0	0	0	0	2	2	1	0	3	4	4	7	0	3
gene644	19	12	93	42	24	12	52	70	26	25	40	77	35	17	28	28
gene645	5	8	24	4	2	3	9	13	2	10	7	0	1	1	16	7
gene646	7	2	55	7	5	14	21	31	24	5	12	31	51	15	11	15
gene647	5	1	3	6	0	3	4	6	4	3	2	10	18	1	3	5
gene648	46	38	86	42	36	80	112	99	70	97	80	91	94	36	65	50
gene649	0	0	10	1	0	0	0	0	1	3	0	7	0	0	1	0
gene650	1	0	8	1	0	1	19	3	6	23	0	2	2	1	9	6
gene651	244	103	455	200	182	394	316	525	344	370	241	541	573	120	291	247
gene652	2422	1288	5099	3116	2105	2838	4249	6910	5018	3602	2709	7627	7042	1472	2944	2519
gene653	18	15	8	25	13	6	9	13	13	29	7	8	24	4	8	12
gene654	162	141	258	218	183	265	248	590	242	325	303	452	453	94	255	201
gene655	3	2	6	0	5	5	13	11	17	23	8	8	19	7	30	11
gene656	35	17	69	31	38	54	44	121	27	55	61	71	93	26	50	39
gene657	15	3	2	5	0	14	7	11	6	20	5	12	3	4	0	14
gene658	27	1	39	3	30	10	33	34	12	19	14	41	47	7	21	9
gene659	39	8	77	42	50	44	103	93	57	48	62	126	138	3	107	45
gene660	2504	1417	4976	2873	2821	3042	4886	5301	3531	5833	2430	4904	5649	1315	2199	2695
gene661	170	77	338	139	140	166	208	437	219	186	302	447	281	79	150	174
gene662	34	21	193	34	56	30	155	90	84	99	47	54	101	21	75	73
gene663	463	200	620	367	312	364	535	829	382	533	388	1456	1107	172	453	363
gene664	381	225	785	565	106	145	154	375	166	315	204	388	318	44	157	142
gene665	10	5	29	10	3	8	31	7	33	9	16	18	19	9	10	11
gene666	38	32	56	31	34	42	49	97	23	127	25	64	95	8	28	14
gene667	11	2	4	5	0	5	12	10	19	8	2	30	47	3	3	1
gene668	54	28	146	65	78	87	95	134	60	95	71	175	138	27	72	47
gene669	12	10	27	14	27	56	128	309	188	210	132	128	149	46	155	203
gene670	0	0	0	2	0	0	2	0	0	0	0	7	0	0	0	0
gene671	45	12	68	16	33	28	48	65	76	15	45	35	105	7	33	34
gene672	2	0	22	4	0	15	13	13	24	16	10	14	8	3	4	15
gene673	41	8	69	25	35	42	94	123	87	113	102	122	132	18	35	32
gene674	50	19	78	10	37	60	41	246	27	97	36	58	56	14	24	36
gene675	31	2	57	15	19	22	20	59	53	53	18	99	72	11	8	18
gene676	1	0	1	2	0	10	0	0	0	0	1	4	0	0	0	0
gene677	4	0	6	7	1	12	3	9	7	18	10	26	16	7	21	9
gene678	12	0	27	3	1	11	13	6	14	23	13	23	34	0	7	11
gene679	29	20	57	29	19	39	59	124	50	32	32	39	68	35	18	28
gene680	5	16	39	16	8	22	19	47	39	21	11	92	33	5	12	21
gene681	15	3	3	3	8	9	8	9	6	21	11	12	33	2	2	14
gene682	1	0	4	0	0	3	0	1	5	0	0	0	0	0	8	7
gene683	157	78	208	195	163	165	144	314	223	286	141	457	240	82	141	130
gene684	12	14	12	13	12	15	6	4	7	0	7	13	22	2	9	3
gene685	0	0	6	2	0	0	0	0	3	4	0	2	6	0	4	5
gene686	551	196	831	420	472	570	504	955	649	959	522	1311	899	228	517	451
gene687	105	44	279	79	84	126	174	378	156	179	157	292	300	47	110	108
gene688	1	5	11	9	5	7	7	7	8	15	9	14	8	17	8	7
gene689	719	266	921	520	446	525	638	1443	858	1047	632	1371	1086	226	669	577
gene690	7	8	2	7	5	4	11	13	24	22	13	24	24	8	15	21
gene691	60	11	60	31	61	47	63	118	47	56	45	153	89	20	34	44
gene692	45	13	47	25	22	13	53	82	45	27	38	79	63	36	53	25
gene693	578	285	1368	798	736	1071	1044	1726	1503	1537	917	2251	1674	286	938	747
gene694	0	0	2	0	0	1	0	0	0	5	7	0	0	0	2	0
gene695	703	261	1332	574	357	773	1102	1685	759	1384	676	1881	1230	342	584	470
gene696	18	5	10	4	8	5	9	27	8	3	13	23	12	6	21	18
gene697	75	28	179	103	125	93	154	249	114	100	163	172	369	25	152	67
gene698	1161	443	1902	706	743	1317	1756	2393	1258	2156	1376	2243	2225	546	1219	1240
gene699	103	63	117	117	101	84	151	383	194	181	203	350	166	48	132	134
gene700	4	2	61	12	26	31	29	44	27	19	65	60	87	5	12	7
gene701	1003	480	1547	718	431	1027	1204	1608	1152	1558	972	2152	1539	365	664	827
gene702	77	18	65	31	38	36	43	67	18	71	56	64	118	15	18	18
gene703	469	108	557	360	245	359	553	870	563	589	468	1228	1017	177	364	376
gene704	276	173	755	299	258	326	542	929	489	625	504	883	671	161	398	389
gene705	47	27	44	76	37	54	32	120	40	33	63	119	76	15	58	23
gene706	1	0	0	0	4	0	0	0	2	17	0	4	13	0	0	2
gene707	535	192	1028	339	376	452	787	955	565	798	594	1220	864	260	598	589
gene708	5896	3112	10351	5359	5783	6800	7820	11091	7348	10549	7605	12885	12077	2985	7033	5213
gene709	230	82	393	245	142	242	233	589	283	410	196	508	383	83	248	205
gene710	4	2	10	2	1	1	2	9	2	0	0	2	15	0	9	2
gene711	10	11	19	11	78	209	311	177	122	110	105	389	218	128	240	98
gene712	89	55	128	57	72	86	95	211	142	155	81	232	126	42	112	71
gene713	220	123	467	304	176	291	296	568	260	282	183	474	491	122	189	299
gene714	0	0	1	1	0	0	0	0	0	0	6	0	0	0	0	0
gene715	23	9	64	9	10	11	30	38	10	40	11	28	24	4	14	21
gene716	3	4	19	4	24	75	30	95	6	19	22	51	45	0	114	61
gene717	8	4	55	11	9	6	16	43	36	25	22	12	17	5	20	6
gene718	86	48	160	78	16	32	50	44	51	53	34	66	52	24	33	33
gene719	199	54	197	109	93	131	178	272	187	156	121	305	160	62	101	93
gene720	179	78	247	74	65	139	154	354	172	230	123	244	213	61	126	159
gene721	3	4	1	3	0	0	1	3	0	6	0	8	3	0	2	2
gene722	11	5	24	7	3	11	7	29	4	19	17	48	12	7	20	13
gene723	85	45	170	48	52	77	111	242	102	104	80	242	90	32	77	49
gene724	4	1	15	6	11	4	25	19	3	6	1	23	7	2	6	4
gene725	115	46	223	61	80	111	108	236	183	171	144	248	222	51	108	107
gene726	217	74	460	223	146	232	408	515	224	324	304	689	535	77	176	203
gene727	6	0	17	3	2	7	0	7	5	9	13	17	3	1	3	3
gene728	10	10	46	16	33	31	23	22	7	48	25	50	128	2	24	15
gene729	74	24	53	45	41	33	47	93	28	69	45	87	86	22	23	24
gene730	198	98	388	164	127	204	278	348	246	277	224	573	401	72	140	136
gene731	69	47	293	135	67	172	151	217	47	169	165	333	135	41	120	110
gene732	27	7	35	17	22	189	233	161	145	147	101	176	76	9	67	59
gene733	16	23	31	23	14	11	27	16	52	32	11	79	47	7	27	34
gene734	24	15	39	16	8	15	27	17	19	9	48	41	11	8	15	7
gene735	316	163	437	270	215	353	388	533	483	717	574	832	702	206	392	413
gene736	445	223	838	468	2063	2073	3268	5958	2741	3274	2770	5068	5240	1215	2616	1678
gene737	284	87	440	181	174	319	246	489	306	354	175	452	398	87	168	161
gene738	946	468	1966	1200	697	1705	1341	2590	1598	1873	1287	2689	1930	341	1024	976
gene739	41	18	59	29	105	86	88	276	85	67	130	47	55	16	109	40
gene740	134	78	409	132	136	208	228	308	106	192	281	490	400	115	172	146
gene741	63	6	83	9	48	31	95	99	57	115	95	48	105	41	124	66
gene742	209	66	403	131	136	283	206	410	282	269	198	433	259	87	211	156
gene743	352	229	660	395	382	487	665	873	606	897	474	976	1106	220	538	439
gene744	30117	12344	58488	30302	30262	36135	58030	61736	46463	56358	31298	57460	60100	12788	28966	30737
gene745	179	102	463	159	97	211	239	325	219	409	236	417	425	96	147	158
gene746	85	57	195	76	62	117	155	288	89	80	99	194	158	54	126	90
gene747	8	1	4	3	1	2	4	22	6	4	8	5	20	1	4	6
gene748	117	46	234	100	145	231	179	393	146	228	176	357	276	60	160	99
gene749	14	14	77	30	19	47	48	29	49	18	64	36	72	17	28	29
gene750	0	2	0	3	1	0	5	14	23	3	11	34	7	0	1	7
gene751	3342	1454	5755	2870	2469	3851	6134	7015	5018	5144	3735	9482	7968	1357	4232	3108
gene752	0	0	2	1	3	2	1	0	1	0	0	0	0	0	0	0
gene753	115	57	237	85	103	77	150	311	88	125	149	336	161	65	101	60
gene754	0	0	0	0	0	0	1	0	0	0	0	0	2	0	0	9
gene755	208	112	470	152	139	319	330	749	305	356	316	579	395	156	198	168
gene756	50	8	35	30	21	22	13	33	16	43	15	59	50	14	25	29
gene757	25	22	47	43	26	45	32	92	23	75	71	100	90	15	37	37
gene758	2	0	0	3	1	1	0	2	0	9	0	34	2	0	3	0
gene759	58	31	126	62	250	146	165	252	159	158	90	280	327	68	110	141
gene760	49	18	76	42	36	72	48	59	35	34	44	104	74	17	26	26
gene761	1259	937	3654	1731	201	224	438	620	311	451	256	807	672	108	255	223
gene762	1320	554	2006	918	702	970	1481	3599	1302	1627	1521	2637	2311	589	1542	1269
gene763	67	17	45	42	39	48	71	150	65	62	53	69	110	25	68	34
gene764	40	1	35	29	31	21	30	43	15	29	23	53	25	11	24	6
gene765	64	35	76	65	23	90	60	108	91	54	33	107	41	32	44	98
gene766	0	1	1	1	1	2	1	1	1	0	16	3	4	0	8	1
gene767	38	17	21	25	25	6	32	59	27	70	46	35	82	10	34	10
gene768	128	47	153	143	415	876	1863	1959	1142	1064	993	1332	1777	246	893	659
gene769	333	163	559	377	262	255	495	862	496	500	420	727	543	148	505	479
gene770	9	6	13	4	9	2	9	26	17	7	19	29	15	3	10	4
gene771	0	0	0	0	0	0	1	0	2	0	0	0	0	0	1	0
gene772	1235	591	2152	1401	1088	1709	2512	3012	2505	1779	1864	2952	3447	764	1312	1469
gene773	8	9	16	3	13	16	0	2	10	8	6	6	2	0	3	12
gene774	19	9	22	30	17	29	12	39	20	10	22	58	31	3	8	45
gene775	2	0	3	1	0	0	2	3	0	0	0	0	0	0	0	0
gene776	62	27	130	30	33	90	55	91	74	47	64	109	65	22	33	71
gene777	23	10	54	22	15	28	28	16	31	47	27	106	43	7	40	30
gene778	17	8	28	16	11	6	35	57	42	70	24	49	33	15	18	21
gene779	79	67	179	107	554	753	828	1153	658	844	730	1451	989	228	604	363
gene780	6	0	6	0	0	11	12	2	11	4	0	11	3	3	1	10
gene781	1	0	1	1	2	4	0	18	1	0	2	0	6	4	0	0
gene782	1346	746	2993	1257	1252	1802	2140	3179	1915	2824	2004	4497	2561	648	1772	1896
gene783	124	40	204	129	133	103	157	320	162	169	174	252	209	33	159	116
gene784	345	195	528	299	172	428	585	605	491	464	470	706	852	148	361	436
gene785	107	91	231	144	120	151	210	330	142	239	137	353	350	95	135	145
gene786	7	13	26	20	3	15	17	44	13	19	7	18	35	13	16	21
gene787	21	7	7	4	2	9	10	31	33	12	8	24	33	5	36	10
gene788	24	17	29	33	16	34	44	94	44	41	27	41	56	9	32	15
gene789	76	40	126	73	76	68	149	142	155	112	109	136	187	34	60	53
gene790	49	39	195	61	82	60	134	230	65	85	100	294	115	37	52	80
gene791	59	36	195	55	410	400	509	648	426	278	662	708	761	245	354	307
gene792	445	236	913	486	354	553	663	944	477	857	683	1174	1297	289	511	462
gene793	26	13	40	22	27	10	41	98	38	54	53	27	66	15	37	10
gene794	0	0	1	0	0	0	0	0	0	1	0	0	0	0	0	0
gene795	175	40	300	147	122	182	197	450	202	165	257	416	465	110	162	213
gene796	18	21	80	49	12	44	68	147	29	71	87	63	132	27	18	35
gene797	187	68	417	203	126	168	260	382	281	332	150	360	304	97	201	148
gene798	687	266	807	439	468	600	713	1402	650	809	589	1568	1234	256	591	548
gene799	1	2	39	1	5	5	0	0	4	4	7	29	1	3	13	3
gene800	37	24	79	64	34	110	54	133	45	59	39	148	147	15	30	27
gene801	47	37	143	88	42	54	115	165	59	99	95	194	126	33	58	23
gene802	22	14	13	7	6	15	10	12	8	18	16	39	11	4	12	15
gene803	1	0	0	0	0	3	0	1	3	1	0	2	2	1	4	0
gene804	25	18	89	84	22	35	72	89	44	57	23	89	55	15	19	69
gene805	3	0	8	3	8	28	6	13	9	6	5	6	2	5	2	2
gene806	338	145	356	177	244	238	233	753	391	468	285	621	363	141	227	248
gene807	9	0	1	0	5	2	4	8	4	2	2	2	0	1	4	5
gene808	4	8	30	3	12	22	3	26	9	23	23	25	21	3	10	7
gene809	17	1	11	15	8	9	27	40	13	18	4	32	44	5	19	6
gene810	11	2	16	7	23	6	111	110	29	69	12	68	36	11	28	29
gene811	345	167	605	298	38	93	91	170	94	87	63	152	175	31	63	63
gene812	196	86	392	152	119	251	348	490	331	411	219	441	490	128	243	170
gene813	280	103	393	223	159	201	282	511	277	435	309	589	417	109	215	231
gene814	1545	942	3047	1844	1421	1412	2524	4722	2580	2694	2267	4167	3291	601	1744	1829
gene815	153	97	309	134	195	280	187	386	223	265	236	535	331	60	100	177
gene816	523	227	765	391	422	596	604	812	733	789	567	990	1003	316	611	461
gene817	364	222	613	319	432	317	474	883	533	692	360	857	798	194	362	321
gene818	17	21	23	18	16	20	61	51	31	58	38	24	59	5	26	11
gene819	65	18	67	36	24	37	38	71	53	54	48	171	74	11	59	34
gene820	55	29	86	28	28	33	41	73	36	60	28	73	95	34	54	32
gene821	35	28	85	41	31	53	45	75	54	46	31	122	70	31	30	47
gene822	2	0	3	1	3	8	20	20	3	1	1	3	2	1	3	4
gene823	388	187	694	272	380	390	680	942	489	638	403	659	892	184	389	384
gene824	289	94	669	322	230	287	360	650	441	349	383	917	521	193	325	322
gene825	16	7	19	3	6	21	14	12	24	10	17	43	29	8	7	10
gene826	42	12	37	37	30	35	35	35	18	40	33	93	61	3	17	17
gene827	20	3	46	31	11	27	22	53	27	2	17	25	56	14	30	9
gene828	6	1	5	0	0	0	17	32	7	13	13	8	8	0	6	4
gene829	442	241	1363	460	457	533	813	1340	909	839	655	1381	956	236	575	520
gene830	42	28	88	73	47	54	121	113	75	126	61	227	131	46	109	58
gene831	29	31	89	70	54	52	53	196	57	39	69	117	85	25	30	50
gene832	176	52	343	106	64	66	95	232	97	93	101	165	187	34	65	48
gene833	31	4	28	38	22	39	18	58	35	52	17	91	66	12	19	29
gene834	16	12	13	20	16	16	8	37	17	8	12	43	27	4	10	15
gene835	2	0	9	2	2	7	25	8	6	4	1	20	1	1	0	0
gene836	47	12	71	55	108	180	298	311	155	219	214	436	242	91	140	128
gene837	11	13	49	13	15	9	19	52	40	21	20	64	22	4	4	7
gene838	50	20	168	49	42	62	111	162	84	99	70	122	205	39	68	43
gene839	21	8	71	22	24	60	47	72	24	47	28	56	61	19	29	45
gene840	24	19	54	61	42	60	15	113	83	99	50	108	111	11	66	53
gene841	2679	1398	6983	3078	2222	3169	3819	8821	4595	5061	3801	6792	7907	1911	2936	2727
gene842	71	3	87	26	25	24	36	109	64	62	24	126	38	35	45	38
gene843	2	0	8	2	4	0	0	11	4	2	1	3	4	0	2	2
gene844	19	8	9	23	8	10	3	19	36	3	15	14	8	9	0	2
gene845	32	29	85	29	30	53	46	79	69	101	76	139	90	24	54	36
gene846	0	0	8	0	0	5	5	1	0	9	0	1	4	0	0	0
gene847	23	8	48	24	26	16	24	46	33	32	25	47	23	5	21	32
gene848	5	6	4	7	11	3	5	27	2	1	20	4	16	1	0	3
gene849	96	54	285	150	754	1570	1405	3471	1565	2091	1795	3905	2150	627	1180	1167
gene850	2553	1497	7824	2438	2849	3414	4607	8625	4898	5510	2766	8938	7237	1381	3335	2596
gene851	6	12	20	24	19	20	31	68	36	35	6	45	24	7	21	9
gene852	196	73	390	162	670	671	946	1683	866	1221	841	1859	1225	376	559	622
gene853	0	0	0	0	0	0	0	0	0	0	0	0	0	0	0	0
gene854	104	59	127	100	268	353	321	742	458	462	332	1147	635	152	423	325
gene855	1	4	10	2	8	6	1	0	4	13	3	14	4	4	23	3
gene856	352	276	897	554	272	611	726	985	830	684	491	938	958	157	472	484
gene857	10	5	29	27	18	79	60	230	107	266	57	108	151	43	119	53
gene858	32	30	103	57	50	73	97	124	58	65	55	95	119	37	53	46
gene859	7	0	14	3	1	3	3	5	4	1	0	1	5	1	0	3
gene860	0	1	21	8	0	9	7	39	6	5	1	17	55	3	3	15
gene861	17	8	14	18	11	17	23	23	25	15	7	27	21	7	9	13
gene862	6	0	11	1	21	1	9	17	10	3	16	6	41	0	15	10
gene863	69	38	156	55	73	75	117	154	61	111	75	204	116	34	89	84
gene864	946	430	1422	577	2304	2848	4967	6399	2928	4285	3896	8067	5473	1846	2974	3284
gene865	382	217	870	573	442	639	834	1188	623	689	380	1094	776	231	529	375
gene866	17	5	19	21	16	4	21	38	24	27	9	20	17	6	8	16
gene867	1774	796	3397	1654	1335	2213	2721	3862	2119	2467	1666	4049	5166	743	1838	1361
gene868	297	89	502	242	94	277	324	485	363	481	272	708	525	157	178	270
gene869	147	62	117	72	107	143	138	182	117	202	140	304	214	44	128	115
gene870	1	1	7	1	2	12	0	2	12	2	7	17	2	3	1	3
gene871	398	187	1032	331	279	498	617	1007	396	500	452	967	750	208	450	436
gene872	4	11	5	1	4	16	4	11	9	24	2	17	6	2	9	7
gene873	0	0	0	0	0	0	0	1	4	0	0	3	0	0	0	4
gene874	327	203	558	313	260	432	758	988	574	553	491	943	787	267	367	317
gene875	2	2	15	3	3	42	24	4	8	11	1	12	53	5	0	9
gene876	215	98	322	187	151	193	347	477	247	363	162	647	600	93	255	186
gene877	4606	2084	6757	4776	485	656	616	1111	737	686	524	1254	1338	241	500	617
gene878	0	1	6	3	0	3	5	11	8	0	5	16	2	0	9	3
gene879	21	3	21	22	8	23	13	34	39	10	13	41	21	1	13	4
gene880	42	26	137	93	36	44	98	190	86	87	109	148	127	39	77	44
gene881	2	4	5	12	11	17	25	2	14	0	18	1	22	0	14	0
gene882	77	13	99	62	26	38	71	81	51	106	37	87	62	25	39	48
gene883	52	13	184	36	31	38	72	54	91	89	55	152	74	37	38	29
gene884	15	8	4	6	6	0	9	7	15	19	3	6	15	4	0	5
gene885	55	27	74	47	55	60	70	113	68	87	66	61	67	22	43	43
gene886	29	2	18	6	2	11	19	66	17	49	8	21	14	11	14	24
gene887	0	0	1	1	5	2	7	1	31	10	33	6	0	4	14	17
gene888	79	7	45	43	34	38	38	81	39	59	79	114	43	19	30	19
gene889	21	11	36	15	39	74	69	103	64	136	106	163	103	37	45	71
gene890	20	11	53	14	17	32	19	119	46	20	23	154	51	11	45	31
gene891	122	93	275	124	162	226	269	237	282	298	230	429	381	62	149	86
gene892	4	0	1	0	0	0	0	0	0	0	0	3	0	0	0	0
gene893	0	0	10	0	0	0	1	0	0	0	0	2	2	0	2	0
gene894	18	5	30	38	20	21	20	27	33	74	32	67	38	5	12	23
gene895	2	7	23	1	3	3	25	26	7	24	2	30	20	1	2	3
gene896	6	2	5	8	3	3	10	12	9	0	5	17	14	0	4	3
gene897	0	0	1	0	0	0	1	2	0	5	0	2	8	0	4	1
gene898	54	30	85	75	27	43	69	67	56	66	59	48	51	12	41	65
gene899	1727	625	2661	1244	975	1002	2243	3388	2199	1847	1833	3049	2695	449	1640	965
gene900	1	0	0	0	0	0	0	0	0	0	0	0	1	1	0	0
gene901	2	1	9	4	2	0	5	14	14	4	4	34	14	4	4	1
gene902	47	16	45	53	26	20	34	84	39	65	37	174	138	18	16	25
gene903	0	1	1	0	1	0	5	1	5	7	0	0	18	1	7	2
gene904	70	30	87	48	57	43	70	127	70	65	61	128	151	29	31	44
gene905	2	0	1	0	5	4	10	9	3	1	7	18	3	0	7	2
gene906	3856	1262	5112	3017	2887	3991	4995	8495	5006	4856	4069	8284	6264	1322	3121	3435
gene907	28	22	133	58	35	56	38	47	43	52	24	118	47	18	11	28
gene908	27	16	32	10	13	8	16	56	13	47	15	52	3	3	17	24
gene909	3	4	3	2	6	3	8	2	1	9	1	8	14	0	5	0
gene910	1	0	3	0	1	4	0	8	12	0	1	5	0	1	4	1
gene911	2	9	12	0	5	1	1	35	3	3	6	0	0	3	6	3
gene912	97	47	291	121	99	130	137	214	89	254	142	383	230	46	117	107
gene913	184	75	275	122	99	230	217	397	161	252	165	332	360	57	174	216
gene914	6	5	4	5	1	5	3	45	0	10	2	10	18	1	4	2
gene915	387	164	808	357	472	633	605	1585	774	936	743	710	1205	241	526	509
gene916	25	16	64	39	183	281	290	738	228	477	293	531	303	70	261	220
gene917	0	0	0	0	0	0	0	0	0	0	0	0	3	0	0	0
gene918	378	115	772	259	142	369	419	687	339	308	388	724	564	90	274	245
gene919	44	32	181	25	23	73	63	140	55	51	44	68	178	12	41	58
gene920	1322	719	3317	1261	1420	1448	1954	3915	1891	2526	1839	5141	3141	544	1591	1455
gene921	19	23	66	51	45	159	155	118	120	128	137	111	239	27	75	72
gene922	119	79	250	133	118	120	135	250	208	202	191	359	526	110	124	123
gene923	20	4	23	3	11	7	20	17	21	17	9	17	47	0	27	34
gene924	280	207	608	357	298	401	582	849	361	524	513	681	748	142	334	299
gene925	97	34	145	62	66	71	114	114	171	122	76	164	137	45	61	101
gene926	49	22	82	21	48	44	54	134	38	30	38	111	120	26	40	22
gene927	526	187	861	528	450	589	766	1304	785	734	641	1143	1188	177	490	430
gene928	89	75	91	67	70	140	156	249	169	238	147	265	275	48	106	102
gene929	6	5	15	3	17	7	10	8	6	3	9	11	14	6	3	3
gene930	562	345	1014	517	443	395	859	1840	872	1085	792	2165	1681	290	586	531
gene931	59	20	145	54	29	12	50	65	27	52	37	52	31	18	30	22
gene932	1536	639	2503	1209	995	1473	1503	3800	1814	2555	1412	3310	2375	720	1314	1211
gene933	193	67	181	135	28	46	59	98	79	59	82	116	98	27	51	42
gene934	39	25	101	34	31	26	69	143	72	123	76	106	114	29	44	53
gene935	29	6	38	11	20	39	32	35	43	35	26	81	30	15	46	22
gene936	862	465	1523	1183	595	626	1096	2043	1087	1264	790	1958	2006	406	765	804
gene937	40	23	59	45	32	35	68	109	41	50	68	148	108	33	51	39
gene938	20	5	13	15	1	1	6	7	8	7	3	12	3	4	4	3
gene939	30	25	48	8	30	26	30	25	40	24	47	81	57	11	18	12
gene940	209	80	346	138	108	179	153	349	187	209	176	365	309	81	204	192
gene941	84	41	156	77	56	65	104	236	138	127	82	166	162	31	42	45
gene942	55	16	158	43	59	65	92	160	107	78	97	174	127	40	109	88
gene943	1018	473	1773	948	728	995	1576	2176	1526	1634	1211	2163	1855	608	1206	820
gene944	33	5	11	16	16	10	24	27	13	16	13	42	40	5	25	29
gene945	116	48	312	107	149	161	128	206	138	321	131	351	259	38	95	143
gene946	23	13	20	5	8	21	2	71	30	25	28	36	20	5	17	11
gene947	60	66	158	69	54	81	90	321	167	152	97	172	120	49	92	89
gene948	18	4	9	23	5	9	19	29	28	21	4	8	50	3	1	5
gene949	36005	15231	55506	35104	26371	33311	32025	92372	46987	43186	43328	78140	68132	17535	27764	28059
gene950	4	7	15	5	11	8	40	43	25	18	13	74	33	6	9	17
gene951	21	11	47	3	12	21	19	21	33	30	65	87	29	9	33	16
gene952	35	15	49	22	21	32	33	66	29	37	44	29	40	17	10	25
gene953	383	145	474	232	361	437	461	744	421	423	408	758	777	226	466	371
gene954	0	3	2	0	3	1	14	1	0	2	0	1	3	0	6	0
gene955	26	13	83	20	9	25	15	9	15	20	22	29	39	7	2	12
gene956	88	40	176	94	81	122	125	263	86	96	111	270	232	67	61	125
gene957	37	39	51	33	39	55	56	139	28	38	40	129	134	23	55	74
gene958	180	71	430	192	152	197	179	506	147	243	184	279	297	75	186	132
gene959	1782	1054	3253	1615	1300	2375	2028	4198	2033	3280	2207	3501	3469	921	1446	1611
gene960	38	9	88	41	25	38	102	80	71	51	33	143	39	20	24	39
gene961	325	165	615	277	238	322	602	801	358	497	457	701	644	196	294	279
gene962	3164	1626	8090	2893	3176	2773	5535	7478	4885	5015	3060	8514	7453	1401	3292	3161
gene963	5	5	21	2	4	22	6	37	3	3	2	1	8	5	5	1
gene964	80	51	149	89	43	66	132	112	53	120	74	120	142	35	56	65
gene965	19	34	135	88	150	101	312	455	154	197	187	455	431	80	173	94
gene966	58	16	87	36	33	21	98	111	28	86	39	159	80	22	42	38
gene967	3	1	7	3	10	0	8	16	5	9	4	7	4	6	10	14
gene968	28	17	56	4	20	20	34	56	62	40	7	92	54	7	18	12
gene969	25	15	119	29	43	26	47	94	93	45	40	133	125	27	44	24
gene970	578	246	660	346	422	549	607	1019	872	848	593	1193	791	275	452	445
gene971	33	9	77	23	17	34	70	31	20	31	32	25	47	23	13	21
gene972	14	1	5	4	1	8	2	17	0	9	5	6	0	5	1	0
gene973	22	8	104	21	27	24	53	52	50	38	22	105	47	18	24	49
gene974	4	1	27	3	1	6	16	3	1	24	2	10	33	2	1	2
gene975	104	37	167	57	84	60	201	229	144	97	66	120	141	41	83	64
gene976	2	0	28	6	0	5	2	4	1	3	2	12	5	8	8	0
gene977	616	192	799	668	267	541	734	1625	872	963	641	945	1055	232	520	495
gene978	214	88	521	199	169	360	413	476	373	384	284	644	333	121	233	258
gene979	109	27	138	67	50	103	163	266	140	161	131	246	211	37	72	63
gene980	652	279	1404	407	545	541	684	1497	748	1240	684	1401	1217	234	551	468
gene981	2	2	15	6	1	7	6	11	14	11	8	14	14	4	3	4
gene982	595	277	1067	541	475	674	1150	1371	889	857	678	1866	1448	233	601	497
gene983	21	12	19	13	12	19	10	23	2	29	23	24	37	3	6	5
gene984	24	19	101	46	20	69	46	62	40	51	45	84	91	45	22	45
gene985	0	0	1	0	0	0	0	0	0	0	0	0	0	0	0	0
gene986	30	13	23	22	21	41	52	23	28	28	33	46	24	10	27	11
gene987	6	3	24	12	4	9	2	5	10	9	19	14	9	5	3	5
gene988	13	5	28	14	101	86	109	42	181	273	144	65	179	60	212	141
gene989	20	15	40	20	8	15	40	28	17	31	33	46	35	16	16	6
gene990	5	1	19	11	2	7	1	34	16	10	12	25	18	0	12	19
gene991	186	92	323	189	129	173	187	476	167	230	230	370	326	106	162	138
gene992	651	343	1484	583	425	646	1385	1512	873	736	759	2048	1337	386	614	639
gene993	3	4	47	18	18	7	31	34	12	18	18	52	9	6	15	10
gene994	1	0	0	1	2	16	0	5	1	20	58	13	0	6	3	8
gene995	334	224	862	374	273	510	598	945	529	701	351	778	623	218	327	305
gene996	118	29	197	101	97	120	116	287	112	296	103	164	266	38	118	107
gene997	28	5	34	8	7	19	32	65	27	32	15	86	47	4	28	20
gene998	1055	664	2661	1050	983	1324	1774	3505	1408	2496	1550	2347	2530	672	1186	1301
gene999	0	0	0	1	1	0	0	4	0	0	0	0	0	0	0	3
gene1000	951	344	1474	814	767	812	1280	2511	1106	1194	1314	1819	1451	592	1215	652
gene1001	661	339	1399	737	479	756	956	1395	641	1425	880	2288	1727	301	632	563
gene1002	9	2	27	7	2	8	9	14	3	24	20	6	22	1	28	14
gene1003	72	30	218	92	39	117	43	253	103	180	82	111	200	33	54	74
gene1004	19	10	62	19	28	15	34	43	26	30	15	61	42	6	4	18
gene1005	6	1	5	6	2	11	8	12	24	9	12	31	19	6	6	8
gene1006	147	77	258	165	188	335	394	747	342	609	507	1048	952	175	324	259
gene1007	6	0	4	0	0	8	1	7	0	1	20	8	1	1	4	0
gene1008	0	0	5	0	0	0	1	0	0	3	0	11	7	0	2	1
gene1009	14	18	25	2	1	5	29	48	8	6	17	30	43	1	6	10
gene1010	255	165	580	234	249	362	466	927	433	575	295	1379	689	74	309	282
gene1011	0	0	0	0	0	0	1	3	6	4	0	1	0	0	3	4
gene1012	42	35	78	42	39	18	16	59	25	34	48	37	80	14	16	14
gene1013	236	140	384	219	290	249	262	534	291	459	258	536	575	119	237	244
gene1014	288	103	661	253	257	320	322	461	303	366	345	612	706	138	221	357
gene1015	664	258	1122	631	473	677	640	2048	665	919	747	1465	1092	268	466	580
gene1016	0	10	7	1	9	11	5	6	4	18	7	9	5	0	3	4
gene1017	43	44	135	38	77	73	117	119	86	128	84	193	152	27	60	80
gene1018	265	103	238	143	169	280	234	655	285	511	311	277	341	77	145	229
gene1019	122	49	252	132	112	112	124	364	157	225	126	261	227	43	135	147
gene1020	243	113	357	155	182	236	260	401	286	349	245	410	364	79	222	301
gene1021	664	321	1261	540	547	669	1056	2418	1190	1137	721	1840	1368	295	663	650
gene1022	121	55	230	95	111	124	151	261	131	148	191	209	316	59	109	116
gene1023	308	70	321	108	210	246	300	418	251	392	197	517	406	90	242	160
gene1024	102	46	280	108	89	83	138	241	172	154	139	309	155	27	90	123
gene1025	119	57	191	114	94	143	177	344	307	172	158	217	159	63	113	144
gene1026	337	157	479	367	192	444	559	692	364	533	451	759	683	197	432	237
gene1027	29	8	30	30	14	22	30	71	30	54	37	121	90	16	27	58
gene1028	146	64	216	123	128	133	158	283	228	160	127	256	315	61	150	163
gene1029	1093	586	1597	787	842	958	1800	3106	1538	1832	1455	2710	2447	568	941	1135
gene1030	13	4	27	20	20	12	13	40	19	5	24	17	27	6	16	8
gene1031	0	6	3	5	2	5	12	11	13	6	6	5	4	5	1	12
gene1032	11	4	9	6	4	4	2	2	1	4	4	2	2	2	2	2
gene1033	95	54	254	128	317	339	277	533	405	488	378	926	585	181	262	242
gene1034	5	1	0	0	4	0	6	0	0	0	0	3	1	0	0	0
gene1035	209	110	461	195	211	283	275	546	297	421	225	540	636	104	191	229
gene1036	33	15	96	29	16	92	95	108	39	55	97	82	59	33	60	36
gene1037	9	2	35	5	0	2	7	17	10	2	0	5	11	2	12	0
gene1038	27	15	36	19	21	39	29	63	22	13	46	57	9	17	24	21
gene1039	1	4	1	11	6	4	2	0	3	7	3	0	7	1	4	0
gene1040	8	18	74	42	14	45	28	84	54	28	42	48	62	4	17	27
gene1041	7	7	16	11	3	18	7	13	10	8	11	55	6	4	20	5
gene1042	0	0	1	0	1	0	9	3	5	10	0	1	2	3	2	0
gene1043	2147	1241	3860	2210	2199	3243	3959	4691	3213	5188	2851	4985	4851	1123	2470	2446
gene1044	37	13	64	26	15	17	7	17	9	27	10	17	6	7	3	3
gene1045	9	0	12	2	8	7	14	40	1	5	0	4	1	4	14	3
gene1046	102	77	233	137	117	204	292	234	175	261	108	340	381	66	129	99
gene1047	137	39	237	125	18	16	31	47	19	40	22	28	43	11	16	35
gene1048	201	130	530	280	148	212	232	565	257	644	403	812	568	93	221	256
gene1049	120	34	203	151	82	85	199	209	126	172	161	142	216	40	61	97
gene1050	184	76	475	238	140	279	370	461	158	238	217	634	420	120	195	155
gene1051	2559	1284	4888	2239	1613	2789	4090	6702	3351	4725	2706	6181	5137	1343	1873	2487
gene1052	17	4	25	11	7	13	30	17	18	18	8	49	23	2	10	23
gene1053	1925	777	3771	1899	1594	1842	2238	5190	2952	2854	2474	4571	4337	967	2186	1442
gene1054	21	12	55	9	12	43	31	37	28	45	20	44	56	10	11	14
gene1055	53	6	64	31	17	29	20	74	14	89	37	73	57	22	13	31
gene1056	294	101	567	315	520	906	654	1731	700	1383	665	1696	937	377	675	661
gene1057	7	7	15	1	3	10	3	12	1	26	13	44	22	2	7	4
gene1058	41	31	164	83	68	91	88	154	78	95	93	220	151	51	69	62
gene1059	3	8	24	6	103	115	224	230	100	263	109	122	166	18	166	25
gene1060	0	0	1	0	0	15	0	0	13	2	0	49	0	6	0	9
gene1061	0	0	2	2	10	7	13	1	6	3	1	1	3	6	3	4
gene1062	701	369	1162	718	480	714	1056	1812	1240	1394	716	1945	1824	493	898	781
gene1063	85	48	253	96	64	78	185	174	82	219	117	148	134	53	140	94
gene1064	12	23	83	28	17	35	30	49	36	71	20	123	104	17	33	20
gene1065	1	6	9	0	4	2	1	11	3	0	4	2	0	0	1	0
gene1066	1	0	4	0	0	1	9	0	1	0	0	0	2	0	9	0
gene1067	2	0	9	2	12	1	3	35	3	0	13	2	58	1	5	4
gene1068	32	11	15	9	8	5	8	16	16	20	12	35	24	4	8	14
gene1069	24	2	33	7	7	4	7	5	1	1	8	15	7	1	1	0
gene1070	6	1	5	6	1	9	14	3	4	16	5	6	9	0	1	4
gene1071	121	78	175	109	87	117	137	223	91	184	132	320	206	53	129	95
gene1072	4	3	30	10	6	4	38	1	2	7	10	18	4	3	4	9
gene1073	5	0	0	0	0	1	0	15	0	0	0	0	0	0	0	0
gene1074	1	0	12	4	18	8	1	12	5	2	3	5	2	2	9	2
gene1075	148	109	380	165	105	112	143	345	213	256	158	493	268	91	124	169
gene1076	6	2	21	7	3	15	38	10	8	25	15	78	79	0	21	16
gene1077	24	12	50	14	20	19	29	23	27	29	26	33	70	10	22	13
gene1078	16	2	7	7	7	19	20	7	8	7	17	35	42	14	20	8
gene1079	3	8	14	6	4	13	6	30	8	24	9	25	35	4	3	13
gene1080	2586	1220	4065	2223	1512	2886	3323	4542	3438	3564	2222	6048	4726	976	2313	1755
gene1081	6	7	5	12	0	3	19	10	1	17	14	17	9	1	5	10
gene1082	3250	1156	3371	2576	1656	2993	4190	5656	2727	4323	2807	5006	4311	1346	2165	1940
gene1083	24	18	59	52	18	51	32	97	59	71	50	98	37	9	36	28
gene1084	0	1	32	0	5	2	6	32	0	0	1	53	0	1	1	12
gene1085	49	25	68	55	17	43	34	82	36	64	32	109	91	5	40	18
gene1086	2	1	4	0	0	10	0	11	3	2	6	8	8	0	1	0
gene1087	47	24	68	43	48	49	69	88	70	61	54	153	139	21	45	45
gene1088	6	4	22	24	11	1	10	14	6	10	10	7	2	3	2	4
gene1089	324	147	364	299	266	391	431	591	376	524	311	723	818	146	304	347
gene1090	64	40	91	78	76	104	81	154	112	222	52	115	201	41	82	87
gene1091	42	9	58	36	22	42	49	61	67	76	45	111	62	26	47	42
gene1092	41	21	62	11	15	41	49	84	32	39	13	72	82	17	46	22
gene1093	74	33	232	109	112	153	141	375	186	198	140	233	299	48	103	104
gene1094	34	8	44	18	31	32	41	90	29	36	30	70	96	8	20	22
gene1095	7	3	47	0	2	5	12	8	5	11	2	12	22	4	3	5
gene1096	1	4	1	0	4	2	5	5	1	2	0	2	9	1	0	0
gene1097	57600	18021	96871	48786	32756	61711	67357	116155	54068	84428	51009	109081	95060	23076	39381	43473
gene1098	9	2	8	2	4	5	24	5	14	21	3	7	9	1	4	5
gene1099	2	0	2	0	0	0	0	0	4	0	2	6	0	0	0	0
gene1100	3	1	1	0	0	0	3	0	5	1	5	9	0	0	6	1
gene1101	5291	2494	9955	3533	3540	6139	7795	12805	6426	7887	5989	12071	8462	2922	6543	4743
gene1102	9340	4314	16495	9025	3008	4511	5090	7793	3703	5232	3943	7687	6890	1089	2983	3212
gene1103	6679	2473	10558	5115	4691	8022	8650	20963	7067	12946	8583	15551	10246	2426	5588	5316
gene1104	365	186	603	361	247	392	420	776	339	861	511	753	566	160	323	339
gene1105	272	150	872	360	300	385	364	649	506	488	312	943	863	114	423	399
gene1106	1	1	6	13	5	10	19	112	7	2	16	17	8	3	1	0
gene1107	0	0	12	6	5	2	29	35	8	4	13	46	51	7	19	24
gene1108	0	0	0	0	0	0	0	12	4	0	0	0	1	0	0	0
gene1109	10	5	15	3	3	4	9	27	15	6	25	38	45	7	2	6
gene1110	15	3	41	7	18	48	37	24	48	68	42	37	40	13	17	11
gene1111	17	3	6	5	1	20	22	21	15	25	14	44	18	2	21	20
gene1112	180	106	345	163	1297	982	1690	2940	1248	3000	1478	3456	4167	639	1387	1331
gene1113	1418	552	2603	1084	861	1712	1803	2164	1893	2192	1530	2790	3307	764	1204	1105
gene1114	377	183	530	309	443	322	555	1140	556	554	397	883	747	191	364	351
gene1115	23	9	24	17	58	161	213	139	87	88	49	285	126	29	104	42
gene1116	308	143	887	362	278	411	540	901	608	518	368	878	888	203	271	256
gene1117	0	1	0	1	4	3	0	1	1	1	3	16	11	0	0	1
gene1118	32	14	39	30	45	44	54	245	62	80	45	121	76	23	41	28
gene1119	15	5	9	0	3	4	16	11	7	22	13	5	5	4	11	5
gene1120	297	144	480	343	84	141	209	297	153	217	196	252	193	63	161	111
gene1121	383	134	776	247	240	270	421	586	349	496	291	848	575	144	384	312
gene1122	19	12	40	14	19	62	43	61	25	43	17	25	48	9	21	13
gene1123	198	60	375	159	970	1061	1378	3556	1779	2617	1343	2236	2237	532	1072	882
gene1124	16	1	16	6	4	1	9	20	7	4	8	41	30	4	2	5
gene1125	152	48	171	73	27	163	159	292	104	153	96	145	176	40	73	65
gene1126	76	43	114	80	289	417	472	1254	966	474	739	1072	688	160	672	373
gene1127	3	0	1	5	0	7	5	17	0	6	1	4	2	0	0	3
gene1128	237	108	653	232	50	49	72	129	94	109	43	135	136	42	36	37
gene1129	28	13	17	19	7	25	16	35	31	34	45	48	52	8	8	8
gene1130	0	0	4	0	0	0	0	5	0	13	0	7	0	4	0	1
gene1131	520	119	438	341	304	343	535	1081	386	655	380	1172	749	179	423	363
gene1132	7	2	5	4	3	3	6	10	13	11	3	7	43	6	1	0
gene1133	259	70	304	137	93	123	217	366	169	261	148	494	411	44	117	133
gene1134	24	5	24	8	17	39	27	41	29	58	10	12	49	8	32	18
gene1135	163	59	256	143	113	154	171	369	156	159	120	318	478	85	150	210
gene1136	969	507	1389	924	741	904	1197	2403	1016	1154	795	2318	1457	414	791	808
gene1137	541	314	1165	518	404	482	736	1282	737	926	626	1476	1507	395	533	543
gene1138	319	216	913	362	337	457	534	676	858	694	404	903	699	164	468	347
gene1139	37	21	139	50	39	46	56	118	61	177	12	77	71	22	41	39
gene1140	2764	2211	8979	4645	4871	4547	5342	10076	6228	6831	5292	8495	10145	2127	3311	3806
gene1141	24	15	52	37	32	28	70	100	30	17	59	117	106	15	37	40
gene1142	1	0	7	0	8	1	4	11	3	33	4	11	16	3	2	13
gene1143	26	11	13	18	10	20	20	46	31	45	32	38	54	9	22	30
gene1144	15	4	57	20	6	34	15	88	23	66	14	25	47	6	38	25
gene1145	9	5	5	12	6	23	11	21	34	17	8	53	30	8	16	5
gene1146	7	6	62	9	5	30	24	5	26	65	22	30	67	8	3	4
gene1147	11	16	5	5	1	15	4	16	0	1	30	7	30	6	21	2
gene1148	69	17	141	35	53	63	85	161	80	81	80	205	110	40	81	63
gene1149	138	53	292	129	79	148	254	272	190	282	128	294	277	71	91	61
gene1150	365	171	767	281	281	486	504	1132	692	709	525	930	995	202	426	448
gene1151	19	4	36	19	2	15	29	5	19	14	13	4	35	11	11	13
gene1152	22	7	83	32	24	25	31	66	31	93	36	81	60	6	48	51
gene1153	1599	1015	2785	1220	7737	9588	10937	22965	12697	14858	8902	24710	19085	4037	8753	6864
gene1154	241	140	428	227	234	337	442	913	678	418	246	517	369	139	232	232
gene1155	3	0	4	6	0	5	5	2	4	0	0	12	5	2	12	1
gene1156	18	1	24	12	7	16	28	57	20	34	33	121	19	13	35	24
gene1157	1	0	1	0	0	0	0	1	0	0	0	0	0	0	0	0
gene1158	132	64	241	147	59	145	262	218	189	204	201	331	318	62	109	152
gene1159	6	7	42	34	36	23	50	67	62	53	51	81	35	15	41	17
gene1160	2750	1058	4395	1169	508	1156	1239	1817	1289	1713	975	1912	1962	486	919	787
gene1161	13	15	33	15	6	21	41	59	28	53	37	30	52	11	29	38
gene1162	638	385	1538	655	411	578	935	1224	747	1023	554	1219	1355	247	700	583
gene1163	43	14	75	15	26	32	27	59	29	58	18	56	33	6	25	19
gene1164	585	215	956	406	1012	1327	1644	2162	1499	1491	1341	2557	2558	456	996	929
gene1165	24	10	54	25	12	17	17	43	21	11	14	19	28	1	7	14
gene1166	12	5	39	30	18	7	25	60	57	51	25	76	24	10	20	16
gene1167	74	36	139	76	41	100	89	137	64	120	84	206	169	42	82	39
gene1168	3	1	29	10	7	1	5	8	0	6	1	3	0	1	2	7
gene1169	37	13	20	15	16	5	39	53	25	54	9	36	32	7	29	31
gene1170	56	36	102	76	49	66	87	205	114	101	66	216	121	36	109	97
gene1171	40	17	44	30	18	38	47	86	74	54	41	39	100	17	17	36
gene1172	132	53	250	131	135	100	237	340	182	248	161	212	314	72	94	132
gene1173	5	8	15	5	6	18	16	27	14	7	45	11	45	7	14	5
gene1174	0	0	0	0	0	0	0	0	0	0	0	0	3	0	0	0
gene1175	113	40	205	88	83	119	64	236	117	241	128	272	221	43	90	61
gene1176	492	226	976	546	339	450	578	1194	732	664	518	1236	1137	234	534	600
gene1177	706	308	1365	711	446	958	1063	1812	1101	1487	716	1812	1706	393	1026	552
gene1178	165	114	376	108	122	196	271	352	231	339	217	546	291	83	145	113
gene1179	21462	10130	43212	20523	17076	20268	28363	43542	30742	29205	26653	63085	58086	11128	21856	29255
gene1180	179	51	254	123	120	176	113	297	173	208	178	307	582	51	133	122
gene1181	0	0	5	0	0	1	11	4	5	0	7	0	0	0	1	0
gene1182	46	13	108	38	52	58	90	52	43	89	60	154	62	19	44	43
gene1183	2	10	4	1	4	24	6	133	16	61	28	87	43	7	19	27
gene1184	61	30	226	67	88	98	114	246	79	127	85	264	192	69	67	95
gene1185	889	463	2066	667	744	1211	1394	2787	1713	1491	1087	2919	1581	573	1213	812
gene1186	0	1	0	0	0	0	1	0	0	0	0	0	0	0	0	0
gene1187	106	33	173	71	39	99	86	184	124	87	46	106	144	36	107	61
gene1188	161	67	371	167	135	138	288	317	233	331	228	506	283	92	169	126
gene1189	4	4	4	18	6	10	17	53	14	30	19	61	24	4	9	9
gene1190	58	33	185	107	58	47	96	121	114	87	67	164	161	20	64	51
gene1191	24	4	66	24	17	13	26	27	24	6	14	9	60	4	8	18
gene1192	38	18	54	33	23	26	27	64	40	30	33	52	56	14	9	14
gene1193	95	20	97	50	64	112	150	310	86	99	100	226	190	44	67	80
gene1194	5	3	2	2	0	1	1	0	0	0	0	1	0	0	0	0
gene1195	33	12	20	6	9	30	11	62	19	11	9	25	3	0	17	7
gene1196	19	8	54	16	8	24	19	46	59	31	9	8	48	3	33	12
gene1197	4	3	15	5	2	4	8	12	8	9	5	14	15	1	10	12
gene1198	494	290	1303	693	595	610	1004	1582	881	853	962	1426	1278	356	740	568
gene1199	0	1	0	0	0	0	0	0	0	0	0	3	1	0	0	0
gene1200	33	22	93	46	67	121	85	165	154	169	214	253	94	73	124	64
gene1201	149	87	290	78	110	121	195	295	266	143	112	387	359	63	114	86
gene1202	52	28	104	71	28	58	60	192	51	141	72	153	154	28	56	66
gene1203	16	6	57	25	10	20	30	15	29	35	20	59	37	4	4	1
gene1204	13470	7346	23567	18163	10206	16937	21830	27322	18754	23742	15557	39147	32999	7643	15103	14286
gene1205	40	10	63	38	117	204	176	279	213	378	223	501	286	66	167	180
gene1206	1287	393	1565	790	571	997	1348	2041	1337	1371	1201	2022	1832	433	1087	700
gene1207	4	0	15	1	1	6	2	13	17	6	6	8	11	0	7	2
gene1208	53	32	82	41	24	80	109	103	81	77	76	145	82	28	35	51
gene1209	3	0	12	0	1	5	6	6	5	4	2	23	0	0	1	0
gene1210	0	0	5	1	2	0	0	1	5	1	0	0	4	0	2	3
gene1211	0	4	7	0	2	0	17	0	3	5	0	19	2	0	4	3
gene1212	7	3	14	7	12	18	11	21	17	15	5	17	22	9	5	15
gene1213	0	0	2	1	0	3	9	42	11	0	0	0	9	1	18	0
gene1214	150	89	201	100	87	219	218	381	214	396	153	403	152	88	159	128
gene1215	78	35	159	113	47	76	176	277	92	136	94	141	270	40	71	86
gene1216	0	0	0	0	0	1	0	0	0	3	0	0	0	0	0	0
gene1217	37	18	77	51	19	48	51	174	42	80	69	112	73	21	75	73
gene1218	31	4	36	24	72	131	291	346	58	65	135	214	155	55	128	87
gene1219	11	8	10	11	14	20	18	49	16	36	3	93	40	9	10	19
gene1220	234	129	391	206	196	312	251	574	274	526	188	591	511	76	178	296
gene1221	149	70	249	199	83	165	220	206	144	250	154	309	279	41	112	136
gene1222	10	6	39	13	15	9	80	29	31	28	41	46	18	11	15	10
gene1223	112	50	211	94	86	162	125	170	145	175	111	217	238	51	88	120
gene1224	284	136	699	279	764	1382	1826	2633	1287	1825	1152	2871	1649	514	1093	901
gene1225	64	23	211	74	75	110	139	345	146	195	60	266	213	40	110	72
gene1226	82	17	86	32	52	66	65	132	100	121	81	114	155	29	81	76
gene1227	1123	635	1924	1177	1125	1791	2270	3791	1622	2751	1202	3977	2878	648	1172	1101
gene1228	3	0	4	4	8	2	7	14	0	6	1	5	2	0	2	2
gene1229	12	0	9	4	7	7	10	18	0	8	6	18	36	6	9	28
gene1230	85	21	144	82	47	92	74	86	38	123	60	229	90	34	55	48
gene1231	5	3	18	11	17	30	50	96	60	47	25	124	71	1	23	5
gene1232	202	57	341	177	70	150	144	216	105	167	82	272	202	42	77	71
gene1233	90	55	172	55	61	86	135	193	157	97	45	200	109	39	76	80
gene1234	4	1	10	10	2	2	1	25	2	17	9	6	18	0	12	5
gene1235	31	17	45	29	19	40	20	59	53	74	38	103	41	17	54	22
gene1236	8	0	8	3	2	3	3	5	0	0	1	3	1	2	1	7
gene1237	37	12	87	60	14	40	23	95	46	49	34	118	33	43	57	52
gene1238	117	81	225	125	121	203	190	405	163	157	195	417	300	39	131	107
gene1239	117	48	135	50	41	47	89	151	100	110	30	141	82	24	59	36
gene1240	11	0	14	6	1	0	1	1	0	0	1	0	3	1	1	0
gene1241	65	21	119	38	333	403	528	938	525	760	239	748	637	257	266	642
gene1242	55	40	118	91	54	78	63	198	74	94	78	188	176	43	36	58
gene1243	36	17	46	16	7	29	50	68	33	45	18	26	43	12	35	21
gene1244	312	113	462	372	380	298	471	589	499	568	458	965	733	146	203	231
gene1245	44	19	100	10	27	41	38	106	54	78	37	42	64	16	24	28
gene1246	4	6	18	11	3	30	23	55	14	14	13	19	15	0	19	21
gene1247	47	16	91	37	50	42	41	131	66	55	76	89	66	10	40	91
gene1248	13	2	0	12	8	1	3	11	9	1	4	1	8	0	4	14
gene1249	60	19	66	84	46	53	84	113	130	80	68	123	190	28	72	67
gene1250	293	159	563	240	204	234	352	777	334	512	310	633	587	125	298	317
gene1251	2	1	14	14	13	14	7	23	16	43	19	54	20	3	3	11
gene1252	973	550	1883	822	2372	3507	4325	8460	5032	4538	3844	7087	6240	1421	2985	3216
gene1253	193	48	258	126	107	142	175	300	195	192	169	293	249	54	112	150
gene1254	0	0	2	0	0	0	0	2	0	8	0	0	5	0	0	0
gene1255	0	0	0	0	0	0	0	0	0	0	0	5	3	0	0	0
gene1256	173	91	357	179	97	226	290	395	232	292	273	432	415	72	219	186
gene1257	0	0	0	0	3	0	0	0	1	0	0	4	24	0	0	0
gene1258	99	19	222	123	77	103	107	254	177	120	93	101	183	36	111	109
gene1259	55	35	117	49	4	13	10	35	15	15	13	20	24	6	13	8
gene1260	235	148	285	148	142	207	387	367	218	315	194	532	326	60	154	180
gene1261	188	93	315	179	142	201	191	381	217	290	221	439	308	84	146	206
gene1262	5008	1794	8577	3507	2902	6310	5208	8758	4819	7526	5498	7907	8935	1369	4358	4267
gene1263	2	3	1	4	4	10	4	13	7	6	0	22	5	6	5	6
gene1264	27	9	8	16	2	24	19	112	16	13	16	42	35	10	15	19
gene1265	79	28	90	52	49	61	64	231	84	141	133	175	119	23	60	73
gene1266	0	3	3	9	2	11	3	0	2	7	2	17	0	0	0	0
gene1267	4	3	10	15	2	15	8	6	11	17	3	37	8	3	4	12
gene1268	10	6	18	8	11	9	17	36	27	15	17	24	39	6	12	15
gene1269	193	86	352	119	135	232	222	422	277	326	126	415	375	97	165	202
gene1270	114	100	334	205	171	188	304	282	283	399	207	437	362	67	260	161
gene1271	0	0	0	0	0	0	0	0	0	0	0	0	0	0	0	0
gene1272	135	54	213	78	77	180	214	260	137	210	125	352	201	41	116	95
gene1273	65	32	99	74	42	47	71	95	66	88	64	163	104	26	82	72
gene1274	218	72	399	207	187	231	361	465	246	472	256	325	419	68	205	173
gene1275	0	0	10	1	3	8	0	12	7	4	0	2	2	1	0	4
gene1276	16	0	33	32	23	12	21	67	13	59	34	57	59	8	22	14
gene1277	4020	3061	10547	5093	4550	6442	8359	12636	7587	7598	6599	14196	9950	3386	5331	4878
gene1278	54	35	113	56	51	60	77	171	74	58	44	122	144	24	52	114
gene1279	34	14	82	76	31	42	68	113	46	83	77	202	45	36	28	64
gene1280	1234	778	2137	1449	1266	2089	2301	3678	1424	2186	2072	2473	3386	588	1442	1595
gene1281	64	13	93	54	77	19	40	70	35	45	38	106	47	7	44	54
gene1282	108	43	234	112	78	87	152	182	160	174	192	169	184	30	69	81
gene1283	711	307	1484	637	1039	1140	1715	3795	2297	2879	1414	3494	2967	698	1463	1309
gene1284	0	5	9	0	2	0	0	1	15	3	3	16	0	0	2	0
gene1285	29	0	26	13	18	25	18	39	20	4	6	39	36	5	9	7
gene1286	837	304	1959	560	543	773	1159	1771	959	1033	793	1963	1689	438	1168	487
gene1287	296	130	538	220	245	369	512	641	385	394	304	507	669	136	322	269
gene1288	19	11	54	29	25	49	48	53	57	65	11	65	64	14	19	26
gene1289	20400	9089	37558	24005	21623	19791	30814	45963	25378	31579	29640	53912	52987	10752	22707	17994
gene1290	102	82	164	116	88	120	121	136	129	127	143	303	202	43	98	71
gene1291	103	67	214	105	80	104	225	356	103	243	96	283	185	55	161	122
gene1292	169	51	432	233	175	140	256	509	285	225	200	307	540	104	188	203
gene1293	1	1	0	3	0	0	6	2	0	0	0	1	0	0	0	2
gene1294	251	88	375	185	77	131	96	206	98	211	137	205	231	37	65	77
gene1295	22	5	77	16	53	44	48	144	60	62	33	56	75	42	31	29
gene1296	885	326	1283	527	2291	2580	3836	4973	3676	4319	3714	5359	6030	1170	2840	3070
gene1297	88	74	308	194	106	187	215	422	193	237	191	332	297	71	112	258
gene1298	118	43	285	108	134	125	163	274	189	182	165	293	271	83	144	108
gene1299	69	23	131	62	5	3	21	23	12	12	11	10	21	3	11	19
gene1300	16	3	32	11	2	4	22	36	7	39	20	33	17	1	14	9
gene1301	964	571	1858	842	803	884	1593	2123	1668	1797	875	1954	2369	504	970	678
gene1302	1958	1497	5625	1836	1886	2326	2666	4965	2908	3541	2433	6293	3625	980	2032	2277
gene1303	0	3	13	17	6	10	21	42	17	3	15	1	5	3	11	15
gene1304	143	57	248	118	188	148	167	369	199	323	166	359	338	42	199	113
gene1305	7	1	15	7	10	33	90	139	34	52	78	119	63	13	23	12
gene1306	87	34	102	60	84	92	122	179	140	171	98	270	119	25	83	52
gene1307	1387	458	1666	789	216	323	318	537	403	327	281	800	496	110	224	287
gene1308	22	22	37	35	2	1	7	5	4	5	5	2	7	0	2	3
gene1309	11	4	13	8	7	21	27	13	22	35	8	71	24	11	26	22
gene1310	163	52	246	123	53	214	178	407	180	224	123	372	317	95	113	114
gene1311	5	0	2	4	5	1	8	8	17	0	0	5	1	0	7	5
gene1312	15	31	35	36	42	61	34	86	41	63	24	41	122	13	80	39
gene1313	40	11	59	28	29	23	41	101	31	47	35	49	101	13	47	33
gene1314	26	1	10	15	1	11	9	17	16	13	16	10	12	1	8	7
gene1315	191	40	405	159	106	200	204	391	186	328	168	642	233	81	158	206
gene1316	106	34	77	63	63	45	100	93	90	136	52	137	89	18	84	66
gene1317	316	176	843	235	419	490	704	1403	474	900	535	1203	873	260	393	382
gene1318	2	4	0	1	12	1	2	21	7	6	3	11	1	0	11	1
gene1319	2536	1446	5154	2494	1735	3377	4067	6585	3939	3842	2311	8109	4224	1589	2283	1798
gene1320	36	15	44	20	38	23	29	59	38	22	32	60	65	0	27	18
gene1321	18	15	38	9	16	20	21	20	27	70	23	51	62	3	15	31
gene1322	12	8	35	21	18	21	27	38	79	50	18	29	13	13	27	25
gene1323	82	69	187	96	90	144	169	319	151	214	111	231	338	26	97	124
gene1324	1393	581	3146	975	916	1721	2153	3514	1485	2151	1634	2983	3286	920	1712	1603
gene1325	3	0	3	8	6	7	3	7	6	10	7	10	1	5	4	3
gene1326	272	81	427	216	172	198	362	595	217	322	219	575	357	91	179	149
gene1327	4	6	14	2	0	0	0	0	0	2	0	0	5	1	0	0
gene1328	6	0	0	1	5	1	6	0	1	4	1	11	1	2	0	0
gene1329	53	17	61	28	57	28	59	218	55	76	87	126	95	16	44	42
gene1330	10	1	21	7	4	8	4	6	6	3	1	13	16	0	0	0
gene1331	21	1	21	15	5	35	21	18	12	8	2	8	26	7	9	25
gene1332	1	1	0	3	5	0	17	25	0	6	7	9	16	3	15	3
gene1333	21	3	30	32	22	4	30	44	33	29	30	58	65	6	17	24
gene1334	31	11	64	28	17	18	25	80	44	40	55	76	93	11	34	49
gene1335	0	0	0	0	0	0	1	1	0	2	3	0	12	1	1	0
gene1336	1932	821	3579	1652	1621	2205	2735	3974	2370	3286	3118	4872	4867	1023	1833	2036
gene1337	1	1	9	1	0	2	15	29	23	8	21	2	5	1	5	3
gene1338	1948	912	3381	1237	611	1014	1343	2561	1158	1437	1034	3002	2238	435	1059	1020
gene1339	54	47	96	64	56	63	127	69	169	76	150	216	174	17	127	71
gene1340	739	346	1115	758	562	822	840	1473	937	1059	735	1731	1603	256	592	627
gene1341	17	4	0	0	0	2	6	0	4	0	0	10	8	1	0	2
gene1342	79	74	188	91	92	96	134	291	127	194	88	296	177	38	184	133
gene1343	68	76	193	103	122	108	139	242	132	129	104	273	142	56	142	162
gene1344	17	5	36	16	15	12	46	19	4	35	54	15	49	9	6	12
gene1345	1586	961	4144	1777	1328	2005	2725	3613	2422	3850	2021	4434	3750	808	2013	1729
gene1346	3	1	0	0	2	2	3	22	13	3	0	15	13	0	0	12
gene1347	6	9	36	11	21	22	22	30	8	11	37	87	27	0	41	16
gene1348	32	14	55	34	38	25	42	73	58	45	57	82	83	9	18	31
gene1349	2	5	6	5	8	1	3	48	5	22	16	14	10	7	9	1
gene1350	3	4	17	8	10	9	3	14	18	2	9	26	4	2	20	2
gene1351	67	34	71	52	45	46	63	88	93	67	57	63	123	18	48	72
gene1352	6	5	13	9	5	8	20	5	4	0	14	11	17	2	10	0
gene1353	16	16	18	15	10	20	30	23	8	13	11	14	58	7	11	21
gene1354	11	4	9	0	9	4	9	33	4	7	6	19	37	0	14	7
gene1355	17	17	23	15	14	8	14	4	5	16	8	9	10	2	5	6
gene1356	172	45	215	80	124	131	145	176	155	141	118	194	153	32	107	83
gene1357	0	0	0	0	2	0	0	0	0	0	0	0	0	0	0	0
gene1358	171	47	225	164	78	94	174	389	210	207	238	351	251	71	82	142
gene1359	161	82	145	96	103	85	189	308	75	127	91	261	153	55	52	128
gene1360	41	5	16	13	16	26	22	26	13	85	56	25	38	9	21	26
gene1361	7	2	31	27	2	13	28	18	4	22	11	49	5	2	11	4
gene1362	10	6	27	10	24	18	76	93	54	53	43	129	73	7	35	30
gene1363	15	1	20	8	4	18	9	25	3	3	29	26	29	5	9	3
gene1364	38	23	107	69	33	66	68	132	63	111	60	74	115	35	74	59
gene1365	24	10	26	18	17	15	34	55	18	51	45	25	90	3	34	38
gene1366	69	25	40	31	23	57	34	69	54	35	70	71	147	21	30	24
gene1367	117	58	183	89	83	81	171	181	117	143	99	126	233	37	87	73
gene1368	36	4	59	6	19	11	22	70	10	53	18	44	25	6	16	11
gene1369	17295	6916	32835	12871	14543	17345	19728	39371	24371	32024	22465	40119	39910	10155	18313	11501
gene1370	1314	433	1760	824	913	1217	1284	2307	1418	1402	1210	2402	2561	486	1260	1327
gene1371	54	32	94	56	60	44	78	109	62	79	50	112	152	45	52	49
gene1372	161	83	291	136	124	156	218	284	228	256	153	388	437	71	165	131
gene1373	4	4	34	7	8	10	4	12	6	12	25	21	20	4	13	10
gene1374	20	18	47	25	26	34	71	60	62	85	37	21	66	19	9	26
gene1375	10	7	4	3	3	1	2	20	21	11	6	3	2	1	0	1
gene1376	17	0	4	5	0	2	5	0	2	0	1	3	0	0	0	0
gene1377	514	223	1017	450	276	555	651	934	497	782	482	975	911	288	378	364
gene1378	4611	2709	9236	5546	4065	7947	8977	12936	7731	9332	7165	13622	10601	2725	5839	5076
gene1379	305	164	549	388	182	369	623	752	421	534	318	682	771	117	335	287
gene1380	11	10	16	1	1	5	32	19	23	0	10	3	9	0	0	2
gene1381	196	96	432	217	208	219	409	562	252	426	277	591	504	95	202	156
gene1382	0	2	0	1	0	0	0	0	0	0	0	2	0	0	0	0
gene1383	54	9	81	52	36	57	61	135	45	73	77	153	114	32	35	57
gene1384	1996	1193	3871	1754	1456	2344	3035	4220	2652	3842	2222	3669	4102	747	1719	1587
gene1385	377	193	813	305	268	389	637	827	420	344	440	909	688	175	294	352
gene1386	0	0	0	1	1	0	0	1	0	0	0	0	27	0	1	1
gene1387	738	306	1338	559	91	135	162	272	128	179	135	350	164	52	93	133
gene1388	53	42	105	46	29	116	93	245	89	120	115	164	127	18	47	103
gene1389	185	130	474	225	196	235	301	341	202	357	225	460	371	68	152	206
gene1390	65	14	75	35	44	54	71	152	73	65	51	109	124	19	37	43
gene1391	3	2	7	4	11	4	2	30	0	2	6	6	35	6	2	3
gene1392	6	0	0	0	1	2	0	1	0	0	1	0	0	0	1	0
gene1393	243	111	399	137	226	285	362	621	286	394	297	519	467	100	176	167
gene1394	46	13	48	32	71	27	51	120	52	122	55	144	126	27	77	53
gene1395	4	12	48	3	22	16	37	23	11	15	16	31	13	9	10	10
gene1396	0	0	0	0	0	1	0	0	0	0	0	0	0	0	3	2
gene1397	749	367	1147	633	2893	3503	5004	7227	4428	5748	3299	9754	5804	1624	3027	2919
gene1398	359	161	811	386	378	596	529	872	543	679	333	908	1017	166	487	407
gene1399	1727	1156	4572	2500	1637	2073	3193	6471	4027	3908	2470	5446	3795	1109	2087	2338
gene1400	87	45	213	72	13	12	14	36	22	37	23	43	29	6	13	22
gene1401	330	202	660	289	309	321	545	685	477	576	386	985	762	157	327	258
gene1402	185	81	429	132	164	225	376	372	234	309	183	447	383	73	181	137
gene1403	616	265	904	451	454	583	766	1602	1014	833	561	1800	1419	390	522	648
gene1404	1709	734	3028	1663	1355	1728	2233	4127	2091	2943	1843	3619	4529	806	1688	1806
gene1405	15	8	7	11	73	89	215	343	71	102	189	177	84	27	94	84
gene1406	289	144	685	323	198	326	405	521	349	483	265	809	584	139	301	279
gene1407	2	2	2	2	0	6	4	14	6	4	3	0	5	3	1	3
gene1408	9	4	0	3	0	2	7	3	0	2	2	3	2	0	1	0
gene1409	4	1	3	1	3	1	0	1	0	4	0	18	2	5	0	2
gene1410	0	0	0	0	0	0	0	0	2	0	2	0	0	0	0	10
gene1411	240	69	348	132	176	314	196	374	323	488	327	528	384	108	126	135
gene1412	115	54	136	120	117	105	222	282	236	191	119	239	209	40	111	126
gene1413	184	110	238	134	90	192	297	388	241	352	201	289	344	72	196	149
gene1414	1983	716	3658	1183	1216	1710	2177	4128	1757	2538	1756	4243	3964	789	1694	1889
gene1415	1698	809	3647	1667	1260	2476	3986	5590	2282	3769	1852	4415	4110	756	1650	1772
gene1416	825	373	1363	610	3114	5276	6731	8629	5268	7760	4560	11203	9949	1633	4160	5242
gene1417	0	0	5	1	1	1	4	6	0	0	1	12	9	0	0	1
gene1418	3	0	5	0	4	7	12	28	8	7	6	38	10	0	3	2
gene1419	9	3	10	7	21	3	18	11	14	10	13	62	9	6	5	16
gene1420	4	5	11	2	8	6	34	7	5	11	14	4	3	3	15	2
gene1421	87	38	181	71	18	49	67	58	23	65	46	34	46	12	29	30
gene1422	55	24	163	74	23	56	60	94	57	94	49	135	92	17	24	28
gene1423	25	13	14	28	17	28	28	62	49	73	62	149	50	11	28	28
gene1424	26	6	22	8	4	16	15	12	8	24	14	16	57	6	14	9
gene1425	85	33	149	103	98	83	138	264	139	178	100	190	159	75	103	119
gene1426	22	5	13	5	11	20	19	16	6	13	25	9	16	0	11	12
gene1427	611	426	1007	724	514	655	726	1703	1034	1084	657	1844	1327	267	557	566
gene1428	654	363	1707	1060	557	829	1026	1980	1109	1056	708	1604	1433	335	590	725
gene1429	322	153	704	364	284	395	449	724	398	841	453	653	747	122	426	364
gene1430	13	9	65	18	5	10	13	8	9	1	6	7	12	1	7	7
gene1431	56	23	89	46	44	91	62	109	137	83	74	121	112	29	51	43
gene1432	317	132	451	271	71	132	164	333	160	200	117	257	217	48	111	110
gene1433	60	50	204	42	59	80	99	205	101	133	106	181	149	30	94	45
gene1434	2	0	10	4	2	2	2	36	5	1	15	18	6	1	3	1
gene1435	4954	2460	10956	4144	3605	4233	10596	11996	6993	9778	6903	14705	9992	1957	5404	4939
gene1436	6	1	24	0	4	9	21	16	11	7	4	30	14	1	4	3
gene1437	14	6	16	8	8	5	8	7	5	12	18	6	14	0	2	12
gene1438	4	8	13	6	8	6	16	32	15	24	19	35	19	2	11	11
gene1439	656	357	1173	546	489	724	812	1894	915	1152	732	1723	1702	273	784	617
gene1440	83	35	145	52	52	86	148	189	149	217	73	376	209	37	101	64
gene1441	3	1	3	2	10	1	15	9	9	44	14	22	23	0	1	0
gene1442	258	117	561	194	280	334	534	972	484	583	368	1119	527	173	275	281
gene1443	183	104	296	189	156	162	216	469	213	317	191	314	443	96	174	207
gene1444	91	57	90	96	55	87	138	112	104	163	98	237	132	39	70	83
gene1445	45	18	29	19	4	5	7	8	8	14	17	13	11	4	5	4
gene1446	670	382	1687	680	573	872	826	1800	1163	1181	802	1925	1574	385	818	776
gene1447	41	43	190	57	78	151	104	116	112	150	87	161	117	54	88	56
gene1448	0	1	0	0	0	1	0	5	0	0	0	0	0	0	0	0
gene1449	8	7	35	16	8	22	25	15	24	24	16	33	13	5	15	11
gene1450	39	15	103	38	32	54	67	94	42	43	73	63	61	9	59	66
gene1451	6	2	24	2	3	6	10	15	6	14	21	20	1	0	3	15
gene1452	23	5	44	9	17	6	10	56	4	20	16	44	19	4	8	31
gene1453	18	13	33	26	83	87	272	73	135	151	61	112	158	24	20	67
gene1454	0	1	0	2	1	5	1	11	6	2	0	0	1	0	5	0
gene1455	2	6	6	1	0	3	0	1	0	6	1	24	4	0	2	1
gene1456	438	212	782	375	343	550	631	900	500	805	440	1206	856	203	454	268
gene1457	44	16	36	10	17	54	34	62	55	56	33	101	95	22	44	39
gene1458	407	189	489	298	304	301	567	980	373	796	512	930	914	158	478	337
gene1459	84	32	163	60	72	49	82	204	98	96	76	217	128	63	86	65
gene1460	1475	847	3009	1172	1578	2060	1632	4063	2594	2677	1916	4261	4067	985	1504	1561
gene1461	49	23	156	54	79	75	120	131	125	167	85	176	137	52	57	57
gene1462	3	2	60	27	2	9	5	15	14	12	33	27	39	10	9	18
gene1463	8	4	2	1	1	5	36	22	4	7	10	32	16	0	7	3
gene1464	12	4	23	11	12	7	16	44	18	27	27	34	30	5	15	20
gene1465	10	0	11	2	5	2	10	19	1	9	3	11	18	1	5	4
gene1466	3	0	3	5	3	15	10	4	0	2	8	20	4	1	3	2
gene1467	17	2	19	1	9	6	2	5	0	14	3	19	2	0	1	3
gene1468	135	50	261	102	132	113	248	249	119	203	117	327	280	44	103	112
gene1469	74	36	118	68	92	111	114	190	74	112	61	195	127	41	106	122
gene1470	34	11	67	22	24	20	53	51	30	57	29	95	37	18	21	15
gene1471	37	11	86	30	20	45	53	68	59	51	26	54	66	38	16	72
gene1472	19818	9489	44835	19937	12988	28236	29900	47043	21926	38194	22334	61349	37734	11229	20139	22369
gene1473	139	69	285	150	146	175	252	304	243	246	132	301	419	109	203	147
gene1474	3	0	0	1	2	0	6	0	0	0	4	0	0	0	0	0
gene1475	248	141	580	184	211	183	515	536	402	497	251	803	552	103	226	203
gene1476	2	4	17	14	4	12	18	3	8	8	10	23	3	0	7	17
gene1477	861	388	1221	708	534	781	1042	1555	722	899	896	2149	1235	375	880	788
gene1478	1011	606	2252	818	265	408	495	691	442	368	375	799	742	176	233	299
gene1479	46	41	96	28	33	49	74	132	68	71	51	198	60	29	64	35
gene1480	0	0	0	0	0	0	0	0	0	0	0	0	0	0	1	0
gene1481	10	2	1	1	0	0	2	23	1	0	0	3	5	0	0	0
gene1482	5	5	16	4	2	11	0	10	7	8	22	16	14	2	2	2
gene1483	97	40	182	79	58	128	207	179	190	102	119	243	231	34	92	101
gene1484	172	54	194	134	124	132	205	321	175	268	95	329	291	56	135	199
gene1485	1	1	1	0	0	0	0	0	0	0	0	0	0	0	0	0
gene1486	130	95	519	116	146	223	351	384	266	527	214	545	450	128	220	276
gene1487	216	65	407	159	144	254	298	433	243	480	195	354	375	60	124	151
gene1488	3461	1996	4498	2646	2537	4207	5431	8937	3834	4881	4630	6627	7898	1646	2276	3294
gene1489	146	65	198	126	172	116	125	404	152	223	129	342	396	60	142	111
gene1490	0	2	23	4	7	5	6	24	11	15	5	5	0	2	2	3
gene1491	135	110	313	143	139	169	172	346	263	334	207	418	356	78	177	151
gene1492	7	13	36	17	6	8	23	44	17	20	15	55	58	7	31	37
gene1493	8	3	6	10	3	13	4	48	9	20	5	35	15	6	5	21
gene1494	26	8	17	11	26	41	13	50	30	22	18	66	16	16	20	38
gene1495	126	53	246	107	93	113	141	459	224	394	197	376	201	65	151	174
gene1496	1464	1018	2436	1356	1017	2047	2065	3349	2006	2468	1432	2358	3833	598	1321	1319
gene1497	0	1	0	2	0	1	10	16	3	0	3	8	7	4	1	0
gene1498	941	470	2780	1267	873	1181	1180	2437	1259	1225	1083	2977	2795	568	1028	1141
gene1499	82	41	220	111	76	98	127	300	118	215	159	272	218	67	133	118
gene1500	127	49	296	193	68	175	245	276	259	210	158	311	382	51	94	92
gene1501	5	2	11	2	8	3	26	33	11	25	4	20	16	1	8	15
gene1502	30	3	24	25	13	15	18	39	11	48	3	29	25	5	32	12
gene1503	25	6	29	28	28	30	57	103	22	78	54	56	38	16	37	40
gene1504	8	4	42	2	2	14	7	33	1	8	5	12	38	4	8	16
gene1505	137	39	268	105	76	128	139	281	158	196	214	291	277	57	117	107
gene1506	0	0	0	0	0	0	0	0	0	0	0	0	0	0	0	0
gene1507	7	1	1	1	0	0	0	10	1	5	4	0	0	0	4	5
gene1508	549	202	629	450	333	627	721	1140	701	821	592	1228	933	170	387	432
gene1509	0	1	4	0	1	5	1	0	0	2	2	6	2	0	11	0
gene1510	146	56	308	177	136	158	125	409	228	366	218	439	391	84	231	217
gene1511	796	346	1327	602	598	575	1461	1938	954	1226	928	1484	1757	357	599	784
gene1512	101	41	154	94	61	59	72	221	79	156	115	242	154	57	50	54
gene1513	1	1	0	5	2	12	2	1	0	31	5	7	0	0	0	2
gene1514	80	22	160	66	4	10	21	38	7	21	19	24	19	1	10	6
gene1515	1683	763	3415	1619	956	1545	2406	4176	1764	2906	1797	3616	3252	550	1314	1856
gene1516	673	436	1982	888	698	1005	1115	2463	1061	1736	1075	3305	1540	338	714	625
gene1517	8499	4992	16333	7549	7619	10524	12039	30213	11703	10551	14923	19939	17107	3556	10694	8076
gene1518	5	3	2	3	12	20	10	9	20	15	12	16	17	3	4	18
gene1519	117	28	335	124	98	258	226	630	300	426	259	485	581	135	220	177
gene1520	28	14	55	12	31	17	19	35	29	65	29	43	80	6	30	19
gene1521	5	0	0	7	0	1	0	5	5	0	0	0	7	1	0	0
gene1522	22	12	64	30	29	27	36	45	40	75	49	38	54	13	19	26
gene1523	14	12	76	19	4	25	26	52	15	23	24	26	27	1	19	21
gene1524	3662	1547	7029	3321	2577	4322	7258	7981	5315	6318	6536	9926	6986	1364	4066	3808
gene1525	47	33	105	34	48	54	89	152	49	88	125	142	91	25	41	50
gene1526	180	64	274	115	155	210	273	208	207	302	158	303	405	82	206	149
gene1527	351	91	396	190	166	263	329	575	376	273	378	871	407	88	225	205
gene1528	14	1	4	5	2	3	8	10	0	3	1	3	6	0	3	0
gene1529	8	3	1	5	3	12	23	36	5	18	8	41	14	8	6	9
gene1530	387	243	822	431	350	494	646	981	390	814	691	1064	1110	300	403	480
gene1531	79	25	104	41	51	64	88	228	114	114	64	127	172	34	47	73
gene1532	4172	2261	8893	3908	3689	5923	6278	10558	4802	8269	5140	11904	9111	2454	4473	4350
gene1533	25	13	56	42	19	35	43	65	9	79	40	54	69	13	38	13
gene1534	522	260	926	519	531	557	654	1378	748	906	602	1328	1025	221	523	471
gene1535	138	45	269	121	100	108	162	316	81	156	215	322	195	46	118	86
gene1536	8	3	29	7	11	21	26	20	11	22	10	32	39	13	17	9
gene1537	75	37	118	65	74	85	100	230	89	148	116	110	131	26	91	108
gene1538	108	74	276	197	162	101	286	207	208	278	183	397	370	62	130	103
gene1539	46	22	51	36	194	282	255	846	529	172	434	741	910	70	394	299
gene1540	89	55	198	74	45	107	87	180	66	120	87	214	247	21	76	105
gene1541	125	71	214	159	115	99	197	411	197	237	141	270	452	114	175	139
gene1542	12	17	11	30	15	42	10	31	25	22	46	50	31	2	9	19
gene1543	35	14	37	52	23	33	58	66	51	32	35	56	43	23	23	38
gene1544	208	117	621	253	232	289	295	638	364	401	214	578	605	135	307	200
gene1545	3	9	33	5	9	20	12	14	27	14	9	23	16	4	25	8
gene1546	285	95	436	258	141	281	359	557	409	456	282	605	482	71	141	299
gene1547	1	3	17	6	34	5	9	48	27	47	22	39	35	10	2	8
gene1548	228	96	508	206	209	307	349	619	357	462	360	559	621	126	241	221
gene1549	87	58	147	48	134	115	239	258	227	223	260	295	227	53	134	157
gene1550	6	18	35	11	12	19	23	75	6	20	30	30	53	13	26	23
gene1551	2	4	9	3	7	15	1	18	4	15	15	6	2	0	0	3
gene1552	77	17	206	56	41	49	76	107	66	63	76	194	156	21	41	76
gene1553	59	29	89	42	35	79	59	110	33	85	81	78	107	18	36	78
gene1554	5	0	13	0	0	1	0	0	0	0	0	1	1	0	1	0
gene1555	2	6	26	0	4	3	27	6	2	1	4	4	5	1	8	2
gene1556	28	12	71	25	31	22	49	136	97	53	67	67	75	17	42	35
gene1557	53	12	75	49	42	59	36	103	75	57	45	142	50	13	33	24
gene1558	1886	1030	3594	1799	1837	2193	3488	3944	3258	3283	2481	4914	4394	954	2301	1811
gene1559	1	0	0	2	0	0	0	6	0	0	0	4	0	0	1	0
gene1560	110	37	154	102	136	91	111	226	129	208	184	404	230	59	151	122
gene1561	890	427	1798	832	555	928	1339	2210	893	1724	1207	2083	1884	608	953	921
gene1562	4	2	2	9	2	5	2	2	0	0	7	13	0	0	0	2
gene1563	57	33	95	87	31	34	29	72	31	47	24	124	68	11	32	46
gene1564	55	8	87	44	16	49	26	45	61	40	38	112	55	12	37	44
gene1565	113	59	175	148	89	127	131	336	128	167	177	277	268	36	167	144
gene1566	162	78	199	138	129	184	239	413	141	300	138	315	365	67	128	186
gene1567	78	28	119	57	36	69	105	163	80	102	94	180	103	28	101	55
gene1568	971	399	1638	731	790	1039	1331	2682	1546	2078	1772	2025	1676	490	784	793
gene1569	383	177	944	258	298	349	545	894	415	523	456	987	652	191	415	326
gene1570	460	128	576	284	57	66	108	243	140	169	132	274	160	37	93	94
gene1571	24	2	27	12	15	10	32	22	10	22	12	54	14	6	11	16
gene1572	28	4	111	13	5	39	27	56	62	47	41	86	93	13	46	34
gene1573	1	0	0	3	2	6	2	20	2	2	7	1	0	1	4	12
gene1574	8	1	29	21	18	15	31	18	12	33	8	11	28	2	12	11
gene1575	0	0	0	0	0	1	0	1	0	0	0	0	3	0	4	1
gene1576	1	0	9	1	8	0	0	15	0	3	7	6	27	0	2	1
gene1577	0	0	3	2	0	0	4	0	0	0	0	4	8	1	1	0
gene1578	7	3	4	24	9	7	27	28	17	13	42	1	23	6	10	6
gene1579	137	61	243	149	106	129	217	342	274	190	137	353	307	72	144	105
gene1580	111	53	183	103	120	132	135	216	136	177	100	305	251	38	103	75
gene1581	59	69	214	111	99	90	135	208	95	128	70	241	157	50	97	66
gene1582	0	0	0	0	0	0	1	0	1	3	0	0	2	0	0	1
gene1583	3	0	17	6	6	14	8	34	9	11	23	19	18	5	4	6
gene1584	24	4	40	9	2	0	0	7	5	4	2	3	1	1	4	5
gene1585	11	2	16	9	20	13	46	48	13	53	20	65	34	6	13	42
gene1586	27	17	25	19	17	14	27	47	57	24	39	96	30	10	28	18
gene1587	0	0	1	0	1	0	1	13	0	0	1	25	6	0	2	4
gene1588	8	8	36	12	4	35	36	183	38	31	15	80	56	11	51	59
gene1589	19	9	55	28	29	42	44	163	70	78	26	60	57	9	41	37
gene1590	9	1	0	5	0	2	5	2	10	3	10	37	8	0	3	3
gene1591	132	40	285	164	98	114	214	178	122	169	131	331	310	48	112	133
gene1592	72	39	375	93	88	126	122	209	123	70	58	211	147	58	99	32
gene1593	475	292	940	442	581	546	733	1053	868	1136	701	1412	1379	271	739	699
gene1594	183	97	521	136	160	143	218	649	260	340	203	805	486	105	197	262
gene1595	3163	1336	5594	2609	2168	2778	4061	7494	4640	5125	3660	6017	5632	1053	3130	2231
gene1596	9314	3380	13736	5564	5081	7020	11776	17623	8235	14361	9578	18724	12582	3316	6305	6808
gene1597	190	92	269	197	106	155	245	325	263	332	205	396	472	96	175	175
gene1598	0	0	1	0	0	0	0	0	0	0	0	0	0	0	0	0
gene1599	65	49	96	83	52	32	109	120	70	86	70	85	97	43	61	48
gene1600	3	18	29	7	22	30	24	37	17	39	3	34	33	5	9	9
gene1601	2545	1353	4665	2366	1753	2646	3872	5789	3464	4442	3100	9341	7421	1054	3398	2475
gene1602	6	3	4	3	0	0	0	1	0	0	0	0	0	0	0	0
gene1603	0	0	0	7	0	0	2	16	0	3	0	0	0	0	1	12
gene1604	73	32	60	62	53	84	87	188	129	111	92	178	171	39	70	72
gene1605	232	75	357	146	129	273	250	540	242	317	195	384	336	122	262	154
gene1606	42	21	73	43	39	134	65	112	73	37	58	93	132	24	54	43
gene1607	615	243	767	366	59	111	126	202	161	208	102	241	220	53	104	91
gene1608	0	4	7	0	8	3	7	0	4	7	8	0	6	2	0	3
gene1609	65	38	158	67	75	80	73	197	91	103	91	151	161	38	35	54
gene1610	43	16	52	43	6	24	18	21	20	28	15	49	24	10	22	6
gene1611	429	194	837	280	357	403	621	928	536	779	375	739	867	248	294	348
gene1612	6	4	21	0	3	12	14	1	6	31	24	2	14	1	10	3
gene1613	388	196	901	346	1942	2214	3079	5838	3245	4805	2298	4740	5573	866	1955	1921
gene1614	331	94	472	241	282	300	434	804	400	497	343	516	507	140	265	255
gene1615	160	42	214	96	65	86	205	323	184	183	89	351	230	57	111	105
gene1616	11	5	10	0	7	14	38	8	3	8	3	8	1	1	7	3
gene1617	412	154	785	358	413	653	706	1197	469	991	533	1004	870	223	526	481
gene1618	929	703	2857	1176	978	1548	1458	3458	1562	2340	1752	2872	2467	449	1543	1508
gene1619	370	208	761	415	287	525	580	1107	574	564	444	1052	911	181	332	395
gene1620	174	69	232	170	89	179	201	290	182	292	171	415	202	104	108	132
gene1621	6	12	28	13	18	20	13	23	21	33	15	16	16	5	14	22
gene1622	63	37	131	79	55	54	97	229	74	136	115	114	105	37	42	72
gene1623	57	43	117	87	28	16	43	83	26	30	25	69	56	10	33	10
gene1624	157	43	289	106	86	208	149	261	139	271	115	392	270	74	131	147
gene1625	0	0	7	0	1	0	3	2	0	0	0	0	10	0	0	0
gene1626	173	72	338	131	148	244	277	405	171	193	233	714	285	78	160	147
gene1627	13	4	0	11	5	9	42	13	12	13	1	5	6	0	10	1
gene1628	1	2	6	3	1	2	8	2	8	23	0	3	4	0	0	9
gene1629	57	17	61	49	26	46	18	133	71	62	84	87	95	12	42	48
gene1630	393	205	468	254	278	326	315	539	436	656	386	872	708	147	287	371
gene1631	370	108	391	214	255	346	527	638	321	398	389	552	680	144	327	407
gene1632	9	16	15	12	2	18	3	56	17	26	29	28	19	4	19	16
gene1633	1863	857	4470	2075	1389	2042	3037	4572	3110	3468	2622	4596	4299	912	2214	2017
gene1634	541	283	1964	561	744	1123	1074	2690	1370	1331	1065	2258	1724	491	839	777
gene1635	197	91	274	232	223	183	220	468	267	303	297	392	496	86	191	199
gene1636	387	145	1119	437	520	514	772	986	695	680	498	1089	1280	248	467	468
gene1637	56	72	135	86	71	124	112	268	133	105	93	230	145	32	90	91
gene1638	12	6	9	10	8	8	10	6	8	34	20	19	46	1	9	22
gene1639	0	0	0	0	0	0	0	0	0	0	0	0	0	0	0	0
gene1640	2544	1348	6419	1944	2562	2618	4643	5615	4115	4287	3072	6423	5617	1690	1994	2572
gene1641	4031	1676	9456	3971	3147	4984	5666	11205	6437	8542	4868	10253	8889	2000	4009	4696
gene1642	62	8	45	5	18	24	35	31	33	51	47	53	57	15	16	14
gene1643	378	173	576	339	1570	1836	2577	5036	2358	3328	2609	7082	5323	978	3239	2999
gene1644	35	7	46	46	27	33	39	61	67	83	35	72	73	11	22	33
gene1645	64	31	103	42	29	78	55	97	43	75	70	69	56	32	52	37
gene1646	450	316	935	532	100	121	98	239	111	158	118	260	218	48	139	108
gene1647	177	69	594	130	119	202	210	362	376	258	213	371	394	82	221	197
gene1648	8	4	59	19	23	27	34	57	24	35	45	42	3	7	14	19
gene1649	239	103	360	157	194	243	330	326	308	464	250	424	401	110	239	205
gene1650	123	82	422	150	176	377	404	551	300	532	298	604	916	165	197	207
gene1651	0	0	0	0	0	0	0	0	2	1	0	0	0	2	3	3
gene1652	774	410	1890	655	912	694	1261	2037	1075	1552	1091	1570	2110	345	766	847
gene1653	240	107	355	229	201	280	447	644	344	520	290	764	475	149	226	280
gene1654	2	2	4	9	0	0	0	0	1	1	2	0	1	2	0	0
gene1655	1175	546	3067	1378	956	2081	1782	2524	1807	2017	1701	3179	3819	660	1262	1263
gene1656	178	125	429	262	32	32	17	57	51	64	29	87	60	31	33	28
gene1657	1735	737	2254	1681	1107	1879	1614	3085	1866	2558	1979	4294	3542	933	1153	1729
gene1658	1068	657	2093	1120	1027	1179	1865	2993	1682	2219	1303	2972	3194	658	1172	1101
gene1659	48	31	138	43	27	43	85	133	113	103	49	166	80	52	32	43
gene1660	41	14	39	37	36	78	65	117	43	73	86	84	81	16	60	36
gene1661	0	0	0	0	0	1	22	1	1	0	2	0	1	0	0	0
gene1662	90	54	157	80	72	107	174	136	218	164	42	237	135	40	100	118
gene1663	240	170	741	193	281	481	471	711	609	472	298	1044	711	160	256	270
gene1664	5	9	2	2	6	7	12	24	14	9	0	18	13	0	7	2
gene1665	28	23	96	46	38	62	38	113	97	72	57	143	84	25	70	50
gene1666	37	19	58	14	37	37	101	32	36	46	21	139	43	15	40	14
gene1667	273	134	602	242	227	320	510	728	468	475	321	819	453	136	384	224
gene1668	91	54	81	77	54	80	81	126	46	102	68	150	181	34	60	63
gene1669	113	14	180	85	40	102	55	160	108	116	92	158	126	53	68	71
gene1670	58	35	55	49	39	48	54	183	94	70	41	90	75	18	26	48
gene1671	360	170	620	390	468	537	648	873	444	494	592	1011	1005	235	538	418
gene1672	1373	539	2546	1136	1101	1607	1674	2870	1945	2256	1400	3310	2878	559	1514	1128
gene1673	659	293	1923	697	137	121	223	340	145	250	153	264	289	75	130	110
gene1674	54	14	116	65	34	31	83	211	126	114	98	258	148	60	76	40
gene1675	1	8	0	4	0	1	0	5	0	3	1	9	0	0	2	2
gene1676	152	84	184	129	136	103	156	350	164	302	156	430	303	59	188	115
gene1677	59	16	55	35	34	46	26	97	61	83	47	126	76	18	62	42
gene1678	42	13	70	27	36	16	48	138	37	114	46	52	107	34	41	22
gene1679	6281	3856	14529	6388	5413	11364	10136	23023	10192	10465	7586	14368	15717	2564	7638	4977
gene1680	42	21	82	81	66	54	70	137	55	48	46	91	111	28	74	80
gene1681	0	1	1	0	0	0	1	0	0	2	5	0	0	0	1	2
gene1682	663	258	1455	532	533	668	1227	1787	885	1096	937	1741	1315	305	643	504
gene1683	18944	9156	36149	13945	11990	19186	22895	43362	16307	25888	20140	34976	32812	8993	16527	18625
gene1684	5	5	3	1	4	9	6	4	18	3	2	34	7	2	12	0
gene1685	206	77	372	216	123	206	217	643	318	348	346	504	368	113	163	195
gene1686	44	39	147	75	62	76	65	192	128	146	89	108	103	29	74	84
gene1687	1891	685	3728	1692	1348	2239	2319	2964	1953	2915	1611	3365	3163	710	1643	1733
gene1688	103	81	215	118	69	119	158	240	161	103	140	323	338	66	127	109
gene1689	0	0	0	0	0	9	1	3	0	0	0	0	1	0	0	1
gene1690	143	58	163	130	28	90	39	88	64	60	66	159	138	32	94	37
gene1691	144	71	262	152	18	43	56	64	36	60	47	82	63	13	30	32
gene1692	0	1	2	0	0	0	0	0	1	0	0	0	0	0	0	0
gene1693	0	7	3	2	3	4	2	5	2	20	3	0	8	4	1	8
gene1694	4	5	14	1	1	9	9	12	4	6	4	21	12	6	1	1
gene1695	742	332	1337	674	506	666	1283	1775	1028	1096	946	1264	1354	391	663	850
gene1696	1	1	0	2	1	0	0	19	12	10	4	8	15	1	0	2
gene1697	95	33	166	55	84	86	92	223	115	89	84	214	126	36	55	67
gene1698	30	13	83	10	18	46	73	42	75	108	21	44	95	8	24	51
gene1699	126	64	212	96	93	129	195	166	160	178	150	366	313	69	164	124
gene1700	3	3	3	6	8	20	24	40	12	15	4	21	36	4	1	4
gene1701	0	6	1	2	0	1	21	2	0	2	1	4	1	1	3	2
gene1702	334	166	520	264	850	1352	1384	3398	1235	2468	1429	2307	1953	340	993	848
gene1703	0	7	29	7	34	67	77	45	49	97	70	49	60	8	69	66
gene1704	18	7	29	20	10	22	30	18	22	25	12	18	13	15	17	6
gene1705	124	38	140	70	53	90	116	206	163	185	82	144	259	28	65	74
gene1706	23	11	72	8	12	39	26	7	19	13	32	67	45	13	31	12
gene1707	45	19	56	32	22	42	57	129	26	103	46	78	44	20	18	24
gene1708	0	0	1	0	1	0	0	0	0	0	0	0	0	0	0	0
gene1709	11	6	14	18	11	8	23	11	18	20	22	6	11	6	27	3
gene1710	16635	8318	36444	17130	14214	23521	24746	44145	22731	34612	26591	47483	56579	8795	22339	22517
gene1711	565	200	1301	569	1195	1397	2955	4212	2223	2300	1960	3664	2678	954	1507	1422
gene1712	62	28	92	67	47	59	116	126	61	140	79	143	96	32	63	58
gene1713	24	6	37	34	16	6	7	9	16	7	16	47	28	18	8	7
gene1714	0	0	3	0	0	0	0	0	1	2	0	0	3	0	0	0
gene1715	14	2	5	7	8	4	2	1	3	2	2	13	1	5	5	2
gene1716	92	39	214	104	51	165	159	279	127	125	99	164	232	56	89	88
gene1717	4	2	2	8	6	8	5	29	3	8	3	22	24	8	4	7
gene1718	141	68	268	163	124	119	245	375	174	263	189	280	294	46	133	126
gene1719	20	9	14	2	10	13	25	34	6	20	31	8	42	4	7	5
gene1720	53	26	123	46	52	66	59	163	40	80	53	104	76	24	53	49
gene1721	64	28	211	74	50	119	137	210	143	81	47	258	215	48	61	81
gene1722	0	0	10	0	0	0	0	0	0	0	10	0	0	0	0	0
gene1723	22	8	30	20	17	14	47	94	15	12	21	48	32	14	27	20
gene1724	12	6	28	14	4	11	14	42	27	22	1	14	25	7	14	9
gene1725	17	14	88	53	34	33	38	49	68	78	52	136	110	9	15	34
gene1726	28	8	30	8	21	19	42	27	29	1	10	40	18	9	8	5
gene1727	136	71	198	119	80	110	213	272	160	170	148	215	343	32	120	106
gene1728	3	0	5	0	3	2	0	0	9	0	3	4	2	2	0	1
gene1729	250	171	446	315	186	375	246	636	466	351	426	719	667	141	235	293
gene1730	140	27	193	82	117	78	93	290	130	192	193	256	198	54	82	127
gene1731	9	3	10	29	13	10	47	56	13	26	22	40	17	14	4	12
gene1732	34	35	132	48	55	44	74	137	44	84	26	203	125	31	62	57
gene1733	21	5	101	15	14	33	14	46	37	66	25	18	33	15	15	24
gene1734	97	60	274	97	116	106	123	238	155	189	92	315	192	66	125	104
gene1735	110	33	120	80	5	15	14	40	6	23	15	36	13	10	23	9
gene1736	105	45	163	64	68	55	80	289	114	120	90	150	235	41	90	149
gene1737	36	10	39	8	10	50	25	38	36	40	52	127	15	19	58	40
gene1738	24	18	19	12	26	62	34	55	26	71	39	48	31	13	53	15
gene1739	367	203	615	318	809	1438	1703	2796	1282	1539	1133	1965	1948	429	1288	647
gene1740	5	3	24	9	2	27	3	68	6	3	12	7	14	10	6	4
gene1741	102	44	204	129	107	130	98	397	185	145	76	310	166	41	70	89
gene1742	4	5	8	0	2	0	0	1	1	1	0	13	4	0	0	2
gene1743	26	11	23	3	11	3	30	17	24	13	14	69	29	13	19	15
gene1744	1157	416	2189	845	777	1001	1623	2136	1060	2158	1310	1895	2121	601	961	947
gene1745	129	66	215	88	297	302	327	628	406	317	223	512	454	95	242	291
gene1746	10	15	27	19	12	12	43	47	16	35	36	47	87	11	9	20
gene1747	4522	1734	7606	3854	2337	4241	5643	10674	5895	4946	4455	11215	9891	1844	3726	3584
gene1748	9	2	43	20	10	8	29	33	23	47	17	47	5	8	16	26
gene1749	9	7	6	12	10	14	32	15	15	5	5	76	42	1	8	5
gene1750	28	2	14	1	5	10	6	7	6	5	14	15	23	6	16	21
gene1751	43	16	51	47	41	49	81	55	46	99	47	113	104	25	38	28
gene1752	142	74	279	130	109	87	153	267	206	213	122	426	301	112	93	121
gene1753	3	2	4	4	0	9	3	0	1	10	10	17	1	4	32	4
gene1754	12	0	13	9	0	5	3	25	2	9	0	0	10	0	6	2
gene1755	3	2	2	8	0	12	16	53	6	11	5	5	9	6	0	11
gene1756	467	305	1218	613	493	928	876	1936	755	1041	828	1799	1271	360	459	665
gene1757	3	1	1	5	2	0	9	9	21	6	4	27	9	1	1	2
gene1758	0	0	0	0	0	0	0	0	0	0	0	1	0	1	0	0
gene1759	3322	1727	5223	1889	2096	3347	3754	5269	3743	4434	2876	8115	5280	1382	2822	2471
gene1760	168	86	253	113	129	142	169	195	159	262	160	319	341	58	128	143
gene1761	14	1	22	11	7	21	43	7	7	14	4	45	34	2	9	11
gene1762	367	204	1325	548	385	628	816	1543	1031	890	943	1916	1192	189	682	732
gene1763	22207	8373	38859	16388	14773	23940	26712	54265	24642	27977	24325	60584	42787	10600	23364	20093
gene1764	39	18	91	22	19	73	39	94	38	46	96	131	102	23	57	40
gene1765	98	31	136	55	64	58	158	170	90	153	66	161	161	33	65	73
gene1766	35	22	43	73	33	33	75	216	41	119	52	79	123	14	39	28
gene1767	28	8	20	13	2	4	1	3	9	21	6	16	20	6	10	6
gene1768	2135	1175	4007	1729	1520	1937	2705	4307	2797	3796	1946	4305	3493	1177	1803	1494
gene1769	298	90	393	214	210	320	361	644	334	432	290	482	511	132	240	216
gene1770	0	0	10	2	1	2	1	1	2	9	7	1	2	0	2	1
gene1771	9203	6076	17311	10019	40399	47767	42574	92309	49876	68819	47174	102907	95206	18628	29037	29674
gene1772	1	3	4	0	10	1	9	0	8	17	2	9	2	11	5	1
gene1773	5	7	10	0	38	18	31	199	33	23	52	24	94	8	28	42
gene1774	46	57	91	18	47	58	37	149	39	63	55	93	128	14	53	17
gene1775	28	8	2	0	0	4	1	4	0	2	0	4	3	0	0	3
gene1776	1673	914	3852	1673	1298	2218	3080	4081	2542	3496	1478	3345	4687	881	1484	1785
gene1777	18	8	29	12	16	17	49	19	31	31	14	48	29	17	17	5
gene1778	963	397	1590	608	510	797	796	2031	845	1503	994	2263	1467	299	769	516
gene1779	135	49	195	99	107	106	154	173	131	110	154	340	246	58	130	99
gene1780	126	51	176	93	32	45	98	76	47	124	66	143	128	25	60	79
gene1781	43	23	70	34	18	38	44	53	26	64	70	101	61	19	42	22
gene1782	84	52	257	95	104	173	212	307	177	168	137	281	234	55	84	104
gene1783	372	277	791	282	328	670	531	917	562	661	519	1447	889	160	432	564
gene1784	171	72	323	204	161	137	204	283	201	221	168	430	474	55	196	130
gene1785	137	68	257	138	103	100	154	231	160	148	132	282	231	44	127	48
gene1786	40	14	56	42	25	33	44	25	44	19	7	58	86	5	54	26
gene1787	236	128	414	148	142	219	269	449	274	337	306	539	429	96	161	161
gene1788	9	0	3	3	7	3	4	3	21	5	2	40	5	0	1	0
gene1789	60	88	220	168	122	173	220	275	150	211	209	456	243	57	158	248
gene1790	1457	624	3444	1401	1333	1344	2373	4630	2064	3110	1688	3663	2955	746	1428	1487
gene1791	391	178	868	303	422	524	787	1218	651	635	393	1175	931	223	328	335
gene1792	11	7	17	12	7	12	1	8	20	7	0	19	4	2	3	8
gene1793	898	408	1494	724	489	912	1049	1679	889	1068	1108	2382	1936	403	940	772
gene1794	37	10	93	68	24	25	71	107	53	51	49	113	72	10	48	17
gene1795	0	4	11	0	3	2	7	10	0	4	10	14	5	1	9	4
gene1796	0	1	8	0	0	0	8	0	3	0	0	0	0	0	3	0
gene1797	69484	33675	178384	61416	53077	113239	92341	171697	95471	157629	100651	146619	158613	33985	77104	87878
gene1798	2	0	6	11	0	0	7	0	2	1	0	14	0	0	0	5
gene1799	978	429	1456	839	1125	1247	1380	2822	1323	2073	1284	3650	2733	567	1053	1025
gene1800	167	51	306	138	106	159	275	248	138	222	152	214	309	68	140	84
gene1801	28	19	37	29	30	20	39	111	25	32	40	55	40	14	18	25
gene1802	2	4	34	7	25	26	22	32	17	23	34	15	47	6	20	4
gene1803	4006	1957	6673	3205	2830	4678	5552	9086	4705	5627	4259	9126	7755	1807	4422	4390
gene1804	483	270	784	374	100	99	104	164	85	137	158	214	202	64	117	80
gene1805	1	0	0	1	1	0	1	27	2	3	4	2	2	3	0	1
gene1806	0	6	0	0	0	0	3	2	1	0	1	1	1	2	0	1
gene1807	74	52	370	96	130	109	158	330	190	174	102	234	229	53	84	130
gene1808	45	26	103	43	36	107	77	173	76	93	61	123	115	15	74	96
gene1809	62	13	7	11	9	4	30	21	4	17	2	59	6	6	8	13
gene1810	104	38	171	94	90	172	116	181	114	112	99	171	159	31	75	77
gene1811	4	0	6	1	0	0	1	5	0	2	11	2	6	0	0	1
gene1812	39	41	139	69	79	82	122	237	125	135	77	207	167	43	83	103
gene1813	46	21	21	7	15	20	17	58	47	43	28	20	21	4	17	10
gene1814	182	36	224	147	84	116	170	273	138	206	147	443	261	55	118	128
gene1815	24	9	71	10	20	39	34	74	11	28	42	27	49	6	31	20
gene1816	27	20	60	28	10	46	57	64	27	31	57	82	111	14	21	29
gene1817	71	56	180	35	93	113	110	138	97	136	79	245	224	49	88	83
gene1818	52	15	146	34	9	18	26	40	20	26	19	23	48	4	21	15
gene1819	171	54	289	107	103	112	170	323	105	205	136	318	333	50	139	115
gene1820	95	18	92	61	54	70	149	140	99	126	64	224	140	34	108	77
gene1821	22	13	88	65	34	43	82	77	66	109	47	99	151	13	58	70
gene1822	0	1	42	1	11	3	4	10	0	5	6	20	2	2	0	7
gene1823	33	3	65	17	27	57	43	40	34	55	35	53	97	6	39	41
gene1824	677	220	996	485	369	539	535	1137	673	719	451	1199	1026	177	438	326
gene1825	1	3	12	9	3	12	2	8	1	5	3	10	6	2	3	0
gene1826	35	17	68	29	25	14	26	35	8	32	10	32	60	5	20	22
gene1827	1	1	7	0	0	4	0	7	3	1	7	0	7	1	1	2
gene1828	0	3	0	2	6	2	6	5	3	0	0	2	2	0	1	9
gene1829	3	1	0	7	0	3	0	0	15	3	0	18	4	0	0	0
gene1830	9	1	30	3	3	5	7	1	3	10	16	4	21	0	4	5
gene1831	24	5	78	27	21	16	41	51	27	48	44	79	57	8	40	6
gene1832	101	126	317	159	106	171	192	450	208	323	226	450	404	67	226	210
gene1833	88	35	108	104	45	101	132	120	140	101	60	216	158	36	87	130
gene1834	372	195	371	220	280	309	560	782	349	526	356	550	700	90	403	262
gene1835	37	14	46	39	28	35	61	65	88	67	36	103	67	6	28	49
gene1836	82	18	133	57	39	80	75	98	76	67	82	129	104	36	56	32
gene1837	37	21	48	36	28	44	71	74	24	96	52	81	45	26	36	24
gene1838	26	8	52	42	23	47	34	45	18	51	45	107	30	15	22	24
gene1839	4689	2198	10389	4834	2939	5399	6537	9151	6997	7493	5052	10324	10261	2550	4262	3390
gene1840	14	8	44	21	7	13	43	20	28	27	12	10	4	12	23	18
gene1841	275	232	897	408	423	555	907	1205	526	783	544	1259	936	210	422	585
gene1842	148	46	154	73	91	82	128	162	150	142	94	253	124	39	112	141
gene1843	297	83	377	203	213	182	279	466	233	223	248	530	491	131	150	174
gene1844	469	345	909	406	352	443	488	985	540	1070	742	1092	1075	206	379	448
gene1845	48	50	79	51	53	81	79	151	57	65	61	90	126	8	52	76
gene1846	130	57	264	166	77	144	243	307	128	238	169	396	351	62	152	120
gene1847	24	16	21	7	8	8	15	39	34	28	18	48	45	2	15	7
gene1848	14	8	36	16	4	7	25	12	6	8	5	19	28	0	0	9
gene1849	92	43	175	91	137	160	208	352	253	222	195	879	368	75	202	150
gene1850	165	89	391	174	430	794	759	1449	979	986	612	1619	1511	324	667	548
gene1851	2	0	3	1	7	1	7	2	5	0	3	12	33	6	2	2
gene1852	8	0	3	2	0	3	2	0	0	2	1	1	1	1	0	0
gene1853	157	62	283	115	84	126	97	250	120	148	142	298	212	58	149	108
gene1854	178	76	314	221	143	173	352	421	273	258	192	430	375	99	120	163
gene1855	10	11	31	12	4	5	14	60	46	23	11	38	47	4	7	25
gene1856	1	1	3	0	2	4	17	10	1	7	0	6	2	2	2	2
gene1857	19	9	9	21	3	30	9	26	35	53	12	47	26	13	7	20
gene1858	63	22	91	45	58	53	69	130	70	124	85	100	155	34	79	96
gene1859	4	5	9	0	2	7	0	0	39	2	3	7	0	1	5	0
gene1860	1	1	10	5	1	14	14	23	8	6	14	47	56	11	70	6
gene1861	3	0	10	2	0	4	3	7	1	9	0	4	0	0	4	5
gene1862	4	5	8	6	7	8	5	31	8	11	14	38	17	10	4	13
gene1863	111	49	261	134	142	135	245	310	199	174	174	358	362	52	79	128
gene1864	45	15	43	23	18	26	39	59	12	60	42	78	103	18	41	70
gene1865	26	6	65	20	15	16	54	84	44	60	15	71	50	10	12	20
gene1866	194	61	329	108	92	253	270	420	226	343	223	337	378	107	189	161
gene1867	1	2	10	8	0	1	11	13	8	3	7	2	3	2	3	4
gene1868	29	13	64	19	21	34	45	67	27	46	18	41	57	9	53	30
gene1869	16	12	31	9	18	25	25	59	12	10	10	24	67	12	24	24
gene1870	227	78	216	238	133	183	202	466	98	232	279	651	325	101	221	175
gene1871	0	0	3	1	0	0	0	0	0	4	0	5	0	1	0	0
gene1872	79	43	116	121	38	80	80	179	95	106	86	329	180	49	103	82
gene1873	130	71	166	86	95	92	182	411	158	169	160	226	251	40	122	108
gene1874	11	2	6	5	1	33	10	4	4	7	12	24	23	6	2	9
gene1875	11	9	14	7	4	6	22	35	35	41	21	37	63	11	30	15
gene1876	29	9	60	34	22	22	49	86	28	20	56	30	93	18	34	23
gene1877	120	45	235	117	88	154	113	253	183	192	126	345	341	26	207	72
gene1878	70	32	149	60	48	62	137	182	93	140	68	118	100	35	80	57
gene1879	12667	5536	24319	12241	8890	13053	19165	24858	20244	24183	14953	26456	28356	6000	11577	12968
gene1880	29	5	80	22	46	35	57	92	58	73	86	158	95	20	57	65
gene1881	206	73	308	129	191	286	216	476	360	326	209	659	408	93	152	197
gene1882	130	90	264	160	126	144	223	357	233	399	230	390	359	57	166	92
gene1883	655	291	1222	537	560	866	1000	1786	737	1126	743	2092	1414	296	546	658
gene1884	0	0	0	0	0	0	0	0	0	0	1	0	0	3	0	0
gene1885	90	46	187	63	72	91	92	248	151	127	97	230	95	33	87	100
gene1886	90	22	55	43	53	63	76	117	25	67	74	178	142	36	76	52
gene1887	15	4	41	27	16	35	49	11	15	26	11	38	55	11	31	52
gene1888	854	314	1492	638	621	948	1203	1552	1015	911	988	1485	1303	337	816	733
gene1889	38	5	66	35	40	25	41	36	36	21	34	83	103	6	9	8
gene1890	759	248	886	410	417	629	682	1345	551	1049	708	1768	834	316	568	540
gene1891	0	0	5	0	3	7	1	3	4	6	5	5	8	1	0	3
gene1892	6553	2701	10582	5587	4015	6868	6965	14340	8145	8006	5939	12567	15498	3153	6053	5499
gene1893	191	82	306	132	98	193	234	392	212	226	137	323	220	60	175	126
gene1894	0	7	1	3	4	1	3	4	4	15	0	10	19	2	2	0
gene1895	7391	4115	17774	9086	6229	9009	10975	15111	11252	13350	10495	18998	16443	3755	6962	7567
gene1896	300	136	946	398	261	323	599	1477	486	717	457	985	922	201	300	385
gene1897	89	47	126	79	86	70	63	246	126	163	158	276	170	39	76	75
gene1898	136	53	203	95	80	125	231	321	248	204	191	333	275	91	102	181
gene1899	0	2	6	3	0	1	0	1	0	0	0	0	3	0	0	0
gene1900	11	0	21	12	29	17	39	16	34	6	9	15	12	12	4	4
gene1901	13	1	7	2	4	18	14	6	5	1	2	10	1	0	1	0
gene1902	3	4	2	2	5	9	13	27	11	25	14	20	7	16	4	0
gene1903	43	5	131	17	30	41	34	122	40	71	29	48	80	17	32	38
gene1904	11	5	33	6	12	13	10	57	23	16	17	43	4	5	22	20
gene1905	290	146	331	283	219	322	483	859	218	520	346	661	700	86	262	293
gene1906	4	3	2	1	0	11	20	8	15	5	0	8	0	8	0	1
gene1907	20	6	24	16	21	21	17	57	35	25	36	27	105	17	36	25
gene1908	2	2	4	1	1	2	14	6	41	0	9	2	5	4	0	5
gene1909	0	0	1	0	0	0	0	0	3	0	0	0	4	0	0	0
gene1910	4	2	21	13	0	0	1	4	0	5	3	9	3	0	0	1
gene1911	53	18	88	35	39	45	72	54	58	93	45	111	82	20	41	26
gene1912	70	16	214	60	59	77	66	155	122	69	26	140	114	30	105	80
gene1913	88	63	216	68	83	143	186	296	143	170	103	290	214	56	125	125
gene1914	159	91	356	154	125	281	262	295	295	377	167	255	293	81	157	138
gene1915	165	50	247	144	11	25	31	72	54	54	34	80	73	17	26	25
gene1916	46	38	81	56	34	49	101	95	92	73	49	154	198	21	69	45
gene1917	242	56	307	88	99	138	192	384	235	258	186	275	402	55	258	169
gene1918	985	503	2190	1043	858	1250	1961	2647	1439	2354	1587	3270	2080	532	1041	1002
gene1919	104	44	339	127	91	85	182	190	121	171	100	265	191	69	122	78
gene1920	2	0	0	0	2	0	4	1	0	0	5	0	2	0	0	0
gene1921	233	60	231	214	117	158	289	331	221	250	201	461	272	79	140	184
gene1922	2	0	0	4	0	2	3	2	0	0	1	0	8	0	2	0
gene1923	2221	1174	3774	2145	2676	2876	3784	5925	4351	4435	3439	6568	8654	1509	2576	3324
gene1924	118	62	242	69	86	104	122	253	129	158	109	356	231	66	113	67
gene1925	283	145	548	297	1588	1631	2262	3082	2882	2461	2332	4162	3566	791	1562	1249
gene1926	340	137	499	277	238	362	523	635	448	455	330	704	679	122	281	346
gene1927	5	3	36	8	8	7	17	16	18	7	3	3	5	2	11	1
gene1928	24	7	39	17	9	28	10	25	28	23	31	56	28	5	16	26
gene1929	56	32	131	40	41	62	51	222	112	127	97	129	130	34	77	52
gene1930	275	184	539	400	247	423	471	828	406	799	433	1040	732	165	384	295
gene1931	247	44	164	103	21	31	68	136	58	78	65	121	74	24	49	41
gene1932	13	6	9	24	12	6	21	33	8	5	15	25	23	11	9	8
gene1933	9	1	5	20	2	5	8	14	23	7	8	18	8	5	18	5
gene1934	167	73	336	133	100	174	198	311	314	255	152	352	379	54	137	131
gene1935	316	135	463	363	270	465	380	776	610	539	296	727	413	123	263	197
gene1936	56	16	106	32	25	41	50	139	72	65	64	102	49	16	45	25
gene1937	4	6	19	14	2	13	16	9	12	18	6	3	7	1	4	11
gene1938	1	0	1	8	1	4	6	8	3	1	0	0	10	1	0	9
gene1939	79	19	119	60	15	9	26	44	18	71	26	66	46	14	34	39
gene1940	7	1	1	1	1	0	0	18	1	1	2	0	0	0	0	0
gene1941	69	26	62	63	22	46	84	192	97	147	44	119	93	19	63	40
gene1942	277	124	525	188	176	270	327	590	273	378	277	297	470	90	205	162
gene1943	8	1	22	6	7	27	25	37	13	12	10	38	11	8	26	22
gene1944	13	2	16	19	11	11	30	53	25	37	28	46	118	5	8	14
gene1945	276	133	478	232	206	225	304	511	376	338	207	567	396	72	223	263
gene1946	0	1	0	0	0	0	4	0	2	0	1	0	1	9	0	1
gene1947	697	484	2008	1200	825	1387	1189	2443	1275	1970	1323	2797	2173	568	1069	1167
gene1948	900	474	1855	1216	483	613	713	1191	749	848	479	1567	1331	281	485	524
gene1949	2332	939	4078	2642	1358	2662	2377	6287	2473	4214	2254	4994	5419	1013	1735	1912
gene1950	272	101	373	171	170	250	244	498	394	391	223	591	525	115	209	215
gene1951	533	155	782	478	337	548	522	1101	464	586	570	1034	894	208	312	492
gene1952	11	2	4	2	6	9	5	51	5	4	4	34	8	4	2	14
gene1953	85376	57126	183224	77943	71742	94951	134425	255098	115977	161244	104627	232980	204592	41500	88690	110057
gene1954	63	30	102	49	37	98	81	101	67	85	92	196	107	31	63	53
gene1955	282	125	438	280	234	315	417	570	403	547	349	964	660	84	208	309
gene1956	111	44	292	90	550	692	1235	1315	1100	1091	820	1716	1086	292	687	450
gene1957	1061	427	1761	805	583	1148	1313	1613	1261	1334	1199	2314	2303	315	889	1017
gene1958	560	223	1226	604	478	467	925	1324	499	877	634	1034	868	210	486	664
gene1959	4	1	17	13	4	18	35	16	0	4	13	44	7	0	12	12
gene1960	143	43	265	97	99	179	132	283	183	233	185	375	289	78	100	104
gene1961	8	17	18	10	24	26	35	23	32	8	23	61	35	10	20	7
gene1962	10	9	25	29	16	22	64	69	21	26	16	25	45	11	14	24
gene1963	3	1	3	0	0	7	0	5	3	0	10	20	19	2	4	0
gene1964	734	299	1830	589	505	875	1009	1483	952	1143	863	1772	1600	386	736	688
gene1965	49	38	202	53	78	89	107	164	58	95	92	178	196	57	112	97
gene1966	351	155	731	252	253	270	340	807	534	486	354	778	605	150	201	366
gene1967	1793	533	2489	1582	886	1902	2205	2574	2043	2075	2010	3206	2720	746	2125	1958
gene1968	104	35	120	40	89	124	76	168	121	205	114	228	144	30	81	172
gene1969	1	0	0	0	0	2	1	2	1	2	1	3	0	0	4	1
gene1970	306	126	738	435	1183	2038	2991	3032	1933	2346	1755	3068	3219	783	1061	1843
gene1971	3	10	14	12	6	27	43	42	7	21	9	21	34	2	12	48
gene1972	71	35	102	54	26	52	76	76	97	139	53	151	145	16	84	67
gene1973	45	14	53	27	27	39	70	89	49	53	34	108	108	13	24	40
gene1974	41	21	76	54	18	40	64	63	75	74	43	125	138	17	52	30
gene1975	496	186	1043	482	404	548	778	1193	564	1030	855	1089	771	310	401	489
gene1976	59	38	131	77	79	63	61	165	90	118	77	173	146	30	74	62
gene1977	35	17	88	40	27	49	45	124	70	45	34	71	68	24	40	54
gene1978	759	396	951	756	527	604	1024	1889	1354	1543	873	1791	1712	496	904	768
gene1979	0	0	2	0	0	0	1	0	12	2	4	0	0	0	0	0
gene1980	10146	5553	11337	6902	6599	6473	10692	17529	11395	12384	11111	14510	17187	3542	7090	7248
gene1981	56	20	82	43	42	65	52	112	56	101	56	123	173	67	50	54
gene1982	12	8	70	22	10	30	17	13	40	70	30	42	63	4	24	19
gene1983	23	4	52	26	41	32	71	178	46	109	33	75	30	19	62	17
gene1984	3	3	2	0	0	0	0	0	0	1	0	0	0	1	0	0
gene1985	0	0	0	0	0	0	8	2	2	0	0	1	2	4	4	0
gene1986	173	84	256	154	182	262	303	599	280	347	159	509	552	93	132	169
gene1987	1215	729	2896	1305	1598	1862	1916	2981	2028	2831	1871	4668	3153	828	1474	1264
gene1988	39	38	136	77	78	68	141	191	78	100	98	160	143	47	81	78
gene1989	88	46	333	146	115	157	128	296	120	250	70	347	328	54	115	187
gene1990	18	3	77	4	22	35	32	12	23	23	47	32	5	8	20	6
gene1991	130	72	183	155	136	105	178	331	180	217	167	318	296	48	37	88
gene1992	10	12	29	22	11	52	13	35	10	29	20	23	64	6	36	16
gene1993	25	21	17	19	11	18	26	32	38	78	42	22	47	4	3	18
gene1994	2836	1245	5356	2283	1780	2351	3317	5033	2448	2824	2511	5654	4530	1130	1806	1830
gene1995	4	2	13	3	1	4	16	5	2	2	19	13	1	1	3	7
gene1996	139	55	212	189	108	136	155	184	154	226	130	179	316	43	174	101
gene1997	421	219	590	403	245	474	576	1150	461	588	437	941	1013	187	324	405
gene1998	74	44	99	103	84	126	133	280	78	94	97	134	212	35	75	69
gene1999	489	204	937	444	513	540	707	1044	642	678	661	1278	1264	295	507	473
gene2000	5	3	21	7	0	6	3	11	2	4	3	22	3	5	4	7
gene2001	916	408	2145	831	1052	962	1627	2726	1410	1558	1256	2551	1829	562	1096	955
gene2002	0	0	0	0	0	0	0	0	0	1	2	0	0	1	0	0
gene2003	8	0	8	13	0	3	1	16	4	26	4	29	4	8	1	2
gene2004	30	10	17	13	21	19	11	95	19	45	11	37	45	7	22	13
gene2005	197	124	488	197	177	417	291	611	284	395	268	541	532	96	250	152
gene2006	85	27	104	70	55	119	153	74	156	146	64	114	189	48	47	41
gene2007	15	8	20	4	4	17	17	76	11	23	30	30	13	12	5	9
gene2008	108	40	102	48	68	106	97	140	70	103	119	271	197	28	102	41
gene2009	13	2	61	33	15	40	43	57	25	34	26	57	42	12	35	12
gene2010	18	11	19	6	6	21	36	13	28	9	18	27	72	2	17	16
gene2011	4	0	3	0	2	11	2	8	1	5	15	10	31	1	3	12
gene2012	79	56	113	64	32	76	83	194	94	99	117	239	126	37	67	78
gene2013	8	1	26	6	3	1	18	36	31	37	3	3	34	4	13	6
gene2014	1475	648	2690	1435	1191	1689	1732	3646	1578	2962	1474	3152	2950	472	1153	1316
gene2015	5269	3254	12101	3928	3963	7709	7435	10350	8674	9999	7555	12929	10002	3145	6705	7354
gene2016	16	21	28	9	5	26	49	50	42	28	26	60	114	15	15	30
gene2017	1	0	7	11	1	0	11	6	0	5	3	2	18	13	0	2
gene2018	35	12	62	37	47	63	57	42	82	42	53	77	74	21	28	27
gene2019	23	24	39	30	6	8	12	20	6	7	3	16	10	3	6	9
gene2020	28	12	55	16	23	28	23	56	34	32	43	46	34	28	34	24
gene2021	661	408	1755	723	638	1132	836	1762	1008	1461	1085	2098	1983	430	878	621
gene2022	227	135	527	237	206	309	412	341	279	520	267	429	501	143	294	212
gene2023	273	147	498	305	185	321	525	733	345	557	328	795	895	140	345	349
gene2024	8	11	9	17	3	9	5	9	1	7	4	5	5	0	4	2
gene2025	20	15	30	5	6	11	14	30	14	21	6	45	24	1	3	11
gene2026	360	85	460	236	89	116	87	145	98	175	108	252	273	35	63	78
gene2027	91	40	82	106	62	106	91	162	102	120	72	209	148	37	35	99
gene2028	120	64	284	107	161	162	325	389	269	305	192	282	297	58	162	128
gene2029	33	23	23	67	20	34	35	89	33	34	47	57	69	17	18	33
gene2030	10	0	13	9	8	5	6	5	10	4	2	28	5	1	5	16
gene2031	38	10	94	16	17	46	38	98	42	61	61	91	73	26	25	51
gene2032	28	24	20	19	15	12	30	33	38	40	28	34	49	9	19	24
gene2033	2683	929	3665	2659	1830	2795	3237	6796	3201	2863	2296	5043	4651	1219	2156	2317
gene2034	76	22	214	74	29	76	108	120	69	141	98	134	222	29	55	76
gene2035	185	96	395	137	117	183	170	344	190	283	250	454	258	70	182	113
gene2036	19	5	106	30	24	33	17	35	25	38	35	53	26	6	18	24
gene2037	11	0	28	7	0	19	53	73	82	27	68	9	126	18	53	28
gene2038	16	12	18	12	16	22	33	49	22	27	12	66	31	10	16	17
gene2039	87	75	171	72	66	93	105	287	154	165	113	354	106	23	164	84
gene2040	71	54	134	82	55	119	154	208	89	147	80	165	188	31	102	54
gene2041	3	1	13	11	6	5	1	10	15	2	8	5	32	6	3	5
gene2042	14	4	24	8	5	5	20	31	16	7	13	46	32	6	11	12
gene2043	51	38	197	91	46	55	60	77	51	104	68	174	199	34	63	40
gene2044	33	41	78	60	32	49	71	138	55	78	64	127	85	29	37	34
gene2045	346	113	557	280	216	254	311	506	269	363	248	659	610	140	332	207
gene2046	29	9	17	1	6	10	22	30	13	22	21	5	7	12	15	19
gene2047	39	23	83	25	92	257	317	451	192	262	159	306	200	70	161	194
gene2048	382	116	742	296	308	406	334	808	412	413	454	616	662	174	300	323
gene2049	48	45	73	53	50	97	25	86	87	69	85	128	115	27	64	39
gene2050	7	13	20	3	11	4	18	59	14	22	4	22	24	7	12	3
gene2051	0	0	6	1	13	0	9	4	1	6	6	0	1	0	0	1
gene2052	1	1	0	7	0	0	6	0	0	4	7	4	5	1	0	6
gene2053	27	28	46	52	81	149	170	283	181	270	247	413	153	120	83	173
gene2054	5	9	18	15	6	5	9	37	9	10	10	23	32	6	19	8
gene2055	21251	6247	37769	13556	14475	22981	22155	35636	25576	24779	14645	36186	46691	8889	19282	14416
gene2056	30	6	42	14	4	7	6	7	2	6	2	10	15	1	3	4
gene2057	1549	881	3008	1418	1070	1634	2408	4172	2390	2694	2255	3879	4804	603	2085	1690
gene2058	29	16	110	32	43	31	88	134	70	161	43	190	89	18	26	47
gene2059	829	376	1385	455	487	657	1265	1757	1163	1284	825	2111	1240	312	826	551
gene2060	0	0	8	9	2	10	4	16	4	17	8	3	19	3	0	13
gene2061	52	44	56	37	15	69	98	165	50	80	55	188	58	36	43	43
gene2062	22366	13045	34318	14973	18020	20742	25287	38122	34378	26069	25442	63434	33012	8914	15216	24632
gene2063	80	48	248	62	224	386	250	747	392	456	488	858	518	127	333	253
gene2064	333	225	556	332	248	470	543	765	537	447	443	833	835	135	403	336
gene2065	116	40	181	72	59	127	152	248	120	167	169	253	180	61	103	111
gene2066	63	87	308	106	412	627	660	1032	652	894	534	1061	551	177	484	491
gene2067	110	50	271	87	67	100	121	394	201	217	106	252	254	71	114	143
gene2068	11	5	12	5	7	13	31	29	24	24	13	108	62	4	12	32
gene2069	27	5	33	27	10	14	12	43	22	21	14	40	40	7	25	29
gene2070	13	0	0	0	0	0	0	0	5	0	0	0	0	0	1	0
gene2071	2	0	2	0	0	0	1	9	8	0	0	0	0	1	0	3
gene2072	11	12	58	29	47	130	147	86	53	125	94	118	440	26	95	82
gene2073	806	574	1495	835	559	1127	1355	1694	1384	1314	1281	2332	2286	317	1154	759
gene2074	33	6	40	19	3	21	4	4	10	1	19	34	43	0	4	16
gene2075	23	6	44	43	18	25	48	63	35	57	13	74	74	18	13	25
gene2076	22	10	62	23	24	36	22	54	31	43	31	88	41	26	26	34
gene2077	13	12	34	20	27	28	62	65	32	41	22	36	100	17	42	22
gene2078	120	47	427	151	119	243	197	359	275	316	230	394	253	76	125	118
gene2079	8	6	4	5	0	7	27	41	7	4	7	17	29	2	8	10
gene2080	1225	486	1956	1142	987	1519	1900	3235	1333	2162	1692	2953	2792	539	1228	1041
gene2081	922	414	1247	681	754	882	1078	1652	1245	1262	1047	2085	1391	421	891	684
gene2082	49	45	120	71	36	125	89	194	129	157	44	206	207	62	87	83
gene2083	48	55	172	75	46	128	95	159	70	87	103	129	167	41	53	99
gene2084	188	174	600	282	220	333	471	517	345	479	316	687	608	144	223	236
gene2085	7	2	11	8	16	113	256	93	63	62	110	153	139	57	58	30
gene2086	42	21	84	57	47	57	62	127	86	99	46	142	95	32	46	38
gene2087	91	96	221	112	63	125	178	254	220	128	146	312	378	59	121	79
gene2088	0	1	5	2	2	3	7	1	0	21	1	4	13	0	0	10
gene2089	307	202	813	282	774	797	1138	1896	1135	1119	771	1195	1890	347	790	835
gene2090	1	0	7	1	3	5	0	1	2	4	0	0	6	0	3	0
gene2091	60	33	89	81	38	53	95	143	85	97	68	166	161	52	108	96
gene2092	18194	8842	33197	21296	13929	23119	25761	53248	29507	32516	23573	40548	35453	9395	18125	14585
gene2093	14	5	17	14	7	3	25	22	7	3	14	30	22	5	3	18
gene2094	62	28	140	47	52	73	170	256	98	139	69	234	104	37	56	76
gene2095	0	0	0	0	0	0	0	0	0	0	0	0	0	0	0	0
gene2096	10	0	11	1	0	1	1	1	0	5	0	3	0	1	0	0
gene2097	0	0	0	0	0	0	0	0	0	0	0	0	0	0	0	0
gene2098	40	20	34	8	25	13	41	31	21	18	33	56	80	9	11	53
gene2099	0	0	0	0	1	1	7	0	0	0	0	0	1	0	1	1
gene2100	14	10	5	17	0	10	4	25	3	17	10	37	39	0	6	6
gene2101	167	108	275	181	124	168	162	447	259	291	217	273	217	62	95	206
gene2102	11	5	2	7	10	4	2	3	7	9	8	31	12	3	25	27
gene2103	265	164	568	278	277	393	480	604	317	430	310	752	636	128	270	336
gene2104	22	24	31	37	3	6	7	10	4	8	7	11	8	3	4	3
gene2105	552	234	1043	438	374	548	769	1354	633	991	515	1221	1060	185	448	418
gene2106	17	6	8	10	5	6	21	16	22	8	10	18	2	13	13	10
gene2107	7	5	23	3	8	13	28	12	11	24	19	19	5	5	11	9
gene2108	126	68	240	117	121	131	143	367	163	328	109	352	211	62	141	194
gene2109	19	7	49	26	12	16	15	59	34	71	38	91	10	12	22	18
gene2110	7	3	38	23	6	24	23	40	16	31	18	37	59	4	39	7
gene2111	273	96	406	194	153	251	318	547	295	324	320	538	413	108	216	172
gene2112	2058	1013	3770	1713	1577	1986	3114	4582	2546	2858	2057	4250	3716	837	2439	2253
gene2113	189	69	399	152	125	259	290	412	323	188	314	515	369	76	200	178
gene2114	133	29	210	75	85	99	91	282	114	209	111	202	176	48	103	73
gene2115	2	2	16	14	21	42	7	29	19	10	31	31	22	6	15	17
gene2116	8	6	45	13	10	9	7	24	5	16	9	15	60	5	11	8
gene2117	37	20	33	11	15	22	51	73	27	36	27	89	79	14	38	12
gene2118	0	0	0	0	3	0	3	3	0	1	0	0	12	0	0	0
gene2119	1	5	5	10	2	6	12	18	0	23	13	20	4	4	4	5
gene2120	1	6	19	11	0	3	4	4	1	2	0	25	0	1	1	1
gene2121	414	151	774	415	395	405	598	965	622	578	385	958	1023	195	390	410
gene2122	25	12	71	45	8	5	10	11	6	6	8	19	16	3	5	9
gene2123	26	12	59	21	27	28	41	71	40	34	11	43	55	15	17	16
gene2124	1	1	0	8	2	2	4	4	1	0	0	3	1	0	0	0
gene2125	811	476	1801	747	539	908	1169	2221	1317	1376	1191	2654	2229	449	1036	844
gene2126	135	62	300	146	127	199	219	387	350	326	201	351	288	105	183	169
gene2127	1488	705	2798	1787	938	1451	2323	3655	1559	2430	1594	3237	2928	584	1506	1292
gene2128	4	0	7	1	5	4	5	0	0	9	6	15	0	0	2	0
gene2129	22	6	17	1	15	13	32	41	22	45	12	30	30	7	24	2
gene2130	0	0	0	1	0	0	0	0	9	0	0	0	4	0	4	0
gene2131	61	17	73	34	57	41	51	187	48	57	54	80	76	23	39	34
gene2132	82	23	55	44	76	58	78	132	58	94	47	96	139	24	64	54
gene2133	6	5	4	10	11	7	15	44	19	11	8	4	52	6	3	8
gene2134	33	9	26	15	12	24	63	81	9	21	30	68	30	20	17	28
gene2135	183	51	284	84	76	126	141	258	170	217	78	221	206	29	145	120
gene2136	25	14	9	2	5	19	19	31	17	12	6	20	13	3	8	4
gene2137	47	22	46	22	37	26	36	230	48	53	31	76	58	23	45	75
gene2138	804	449	1881	832	731	1292	1207	2055	1109	1126	1245	2042	1972	396	893	941
gene2139	713	233	985	584	476	436	637	1412	807	1137	476	1284	961	234	437	468
gene2140	2	0	0	1	3	1	0	2	0	6	0	7	12	0	6	2
gene2141	47	16	74	61	56	55	76	106	37	104	62	119	88	24	55	35
gene2142	6	0	3	3	1	4	4	6	1	3	0	10	0	3	1	12
gene2143	19	6	19	8	4	4	2	1	5	1	10	24	11	3	0	4
gene2144	86	25	126	90	64	117	84	224	78	98	91	184	129	65	84	77
gene2145	717	436	2038	907	784	1066	1592	2373	1352	1622	1083	2856	1828	394	897	1135
gene2146	13	13	15	19	56	108	153	204	225	310	116	266	555	70	94	68
gene2147	59	40	102	70	14	16	14	30	13	13	18	27	24	1	7	6
gene2148	21	8	46	10	11	19	64	39	40	49	28	45	18	11	13	42
gene2149	19	26	60	54	44	34	41	90	84	139	60	57	71	29	37	45
gene2150	90	38	206	125	61	98	180	220	118	107	126	290	171	60	82	135
gene2151	1	0	6	0	0	12	4	9	7	4	0	2	4	1	4	6
gene2152	93	35	190	84	60	154	112	354	126	185	149	286	192	32	137	124
gene2153	10	1	1	1	2	5	1	10	9	0	4	7	1	0	17	2
gene2154	188	74	359	116	40	38	76	74	58	51	41	75	77	19	43	43
gene2155	925	502	1895	994	825	888	1533	2560	1457	1390	903	2723	1992	447	1119	887
gene2156	733	376	1144	580	440	781	947	1628	853	1080	613	1758	1089	306	707	507
gene2157	354	149	878	337	534	897	1045	1740	1195	1178	1012	2241	1783	430	657	680
gene2158	33	5	35	34	39	17	48	94	27	83	18	38	98	11	14	21
gene2159	27	15	68	24	25	11	24	89	46	66	10	46	36	22	28	20
gene2160	19	12	42	32	5	25	33	30	21	36	16	33	25	3	36	54
gene2161	102	42	135	79	51	83	174	215	155	116	104	143	217	20	67	52
gene2162	36	25	97	63	25	54	42	84	76	90	76	293	123	36	88	32
gene2163	3510	1856	6352	2185	2187	4487	5769	8180	4021	4861	3739	7125	7126	1708	3742	2620
gene2164	63	48	127	52	44	47	62	263	91	120	68	157	208	42	37	41
gene2165	1	0	7	1	4	25	3	24	20	29	10	50	12	7	5	1
gene2166	300	232	842	240	310	383	636	906	517	704	270	646	1104	135	307	298
gene2167	0	0	0	0	0	0	1	0	0	1	0	0	0	0	0	0
gene2168	260	130	512	224	182	211	306	530	257	396	292	556	402	114	256	198
gene2169	24	31	91	31	30	35	43	41	45	69	28	74	69	9	50	33
gene2170	1789	978	4493	2041	1445	2764	3560	4167	1983	3516	2029	4823	3856	1110	1953	1538
gene2171	128	40	255	125	96	185	157	234	187	181	165	405	335	54	87	97
gene2172	4	2	10	3	9	4	4	4	4	3	3	3	19	0	4	2
gene2173	1229	462	1539	1190	730	1012	1926	2824	1541	1550	831	2524	2209	568	1206	871
gene2174	12	7	37	3	4	9	4	24	9	40	4	23	24	2	9	6
gene2175	164	81	360	129	123	198	420	422	313	167	237	321	470	81	133	148
gene2176	15	14	71	24	13	13	13	61	47	22	31	19	60	6	15	20
gene2177	188	52	351	155	131	219	282	473	286	275	168	518	369	67	207	175
gene2178	3	6	3	3	1	2	5	34	0	4	3	6	6	2	10	4
gene2179	0	0	6	11	1	3	0	11	7	4	0	0	17	4	10	6
gene2180	58	23	116	27	52	57	54	71	51	94	70	69	86	22	20	21
gene2181	0	0	0	0	0	0	0	4	0	0	1	0	1	0	0	0
gene2182	1265	597	3388	1231	171	281	368	796	472	502	299	797	618	154	274	260
gene2183	20	11	48	18	23	59	55	65	44	89	35	76	86	30	55	21
gene2184	141	75	214	60	113	149	183	389	206	224	111	272	333	59	134	154
gene2185	7708	3589	14529	5924	5236	9810	10682	15621	10324	12893	8569	14233	19430	3926	7862	8732
gene2186	154	106	404	232	102	262	283	380	237	233	203	463	449	93	211	203
gene2187	2	1	14	4	6	9	35	15	1	8	9	2	3	6	2	2
gene2188	77	41	157	65	13	8	15	43	18	41	18	35	36	8	11	30
gene2189	2	1	25	2	5	2	22	3	6	1	1	23	8	0	0	9
gene2190	27	6	29	25	120	226	246	458	206	106	206	206	458	93	163	139
gene2191	186	76	279	145	149	177	214	561	193	205	202	436	335	88	132	198
gene2192	1	0	2	1	0	2	20	5	2	0	2	0	2	0	0	0
gene2193	6887	2572	13175	5618	4896	7328	10661	17281	7870	12598	9448	16514	12370	1874	4973	8819
gene2194	65	41	77	30	38	32	68	85	76	45	80	115	107	30	41	34
gene2195	390	214	567	329	217	382	413	938	499	598	350	1092	947	169	334	440
gene2196	75	37	174	83	74	71	91	199	142	112	134	262	86	34	56	80
gene2197	0	4	23	5	8	0	5	1	15	8	16	3	2	0	0	1
gene2198	624	220	1024	513	428	635	656	1268	730	764	405	1420	1174	206	513	649
gene2199	10	0	0	1	0	21	9	15	4	7	8	3	5	1	8	8
gene2200	188	129	411	247	296	283	361	534	331	482	428	825	491	214	347	296
gene2201	14	21	20	20	12	10	27	61	19	14	22	27	25	29	36	32
gene2202	934	298	1363	937	669	936	1162	2346	1223	1380	1148	1750	1593	473	963	853
gene2203	248	113	620	217	188	272	327	412	315	425	299	786	512	124	316	157
gene2204	1196	444	2124	607	634	1020	1330	2029	1246	2263	1447	2636	2217	491	1087	887
gene2205	23	25	78	41	3	7	8	30	9	17	6	8	8	5	3	9
gene2206	840	779	1997	1031	1017	1188	1731	2538	1411	2221	1055	3050	2347	774	1133	892
gene2207	489	288	962	450	553	715	747	1061	585	820	743	1430	1125	276	592	682
gene2208	11	0	4	4	1	1	2	4	0	0	4	0	14	0	4	1
gene2209	349	163	832	397	260	427	555	828	547	806	430	849	814	243	436	319
gene2210	0	2	3	4	4	1	6	9	10	0	9	36	3	1	2	3
gene2211	119	49	216	74	86	132	191	340	213	176	140	223	202	63	160	101
gene2212	65	39	81	42	26	75	74	86	74	139	47	101	81	10	61	20
gene2213	19	6	43	23	13	19	41	23	57	24	14	63	49	5	52	15
gene2214	113	39	144	55	58	91	148	277	131	107	109	228	201	39	82	86
gene2215	572	249	554	278	262	457	454	866	557	759	504	1400	866	167	428	379
gene2216	0	1	58	8	6	4	13	3	6	10	13	10	2	2	5	0
gene2217	11	3	5	6	7	0	31	4	12	10	2	20	3	7	0	5
gene2218	14	2	23	11	8	20	11	61	12	14	14	12	6	8	18	13
gene2219	129	53	224	127	83	102	132	322	173	179	134	369	305	90	95	125
gene2220	7	14	16	17	13	26	22	49	10	34	32	44	20	8	20	19
gene2221	106	69	311	120	118	141	194	270	224	243	149	293	421	55	191	201
gene2222	27	15	28	7	21	13	23	84	17	19	19	24	26	5	6	12
gene2223	280	165	598	321	318	371	581	806	536	580	281	887	681	190	382	330
gene2224	18	16	49	36	8	43	38	55	19	41	36	65	35	4	27	17
gene2225	60	11	74	40	37	54	51	85	51	75	76	128	107	18	77	38
gene2226	30	12	38	10	3	16	35	34	30	25	23	30	20	7	26	21
gene2227	41	20	121	42	22	22	58	96	40	38	37	89	137	25	36	60
gene2228	0	0	16	4	5	3	16	6	0	0	3	6	0	4	1	1
gene2229	0	0	0	0	0	0	2	0	0	0	0	0	0	0	0	0
gene2230	29	9	86	48	23	40	68	95	25	40	38	93	50	34	41	26
gene2231	25	9	33	15	3	2	2	7	1	10	1	16	3	2	9	2
gene2232	16	11	23	4	7	17	22	29	11	6	17	6	42	4	8	31
gene2233	3	1	9	1	0	6	2	3	2	8	4	1	2	1	0	3
gene2234	0	0	0	0	0	0	0	0	0	1	0	0	0	0	0	0
gene2235	22	6	59	14	27	26	25	24	21	27	20	18	70	12	17	20
gene2236	1931	738	3248	1533	1327	2082	2539	4388	2105	3151	1990	3810	3704	952	1655	1973
gene2237	10	2	20	15	12	25	28	81	18	28	7	51	81	6	18	3
gene2238	0	0	0	0	0	0	0	4	0	17	2	5	0	0	1	7
gene2239	9	7	8	1	6	6	6	27	19	6	12	23	7	0	12	15
gene2240	2	3	18	2	0	3	0	2	6	7	10	3	16	2	1	2
gene2241	18	0	16	0	7	10	0	13	4	5	6	7	2	3	5	4
gene2242	0	0	0	0	0	0	0	0	0	0	0	0	0	0	0	0
gene2243	3045	1299	4370	2227	1917	3064	3680	4748	3394	4164	4019	7295	6294	1427	2649	2506
gene2244	89	21	196	117	66	132	110	219	95	202	103	182	145	37	83	63
gene2245	14	1	10	0	9	6	17	45	22	13	20	12	18	4	7	13
gene2246	5111	2266	11586	3996	3721	3335	5440	10058	5560	8700	5689	12490	8926	2989	5221	3355
gene2247	111	50	241	123	80	85	170	223	160	169	137	406	221	48	75	77
gene2248	1158	579	1714	1220	228	318	424	577	339	391	336	843	625	123	276	245
gene2249	119	47	258	121	73	94	87	210	146	153	124	226	189	47	100	102
gene2250	5437	2170	5722	3186	3296	4824	5341	9995	3910	7659	4363	9340	10704	2239	4035	4417
gene2251	236	70	357	162	118	193	307	357	185	260	161	250	328	64	201	173
gene2252	113	125	421	166	166	161	237	393	402	341	294	417	364	83	189	196
gene2253	274	147	631	282	62	96	121	189	132	159	86	154	148	36	97	87
gene2254	230	139	675	260	579	842	766	2069	711	902	881	1943	1740	310	726	635
gene2255	12	0	5	2	0	10	1	6	6	12	4	25	6	2	0	6
gene2256	59	42	90	72	11	7	11	27	22	6	9	24	19	8	6	8
gene2257	274	141	470	237	151	280	277	579	240	209	331	578	551	136	208	258
gene2258	65	62	148	143	93	130	170	255	168	230	115	257	220	69	105	160
gene2259	27	14	33	23	19	30	16	82	54	11	19	63	69	19	41	16
gene2260	0	1	0	0	1	0	0	0	0	0	0	0	0	0	0	0
gene2261	92	36	136	48	59	83	144	102	108	44	91	118	156	42	52	99
gene2262	76	21	116	42	47	52	80	152	70	122	60	128	112	31	69	105
gene2263	222	66	338	159	145	221	398	380	303	410	192	564	281	89	167	240
gene2264	101	15	169	50	34	47	61	151	63	136	19	122	174	16	32	77
gene2265	3	6	7	2	3	3	8	25	0	4	7	1	9	0	3	1
gene2266	13	3	44	29	15	18	29	42	19	35	45	58	66	4	12	19
gene2267	0	8	5	6	1	2	2	0	0	1	2	0	1	2	0	1
gene2268	124	61	214	99	28	50	121	124	66	116	92	149	97	42	36	25
gene2269	15	15	22	22	17	24	51	61	29	38	47	53	25	6	19	24
gene2270	4	1	11	0	0	5	13	26	9	8	2	26	8	1	11	10
gene2271	25	40	87	37	35	54	60	140	39	81	84	101	148	29	32	57
gene2272	8	4	19	28	7	4	21	43	30	22	13	71	43	1	9	7
gene2273	434	229	552	313	309	511	578	710	590	479	430	812	626	178	347	404
gene2274	94	23	187	76	43	44	50	118	60	66	47	96	142	23	44	53
gene2275	1	8	4	8	4	2	8	0	2	10	5	22	9	0	1	2
gene2276	1778	717	3071	1146	942	1745	2089	3806	1749	3016	1788	3254	3828	866	1290	1452
gene2277	11613	5336	16409	8063	7653	9471	15057	26490	16069	12434	12984	26539	20244	6102	8106	9966
gene2278	20	5	28	13	33	18	49	42	34	23	51	68	18	11	17	32
gene2279	100	46	176	91	98	85	146	166	99	133	140	212	122	28	55	79
gene2280	1516	1051	5929	1910	1356	2697	3388	5437	2794	4051	2494	5035	3627	844	3025	2043
gene2281	69	32	128	69	77	58	100	193	68	99	46	158	102	15	70	43
gene2282	38	5	22	22	33	23	37	85	32	21	39	36	90	23	23	9
gene2283	15	6	19	10	18	32	26	71	7	31	9	33	35	1	26	22
gene2284	620	312	978	579	588	761	777	1447	829	1040	742	1666	881	241	591	911
gene2285	65	28	131	74	44	49	76	118	122	97	121	211	74	47	94	63
gene2286	1	11	19	3	5	11	7	29	8	5	6	3	10	0	8	6
gene2287	35	5	87	44	17	24	32	70	26	37	35	43	15	14	21	14
gene2288	566	220	908	592	686	1038	1293	2061	1227	1478	1015	1595	1646	423	947	810
gene2289	593	245	1121	517	407	568	604	1550	564	629	559	1506	957	204	491	433
gene2290	0	0	0	0	0	0	0	0	0	0	2	0	0	0	0	0
gene2291	555	195	1109	435	333	549	534	1003	661	601	467	1228	920	216	378	484
gene2292	8	15	39	27	15	32	29	67	37	16	25	26	32	1	20	12
gene2293	38	17	31	15	13	17	27	38	46	63	19	34	30	8	28	24
gene2294	381	155	789	535	300	339	459	901	525	688	496	982	877	200	515	490
gene2295	12	9	13	5	21	19	6	51	24	49	16	24	73	5	45	15
gene2296	1	1	9	5	4	0	3	3	5	8	0	0	11	3	0	0
gene2297	20	2	33	27	9	20	17	31	27	23	35	116	65	3	43	18
gene2298	59	22	181	48	61	94	146	176	84	248	88	152	139	28	91	49
gene2299	13	12	30	12	15	28	28	35	17	45	4	26	40	4	4	8
gene2300	9	1	8	5	0	2	2	8	1	0	13	0	0	0	0	0
gene2301	100	46	141	66	116	68	147	136	125	134	89	230	160	28	40	39
gene2302	2	0	4	0	3	4	0	1	0	0	0	6	0	1	23	0
gene2303	13	11	64	13	36	56	83	78	89	114	41	122	61	31	76	84
gene2304	21	6	77	16	15	19	15	22	20	27	8	32	45	11	19	16
gene2305	942	650	2624	1123	1174	1612	1469	2201	2054	2016	1670	3425	2470	790	1458	1218
gene2306	2213	811	3073	1623	1456	1667	2425	3871	1971	2029	1668	2836	2776	830	1434	1365
gene2307	7	10	57	7	11	35	15	68	25	28	2	29	26	24	21	24
gene2308	871	405	1061	510	540	661	949	1865	1097	1093	918	1397	1129	373	633	533
gene2309	4	0	0	0	1	0	0	14	0	3	1	0	4	0	0	0
gene2310	5	0	0	0	1	0	0	6	1	1	0	0	0	0	0	0
gene2311	0	5	1	0	2	8	20	5	0	23	27	1	7	1	8	8
gene2312	78	38	248	93	115	61	220	277	145	245	127	390	394	51	115	96
gene2313	9	17	39	9	4	10	2	4	5	5	0	11	21	1	7	6
gene2314	7	4	9	26	3	6	13	24	18	14	12	11	7	4	10	1
gene2315	150	92	524	234	197	306	274	485	260	301	261	514	450	107	190	180
gene2316	2	5	21	7	35	21	26	59	120	67	27	201	92	31	42	46
gene2317	712	251	1117	531	498	731	711	1381	838	896	724	1415	1078	262	603	451
gene2318	98	31	221	83	93	67	132	168	123	132	135	211	207	38	83	50
gene2319	51	20	128	93	59	83	103	190	116	129	99	225	178	45	146	50
gene2320	12	12	29	10	1	4	7	6	3	14	6	8	6	0	4	5
gene2321	189	92	432	248	138	314	319	472	340	278	251	695	595	109	182	251
gene2322	4	3	15	8	1	2	4	13	18	8	10	15	18	3	8	5
gene2323	9	1	21	3	1	7	6	9	11	17	4	8	1	5	1	1
gene2324	69	41	94	94	76	93	134	233	107	102	150	199	159	56	134	112
gene2325	68	34	130	112	65	66	150	278	95	160	68	187	124	48	102	70
gene2326	1	0	0	2	8	8	3	18	1	8	3	1	9	0	3	2
gene2327	110	45	151	77	60	83	226	191	159	185	87	157	155	41	88	122
gene2328	5	3	4	0	1	0	2	1	0	5	1	2	5	1	0	2
gene2329	59	17	105	76	38	55	75	93	43	114	107	194	75	17	74	57
gene2330	1	0	1	4	2	1	0	0	0	12	4	16	6	2	3	8
gene2331	0	0	0	0	3	4	0	0	0	0	1	0	0	0	0	0
gene2332	259	231	731	422	327	366	467	760	560	370	478	661	739	153	330	342
gene2333	81	37	116	70	94	79	97	186	135	191	100	246	215	33	113	70
gene2334	13	4	33	23	12	22	22	17	19	13	20	44	12	9	30	19
gene2335	125	89	253	96	25	20	31	50	33	28	30	57	48	11	29	34
gene2336	1787	1026	4462	2042	2224	3166	3040	6115	2475	4537	2537	5847	5179	1167	2459	2279
gene2337	265	105	356	154	134	161	258	534	185	424	314	496	405	97	190	166
gene2338	538	243	995	346	131	155	212	379	201	229	171	395	308	85	128	134
gene2339	0	0	0	0	0	3	0	7	5	1	3	0	1	0	0	4
gene2340	8	2	13	2	0	2	14	5	8	0	2	5	0	0	1	4
gene2341	3	4	4	2	2	4	15	11	8	6	9	37	43	7	8	16
gene2342	7	7	4	11	21	14	12	11	13	12	4	32	34	4	6	5
gene2343	22	2	32	5	7	12	8	16	32	9	16	40	14	11	10	20
gene2344	151	43	223	142	146	150	175	230	157	187	143	298	278	83	142	99
gene2345	274	106	515	198	232	274	418	612	383	428	271	707	539	117	291	296
gene2346	6	2	21	4	2	4	2	3	1	2	2	5	3	1	2	2
gene2347	0	0	0	1	0	0	0	0	1	4	1	0	0	0	0	0
gene2348	615	275	1070	567	3366	4957	5856	9327	4237	6208	3740	7275	9198	1165	3910	3885
gene2349	33	23	73	42	15	27	38	30	38	20	18	31	31	8	15	20
gene2350	219	94	431	229	257	175	379	565	251	414	231	571	574	67	251	156
gene2351	0	1	5	2	1	2	1	2	1	5	0	0	7	0	7	5
gene2352	319	111	565	211	178	259	355	672	184	501	316	551	673	103	269	301
gene2353	2871	1214	4682	2505	1810	2601	3228	4384	4372	4765	3210	6298	5253	1204	2945	2863
gene2354	83	55	264	126	97	194	211	363	178	268	118	360	273	100	155	128
gene2355	16	4	23	9	15	8	14	20	12	7	5	38	22	11	5	4
gene2356	5	0	0	0	0	1	1	4	4	0	2	33	7	1	18	0
gene2357	116	39	270	51	81	101	120	337	106	165	142	243	209	31	101	177
gene2358	11	8	32	15	4	22	11	11	10	23	15	47	13	6	3	9
gene2359	114	30	122	84	78	106	114	195	156	73	110	275	167	58	84	61
gene2360	4	6	11	19	3	8	14	31	10	47	2	39	18	1	5	18
gene2361	54	15	75	28	43	62	102	131	46	37	79	80	92	20	43	28
gene2362	0	0	1	0	0	0	0	0	0	0	0	0	0	0	0	0
gene2363	84	32	131	81	41	63	64	149	65	136	61	198	124	25	39	62
gene2364	45	46	179	81	58	73	58	205	120	136	90	250	160	42	59	60
gene2365	34	27	190	61	55	52	115	64	163	147	76	66	100	26	80	66
gene2366	96	44	115	50	71	65	92	167	104	84	112	188	139	30	85	50
gene2367	82	37	250	42	96	93	217	237	172	198	127	291	205	55	166	135
gene2368	0	0	0	0	0	0	4	0	0	0	1	0	0	0	0	3
gene2369	2254	1040	4683	1786	1398	1854	3558	6111	2330	3047	2324	5879	4219	1023	2000	2107
gene2370	10	2	13	25	6	4	3	20	14	34	0	14	24	3	5	1
gene2371	236	101	584	260	260	356	452	466	392	498	362	656	714	169	394	363
gene2372	7	0	15	4	9	25	12	6	5	9	15	26	20	10	12	15
gene2373	36	2	42	32	11	23	22	23	18	8	29	47	40	2	9	12
gene2374	119	29	197	82	53	98	124	204	126	226	140	152	240	33	71	133
gene2375	281	154	619	369	314	413	424	827	442	572	281	945	575	173	321	443
gene2376	36	14	77	22	1	5	12	25	7	18	4	16	15	2	6	7
gene2377	79	15	108	43	22	56	66	112	57	56	93	175	155	17	56	29
gene2378	106	59	146	52	45	78	170	429	115	183	112	164	139	36	96	64
gene2379	28	9	46	18	31	41	66	58	25	59	56	35	78	5	38	43
gene2380	51	16	66	36	75	36	59	78	28	40	28	87	62	35	38	34
gene2381	51	23	109	36	32	62	64	148	107	77	88	120	106	22	49	42
gene2382	62	25	109	97	44	71	146	133	90	93	126	315	159	56	101	76
gene2383	180	103	501	170	153	234	355	402	341	518	152	507	422	105	214	218
gene2384	7	0	9	3	2	3	7	0	4	14	2	0	19	5	2	3
gene2385	35	10	31	27	36	72	45	46	32	16	65	114	104	18	16	22
gene2386	30	19	78	33	36	37	65	99	56	51	56	96	92	21	38	50
gene2387	28	14	30	19	10	14	25	46	42	31	18	59	44	3	16	22
gene2388	59	25	157	34	53	91	58	148	46	120	82	127	102	40	90	60
gene2389	267	174	341	263	205	305	353	837	350	437	261	615	634	73	291	264
gene2390	124	64	370	155	144	152	230	474	194	214	120	430	348	75	128	124
gene2391	317	86	434	177	132	201	188	422	220	314	224	706	272	112	221	171
gene2392	78	18	81	101	48	89	70	184	44	73	87	186	95	33	59	61
gene2393	0	0	4	0	2	3	0	2	1	1	1	3	3	0	1	6
gene2394	59	23	153	90	79	90	86	157	74	102	95	146	129	26	64	40
gene2395	1642	1247	3679	1530	1443	2298	3046	3540	2864	3399	2289	4077	4269	891	2438	1624
gene2396	16	3	41	52	20	19	7	48	21	21	19	42	26	7	17	21
gene2397	1352	539	2564	1556	940	1700	1727	3188	1555	1691	1877	3649	3317	697	1189	1162
gene2398	51	28	87	54	41	40	60	95	44	38	44	86	112	33	24	37
gene2399	841	350	1631	770	579	727	1071	2174	1022	1533	809	2312	1967	300	828	627
gene2400	1	0	0	0	8	0	0	0	1	0	0	0	4	0	0	0
gene2401	45	32	140	70	47	67	72	252	61	63	79	185	198	30	31	110
gene2402	6	5	13	5	11	18	14	55	14	28	16	36	36	6	19	14
gene2403	3	0	3	12	1	1	5	27	8	29	3	13	6	3	9	0
gene2404	718	287	990	481	418	843	878	2161	915	957	859	1590	1214	294	494	613
gene2405	20	26	46	30	27	42	37	92	27	46	28	111	72	10	25	15
gene2406	1574	881	2822	1079	874	1404	1903	3322	1808	1802	1424	3288	3254	809	1181	1268
gene2407	22	5	64	16	16	12	28	68	36	39	39	55	48	20	40	19
gene2408	2	1	9	6	2	12	7	17	15	14	41	18	8	2	8	9
gene2409	8	1	14	17	8	6	3	32	14	15	5	15	3	3	9	22
gene2410	0	0	0	0	0	0	0	0	0	0	0	0	0	0	0	0
gene2411	10893	4527	23353	10013	6461	11240	17947	25016	12594	16081	13077	27523	30200	5141	14354	12708
gene2412	127	95	368	160	148	180	239	417	216	382	236	524	335	91	180	125
gene2413	237	143	487	234	183	209	343	470	310	348	226	541	603	129	244	198
gene2414	87	45	248	69	110	94	216	200	149	139	83	185	136	57	53	86
gene2415	1264	582	2232	1069	841	1311	1823	2711	1711	1605	1118	3589	2622	584	1102	1035
gene2416	119	52	260	87	149	84	127	260	132	197	133	232	225	50	71	84
gene2417	10	9	57	17	20	25	22	43	43	30	21	41	36	7	13	21
gene2418	2	0	0	4	9	1	0	0	2	27	7	5	33	0	0	15
gene2419	11	12	5	10	5	6	36	59	2	13	15	20	35	2	5	4
gene2420	108	62	147	113	136	152	164	412	233	460	155	382	327	56	149	102
gene2421	30	33	102	17	19	46	66	107	79	95	49	95	70	16	36	65
gene2422	645	280	1185	471	299	621	768	1131	670	737	580	1366	807	245	414	339
gene2423	67	59	177	79	66	82	111	172	128	218	82	165	148	56	87	127
gene2424	2	4	9	4	6	1	2	14	0	1	1	26	4	2	2	1
gene2425	56	16	54	33	18	69	34	96	33	117	52	118	57	16	33	33
gene2426	77	20	99	24	39	61	63	73	36	78	44	158	69	11	29	22
gene2427	421	229	808	334	213	432	470	1360	456	598	481	832	551	188	555	325
gene2428	167	44	216	70	68	100	90	344	127	203	124	231	296	63	141	48
gene2429	105	53	165	74	172	244	299	333	243	257	235	345	495	85	209	287
gene2430	33	4	51	8	25	23	26	61	34	33	34	72	43	9	39	12
gene2431	5	5	12	0	1	16	7	32	24	25	13	9	17	0	3	10
gene2432	13	2	9	7	13	8	12	42	0	33	25	1	19	7	7	5
gene2433	2948	1406	4110	2349	2227	3038	3279	5467	3607	5787	3192	5589	5543	1109	2643	2804
gene2434	57	10	79	63	31	49	31	154	65	40	60	96	88	22	52	43
gene2435	49	17	46	41	20	32	36	87	36	67	41	95	59	22	31	49
gene2436	553	294	1014	490	410	655	914	1752	785	670	822	1564	1511	255	493	605
gene2437	340	103	814	236	300	414	353	585	486	492	302	461	505	99	251	307
gene2438	238	106	305	191	254	214	305	309	311	283	252	513	490	85	224	156
gene2439	15	1	19	2	1	8	19	15	0	9	6	21	3	0	4	4
gene2440	295	194	647	242	210	400	516	1036	413	437	335	1034	739	188	435	300
gene2441	166	100	373	158	151	239	186	379	296	464	262	326	419	107	187	219
gene2442	1004	481	2085	1023	640	975	1456	2244	1119	1852	1547	2624	1972	467	1043	1025
gene2443	49	22	44	38	25	17	52	124	48	69	42	139	52	11	50	34
gene2444	9	1	11	3	3	3	3	4	7	2	1	18	18	1	1	3
gene2445	1486	689	3231	1306	1186	1995	2049	4488	1891	2678	1511	3395	3062	833	1901	1582
gene2446	185	83	345	135	123	184	177	218	236	250	134	195	348	81	153	148
gene2447	90	38	151	44	44	56	137	195	93	98	69	192	96	12	64	54
gene2448	0	0	0	0	0	0	0	0	0	0	0	4	0	0	0	0
gene2449	26	13	50	21	27	53	15	42	42	37	21	90	22	6	21	11
gene2450	0	0	0	1	0	1	2	0	0	9	0	0	0	0	0	0
gene2451	10	6	17	16	2	7	54	44	41	33	26	46	80	6	24	28
gene2452	9	7	49	42	14	24	30	40	72	52	29	53	92	7	28	22
gene2453	372	110	449	313	214	468	407	802	452	584	266	659	661	176	261	382
gene2454	79	56	77	45	47	85	112	148	101	87	69	154	101	29	34	54
gene2455	14	9	7	12	14	23	12	61	11	60	11	17	30	3	15	9
gene2456	272	117	488	175	218	161	315	612	317	316	367	732	620	133	275	269
gene2457	141	44	242	101	73	136	170	343	178	256	116	339	208	59	97	102
gene2458	2	0	7	4	3	11	8	17	14	17	22	17	2	3	5	6
gene2459	232	88	351	150	150	234	326	510	230	325	236	382	399	79	156	272
gene2460	1075	424	2105	1039	599	767	1325	2352	1016	1629	1010	1783	2228	521	1098	927
gene2461	171	49	267	163	93	171	253	256	302	322	182	386	244	96	185	195
gene2462	103	62	322	177	87	163	222	437	243	265	277	549	356	77	110	149
gene2463	132	80	152	126	70	123	122	330	108	185	122	360	182	36	114	96
gene2464	20	11	40	60	152	202	417	498	170	284	261	337	449	104	289	155
gene2465	351	130	734	402	281	588	673	895	589	844	446	1036	644	282	435	492
gene2466	36	22	43	39	10	24	45	66	47	61	43	51	43	18	40	22
gene2467	34	28	91	9	37	75	63	87	29	96	48	53	124	19	35	28
gene2468	4	5	22	19	3	4	9	16	1	0	5	23	10	5	7	7
gene2469	142	48	317	148	133	149	193	300	202	202	178	321	272	49	117	115
gene2470	80	26	126	46	17	17	23	17	24	42	30	61	37	9	19	34
gene2471	20	1	12	4	0	16	8	13	30	28	0	1	32	4	3	7
gene2472	90	44	131	45	69	85	96	162	104	161	90	225	186	28	76	84
gene2473	3	5	2	1	4	3	6	38	1	1	7	10	4	3	3	0
gene2474	32	5	28	1	12	20	29	31	16	40	36	16	53	8	4	18
gene2475	92	88	190	74	60	108	124	188	126	175	146	250	248	68	79	82
gene2476	17	11	4	7	3	8	13	11	8	4	6	7	16	0	8	4
gene2477	1	4	42	2	0	20	6	33	8	8	2	30	3	6	4	0
gene2478	348	184	904	344	266	396	621	1029	530	604	551	942	903	219	276	334
gene2479	52	59	102	89	39	117	99	182	155	135	81	313	242	20	149	105
gene2480	65	14	84	65	35	63	109	117	70	50	66	147	199	30	87	61
gene2481	83	18	188	67	35	54	67	129	89	75	43	163	85	40	42	31
gene2482	3	1	4	0	2	5	15	0	5	1	2	0	12	0	0	4
gene2483	80	48	151	70	43	95	133	205	101	90	87	155	191	20	78	63
gene2484	130	47	170	151	84	150	218	218	218	137	142	332	210	66	162	135
gene2485	2828	950	3637	2254	2460	3051	3331	5428	2650	3596	2609	6876	4814	1217	2760	1984
gene2486	56	34	112	99	19	48	42	82	58	90	43	120	85	16	62	33
gene2487	22	7	56	44	24	14	24	32	33	87	30	65	24	8	31	20
gene2488	137	35	148	97	74	122	242	216	85	177	196	287	249	60	102	116
gene2489	16	2	21	4	4	8	16	15	9	19	5	21	13	0	3	3
gene2490	17	6	43	17	28	17	35	38	35	49	18	43	45	9	22	19
gene2491	307	88	398	215	1115	2078	3029	3291	2097	4073	2139	4003	3170	683	1275	1544
gene2492	0	0	2	1	0	0	1	0	0	0	3	1	7	0	10	1
gene2493	0	4	4	1	5	6	6	2	4	0	3	4	4	1	2	14
gene2494	137	84	300	176	27	88	90	107	74	98	75	95	94	25	42	61
gene2495	14	8	30	5	7	11	9	15	10	16	11	13	15	13	14	5
gene2496	36	15	29	41	10	35	38	67	29	42	29	32	11	6	30	10
gene2497	46	10	43	12	24	57	143	125	69	92	65	184	89	50	32	72
gene2498	14	15	66	10	18	13	22	77	36	36	11	47	26	19	4	27
gene2499	3	5	22	5	1	19	4	10	10	6	9	33	3	5	1	1
gene2500	8	4	39	22	4	3	13	4	3	19	25	9	15	2	16	17
gene2501	76	13	203	74	78	74	139	181	118	108	82	173	166	29	140	50
gene2502	1	0	0	0	3	0	7	0	0	2	1	2	0	3	0	12
gene2503	0	1	9	1	0	3	0	3	0	13	1	3	14	6	6	3
gene2504	1529	730	3701	1728	1674	2503	2605	5339	2959	3732	1665	4848	3956	1091	2614	1938
gene2505	9	5	22	6	21	10	21	60	7	20	20	28	27	2	17	19
gene2506	6	0	5	6	0	18	3	0	3	12	5	1	15	5	6	1
gene2507	6	5	60	15	9	34	19	64	11	29	14	40	14	12	19	6
gene2508	4	5	13	10	4	4	8	32	6	11	7	18	14	8	4	12
gene2509	286	177	988	363	486	329	445	892	505	514	439	613	941	156	392	332
gene2510	2	0	2	4	0	0	0	7	1	6	7	33	20	0	9	19
gene2511	13	5	36	16	11	25	13	55	28	25	16	52	6	7	11	12
gene2512	57	27	167	89	270	694	705	783	515	896	478	696	573	192	372	638
gene2513	480	236	976	373	404	540	741	1016	528	823	632	969	705	205	328	462
gene2514	0	0	3	4	0	1	0	58	10	0	11	7	3	6	2	7
gene2515	21	11	36	18	10	10	29	68	27	20	70	67	88	11	24	13
gene2516	3430	1901	6725	3740	2367	3988	5435	7776	3677	5152	4433	7267	7901	1495	3749	2385
gene2517	35	16	28	32	22	20	49	75	48	65	41	82	56	10	25	42
gene2518	172	58	203	146	330	828	623	1297	523	1057	702	1127	745	227	411	476
gene2519	44	18	65	30	45	47	44	70	107	60	43	134	106	14	51	65
gene2520	28	12	36	12	21	29	23	99	31	33	17	31	76	10	19	14
gene2521	232	86	348	179	120	170	231	386	230	267	178	373	277	134	196	182
gene2522	3	1	19	2	0	8	4	19	3	13	21	13	2	1	2	0
gene2523	571	267	980	706	1186	1419	2444	2579	2452	1845	1063	2508	3131	451	1013	1539
gene2524	45	24	69	88	40	60	78	164	90	75	74	125	157	56	49	57
gene2525	515	231	1172	325	34	86	101	131	112	99	80	213	163	28	53	70
gene2526	62	25	105	30	17	42	67	96	52	46	39	65	122	15	37	66
gene2527	97	56	114	65	122	126	129	293	191	224	88	169	178	48	112	118
gene2528	44	19	120	41	25	77	76	112	90	39	81	129	71	17	41	63
gene2529	0	1	10	1	2	0	10	10	0	1	2	3	4	2	29	2
gene2530	8	7	18	4	7	11	17	30	10	17	22	40	20	9	7	16
gene2531	18	8	21	11	2	6	10	16	16	16	1	70	41	0	10	6
gene2532	1	4	51	4	7	28	3	8	3	15	1	11	4	0	5	7
gene2533	16	8	91	8	9	27	10	40	48	46	11	54	17	11	7	9
gene2534	2	5	19	3	10	22	13	18	24	17	32	20	4	1	4	15
gene2535	48	15	118	50	23	26	24	37	33	19	35	59	25	3	13	7
gene2536	77	32	140	108	10	10	16	28	16	18	18	21	22	7	10	15
gene2537	174	139	370	210	193	192	211	551	424	358	262	689	601	93	261	210
gene2538	16	10	36	19	2	2	10	20	2	8	10	11	7	1	6	19
gene2539	118	43	472	158	161	197	218	345	204	281	270	461	272	100	143	139
gene2540	76	25	95	58	9	15	11	38	21	27	16	24	35	5	16	19
gene2541	137	51	261	105	98	92	160	152	160	183	92	274	299	33	143	121
gene2542	169	39	323	115	96	134	238	279	87	158	121	237	176	69	118	152
gene2543	199	92	297	91	163	228	192	362	257	291	277	489	391	122	184	220
gene2544	22	14	32	34	23	51	42	29	31	68	54	83	81	31	24	36
gene2545	56	17	142	49	47	71	66	99	54	59	72	99	81	28	43	64
gene2546	74	61	117	68	86	165	121	278	91	174	82	249	134	40	66	64
gene2547	0	1	0	2	5	0	3	34	0	3	7	3	0	0	2	0
gene2548	109	30	138	61	64	129	150	197	109	204	124	162	246	64	75	71
gene2549	160	62	207	133	156	145	300	383	198	232	166	449	371	57	80	130
gene2550	189	68	269	70	111	130	111	243	150	163	163	317	321	43	138	133
gene2551	6	5	4	0	6	2	23	18	3	3	17	36	18	6	2	16
gene2552	75	32	243	118	71	99	129	226	85	113	73	164	214	38	82	92
gene2553	250	95	498	248	189	327	446	601	412	406	303	783	691	154	345	193
gene2554	107	42	268	140	97	225	246	312	191	182	113	282	324	69	162	118
gene2555	433	166	719	425	335	557	729	1044	571	421	298	756	713	181	445	452
gene2556	8	0	0	2	0	0	0	0	0	1	1	0	0	0	0	0
gene2557	11	2	1	6	5	9	2	2	5	0	2	5	2	1	0	13
gene2558	0	1	11	2	1	0	2	0	1	4	13	3	0	0	1	0
gene2559	238	160	614	410	246	387	619	1097	384	610	368	981	827	185	430	437
gene2560	20	13	34	18	14	5	12	85	38	42	23	77	70	11	19	13
gene2561	2032	514	2238	888	1534	1649	2090	2875	1834	2066	1851	3524	4307	616	1252	1183
gene2562	26	15	68	32	31	45	29	136	39	92	32	57	77	17	16	70
gene2563	7	2	26	2	5	1	10	11	5	3	13	3	13	0	2	1
gene2564	0	0	2	0	0	0	0	1	0	9	0	0	0	0	0	0
gene2565	0	1	0	1	1	1	1	1	16	0	1	2	0	0	3	0
gene2566	33	6	88	26	47	68	64	107	29	53	29	72	85	6	27	23
gene2567	44	18	70	68	39	29	40	100	71	60	78	136	107	30	62	39
gene2568	84	18	64	58	59	61	75	121	98	91	52	142	75	31	48	58
gene2569	65	47	134	73	37	60	122	153	119	130	66	106	110	13	85	57
gene2570	106	70	247	115	117	106	164	177	219	128	144	257	218	55	154	105
gene2571	0	0	3	3	3	0	1	5	0	8	5	25	0	0	2	0
gene2572	4001	1521	7800	4156	3924	4487	8382	9087	5211	8694	4471	12997	8836	1995	4112	4699
gene2573	47	20	103	42	21	48	81	85	76	92	25	44	101	12	56	37
gene2574	83	33	210	39	82	119	125	135	119	186	61	185	160	33	81	67
gene2575	8	7	54	34	38	21	24	100	63	22	29	113	22	6	32	28
gene2576	1512	723	2474	1571	1463	2073	3082	3401	2448	3045	2612	4478	3848	861	2081	2276
gene2577	196	86	340	157	135	226	287	400	170	177	210	411	293	64	149	140
gene2578	0	4	5	1	0	1	5	3	5	1	3	5	2	1	0	9
gene2579	165	57	327	89	98	163	122	301	150	142	163	331	364	48	65	125
gene2580	225	90	383	143	152	190	224	576	294	377	243	394	504	56	171	130
gene2581	6	10	34	17	4	10	3	42	17	4	12	33	32	4	4	14
gene2582	35	9	87	22	33	62	29	97	38	22	38	97	106	35	35	30
gene2583	52	18	34	15	19	37	62	99	52	88	50	104	121	15	50	41
gene2584	9	13	59	52	19	24	37	55	62	23	28	75	51	7	19	37
gene2585	10	12	35	16	15	139	31	214	72	75	83	278	196	55	163	76
gene2586	19	5	4	5	2	2	13	41	5	5	12	26	5	5	20	4
gene2587	1	1	0	8	1	7	4	1	0	4	0	0	1	1	0	3
gene2588	26	10	34	21	14	68	42	60	49	38	21	22	75	7	36	50
gene2589	183	61	299	194	180	220	230	625	315	181	235	383	360	88	180	219
gene2590	28	23	105	30	34	55	53	206	70	64	57	99	119	25	41	25
gene2591	0	0	8	0	10	0	0	18	3	1	0	0	0	15	0	0
gene2592	98	44	233	111	73	125	121	238	151	196	140	327	304	57	132	96
gene2593	1435	711	3049	1712	526	535	863	1558	1261	1112	627	1592	1326	340	754	712
gene2594	1333	491	1842	1039	707	1070	1394	2281	1386	1573	1279	2445	2450	462	1148	671
gene2595	0	0	0	3	0	0	1	1	0	0	0	5	2	0	7	4
gene2596	3	2	14	8	2	4	2	16	2	3	3	5	10	2	7	2
gene2597	4	0	0	0	0	0	0	18	0	12	0	5	0	0	1	1
gene2598	55	35	114	54	42	114	64	129	133	59	76	188	148	25	49	56
gene2599	24	13	50	26	30	39	39	84	38	33	16	38	20	7	21	21
gene2600	124	47	237	98	90	183	153	284	156	283	187	430	337	45	74	114
gene2601	1202	612	2162	1147	718	1585	1909	3118	1924	2155	1808	2879	3365	807	1344	1092
gene2602	839	740	3368	1213	4934	6588	6625	11565	6789	10889	5413	14950	10659	3784	6344	6482
gene2603	391	187	830	208	245	399	480	880	406	523	385	870	574	163	412	312
gene2604	16	3	23	3	7	17	18	4	44	40	8	23	10	4	7	2
gene2605	63	50	77	52	21	59	79	101	56	83	37	149	109	32	56	92
gene2606	2	3	0	0	5	2	0	1	1	0	1	6	3	0	10	0
gene2607	5	6	22	15	15	15	27	49	28	17	15	68	16	15	19	10
gene2608	5	12	15	5	1	11	28	38	37	15	19	38	12	11	15	19
gene2609	37	19	65	47	33	74	99	106	94	94	38	107	114	18	53	64
gene2610	30	17	110	17	29	33	35	57	79	35	54	57	47	21	36	22
gene2611	34	20	54	27	29	55	37	84	57	95	57	59	72	32	23	9
gene2612	78	33	192	57	480	864	776	1273	774	1067	671	1070	1657	245	558	507
gene2613	0	0	1	0	1	0	0	0	0	0	0	0	0	0	6	0
gene2614	1	0	1	0	0	1	2	3	0	0	0	0	7	0	0	1
gene2615	92	36	218	101	9	15	25	21	18	20	14	38	27	6	20	10
gene2616	193	98	279	106	58	135	174	219	121	137	107	223	212	65	83	90
gene2617	44	28	99	42	60	47	57	138	76	104	50	143	71	33	52	34
gene2618	12	5	29	13	47	42	41	264	255	68	344	202	216	76	93	170
gene2619	0	0	0	0	0	0	0	0	0	0	0	0	0	0	1	1
gene2620	0	0	0	0	0	0	1	12	0	0	0	0	0	0	0	0
gene2621	3	0	8	4	0	2	0	0	0	0	0	1	0	0	0	0
gene2622	341	142	937	276	198	548	660	993	567	440	328	764	697	174	511	394
gene2623	145	70	180	77	83	113	208	248	237	143	216	404	214	80	170	118
gene2624	249	64	344	165	100	184	217	490	325	337	202	465	328	89	200	148
gene2625	251	114	566	153	169	162	251	579	244	463	208	368	450	73	175	168
gene2626	1767	992	4058	1637	1755	1812	3043	3619	3387	3708	2498	4568	3220	1153	2166	1923
gene2627	6	17	26	7	17	17	37	86	23	86	28	30	40	7	20	32
gene2628	35	8	61	9	23	16	57	85	27	35	36	78	40	11	25	26
gene2629	392	198	640	290	177	357	485	615	433	442	298	675	763	187	333	320
gene2630	0	0	0	0	3	0	1	0	5	3	1	1	1	0	0	0
gene2631	0	0	0	0	0	0	0	1	0	0	1	1	0	0	0	0
gene2632	33691	16767	45538	26946	20991	27963	42322	80466	40487	52210	45844	83135	77727	13790	33684	28546
gene2633	1218	313	1377	878	513	1361	1330	2039	1155	1258	1095	2455	1877	393	631	741
gene2634	99	40	112	41	46	93	91	236	148	152	114	220	215	29	62	86
gene2635	4	7	18	5	1	4	20	12	1	11	2	6	4	2	15	1
gene2636	250	99	376	181	157	259	362	579	344	390	295	570	303	67	231	195
gene2637	816	371	1390	630	893	1152	1741	2916	1947	1965	1596	2154	2751	488	1098	1634
gene2638	3	1	5	0	4	5	4	10	4	11	4	1	10	2	4	0
gene2639	20	11	23	24	16	17	54	57	22	27	45	37	25	9	10	10
gene2640	14	4	23	7	6	26	7	38	20	6	3	37	30	3	13	3
gene2641	2	4	17	9	1	0	2	2	4	1	7	7	3	3	0	2
gene2642	39	12	20	2	5	12	13	20	10	2	22	10	57	4	5	34
gene2643	25	5	29	10	0	1	12	11	0	4	4	10	9	2	1	5
gene2644	53	33	95	36	24	100	81	78	86	74	38	120	77	19	41	35
gene2645	76	29	122	34	50	46	92	146	65	83	63	123	103	28	33	62
gene2646	5	2	4	1	3	0	1	31	1	6	11	5	0	1	0	8
gene2647	4	1	2	4	6	10	5	5	4	12	7	8	13	8	2	13
gene2648	1339	692	2353	1272	1384	1554	2490	2863	2429	1691	1785	3045	2397	689	1395	1677
gene2649	47	3	38	25	93	191	151	467	252	221	230	640	564	83	222	126
gene2650	209	129	430	183	182	254	239	446	375	352	216	564	378	147	176	147
gene2651	7	1	17	26	1	9	22	33	2	9	2	35	7	0	3	7
gene2652	10	2	23	8	14	8	5	11	4	23	18	0	36	1	9	6
gene2653	271	101	468	196	47	95	110	288	82	143	97	212	175	42	69	82
gene2654	1	0	13	0	1	5	18	21	20	12	5	12	7	0	2	10
gene2655	27	22	76	42	55	27	63	124	71	67	68	113	91	34	47	30
gene2656	37	42	144	28	37	49	32	98	54	69	102	98	149	8	41	20
gene2657	27	13	31	21	19	24	32	55	38	69	47	65	33	16	12	53
gene2658	66	53	96	77	93	111	177	191	125	107	170	271	124	45	74	86
gene2659	101	34	157	112	79	123	177	263	123	168	75	277	252	42	102	110
gene2660	72	47	243	98	74	109	157	190	117	169	110	195	280	60	121	89
gene2661	4	2	10	0	0	1	3	11	1	0	2	4	16	0	1	0
gene2662	0	0	8	5	0	0	5	19	0	0	12	7	1	1	0	7
gene2663	30	12	24	13	19	8	32	25	36	44	40	62	36	11	20	47
gene2664	158	87	238	205	174	153	228	267	253	189	165	303	268	44	135	106
gene2665	52	14	89	48	18	57	39	77	60	91	74	136	54	18	60	30
gene2666	8822	3302	15966	6646	4877	8787	10428	14593	12196	8987	6621	16558	17644	4500	7019	7995
gene2667	73	27	248	60	69	110	186	255	67	172	118	315	174	58	94	145
gene2668	129	79	317	100	63	150	171	382	179	222	230	362	315	54	187	126
gene2669	5642	2288	8851	4337	3941	5310	5808	12854	5822	5956	4538	12447	8261	2154	5031	4615
gene2670	83	60	204	86	77	211	182	342	166	241	133	232	204	40	148	103
gene2671	3575	1426	5772	2787	2417	3538	3826	7652	4572	6616	4671	7600	6071	1672	3611	4679
gene2672	323	98	574	211	231	288	318	854	299	315	301	411	574	111	281	239
gene2673	27	5	12	7	10	50	7	24	45	21	12	16	24	2	30	14
gene2674	198	142	601	284	232	318	479	696	370	630	428	827	514	122	273	329
gene2675	29	6	30	10	3	6	13	20	2	4	1	3	21	2	5	3
gene2676	92	49	234	88	161	195	307	342	397	396	237	524	377	81	207	181
gene2677	382	157	867	354	420	383	676	950	773	495	521	745	922	214	468	299
gene2678	2717	972	5944	1640	1832	2920	2516	6045	3035	4228	2634	6217	6750	1112	2400	2217
gene2679	0	6	10	7	6	5	5	7	3	2	4	17	6	8	3	12
gene2680	0	0	3	0	0	3	1	11	0	0	3	3	0	0	1	0
gene2681	5	7	23	8	14	5	17	55	29	33	8	57	44	11	7	8
gene2682	384	150	746	324	218	374	584	929	570	648	316	1002	577	156	414	318
gene2683	179	68	246	127	69	134	173	346	214	133	187	285	309	95	134	145
gene2684	1	2	11	1	0	1	0	7	14	1	0	8	4	0	0	9
gene2685	12	9	1	1	0	1	4	12	32	8	6	16	31	1	18	2
gene2686	4948	1691	11109	3167	3009	4690	6129	8973	6915	7143	5106	6676	10432	1964	4725	4186
gene2687	97	45	123	43	49	152	87	195	159	126	82	233	166	33	54	81
gene2688	64	43	163	82	59	58	93	119	77	142	85	175	108	41	46	54
gene2689	1	4	6	1	4	0	6	19	8	2	3	6	2	0	1	9
gene2690	46	24	116	57	33	109	75	110	61	72	33	94	97	19	63	18
gene2691	1	0	8	0	0	11	9	11	0	7	7	3	17	1	1	9
gene2692	40	25	75	23	43	18	36	76	28	15	19	88	82	15	39	30
gene2693	14	11	51	14	10	59	32	88	13	35	14	81	56	4	27	14
gene2694	3	1	17	4	8	10	38	7	7	3	3	28	14	5	4	5
gene2695	148	62	363	141	108	232	205	376	154	255	133	326	335	87	153	79
gene2696	4	1	5	2	3	0	4	4	5	6	28	40	4	1	3	2
gene2697	133	77	458	227	185	191	280	529	288	294	239	522	407	149	209	169
gene2698	122	58	279	156	92	87	151	113	116	185	108	237	215	28	92	83
gene2699	54	28	76	31	83	126	139	226	125	158	102	139	180	49	98	180
gene2700	1249	437	1539	847	674	1358	1606	2695	1294	1135	1328	2380	2683	509	1095	889
gene2701	3	1	8	2	0	1	7	30	1	5	0	2	1	4	0	2
gene2702	61	39	125	43	21	60	48	223	34	104	42	93	42	25	35	46
gene2703	135	79	299	142	87	187	245	423	227	323	208	287	323	53	164	155
gene2704	224	170	592	323	380	421	388	962	561	523	396	826	732	88	340	319
gene2705	37	27	114	42	32	46	51	169	100	82	61	94	63	36	41	30
gene2706	26	21	63	17	24	41	14	88	69	28	48	115	113	10	53	42
gene2707	238	123	384	135	213	183	417	428	247	395	275	618	648	104	150	264
gene2708	85	34	166	55	27	62	91	119	59	79	87	123	112	23	31	49
gene2709	1613	543	2821	1275	1151	1571	2411	3211	1542	2021	1294	3152	3159	776	1208	1221
gene2710	35	14	76	32	17	47	32	51	37	43	24	87	44	9	46	23
gene2711	617	243	897	376	322	486	755	1406	749	845	618	1140	1045	162	408	396
gene2712	433	229	666	221	222	266	422	832	249	491	315	850	525	149	263	241
gene2713	0	0	3	0	4	0	2	1	0	1	0	0	1	0	0	0
gene2714	1141	383	1653	1013	812	973	1419	2257	1267	1361	1010	2015	1521	395	772	1066
gene2715	0	1	0	1	3	7	0	1	10	2	5	10	1	4	3	1
gene2716	242	92	341	116	164	246	218	401	367	349	230	390	423	83	236	172
gene2717	57	46	155	56	74	72	82	180	96	134	72	148	182	34	84	54
gene2718	92	45	258	85	74	76	147	163	104	116	116	173	209	25	110	93
gene2719	165	54	382	137	439	602	745	1299	966	1165	632	1640	1662	313	532	540
gene2720	5	1	0	0	0	0	0	4	0	23	12	1	0	3	0	0
gene2721	80	17	118	69	51	42	105	150	71	125	94	136	118	18	78	36
gene2722	154	68	288	147	115	189	221	378	210	228	149	335	208	90	134	103
gene2723	0	0	5	6	3	1	1	7	1	0	0	1	2	0	0	0
gene2724	45	21	62	39	18	57	34	51	40	71	65	82	133	20	32	15
gene2725	34	3	37	5	13	10	6	98	6	19	11	40	39	9	6	3
gene2726	230	86	379	200	171	290	334	489	304	361	248	526	594	132	218	266
gene2727	28	15	26	35	26	10	31	29	21	10	39	34	17	16	19	34
gene2728	379	158	778	351	761	1110	1525	2398	2156	1569	1045	2161	3036	465	1229	810
gene2729	19	9	75	9	20	31	31	42	11	46	33	70	21	5	18	13
gene2730	52	31	60	49	15	61	44	135	37	85	64	133	133	10	72	28
gene2731	120	35	222	88	94	120	193	212	139	104	118	197	207	41	85	64
gene2732	5	4	33	13	31	11	23	44	13	26	28	45	23	3	5	15
gene2733	2088	1015	5678	2014	2118	2462	2924	5020	3179	4070	2627	5206	3440	919	2338	2106
gene2734	78	12	51	17	195	260	256	216	465	146	209	449	298	63	118	210
gene2735	24	16	42	22	7	19	38	24	27	26	16	56	30	7	18	15
gene2736	18293	7495	30043	17164	21938	40321	51790	87599	40060	53028	54388	70369	64215	19536	38256	25166
gene2737	176	97	336	149	132	159	226	346	230	283	183	369	390	70	167	127
gene2738	325	165	660	207	295	416	437	610	403	526	517	648	489	239	438	424
gene2739	64	25	163	92	44	67	108	283	118	195	58	267	183	57	106	70
gene2740	3	7	11	0	1	3	4	4	4	11	1	4	10	12	5	13
gene2741	2	5	7	7	2	0	15	12	11	14	1	7	5	0	10	2
gene2742	19	13	3	5	9	5	7	46	11	4	29	17	61	3	13	5
gene2743	47	22	74	17	39	56	48	50	52	37	32	96	76	10	17	43
gene2744	1	2	15	9	7	4	3	3	8	17	6	20	1	7	4	3
gene2745	2	6	15	2	10	12	6	9	30	5	3	32	13	0	9	13
gene2746	264	90	427	252	127	260	318	600	318	348	313	734	497	121	282	201
gene2747	2	6	22	3	1	4	27	18	29	5	21	12	14	12	9	7
gene2748	11	9	31	6	11	11	6	3	1	4	17	12	12	1	12	2
gene2749	279	146	579	288	279	267	322	608	388	505	296	745	662	140	244	228
gene2750	689	235	1283	461	337	632	846	1137	755	1020	691	987	1438	289	690	550
gene2751	29	14	56	18	28	24	70	49	27	18	30	47	23	7	16	12
gene2752	11	6	2	4	5	18	20	19	4	14	5	1	21	3	5	3
gene2753	322	181	588	227	177	390	395	814	502	678	364	929	770	187	288	257
gene2754	830	326	1763	629	675	790	919	1829	876	1146	1014	1365	1543	380	754	721
gene2755	4626	2014	8325	3545	3182	4159	5654	11404	5362	7563	5427	10665	7453	2080	4750	4323
gene2756	84	37	186	84	85	100	89	204	67	95	68	174	201	48	84	92
gene2757	198	111	417	153	130	219	334	552	207	461	283	416	583	127	268	237
gene2758	6	5	38	6	15	20	37	23	8	18	11	39	18	5	2	9
gene2759	15	6	6	5	4	6	0	16	13	1	5	3	17	1	1	3
gene2760	3	0	12	1	0	2	0	5	1	16	2	8	2	5	3	0
gene2761	12	0	0	11	2	0	11	5	1	0	0	0	10	0	2	0
gene2762	39	26	81	32	2	9	9	25	16	6	18	17	19	3	6	12
gene2763	16	15	46	13	27	14	43	64	56	24	51	47	33	16	48	16
gene2764	441	235	1055	409	336	666	639	1046	617	661	520	1039	863	293	518	392
gene2765	36	4	35	16	23	20	35	66	11	51	38	59	55	14	39	42
gene2766	15	15	72	37	15	28	8	33	29	47	45	60	53	8	28	51
gene2767	0	0	0	0	0	1	0	0	1	0	0	0	0	0	0	0
gene2768	8	12	35	11	5	10	16	17	8	7	10	26	16	2	4	11
gene2769	2	1	28	2	8	12	5	21	7	15	8	19	9	5	2	12
gene2770	8	8	59	37	11	19	14	51	19	23	21	58	9	5	21	25
gene2771	111	40	144	81	76	90	113	194	155	143	115	240	170	61	95	100
gene2772	0	1	1	5	5	1	0	0	0	0	0	0	0	0	4	0
gene2773	22	10	29	13	96	216	82	241	226	96	20	279	264	57	145	114
gene2774	4	2	0	7	0	2	0	0	3	0	0	5	3	0	1	0
gene2775	807	339	1512	672	677	883	831	1777	723	1012	907	1373	1836	319	489	681
gene2776	3	5	0	0	1	3	8	28	9	1	11	23	4	7	16	2
gene2777	9	4	16	19	17	12	31	47	12	15	9	33	16	3	12	8
gene2778	601	238	1198	478	515	752	653	1431	1064	1076	768	1333	980	291	407	419
gene2779	36	10	48	24	36	56	42	70	48	53	22	143	49	20	35	27
gene2780	4	0	1	2	6	4	2	2	4	0	0	15	21	1	0	4
gene2781	101	52	204	120	113	109	128	270	187	218	120	320	195	54	171	154
gene2782	215	145	438	191	147	189	337	526	312	236	212	870	667	103	192	223
gene2783	51	28	80	45	60	98	74	120	58	125	63	115	150	19	54	80
gene2784	10	5	38	22	4	7	35	27	20	24	23	46	14	10	10	19
gene2785	2065	895	3596	2480	466	729	812	1619	999	1002	1192	1716	1571	336	558	510
gene2786	0	0	0	0	0	0	0	0	0	0	0	0	0	0	0	0
gene2787	21	9	42	13	17	23	9	60	42	16	28	72	54	6	15	28
gene2788	28	13	61	19	9	29	35	114	11	38	52	48	58	13	22	26
gene2789	143	99	156	104	84	132	172	275	157	227	157	357	236	56	117	139
gene2790	1	0	6	4	2	0	0	2	0	0	0	3	4	0	0	0
gene2791	16	4	12	1	10	12	30	17	20	13	9	8	57	2	0	14
gene2792	15	1	3	3	24	17	6	18	30	24	1	17	3	12	13	14
gene2793	18	25	60	33	33	58	61	86	79	28	27	53	58	18	26	15
gene2794	1917	1275	2934	2049	1108	2411	2667	4861	2472	3067	2751	3893	4519	1038	1943	1679
gene2795	80	52	78	45	47	105	130	174	103	87	125	182	75	42	87	85
gene2796	151	117	384	171	335	526	806	1001	689	827	663	899	1003	213	523	417
gene2797	94	26	137	133	34	29	40	98	35	59	50	64	40	16	33	40
gene2798	62	58	144	79	21	81	79	111	91	93	50	94	168	15	51	41
gene2799	19	6	26	15	21	30	35	27	19	32	6	46	33	11	9	14
gene2800	276	167	650	411	95	185	181	287	156	171	143	267	306	29	152	114
gene2801	49	40	134	98	18	19	35	53	21	30	24	53	81	19	18	33
gene2802	24	10	47	7	19	18	26	54	24	53	29	53	59	5	22	12
gene2803	14	17	18	25	4	21	36	79	20	60	8	12	27	14	10	4
gene2804	2	3	4	5	1	1	2	11	0	18	2	8	3	1	1	0
gene2805	0	0	0	0	0	0	0	0	0	0	0	0	0	0	0	0
gene2806	155	88	188	110	63	157	191	318	169	193	136	278	215	35	120	114
gene2807	45	30	92	58	23	21	30	47	14	21	22	57	26	16	12	16
gene2808	4	1	7	0	1	0	0	0	1	4	0	0	3	0	0	8
gene2809	42	31	132	43	49	80	40	96	51	46	47	188	105	13	44	46
gene2810	577	218	910	549	399	592	471	1389	621	857	539	822	825	215	478	481
gene2811	54	24	166	30	51	55	98	116	48	92	79	135	149	39	59	68
gene2812	108	40	184	103	46	90	184	220	95	128	130	192	134	36	91	122
gene2813	18	5	73	9	10	7	51	28	19	26	10	41	50	16	10	6
gene2814	50	12	54	25	23	44	68	71	44	28	26	35	53	10	52	14
gene2815	18	27	114	34	14	49	48	39	44	16	28	51	114	12	20	14
gene2816	541	378	1454	599	579	646	720	2047	810	1127	760	1703	842	250	686	721
gene2817	8	12	22	21	9	13	34	13	18	14	4	45	37	23	22	10
gene2818	10	1	15	10	10	8	18	10	13	13	13	19	41	11	7	16
gene2819	144	43	175	132	53	122	193	217	134	133	99	299	244	43	60	117
gene2820	116	37	172	191	418	776	1022	1475	632	1223	450	1993	1351	356	837	382
gene2821	4	8	12	6	7	4	2	14	0	10	7	7	4	0	0	0
gene2822	302	156	509	309	196	562	411	753	605	454	384	829	726	159	394	380
gene2823	39	10	97	11	14	22	34	41	73	82	43	64	101	12	50	26
gene2824	0	0	2	0	0	5	3	45	1	1	0	0	1	0	0	0
gene2825	17	11	37	34	38	53	34	38	19	58	50	32	131	13	19	24
gene2826	1	0	0	14	9	1	12	26	2	12	0	13	6	2	3	11
gene2827	260	248	507	249	289	362	377	671	498	456	469	586	683	175	286	337
gene2828	74	28	140	68	63	104	60	112	157	204	75	185	197	42	67	57
gene2829	653	389	1672	726	704	996	1052	1726	1274	1507	979	1829	1682	343	918	834
gene2830	3034	1770	8370	2308	3045	4188	5237	7048	4875	6033	3902	8278	8007	1212	3815	3817
gene2831	1307	798	2141	1281	1160	1694	2122	3599	1772	2738	1949	3585	2478	692	1349	1487
gene2832	6020	3360	12232	7644	3903	8892	10117	15833	10258	10449	11200	19844	15113	3436	6421	8011
gene2833	7	6	16	8	10	17	9	40	7	17	10	49	45	1	13	11
gene2834	6	6	14	0	2	27	21	2	25	14	7	22	14	5	19	6
gene2835	4	8	11	0	2	3	13	7	10	19	3	4	6	5	9	0
gene2836	1366	861	3574	1276	1207	2018	1725	4077	2140	2126	1700	3505	2731	827	1607	1855
gene2837	26	19	98	58	44	68	92	79	44	123	70	81	117	27	25	55
gene2838	17	23	131	20	37	96	57	101	80	91	52	97	135	16	37	46
gene2839	12	15	89	10	16	25	18	49	25	36	41	71	36	13	23	6
gene2840	68	23	142	27	53	36	68	78	53	76	69	155	128	32	37	64
gene2841	529	286	979	358	531	516	697	1487	932	1231	821	1058	1081	242	489	606
gene2842	127	102	349	143	109	276	248	504	243	281	268	540	351	132	185	132
gene2843	97	39	131	110	70	83	81	325	112	119	76	228	191	26	66	72
gene2844	108	62	432	201	123	121	258	432	408	242	212	599	403	52	114	151
gene2845	4435	1742	8556	4495	5503	8252	10633	19924	9687	17224	10665	18390	17122	3955	7585	7500
gene2846	626	352	1600	578	408	716	1085	1327	740	875	588	1613	1077	303	873	598
gene2847	11	3	30	25	1	5	1	2	1	4	6	2	6	1	3	1
gene2848	27	18	57	23	40	37	71	107	38	111	47	111	126	7	37	41
gene2849	14	9	35	15	10	28	34	59	15	18	9	43	31	6	26	19
gene2850	19	15	38	14	24	6	17	45	20	40	28	49	30	6	24	18
gene2851	9	6	46	9	19	15	25	29	28	6	31	11	29	12	19	8
gene2852	147	74	237	145	71	135	197	276	151	172	177	269	364	79	90	128
gene2853	74	21	87	49	18	31	28	71	45	53	76	88	49	9	30	23
gene2854	303	139	590	218	167	261	401	771	279	310	356	575	585	98	301	296
gene2855	9	4	3	8	1	5	3	7	3	14	9	3	22	4	6	5
gene2856	39	31	108	66	27	59	110	126	77	71	39	153	116	30	65	70
gene2857	251	181	431	264	120	110	177	265	127	147	108	273	243	57	107	170
gene2858	311	124	685	234	272	213	402	501	440	431	320	816	766	100	344	270
gene2859	2	6	10	21	7	3	6	2	7	16	15	18	45	5	14	22
gene2860	2542	1585	7604	3143	2283	3563	5623	7514	3178	4122	4236	7831	8619	1551	3205	3159
gene2861	68	41	196	87	87	137	105	328	134	161	100	276	261	52	54	114
gene2862	1080	638	1944	1146	1094	1496	1834	3787	1644	1645	1302	3767	2414	611	1357	1249
gene2863	147	101	225	83	103	242	146	282	160	310	149	300	245	62	179	133
gene2864	13	7	53	11	14	26	5	33	11	35	16	57	38	9	8	9
gene2865	372	162	676	320	288	371	583	1142	494	543	382	1167	675	177	435	367
gene2866	95	36	240	71	84	84	154	245	102	136	151	154	176	48	59	30
gene2867	4	2	30	3	11	26	14	15	22	7	4	18	6	7	15	23
gene2868	0	0	12	5	47	0	51	28	2	11	27	0	8	0	17	9
gene2869	111	30	140	23	53	86	93	176	55	65	89	169	142	33	95	105
gene2870	0	0	0	0	0	0	0	0	0	0	0	0	3	0	0	0
gene2871	2	2	1	10	10	0	4	2	0	4	28	9	10	4	5	0
gene2872	21	7	53	10	14	32	18	48	29	52	24	51	38	6	9	18
gene2873	209	71	248	140	64	140	109	223	131	192	96	338	313	47	128	112
gene2874	2	2	17	1	2	18	22	6	10	8	9	3	15	0	3	2
gene2875	9	16	25	14	16	9	15	73	18	40	30	32	51	9	21	27
gene2876	2143	788	3819	1507	1591	1519	3005	3531	2333	3510	2469	4889	3589	833	1515	1423
gene2877	99	63	167	59	92	100	121	240	118	168	142	316	203	49	101	118
gene2878	10	16	32	12	23	26	51	28	43	41	36	66	15	16	20	32
gene2879	25	7	5	7	1	2	4	7	3	0	1	3	5	1	2	1
gene2880	147	57	232	70	107	141	155	308	149	211	94	259	268	55	114	82
gene2881	71	54	209	178	83	142	183	209	227	231	139	293	305	50	97	127
gene2882	6	19	48	5	18	15	41	34	7	43	7	22	8	13	8	10
gene2883	8	4	5	4	3	7	4	3	3	8	3	8	2	7	5	11
gene2884	52	29	107	51	48	63	48	103	60	62	30	126	94	27	61	40
gene2885	0	0	3	0	0	0	1	0	4	0	2	4	0	0	0	0
gene2886	6	5	21	21	6	13	11	19	13	22	14	36	7	8	17	6
gene2887	411	162	891	335	303	444	734	1007	547	659	481	1166	891	233	467	373
gene2888	406	182	747	350	318	394	527	883	469	672	419	1097	916	168	480	421
gene2889	6732	2988	16369	6370	5800	6730	11366	17429	11036	12765	7091	17024	16424	3961	8381	7006
gene2890	12	26	35	19	6	31	49	27	18	43	19	48	43	2	18	11
gene2891	132	93	295	93	120	150	374	343	186	270	164	463	457	78	132	161
gene2892	46	23	49	38	20	20	20	78	70	53	27	88	61	6	30	32
gene2893	175	44	117	92	70	136	171	185	129	132	144	459	195	39	110	148
gene2894	42	22	122	26	41	100	119	115	108	69	101	198	270	43	69	76
gene2895	58	34	145	66	125	112	130	222	128	216	121	281	275	69	106	166
gene2896	821	397	1462	710	574	974	1097	1514	1301	1641	1016	1710	1840	364	974	819
gene2897	52	15	91	46	49	49	138	86	87	111	62	107	121	18	34	46
gene2898	180	63	319	88	469	657	732	1676	1053	1136	779	1287	1571	281	682	758
gene2899	33	5	26	6	9	22	6	47	18	4	41	14	55	8	18	38
gene2900	298	133	447	253	375	931	664	1076	855	854	505	917	1303	399	512	456
gene2901	3391	1887	6154	3298	4976	5939	7155	16964	6471	7651	6269	11217	8677	3081	4946	4722
gene2902	2063	1204	4564	1847	1756	2380	2880	4232	3344	4056	2703	4856	4189	1045	2787	2406
gene2903	4	1	8	8	0	2	6	0	2	2	2	5	3	1	3	0
gene2904	47	4	89	36	14	16	7	15	10	32	6	18	14	9	7	20
gene2905	24	9	22	14	13	35	16	33	12	17	28	40	44	7	9	40
gene2906	3	1	6	3	0	0	4	7	7	8	5	0	4	2	2	3
gene2907	502	246	953	386	420	429	582	1129	463	704	653	1106	1028	249	423	653
gene2908	18	11	18	14	19	11	39	37	24	7	36	26	11	7	20	26
gene2909	103	67	185	116	156	208	222	492	187	149	174	295	337	52	140	171
gene2910	57	12	41	32	19	41	33	78	30	34	57	44	107	11	32	22
gene2911	7	0	10	15	5	12	1	9	25	10	1	4	11	2	9	7
gene2912	25	15	132	35	22	51	72	102	36	80	75	195	113	16	40	13
gene2913	5	7	42	11	19	12	15	36	16	17	9	52	29	2	15	7
gene2914	34	21	41	31	36	27	47	142	26	50	41	65	98	21	41	52
gene2915	4	1	9	1	4	0	13	5	0	0	4	9	3	4	9	6
gene2916	3	0	0	0	0	0	0	0	0	0	1	0	0	0	0	0
gene2917	37	5	31	14	8	19	26	26	34	15	16	36	59	4	6	12
gene2918	81	17	67	23	31	67	76	140	30	100	38	119	103	14	54	27
gene2919	1319	521	1705	873	884	1209	1329	2206	1833	2239	1227	3003	1968	599	868	1199
gene2920	50	9	96	25	180	204	281	549	318	575	292	1043	362	95	236	236
gene2921	81	72	231	76	134	83	170	225	148	218	129	221	230	40	100	56
gene2922	6804	3475	13516	5309	4620	8661	11847	15629	9160	11284	6121	13758	13864	3591	7752	5802
gene2923	0	0	0	0	1	1	0	0	5	1	2	2	2	0	0	2
gene2924	356	97	571	283	140	316	292	545	275	416	306	603	390	134	281	225
gene2925	182	77	264	129	130	125	195	302	200	223	162	430	222	72	150	138
gene2926	184	110	482	267	630	954	1303	2031	1080	1315	1107	2316	2522	578	840	986
gene2927	74	20	191	74	76	69	82	217	140	183	75	108	179	41	77	89
gene2928	14	13	40	28	11	44	27	35	42	81	32	26	32	2	31	34
gene2929	104	23	153	65	79	71	69	211	143	156	75	301	171	45	91	87
gene2930	2	0	8	2	0	0	4	1	0	10	3	7	3	4	0	5
gene2931	17	3	39	13	10	16	17	47	17	18	13	41	20	2	13	14
gene2932	191	137	518	171	165	220	234	524	310	385	271	566	554	95	237	213
gene2933	4324	1795	6839	3329	3114	3593	5296	9902	6143	5551	4841	7921	5998	1692	3751	3291
gene2934	33	18	59	43	67	35	46	102	54	79	53	143	61	42	44	27
gene2935	9	8	101	25	32	11	27	78	30	53	38	39	75	13	40	47
gene2936	98	32	120	76	237	516	851	1040	734	1359	677	1343	1227	346	466	428
gene2937	694	549	1663	797	964	1082	1353	1848	1331	1692	1175	3101	2083	548	1098	878
gene2938	179	76	377	186	126	149	316	415	205	300	196	404	434	76	115	232
gene2939	2605	1494	5367	2565	2741	3695	4523	6317	4397	4652	2881	5504	5574	1272	3821	2473
gene2940	6	2	5	8	11	9	29	35	13	25	10	28	31	4	13	7
gene2941	221	90	439	172	143	225	267	407	207	365	172	490	402	96	263	165
gene2942	26	30	143	35	52	45	83	155	93	115	71	176	148	25	42	106
gene2943	18	5	21	13	11	11	14	25	13	11	16	54	35	12	21	11
gene2944	0	0	3	3	0	4	0	14	0	11	0	6	5	1	3	2
gene2945	216	103	322	133	439	603	876	997	731	687	769	1550	942	167	506	605
gene2946	2319	1078	4162	2720	1816	2305	3232	5494	2384	3692	2701	5448	4706	1136	2634	2457
gene2947	0	0	0	0	0	1	0	0	0	0	0	0	0	0	0	0
gene2948	52	41	88	40	22	70	102	173	80	102	54	95	84	67	41	23
gene2949	167	77	185	164	92	158	240	391	158	267	154	349	324	93	151	161
gene2950	1060	495	2559	1171	714	905	1421	2777	1575	1335	1169	2233	1789	455	1054	826
gene2951	0	0	2	0	0	0	0	0	2	2	0	0	0	0	0	0
gene2952	135	65	249	160	93	108	142	348	248	168	156	404	248	54	157	140
gene2953	48	19	62	31	20	45	87	117	72	32	38	91	148	31	41	38
gene2954	1936	1215	4385	1712	1879	2621	3035	4812	2824	3608	2404	5260	5337	1349	2526	3054
gene2955	71	30	156	56	252	296	163	534	342	616	212	780	469	100	250	144
gene2956	4	0	12	5	3	3	3	20	5	7	4	19	8	0	4	2
gene2957	43	27	55	47	14	58	66	95	25	62	32	100	72	30	44	44
gene2958	320	160	576	163	80	108	108	168	120	178	110	193	162	32	52	71
gene2959	1511	594	2876	1713	894	1663	2281	2844	2398	2660	1859	3440	2622	750	1399	1465
gene2960	0	7	14	2	12	68	42	96	13	23	27	52	20	6	21	9
gene2961	44	11	45	29	31	48	29	84	17	24	34	38	28	9	18	10
gene2962	7	1	2	1	1	7	12	53	15	4	0	27	6	6	2	6
gene2963	40	20	6	6	32	44	39	41	42	28	22	35	23	9	20	33
gene2964	0	2	1	1	3	0	0	4	1	2	0	0	2	0	0	1
gene2965	4342	1439	7544	3136	3102	4489	5237	7037	4605	7131	4179	8692	9583	1278	4241	2828
gene2966	80	35	185	66	58	65	132	242	101	143	192	270	199	45	123	70
gene2967	150	59	185	145	126	196	247	302	156	317	174	241	269	78	146	121
gene2968	102	55	237	116	96	75	146	320	227	209	143	373	179	72	155	154
gene2969	47	12	60	26	27	18	27	55	46	36	48	39	42	4	19	27
gene2970	853	647	2288	1172	750	1202	1417	2167	1098	1540	950	2744	2526	554	1285	1162
gene2971	147	97	367	130	122	187	161	216	163	248	248	399	347	104	201	201
gene2972	116	69	290	145	85	205	168	363	251	270	169	261	320	62	148	107
gene2973	4756	2004	7835	3212	2474	5377	5530	9766	6257	7209	5051	9536	7769	1860	4769	3687
gene2974	120	82	333	113	104	216	326	491	220	314	167	426	339	101	140	172
gene2975	15	5	30	12	8	5	16	34	23	10	19	34	27	2	4	6
gene2976	8	19	18	36	29	41	34	93	31	21	37	30	55	16	13	18
gene2977	68	33	189	61	53	76	101	175	95	82	67	222	112	28	62	63
gene2978	1433	466	3009	1108	1086	1253	2392	2494	1699	2029	1557	2596	2731	507	1710	1070
gene2979	1275	505	1740	1150	722	1014	1604	1907	2156	1826	1437	1949	1790	497	1037	1171
gene2980	335	125	770	251	370	444	418	727	462	593	368	849	756	150	465	297
gene2981	9	22	120	60	20	58	26	42	46	25	38	69	89	17	30	27
gene2982	12	1	18	6	0	4	2	11	2	0	1	7	6	0	3	2
gene2983	43	12	150	36	26	52	46	105	39	67	55	58	46	20	51	85
gene2984	3	0	1	3	0	1	14	31	4	35	17	10	0	2	8	12
gene2985	308	223	720	292	265	451	437	762	550	631	408	826	772	204	287	497
gene2986	129	32	157	40	85	145	193	344	152	181	144	219	159	46	139	89
gene2987	2	3	0	0	0	0	0	0	0	0	1	6	16	7	1	4
gene2988	12	4	25	10	13	37	11	22	24	14	9	15	31	2	37	5
gene2989	67	38	118	43	61	40	60	120	80	87	37	172	69	16	57	48
gene2990	0	0	8	0	0	0	0	0	1	12	0	0	0	2	9	1
gene2991	1711	1014	2678	1608	204	311	437	569	379	518	324	604	480	89	321	228
gene2992	1	1	21	1	0	0	0	21	1	8	5	2	30	2	2	0
gene2993	126	55	209	101	96	75	123	332	166	183	135	299	266	67	80	115
gene2994	120	75	404	122	137	144	209	226	216	255	188	382	263	50	225	171
gene2995	69	47	161	69	130	136	174	215	186	155	110	318	219	57	85	113
gene2996	1067	458	2111	768	857	1094	1155	3047	1110	1511	1099	2722	2031	585	1071	821
gene2997	27	8	41	19	35	24	34	42	31	24	37	60	98	16	25	25
gene2998	18	6	50	28	14	8	13	34	50	25	18	35	24	7	29	5
gene2999	32	9	62	36	29	33	20	36	46	32	22	44	76	6	24	38
gene3000	434	172	786	324	334	357	750	1117	407	827	481	994	815	213	364	329
gene3001	569	321	1160	490	362	553	831	1655	794	1297	817	1864	1803	330	636	499
gene3002	6	4	4	10	1	1	2	22	0	12	0	5	3	5	6	4
gene3003	15	4	10	23	4	28	22	35	23	23	7	19	11	7	11	11
gene3004	0	0	0	0	0	0	0	0	0	0	0	0	0	0	1	0
gene3005	6894	2709	11934	4783	1026	1372	2055	3115	1699	1715	1560	2465	2706	697	1385	1148
gene3006	64	30	118	64	63	137	105	216	118	166	111	185	197	44	77	61
gene3007	360	185	442	239	278	475	376	770	499	449	465	1063	508	135	371	419
gene3008	19	18	31	22	40	27	21	48	12	25	17	20	61	8	16	10
gene3009	555	349	1427	650	579	1248	1346	1925	1199	1529	825	2324	1641	464	812	732
gene3010	0	0	0	0	0	0	0	0	0	0	0	0	0	0	0	0
gene3011	895	394	1995	1318	927	1139	1799	2107	1786	1850	1259	2421	1966	559	1242	1139
gene3012	69	32	126	47	61	81	68	153	110	104	71	176	169	40	57	37
gene3013	8	8	22	7	38	82	47	89	102	110	78	105	92	33	44	54
gene3014	96	38	179	69	81	113	133	224	83	133	88	122	224	36	99	66
gene3015	168	91	187	89	88	109	289	362	212	252	143	366	296	90	134	94
gene3016	0	0	0	5	0	0	4	15	0	5	0	0	0	4	0	1
gene3017	53	21	104	40	51	82	60	106	69	61	55	137	101	22	109	59
gene3018	467	316	1145	572	1669	2968	4379	8182	3663	3901	2831	6973	5668	1308	2331	2301
gene3019	60	43	69	88	101	96	93	186	109	113	152	139	152	31	77	66
gene3020	59	35	107	41	18	59	58	132	55	112	76	123	142	32	38	29
gene3021	1797	796	3812	1484	1480	1866	3135	4737	2213	2988	2671	5252	3200	844	2396	1564
gene3022	60	38	131	87	61	68	121	222	120	118	136	180	164	38	82	113
gene3023	11	13	16	16	24	20	31	26	14	57	10	22	81	12	34	14
gene3024	0	0	0	1	0	0	0	0	0	0	0	0	0	0	1	0
gene3025	17	2	57	22	15	28	16	47	42	12	41	72	32	5	60	24
gene3026	0	2	11	4	3	0	3	26	0	11	0	1	3	2	0	0
gene3027	166	51	234	142	102	145	175	293	264	150	213	309	304	71	152	115
gene3028	762	429	1545	625	532	733	1226	1664	827	946	1035	1729	1282	285	684	604
gene3029	17	6	43	11	15	29	25	25	38	41	26	60	97	5	17	23
gene3030	83	28	107	63	63	76	140	212	73	126	89	230	172	49	86	75
gene3031	12	12	11	9	8	8	7	2	31	23	17	16	27	7	11	16
gene3032	2	0	1	4	5	1	4	1	1	7	36	6	2	0	3	41
gene3033	163	42	159	91	105	208	148	264	91	165	140	257	264	48	106	83
gene3034	56	43	130	97	36	86	147	169	117	123	40	173	131	41	36	116
gene3035	51	8	38	11	22	20	26	18	34	35	19	37	79	11	18	8
gene3036	300	95	472	253	211	339	511	981	347	744	329	1020	604	146	324	340
gene3037	0	1	0	0	0	3	0	0	0	0	4	1	0	1	0	0
gene3038	294	89	502	292	482	627	669	1886	834	1746	1009	1524	1955	313	490	671
gene3039	869	375	1319	421	520	863	1291	1712	930	1542	751	2047	1555	393	772	775
gene3040	0	0	0	2	0	0	0	1	5	0	0	0	0	1	0	0
gene3041	524	222	901	375	319	740	557	1082	579	659	658	932	719	216	464	373
gene3042	0	0	1	2	2	4	0	5	0	7	2	2	0	0	0	2
gene3043	84	37	169	65	111	40	81	181	100	103	35	111	218	42	37	58
gene3044	25	9	53	27	20	21	32	108	23	76	22	57	62	8	29	12
gene3045	520	305	784	486	457	570	838	1346	691	1111	717	1540	1306	284	495	546
gene3046	586	252	1058	513	518	739	693	1336	774	793	466	1616	1392	304	482	550
gene3047	531	395	1476	709	621	697	1032	1577	808	1260	912	1319	1018	349	981	686
gene3048	51	47	162	38	19	84	95	114	77	104	64	200	108	22	73	54
gene3049	13	5	36	16	128	178	270	161	109	100	45	175	295	62	147	219
gene3050	176	115	581	290	216	277	409	445	294	479	270	650	594	149	262	228
gene3051	3	0	9	11	1	2	4	31	2	3	8	35	24	2	16	4
gene3052	62	37	93	43	23	72	88	190	70	30	124	156	151	42	68	71
gene3053	11	28	61	21	22	39	72	66	24	40	46	116	43	19	22	30
gene3054	56	5	46	35	42	46	46	61	21	39	68	78	55	20	43	29
gene3055	768	454	1238	681	487	601	973	2032	959	1541	696	1666	1460	396	624	626
gene3056	44	14	95	64	37	44	95	139	100	120	70	137	172	20	47	31
gene3057	9	3	14	9	11	6	19	43	16	12	8	33	61	11	8	4
gene3058	23	2	23	15	3	2	0	4	5	3	1	5	6	3	4	3
gene3059	78	49	147	85	50	67	93	209	99	107	117	158	208	50	62	71
gene3060	107	38	117	100	116	142	141	276	66	117	47	281	149	43	120	81
gene3061	75	22	90	14	52	79	92	190	63	57	80	188	157	21	60	42
gene3062	0	3	7	2	3	4	2	1	0	2	10	0	1	2	2	2
gene3063	79	43	81	51	48	97	111	173	64	140	82	155	180	41	80	71
gene3064	0	2	11	9	6	15	11	8	5	5	5	6	7	0	4	1
gene3065	11	8	6	1	3	12	0	3	5	32	6	17	13	0	4	6
gene3066	42	32	79	33	37	59	42	104	78	75	26	40	101	18	26	49
gene3067	239	70	483	200	30	39	61	118	44	57	41	79	84	10	29	60
gene3068	110	68	197	130	64	142	193	245	122	143	171	312	298	76	77	95
gene3069	2	0	2	0	1	3	0	1	0	0	3	7	0	2	1	2
gene3070	446	206	479	273	204	393	534	655	394	617	417	889	756	169	264	409
gene3071	20	10	32	14	18	15	52	37	35	16	20	95	62	13	35	11
gene3072	753	432	2105	559	750	945	1266	2456	1353	1204	954	2254	1442	432	646	665
gene3073	861	585	1554	840	611	1201	1001	2525	1091	1687	808	2379	2198	619	1179	852
gene3074	69	46	198	128	112	106	185	228	95	154	74	162	127	39	83	96
gene3075	106	25	151	51	47	84	91	199	111	101	91	174	112	24	122	75
gene3076	303	140	708	255	277	288	420	543	489	536	364	453	664	147	334	233
gene3077	26	16	61	49	21	20	24	137	74	50	44	49	40	11	27	19
gene3078	229	131	478	206	249	354	221	621	284	281	293	716	417	122	177	266
gene3079	28	2	25	18	7	13	7	27	10	45	36	22	25	11	20	12
gene3080	1945	930	2798	1571	1559	1818	2259	4330	3700	3103	1849	4483	4384	892	1987	1815
gene3081	46	31	50	34	43	38	28	123	95	37	48	76	55	9	33	25
gene3082	405	248	521	451	355	604	673	950	538	603	651	932	871	250	436	490
gene3083	713	318	1318	552	484	722	904	1847	790	1247	973	1470	1158	230	484	479
gene3084	16	10	31	41	29	30	42	40	18	56	22	61	70	6	25	23
gene3085	177	88	296	125	24	22	34	50	39	40	34	59	48	24	18	26
gene3086	0	0	0	3	1	0	1	15	0	0	0	0	4	0	0	2
gene3087	18	8	46	26	28	44	40	63	21	37	33	105	40	6	12	35
gene3088	84	53	112	72	81	71	115	180	121	157	104	281	131	64	38	49
gene3089	0	0	0	1	0	7	0	25	0	1	0	21	0	8	0	7
gene3090	47	15	51	37	27	51	51	115	50	47	35	51	110	13	26	28
gene3091	75	29	166	89	46	102	93	184	105	116	110	146	151	38	83	83
gene3092	2	0	0	1	0	0	0	0	0	0	0	0	0	0	0	0
gene3093	9	2	28	17	13	29	42	31	35	26	29	30	30	2	22	35
gene3094	38	7	36	21	23	32	35	66	56	58	34	126	79	20	39	42
gene3095	613	276	1348	598	492	757	1018	1260	890	900	716	1545	1381	303	714	556
gene3096	9	22	46	8	26	14	28	29	15	24	14	30	50	15	13	10
gene3097	56	34	43	75	68	57	84	173	92	117	65	121	79	37	46	71
gene3098	1345	743	2465	1418	941	1502	1711	3230	1650	1969	1535	3476	3052	635	1123	1510
gene3099	104	58	79	41	47	99	138	119	133	126	103	162	114	30	102	86
gene3100	39	27	49	23	28	48	60	109	48	62	19	78	75	15	58	34
gene3101	583	226	1214	537	392	431	563	1437	742	807	767	1847	1168	216	689	560
gene3102	0	1	4	0	1	5	0	0	1	1	0	0	0	0	0	0
gene3103	62	41	105	48	19	43	97	129	92	84	42	65	92	33	83	46
gene3104	35	6	60	51	33	20	27	79	43	58	28	58	59	14	29	33
gene3105	152	66	380	106	139	121	288	389	191	257	124	398	245	74	164	190
gene3106	492	239	857	461	1229	1457	1831	3428	1483	2491	1590	4263	2869	579	1456	1171
gene3107	30	13	59	27	12	30	78	57	65	44	22	55	46	21	29	36
gene3108	88	20	111	76	63	132	114	76	72	111	96	192	169	26	73	36
gene3109	71	30	91	34	6	15	38	59	19	66	28	42	33	12	11	24
gene3110	5	1	25	18	1	8	5	31	15	27	8	6	19	3	3	10
gene3111	185	87	464	161	96	189	213	619	180	203	198	239	374	70	170	168
gene3112	26	17	52	44	12	43	10	36	28	28	20	33	84	3	13	27
gene3113	115	39	312	120	69	130	253	290	174	274	155	331	234	65	111	98
gene3114	124	117	441	168	147	254	314	603	254	210	197	479	534	69	230	164
gene3115	10	6	13	24	6	35	5	25	16	11	7	42	31	7	10	20
gene3116	58	14	101	63	69	63	130	121	64	116	69	107	179	18	65	66
gene3117	53	53	223	145	118	133	197	238	106	119	92	108	292	50	85	134
gene3118	1738	950	3450	2003	3914	5255	9069	11324	7516	8303	6129	11640	11863	2393	5047	3785
gene3119	210	91	307	146	98	157	192	429	179	231	232	514	290	69	203	118
gene3120	0	1	0	0	6	0	0	0	0	1	2	0	2	0	3	0
gene3121	350	144	782	252	280	404	433	883	591	372	644	695	929	131	284	219
gene3122	1441	649	2658	1328	1026	1615	2356	4461	2389	3282	2476	3014	3340	1033	1672	1574
gene3123	761	346	1997	809	620	994	1189	2155	1146	1364	748	2121	2026	470	589	830
gene3124	17	7	22	23	13	11	18	19	14	14	17	56	18	9	14	2
gene3125	1	0	3	1	0	0	0	1	0	2	0	0	0	0	0	1
gene3126	52	22	112	71	72	57	118	138	110	106	76	224	185	24	61	75
gene3127	127	23	181	85	70	124	149	251	93	138	85	218	159	39	114	91
gene3128	1422	989	2732	1460	1324	1930	1936	3161	1762	2539	1978	3913	4170	606	1469	1785
gene3129	3	2	7	12	5	2	1	1	0	3	5	2	1	0	0	2
gene3130	301	65	454	236	162	207	293	566	309	431	310	575	457	103	191	279
gene3131	114	74	260	91	100	206	164	346	168	230	151	283	180	50	105	79
gene3132	66	31	215	73	64	37	148	247	83	184	87	199	189	36	99	125
gene3133	5	0	0	1	0	0	1	3	2	2	1	0	0	2	1	0
gene3134	10	7	59	22	21	12	58	23	61	21	26	76	38	15	13	23
gene3135	529	308	714	506	424	531	735	1253	827	904	466	1390	861	250	530	491
gene3136	3	7	4	0	0	2	2	9	0	14	8	13	3	1	20	8
gene3137	111	40	187	75	57	117	105	129	93	129	96	272	126	29	52	69
gene3138	22	30	63	34	42	49	26	65	42	53	67	91	54	28	22	40
gene3139	2089	975	4700	1563	1470	3139	2635	5984	2177	4130	2586	5265	3447	766	1588	2605
gene3140	10	10	27	3	76	77	153	174	69	67	113	86	143	55	86	56
gene3141	0	0	2	4	1	0	2	4	2	0	0	0	0	0	0	0
gene3142	1	8	20	9	12	21	7	15	16	21	12	30	21	3	26	16
gene3143	55	37	116	73	77	97	69	181	84	101	86	236	129	21	97	29
gene3144	6	1	16	11	2	4	3	17	3	4	2	3	6	5	2	4
gene3145	62	28	107	79	49	121	99	202	108	106	61	184	160	28	72	84
gene3146	83	22	96	43	40	41	69	124	103	105	36	96	219	43	36	63
gene3147	7	4	12	9	7	5	16	12	31	8	15	26	23	10	7	15
gene3148	4234	2275	7638	3316	3283	4354	5643	10029	5598	7297	4906	9002	10626	1874	4033	5330
gene3149	1	2	10	2	0	1	9	5	0	0	1	16	3	2	2	1
gene3150	8290	4192	13836	6317	7233	8384	10722	19971	11377	13946	6974	17651	19999	3913	9910	8348
gene3151	235	102	459	233	187	316	343	440	284	219	197	592	464	133	218	255
gene3152	64	36	232	48	77	93	108	238	106	108	70	176	150	42	82	90
gene3153	8	16	30	28	20	15	31	76	40	85	12	30	59	23	26	24
gene3154	67	3	73	31	36	49	43	42	34	36	28	44	87	14	31	24
gene3155	33	17	70	20	15	17	53	80	35	41	39	119	41	17	66	52
gene3156	4	1	31	4	8	3	8	6	11	13	3	19	16	6	3	5
gene3157	24	17	55	16	11	19	31	23	28	37	13	38	41	28	26	31
gene3158	42	8	74	18	31	38	41	61	68	58	71	123	155	39	31	45
gene3159	14	13	24	29	13	15	42	26	63	83	24	85	35	12	26	16
gene3160	120	22	118	39	58	69	82	233	98	104	71	167	55	28	33	84
gene3161	292	129	553	248	210	356	380	806	421	454	282	616	735	163	244	279
gene3162	39	13	50	19	21	31	29	32	36	15	35	89	45	16	28	24
gene3163	11	16	73	10	18	15	23	50	39	42	11	114	36	4	44	41
gene3164	8	2	20	26	14	36	62	60	13	39	4	28	70	4	21	14
gene3165	274	130	451	192	171	291	298	651	292	392	242	622	638	144	211	199
gene3166	8	2	1	3	0	0	5	16	0	4	7	1	0	0	0	4
gene3167	13	8	33	20	24	25	38	109	37	32	28	54	37	15	28	18
gene3168	0	0	9	4	7	25	17	18	1	10	13	12	23	2	10	1
gene3169	8	12	28	23	3	14	8	3	4	24	8	9	20	5	5	3
gene3170	1	2	3	1	6	1	2	1	1	12	2	12	18	6	1	1
gene3171	0	0	0	0	0	0	2	0	0	1	0	0	0	1	0	0
gene3172	240	108	368	210	182	221	265	430	304	481	229	581	414	108	171	120
gene3173	1262	710	3379	1515	1629	2206	2714	3557	2560	2745	2274	3056	4348	934	1538	2362
gene3174	2965	1364	5191	1308	1609	2304	3221	5787	2938	4301	2192	5673	3785	897	2278	1841
gene3175	64	5	21	29	4	7	1	16	3	14	3	22	14	9	3	5
gene3176	6	1	18	3	7	1	11	2	8	0	4	3	5	0	6	3
gene3177	7	2	4	7	0	1	5	11	5	4	10	9	7	1	18	12
gene3178	207	58	318	175	149	175	228	445	278	257	205	519	350	78	146	123
gene3179	227	122	441	240	144	262	398	484	349	421	251	443	404	113	208	169
gene3180	30	10	36	7	34	10	32	30	10	18	9	39	55	9	11	22
gene3181	31	13	34	36	16	21	39	82	26	50	12	62	82	14	37	39
gene3182	53	31	214	81	56	117	152	145	101	147	106	247	180	25	112	95
gene3183	42	20	123	31	39	39	54	74	37	67	43	150	70	28	63	53
gene3184	0	0	1	1	3	0	0	0	7	0	4	24	0	0	0	1
gene3185	318	174	937	470	1105	2225	2507	5665	1452	3190	2494	4079	2879	917	1955	1555
gene3186	4	1	9	5	4	8	4	3	2	11	1	21	5	0	8	8
gene3187	979	343	1250	647	608	851	1193	2478	905	1256	743	1950	1595	350	773	1006
gene3188	347	172	765	284	267	379	429	850	382	505	380	736	609	111	387	344
gene3189	2	0	10	0	0	2	1	5	6	6	0	11	9	9	0	0
gene3190	27	5	39	33	9	20	56	38	28	54	23	44	70	12	21	37
gene3191	20	15	57	24	19	38	43	84	50	46	24	120	81	9	33	24
gene3192	410	173	657	343	302	429	713	971	488	596	600	996	790	172	352	215
gene3193	17	19	49	16	14	10	22	83	42	45	25	50	68	6	5	26
gene3194	1120	519	2535	948	810	1604	1977	2822	1991	2491	1724	3973	2728	665	1729	1259
gene3195	30	15	87	21	21	69	41	46	66	35	27	63	58	14	50	105
gene3196	4	1	42	3	7	10	7	17	11	16	7	13	3	0	16	2
gene3197	303	111	407	253	169	347	226	564	323	559	208	511	596	113	261	216
gene3198	11	16	31	36	21	14	23	72	35	8	47	31	37	8	31	10
gene3199	676	468	1682	611	676	981	1244	2263	959	1994	891	1618	1547	416	966	704
gene3200	155	104	259	138	580	646	846	1560	1316	928	804	1133	1568	151	957	721
gene3201	18	5	43	22	11	20	30	89	16	11	10	25	33	12	32	13
gene3202	8	12	15	7	7	23	27	13	10	10	24	38	45	3	18	9
gene3203	52	24	102	20	33	57	66	106	39	52	75	59	166	30	42	26
gene3204	23	9	71	20	40	112	123	201	208	261	153	354	179	64	90	108
gene3205	124	88	229	133	101	173	207	258	131	159	105	253	243	48	142	114
gene3206	33	10	25	13	6	23	63	77	27	41	55	55	50	8	15	15
gene3207	1207	611	2490	1563	911	1399	1944	3352	1726	2471	1539	2493	2537	638	1518	935
gene3208	27	8	26	9	4	4	9	39	43	26	7	11	34	2	8	9
gene3209	142	85	503	224	125	247	271	593	268	325	236	505	364	118	149	161
gene3210	100	42	260	129	147	169	173	269	183	201	141	212	351	47	180	139
gene3211	1818	812	3227	2145	1300	1698	2339	4428	2851	2908	2017	5061	3399	928	1930	1566
gene3212	13	5	28	5	10	12	5	28	22	18	26	13	7	5	5	12
gene3213	0	0	0	0	1	3	0	4	0	0	3	0	0	0	12	3
gene3214	1	0	17	1	0	1	12	8	1	19	5	3	2	2	0	3
gene3215	4	0	6	9	0	4	0	2	4	0	0	1	0	4	3	2
gene3216	288	158	596	197	228	322	317	689	353	415	466	1013	656	122	267	262
gene3217	1	2	1	5	3	0	4	2	0	0	2	0	0	0	0	0
gene3218	8	5	23	15	8	6	8	20	4	21	13	14	27	3	4	13
gene3219	0	0	9	5	0	6	13	17	3	2	3	30	0	3	4	1
gene3220	2	0	0	2	4	3	0	0	0	2	0	8	5	0	0	5
gene3221	9	1	1	16	18	13	51	67	12	47	43	54	6	2	14	5
gene3222	400	130	878	270	269	445	527	876	461	575	400	811	722	257	368	389
gene3223	67	61	238	102	118	108	176	355	151	304	113	215	266	50	123	113
gene3224	49	39	143	41	43	72	65	72	109	54	52	105	55	32	66	41
gene3225	74	28	139	112	62	92	138	234	107	205	72	275	158	49	105	84
gene3226	216	165	510	135	239	200	344	451	190	250	325	685	397	148	233	225
gene3227	0	0	0	0	0	0	0	1	0	0	0	0	0	0	0	0
gene3228	663	302	1196	415	586	585	748	1649	749	769	693	1570	1464	354	628	619
gene3229	333	176	549	273	262	267	389	638	445	665	398	660	394	157	232	283
gene3230	498	314	1269	489	1671	2407	2863	4513	2455	3119	1679	4443	4752	1135	1754	2098
gene3231	132	46	142	107	98	99	133	250	149	181	122	297	134	57	119	149
gene3232	7	6	48	23	11	7	21	43	26	30	20	68	53	11	10	28
gene3233	25	11	21	12	13	20	38	55	56	17	17	46	32	14	19	17
gene3234	2	6	5	11	7	5	22	21	6	25	2	7	11	1	3	2
gene3235	113	26	107	72	9	15	25	22	27	7	14	18	30	6	7	3
gene3236	125	64	136	66	87	100	214	392	203	200	121	258	317	46	118	105
gene3237	678	183	1102	524	484	588	785	1162	573	875	689	910	1430	257	681	604
gene3238	14	2	6	11	3	3	4	34	5	7	6	14	13	0	3	10
gene3239	110	45	233	126	82	104	169	299	159	204	208	243	202	66	122	133
gene3240	59	37	211	60	53	65	145	283	88	131	45	123	151	50	59	44
gene3241	39	12	54	35	26	33	43	130	42	19	32	29	42	21	25	33
gene3242	0	0	0	1	3	0	0	1	4	5	1	0	0	0	0	0
gene3243	73	35	125	101	38	143	162	64	120	90	86	184	168	37	56	100
gene3244	0	3	1	1	1	4	6	1	4	5	0	5	3	2	1	7
gene3245	172	88	298	171	355	490	472	952	396	413	372	974	1156	193	312	349
gene3246	53	25	155	81	36	36	65	92	116	75	56	115	117	14	59	69
gene3247	2520	1499	6205	2293	2192	3773	3366	5021	4336	4526	3713	7557	6519	1432	3246	2541
gene3248	31	13	60	26	32	33	46	79	49	43	43	85	43	18	43	37
gene3249	45	25	113	62	78	63	117	151	75	169	147	167	119	42	68	52
gene3250	212	57	354	154	121	161	395	332	206	379	198	393	295	46	102	160
gene3251	142	75	305	170	141	127	203	379	286	269	229	256	311	66	232	165
gene3252	104	33	191	76	72	118	74	144	201	146	83	205	108	36	79	92
gene3253	33	9	41	26	3	4	4	8	7	9	4	21	7	1	0	3
gene3254	533	201	842	411	276	663	744	1136	608	548	583	1217	1186	256	459	533
gene3255	16	9	13	7	29	11	11	19	11	5	25	78	11	3	22	6
gene3256	96	47	111	91	39	130	71	120	77	114	92	145	226	17	59	66
gene3257	673	285	1728	522	576	774	1045	1571	747	799	1022	1564	1569	420	603	689
gene3258	0	0	0	5	0	6	0	0	0	4	0	5	0	0	0	1
gene3259	25	20	54	31	34	32	56	103	29	86	50	98	64	15	29	58
gene3260	196	90	313	236	164	275	398	475	301	343	251	487	512	133	144	255
gene3261	3	1	6	0	1	2	5	19	3	17	5	0	5	3	11	5
gene3262	5493	2915	10316	4139	3464	7368	7089	12279	6312	8817	5706	12708	13394	2614	6610	6106
gene3263	111	57	147	138	60	112	150	166	106	142	142	242	144	43	83	94
gene3264	14	9	19	12	18	9	18	48	28	37	8	46	18	19	7	5
gene3265	32	10	120	26	23	36	29	140	43	87	28	82	147	22	30	36
gene3266	37	27	128	77	50	40	128	111	70	134	41	131	99	39	46	50
gene3267	0	0	0	0	0	0	0	0	0	0	0	0	0	0	0	0
gene3268	575	144	821	318	279	408	584	1145	637	585	490	1128	608	214	300	379
gene3269	56	25	135	33	42	42	57	139	69	92	94	177	120	22	58	43
gene3270	297	122	490	264	136	288	321	644	308	501	381	606	639	64	374	205
gene3271	55	35	155	53	73	103	140	176	119	129	96	206	168	19	71	103
gene3272	6	2	11	28	2	8	9	30	18	8	20	29	12	9	3	13
gene3273	434	308	740	411	578	569	739	1248	746	768	753	1691	1310	293	669	473
gene3274	820	266	2162	751	553	1211	970	1759	1199	1181	932	2082	1690	375	850	784
gene3275	12	8	114	23	18	41	57	91	57	84	32	106	96	22	26	53
gene3276	0	0	0	0	0	0	0	1	6	13	0	0	0	0	0	1
gene3277	2	0	0	2	1	0	1	2	3	0	0	0	1	1	1	2
gene3278	16	4	33	13	16	7	12	20	19	31	24	30	27	3	11	16
gene3279	46	15	53	42	45	64	70	151	55	79	65	148	91	29	92	73
gene3280	30	26	72	28	3	13	9	13	4	14	6	10	13	5	4	3
gene3281	379	150	613	303	1495	1648	3017	4740	3012	3226	1752	2994	2840	995	1206	1475
gene3282	39	12	38	18	33	21	35	21	8	29	21	18	47	17	24	12
gene3283	0	1	28	9	54	55	46	66	56	48	92	17	89	9	10	20
gene3284	361	225	836	358	253	575	585	1162	561	767	471	852	915	243	552	470
gene3285	5	0	1	0	15	2	15	19	5	0	1	12	6	0	0	0
gene3286	959	452	2380	744	155	301	298	604	280	432	272	515	557	154	400	245
gene3287	18	7	63	26	24	23	23	48	54	43	32	54	63	10	19	19
gene3288	598	161	754	330	219	430	608	737	692	795	597	815	851	240	455	449
gene3289	181	74	350	207	178	246	162	405	301	308	187	378	270	70	214	176
gene3290	393	231	503	251	236	349	379	614	602	550	346	803	659	124	338	377
gene3291	446	245	898	460	354	445	782	783	487	671	479	904	907	181	537	373
gene3292	4416	2159	8919	4387	1218	1313	2025	3060	1796	2028	1586	3004	2950	589	1818	1231
gene3293	22	26	32	20	17	30	47	45	42	41	26	48	26	8	11	27
gene3294	353	145	476	169	191	404	475	642	392	475	313	470	509	136	360	337
gene3295	10	1	2	3	1	0	3	3	0	2	0	4	1	1	0	1
gene3296	7	10	17	19	17	15	2	34	26	15	11	18	36	6	8	8
gene3297	91	72	144	108	326	703	591	2372	983	882	960	1265	1375	260	398	549
gene3298	179	84	310	160	138	233	328	571	255	286	302	480	337	130	261	162
gene3299	94	28	162	56	56	74	151	184	172	107	113	196	216	43	56	81
gene3300	131	41	230	107	78	127	174	279	111	179	93	249	347	54	165	101
gene3301	67	44	163	51	85	119	101	202	85	151	133	312	210	45	156	46
gene3302	6	2	0	0	2	3	11	3	3	13	7	9	5	4	0	0
gene3303	25	7	21	10	21	20	33	27	31	24	15	57	81	16	27	29
gene3304	28	19	50	39	12	31	38	168	49	50	10	111	54	8	27	25
gene3305	49	16	39	15	20	22	54	33	59	33	90	85	38	18	22	22
gene3306	2614	1241	5447	2145	8748	11466	20546	32997	14910	22641	16726	28308	28472	7281	15774	13670
gene3307	1067	487	1623	874	927	849	1368	1773	1093	1827	1209	2513	2687	422	592	1255
gene3308	70	104	169	48	112	136	176	265	135	198	86	259	285	48	97	170
gene3309	58	71	61	83	67	64	68	211	91	137	98	182	154	21	50	44
gene3310	2562	1362	6437	3066	2525	3376	4243	6495	3724	4929	3194	6500	5078	1116	2898	2606
gene3311	581	307	1242	329	1296	1948	3043	4287	2255	3901	1836	5103	4247	807	1910	1849
gene3312	31	21	59	43	21	44	77	84	47	31	69	47	89	24	35	27
gene3313	118	73	194	104	102	155	238	318	101	228	213	305	202	67	179	128
gene3314	192	95	528	230	121	266	321	497	345	253	275	506	396	131	190	205
gene3315	140	43	277	108	18	17	17	30	18	30	19	50	30	12	25	19
gene3316	0	0	16	2	11	93	37	15	48	3	8	23	5	1	17	29
gene3317	21	25	68	37	5	33	49	90	28	58	38	76	114	19	22	27
gene3318	27	8	51	28	4	15	24	24	11	24	10	22	15	3	28	14
gene3319	12	0	7	14	8	6	18	30	15	28	13	56	8	17	10	6
gene3320	9	8	34	21	7	12	25	10	13	6	17	63	2	10	15	13
gene3321	61	25	58	23	42	38	52	98	37	69	43	113	96	26	24	63
gene3322	6	1	11	1	1	4	1	1	3	6	1	3	1	0	2	5
gene3323	4	0	0	5	4	14	9	28	18	6	5	14	13	0	4	1
gene3324	615	362	895	556	486	575	606	1556	869	967	638	1195	1003	380	705	481
gene3325	464	229	856	490	344	771	852	885	725	668	588	1434	746	263	564	532
gene3326	112	86	413	128	138	147	222	426	186	263	152	339	404	67	137	181
gene3327	51	14	77	40	66	36	60	113	59	53	39	63	122	29	43	26
gene3328	4	0	12	29	8	6	9	19	4	7	3	6	24	2	3	4
gene3329	0	0	0	0	0	0	0	0	0	0	0	0	0	0	0	0
gene3330	77	12	28	24	20	27	54	74	47	40	77	68	68	25	36	66
gene3331	3	1	9	11	0	1	2	4	1	5	3	5	0	0	0	1
gene3332	7	5	46	21	6	22	32	52	38	19	41	50	77	9	36	21
gene3333	7	9	10	4	8	11	6	7	24	27	8	15	10	5	18	3
gene3334	2306	1487	5889	2187	1809	3027	4013	7206	3126	3655	3693	6211	4747	1601	3027	2636
gene3335	0	0	16	0	0	1	0	12	4	0	4	0	64	1	11	33
gene3336	52	29	63	35	60	58	54	113	64	115	63	78	88	12	43	29
gene3337	25	7	49	50	7	37	33	34	40	68	41	68	39	15	34	38
gene3338	193	111	327	214	14	60	53	70	52	53	21	102	57	12	22	40
gene3339	0	4	10	3	0	0	0	0	4	0	2	1	5	0	0	1
gene3340	22	6	26	14	8	11	14	48	7	8	12	35	10	5	14	10
gene3341	2834	1494	4384	1883	2064	2272	4178	5705	3035	4193	3462	6125	5170	1452	2222	2897
gene3342	0	1	0	1	0	0	0	0	0	0	0	1	4	0	0	0
gene3343	63	52	152	78	72	73	168	232	73	205	139	171	189	60	166	153
gene3344	136	71	310	121	88	201	216	300	183	191	129	212	278	56	173	138
gene3345	58	28	89	62	54	54	104	100	38	56	49	118	92	23	82	74
gene3346	3133	968	3251	2064	1840	2983	2906	5129	3250	4276	2071	5081	4476	1002	2093	1747
gene3347	475	212	1080	519	1183	1483	1466	3005	1563	2649	1716	2718	2084	788	1342	1518
gene3348	24	10	42	23	12	12	18	27	15	14	22	18	17	2	7	28
gene3349	1	3	4	10	7	9	0	3	18	6	6	2	4	5	0	10
gene3350	28	22	85	31	12	51	46	134	102	76	64	159	55	18	57	45
gene3351	143	78	218	72	96	165	123	249	145	238	128	426	353	47	165	151
gene3352	264	90	317	186	227	199	354	480	470	346	328	646	538	90	219	219
gene3353	11	8	79	19	14	23	13	93	10	47	13	7	33	3	10	0
gene3354	1666	593	2201	1457	1090	1453	2311	2356	2108	2303	1070	4235	2644	691	1363	1499
gene3355	158	85	251	142	159	200	198	454	244	262	191	606	317	91	166	167
gene3356	123	67	170	90	84	167	176	181	186	240	175	355	221	58	115	112
gene3357	283	155	636	337	349	305	592	650	406	549	450	701	840	136	353	226
gene3358	26	21	77	49	29	53	53	97	81	66	28	129	41	23	38	38
gene3359	52	24	103	42	66	57	67	120	96	103	51	118	116	33	81	27
gene3360	3636	1631	6650	3043	3255	4662	7004	7890	4430	6426	4518	9447	8996	1697	3585	2600
gene3361	3	9	8	1	9	10	2	14	6	22	6	13	6	2	9	12
gene3362	266	165	345	190	53	43	59	118	55	54	31	72	74	25	54	42
gene3363	446	194	978	363	291	577	642	957	706	709	482	1489	1131	209	408	419
gene3364	56	36	84	56	74	114	75	172	97	101	84	156	149	31	63	35
gene3365	238	104	298	202	156	156	382	701	277	249	272	381	386	99	153	104
gene3366	786	355	1811	988	651	694	1088	2733	1283	1097	1143	1953	1990	355	859	772
gene3367	342	180	725	335	309	367	564	747	452	574	477	897	858	180	341	336
gene3368	6	3	8	10	3	11	3	33	11	21	5	51	1	0	2	3
gene3369	2	7	3	4	4	0	1	11	19	7	0	15	16	5	2	18
gene3370	14	0	16	4	6	19	4	3	28	7	7	14	37	3	8	14
gene3371	16	9	60	16	14	33	21	94	27	41	11	36	30	10	15	29
gene3372	40	26	136	32	77	106	113	298	122	100	139	164	166	44	47	57
gene3373	26	6	47	10	25	22	14	39	52	65	33	33	18	11	6	19
gene3374	37	5	65	19	37	20	34	45	42	50	28	22	91	7	37	15
gene3375	74	33	235	82	56	104	143	362	168	174	132	271	248	45	113	136
gene3376	38	16	75	47	29	64	98	104	51	59	50	113	74	40	61	48
gene3377	16	5	55	25	9	12	25	5	16	15	17	14	108	7	7	21
gene3378	0	1	0	0	1	0	4	1	17	0	4	0	0	0	1	0
gene3379	5	0	12	3	13	11	8	45	2	15	2	65	48	2	5	11
gene3380	1469	502	2973	964	800	1396	1378	2222	1158	1892	1288	2455	3724	647	1415	1312
gene3381	270	209	924	363	364	400	493	895	741	572	453	1347	815	245	536	364
gene3382	849	396	1348	770	583	809	999	2183	1067	1387	1078	1674	1793	349	746	851
gene3383	105	56	273	121	140	154	139	434	140	194	91	280	257	71	88	115
gene3384	284	125	571	375	187	424	517	670	264	333	409	720	719	118	239	272
gene3385	3	1	34	16	4	44	72	9	92	172	5	94	61	14	17	26
gene3386	69	12	133	69	28	63	71	120	107	139	107	138	77	19	21	54
gene3387	1419	803	2612	1879	1045	1943	2523	2771	2035	2565	2255	3411	2959	638	1336	1502
gene3388	0	0	1	0	0	0	0	0	0	0	0	0	0	0	0	0
gene3389	146	43	394	107	51	62	68	132	102	108	80	115	127	28	89	47
gene3390	7	8	25	14	3	8	19	18	9	8	7	36	19	5	3	0
gene3391	23	25	52	20	27	39	15	50	32	64	29	37	35	20	13	34
gene3392	2425	709	4416	1517	1928	2997	2767	5384	2795	3420	2025	5895	3943	922	1891	1894
gene3393	283	84	582	197	265	328	460	690	344	375	264	720	606	165	286	186
gene3394	532	172	1033	529	412	640	708	1005	705	828	466	1342	1001	204	539	420
gene3395	12	8	16	3	11	7	19	10	27	5	20	32	31	9	8	9
gene3396	28	8	54	8	4	12	8	21	18	8	11	21	29	5	8	4
gene3397	152	78	355	108	126	155	211	393	175	168	199	350	269	72	106	114
gene3398	62	25	93	37	15	31	32	41	87	37	28	72	45	15	62	33
gene3399	46	17	105	48	21	62	70	63	38	33	39	190	69	30	40	27
gene3400	31	16	53	32	62	81	74	133	97	96	90	222	146	31	43	36
gene3401	5	1	2	2	1	1	13	9	2	0	2	1	4	1	19	4
gene3402	18	8	34	23	29	24	55	36	26	54	13	93	79	17	34	33
gene3403	287	84	682	253	273	258	354	505	271	445	243	652	482	87	213	163
gene3404	644	222	956	367	295	472	682	942	564	739	434	728	770	187	380	298
gene3405	523	250	1122	642	457	660	604	1209	721	878	488	1012	720	175	452	443
gene3406	547	267	1014	431	390	500	931	1639	612	892	645	1473	1204	202	666	487
gene3407	139	79	262	91	104	158	184	544	206	330	140	437	194	44	92	109
gene3408	111	48	274	95	235	498	381	806	447	575	394	592	480	119	279	484
gene3409	0	1	1	1	0	0	0	11	0	0	0	5	4	0	0	3
gene3410	47	35	90	49	18	42	97	71	74	84	32	138	93	46	30	36
gene3411	52	29	114	66	44	41	107	84	82	94	50	116	63	24	62	53
gene3412	6	7	40	17	8	17	30	23	9	39	23	41	17	8	20	19
gene3413	141	67	282	119	111	115	230	254	124	289	124	344	215	96	123	104
gene3414	5	0	0	1	0	1	0	2	0	7	0	0	0	0	3	0
gene3415	633	249	1020	419	399	657	699	1182	761	673	556	1067	1087	293	542	538
gene3416	64	56	199	36	57	52	128	154	102	183	119	165	146	30	91	84
gene3417	618	208	1553	491	530	620	1099	1687	649	1282	849	1607	1189	309	534	621
gene3418	15	21	28	18	33	13	11	63	55	72	27	70	86	31	18	18
gene3419	1765	984	3283	1922	1367	1877	2035	4158	2703	3172	2039	6023	3837	975	2295	2079
gene3420	443	198	644	534	360	629	573	1123	697	944	454	986	1025	175	484	355
gene3421	65	32	130	58	41	53	114	117	88	127	97	139	144	48	83	66
gene3422	15	0	6	8	16	8	19	25	15	6	8	12	23	8	6	6
gene3423	177	44	320	155	105	192	155	383	139	322	168	446	481	92	128	149
gene3424	33	5	25	8	3	1	1	4	0	2	5	5	9	3	0	0
gene3425	37	12	94	29	33	78	20	138	54	56	48	79	48	31	33	24
gene3426	0	7	5	1	0	0	0	0	0	0	0	1	0	0	0	1
gene3427	309	139	570	276	222	236	377	556	530	414	400	888	624	124	303	255
gene3428	1	0	11	6	1	7	2	8	5	1	7	7	18	0	4	1
gene3429	19	10	20	7	17	18	29	49	23	22	19	33	23	4	26	10
gene3430	46	37	82	28	26	30	22	33	32	33	36	75	30	9	21	21
gene3431	26	8	29	17	13	22	46	18	16	21	15	32	48	12	14	19
gene3432	36	28	64	26	26	39	34	45	14	41	36	38	40	8	11	37
gene3433	64	30	83	37	31	66	79	204	141	89	90	117	102	18	50	55
gene3434	43	10	65	45	37	34	34	25	54	69	28	70	91	7	60	32
gene3435	23	13	48	13	34	21	36	46	17	77	20	49	47	5	19	3
gene3436	9	8	22	24	7	27	2	50	14	5	29	38	31	13	10	20
gene3437	80	61	223	74	87	161	201	294	163	169	149	335	174	51	121	146
gene3438	41	23	51	17	33	26	13	46	46	59	32	85	32	7	25	26
gene3439	15	8	22	24	19	12	40	86	21	18	34	69	21	7	42	14
gene3440	3	2	22	3	0	7	5	7	14	13	13	14	6	2	9	20
gene3441	5	8	16	1	21	13	71	137	63	46	24	17	142	18	48	26
gene3442	102	62	145	76	120	166	238	392	188	262	193	482	221	78	150	168
gene3443	75	12	83	38	47	71	100	63	98	115	64	95	152	39	45	42
gene3444	0	0	0	0	3	0	0	1	0	0	0	0	0	0	0	0
gene3445	14	13	35	9	13	20	51	10	18	32	14	18	11	16	23	14
gene3446	41	34	192	79	45	32	132	150	93	125	90	179	144	43	52	92
gene3447	44	25	63	38	33	55	68	79	48	30	84	27	102	25	22	61
gene3448	328	136	733	270	216	200	363	600	302	471	281	599	637	113	310	286
gene3449	0	0	0	2	0	0	0	3	0	14	0	6	4	0	0	7
gene3450	3216	1129	5967	2617	2480	3775	5139	6767	4375	5036	3621	7433	6668	1911	3156	2657
gene3451	83	14	63	59	37	52	83	123	118	107	31	195	140	24	49	40
gene3452	7	0	11	0	0	0	0	0	0	0	2	0	0	0	0	0
gene3453	4	1	13	2	2	7	10	12	13	1	14	11	0	3	3	10
gene3454	1	1	3	1	0	0	2	6	0	3	0	0	2	0	1	4
gene3455	32	25	49	24	31	29	37	110	63	67	56	90	143	15	31	34
gene3456	88	46	259	74	27	56	60	93	58	64	64	97	117	18	35	29
gene3457	41	20	62	35	43	25	39	81	29	34	8	89	55	19	29	30
gene3458	0	2	0	1	0	0	4	1	0	18	10	3	1	0	2	1
gene3459	127	44	260	176	132	195	205	299	127	296	178	392	385	61	143	191
gene3460	1056	291	1733	778	600	816	1248	2359	1050	1383	1087	2126	1578	371	756	731
gene3461	0	0	0	0	0	0	0	10	1	0	0	1	1	0	0	0
gene3462	358	149	666	283	201	349	431	794	428	422	402	674	420	134	386	234
gene3463	42	26	108	16	23	37	47	197	47	50	40	156	61	18	34	45
gene3464	1	5	2	10	6	5	15	2	12	22	4	49	17	4	9	2
gene3465	26409	12203	32817	19964	19819	27862	28856	67182	31076	49391	28540	55464	55886	16071	24480	17743
gene3466	79	34	92	54	28	64	132	84	59	88	55	94	132	52	53	55
gene3467	93	22	109	40	57	45	85	150	76	108	79	178	128	24	75	49
gene3468	174	51	160	139	155	158	174	210	153	168	114	393	278	44	163	112
gene3469	10	0	14	5	2	2	3	3	1	2	1	1	1	2	1	1
gene3470	123	51	237	121	86	121	144	347	184	101	210	379	267	51	146	108
gene3471	66	29	107	67	28	85	51	87	48	82	47	125	95	22	48	55
gene3472	785	311	1409	654	549	721	1135	1728	790	816	908	1542	1309	282	593	541
gene3473	5	1	5	1	4	0	6	4	1	4	0	0	2	1	2	0
gene3474	16	21	52	15	22	58	33	82	10	68	24	63	54	4	34	28
gene3475	174	89	507	212	129	246	359	575	265	326	287	555	596	149	251	178
gene3476	294	126	380	313	273	342	447	724	400	461	481	526	599	134	326	325
gene3477	869	324	1668	695	715	914	1109	1753	1251	1245	1029	1897	1570	304	683	849
gene3478	18	2	28	19	0	2	1	3	3	5	3	2	0	0	8	2
gene3479	478	193	825	429	324	514	719	1047	460	725	524	1029	873	222	514	292
gene3480	83	45	132	99	56	62	101	163	79	137	164	230	185	61	62	94
gene3481	65	27	73	34	45	71	79	111	73	113	53	113	61	29	58	23
gene3482	3810	1793	8186	3552	3507	4473	4762	8326	6225	6773	3908	8370	7574	2678	4197	4160
gene3483	581	208	823	573	426	530	624	1211	583	839	547	943	1082	264	346	487
gene3484	14	6	37	36	64	137	69	201	153	110	126	184	156	17	29	91
gene3485	18	22	95	18	31	21	44	96	38	53	50	69	94	14	33	35
gene3486	2	6	10	3	5	4	14	18	11	6	1	4	17	0	2	1
gene3487	179	94	432	186	141	241	247	343	256	329	200	463	345	75	159	165
gene3488	1	0	1	0	0	0	2	1	1	0	0	0	2	0	0	0
gene3489	6	1	6	5	3	9	12	4	5	15	5	8	40	1	0	7
gene3490	0	1	1	0	0	0	0	47	0	1	0	8	0	0	9	0
gene3491	1	1	7	5	0	3	1	8	2	0	0	0	1	0	0	0
gene3492	0	0	0	1	0	0	0	18	0	0	0	0	1	0	0	0
gene3493	30	17	29	58	23	60	50	127	81	34	46	130	111	18	55	43
gene3494	23	19	68	54	16	43	25	82	53	81	42	135	146	10	72	16
gene3495	1991	683	3365	1667	1294	1844	2360	3260	2557	2551	1870	5047	4310	1059	1854	1623
gene3496	24	6	62	22	20	26	11	54	16	16	33	60	55	3	19	30
gene3497	289	208	650	333	272	490	862	957	768	1059	448	805	1128	261	441	414
gene3498	1688	1116	2507	1244	372	426	390	1537	647	745	621	653	927	205	503	356
gene3499	30	20	74	22	14	54	35	77	45	58	49	93	63	4	23	13
gene3500	68	58	215	112	106	147	273	278	203	201	116	364	214	98	136	132
gene3501	5	4	3	0	1	17	1	12	8	8	1	20	12	2	0	0
gene3502	11105	5181	18291	7097	8792	10346	14963	21716	15381	20083	9339	23202	18436	5730	8152	9759
gene3503	31	19	34	23	7	18	3	23	6	13	11	27	8	2	1	2
gene3504	1233	784	3316	1854	1423	2346	2101	3684	2517	3090	2731	4146	3676	745	1899	1474
gene3505	1	3	4	5	8	15	5	26	4	2	5	56	14	0	2	1
gene3506	14	0	1	0	2	2	5	37	2	9	3	7	6	0	1	1
gene3507	0	0	0	0	0	0	0	0	0	0	5	8	0	0	0	0
gene3508	292	118	735	183	255	298	337	651	425	488	310	627	498	126	283	295
gene3509	2	6	27	9	8	19	29	44	9	33	11	59	42	7	13	16
gene3510	19	11	71	10	17	57	33	77	23	47	43	44	45	12	7	22
gene3511	0	0	0	0	3	15	3	0	3	3	1	25	4	3	0	2
gene3512	0	0	0	7	25	32	41	50	52	60	23	8	50	8	58	40
gene3513	372	214	670	412	373	722	489	903	637	712	607	935	1064	180	453	612
gene3514	262	75	449	117	138	155	187	379	221	322	189	484	400	101	131	101
gene3515	56	4	88	21	23	33	28	39	21	29	28	64	35	13	18	7
gene3516	222	117	328	107	221	201	380	728	218	310	353	530	341	83	231	173
gene3517	118	44	267	137	122	137	213	252	171	159	185	445	235	60	152	105
gene3518	184	97	563	166	267	277	860	988	474	553	472	1211	927	246	521	399
gene3519	295	143	587	259	314	355	398	822	423	632	508	897	785	125	365	263
gene3520	284	163	443	176	156	314	383	683	328	604	305	474	827	150	192	273
gene3521	484	145	502	182	237	372	394	628	406	608	299	708	425	117	262	227
gene3522	0	0	0	0	5	0	3	1	0	1	0	1	4	0	0	0
gene3523	307	135	770	384	231	431	527	938	596	588	438	807	780	171	362	394
gene3524	53	26	96	56	2	7	2	35	10	14	12	13	16	4	4	2
gene3525	531	270	774	499	446	504	527	1273	437	603	434	1340	1182	280	570	413
gene3526	17	1	31	22	36	24	36	68	26	34	18	42	32	5	20	19
gene3527	944	445	1734	971	934	962	1519	2420	1236	1280	1131	1868	1822	425	851	993
gene3528	470	303	832	402	399	537	549	702	671	940	588	1382	1015	313	667	476
gene3529	0	0	0	0	0	0	0	0	0	0	4	0	0	1	0	0
gene3530	0	0	0	0	0	0	0	0	2	0	0	0	0	0	0	0
gene3531	9	4	16	1	1	1	8	45	4	34	9	33	14	15	8	39
gene3532	442	210	1076	417	254	440	440	1034	623	728	578	1163	667	137	427	462
gene3533	5	4	12	4	4	12	10	11	11	13	30	20	21	3	7	0
gene3534	179	98	366	149	196	187	298	526	255	247	205	602	321	77	254	142
gene3535	24	10	32	3	9	9	28	47	12	3	16	40	23	10	17	10
gene3536	35	18	72	47	56	30	51	142	84	80	50	143	87	15	26	30
gene3537	13	9	51	36	13	21	35	41	25	35	42	37	50	10	33	22
gene3538	4	4	18	3	3	2	9	13	5	9	1	12	9	0	2	1
gene3539	198	138	413	131	172	290	361	560	342	425	343	673	702	118	258	258
gene3540	4	6	9	8	3	3	24	7	4	2	12	4	8	6	3	18
gene3541	0	3	15	6	1	4	0	26	9	3	1	27	7	1	2	0
gene3542	4271	2163	8620	3604	2892	4546	6789	8111	7330	8825	5287	9474	10213	1913	4275	4864
gene3543	4	3	18	5	13	4	10	48	6	17	9	7	34	0	9	3
gene3544	89	38	51	37	54	55	49	133	48	96	63	181	126	43	35	70
gene3545	1347	882	3493	1358	1221	2052	2670	3819	2975	2435	2827	4800	3383	938	1585	1614
gene3546	61	31	103	88	32	79	96	226	157	135	147	150	131	45	81	45
gene3547	139	30	253	98	64	168	165	251	86	79	65	197	252	26	126	104
gene3548	6	0	0	0	3	0	6	0	0	1	0	4	0	2	0	2
gene3549	48	23	77	15	18	29	28	63	37	45	14	96	45	12	43	30
gene3550	2842	1708	6761	3159	2249	2323	4352	8740	3895	4242	3357	6035	6179	1127	3067	3007
gene3551	59	28	97	48	24	74	87	132	64	106	93	85	108	82	72	33
gene3552	7	4	24	20	8	7	33	36	22	51	21	68	32	7	30	14
gene3553	55	11	87	24	42	23	50	121	68	47	22	44	59	8	40	25
gene3554	5058	2391	9483	3829	3242	5185	6556	11239	6746	6785	6414	11925	9136	2146	3187	4079
gene3555	212	110	410	204	217	194	236	480	248	383	195	477	518	107	229	244
gene3556	940	537	1414	710	2636	3861	7827	7919	5012	6328	5380	8797	8092	1723	4668	3421
gene3557	1	0	0	3	0	8	4	0	15	0	3	1	5	1	5	5
gene3558	103	60	340	154	175	181	250	451	159	273	137	261	484	52	151	200
gene3559	284	140	503	281	261	441	495	775	403	528	430	905	706	153	434	386
gene3560	0	3	14	3	4	0	1	12	1	0	10	8	0	4	3	0
gene3561	330	103	493	226	290	429	819	1504	777	920	408	1052	1073	173	270	423
gene3562	6874	5356	19727	8658	9431	13471	12866	26408	10887	13362	11094	26749	20959	4766	10410	9086
gene3563	158	83	243	129	90	200	187	317	192	228	176	441	244	40	133	164
gene3564	199	107	441	234	25	60	50	72	55	55	46	96	73	15	42	40
gene3565	3	0	5	3	1	18	8	10	5	21	3	7	11	2	19	0
gene3566	1104	705	2922	1489	1079	1294	2295	3734	1900	2175	1363	3295	2321	788	1957	1186
gene3567	260	153	533	294	191	290	420	544	316	542	255	735	399	156	217	251
gene3568	20	14	18	6	49	77	154	214	157	167	88	163	223	15	134	104
gene3569	7	3	24	9	15	4	9	27	17	11	4	58	41	5	0	4
gene3570	14	7	15	3	6	5	3	8	9	1	3	23	7	3	2	10
gene3571	471	332	1527	514	74	83	131	222	106	156	122	178	135	40	82	87
gene3572	409	126	772	254	213	398	415	581	370	381	318	695	714	131	382	337
gene3573	528	289	981	372	391	513	782	1220	710	1000	653	925	784	254	598	299
gene3574	19	6	59	37	11	23	48	39	23	15	41	44	30	5	21	12
gene3575	112	50	266	92	58	208	147	320	153	314	87	249	225	47	121	158
gene3576	88	49	144	79	101	123	181	241	181	131	146	192	129	50	62	58
gene3577	22	11	64	15	18	21	14	23	54	54	36	49	24	9	13	27
gene3578	1	0	13	1	1	6	9	24	3	0	1	39	35	7	3	7
gene3579	36	35	112	43	33	55	54	220	71	105	82	183	82	21	46	65
gene3580	914	449	1808	982	1053	1194	1636	3080	1629	1922	1223	2662	2236	534	1048	1355
gene3581	135	53	310	247	84	140	188	430	171	241	182	312	353	94	214	125
gene3582	105	31	145	62	59	85	104	88	70	151	77	189	230	44	64	65
gene3583	60	48	144	82	48	56	75	85	56	125	124	114	76	59	66	115
gene3584	2	1	4	0	1	8	1	7	6	8	1	19	2	1	6	4
gene3585	1126	444	1700	873	656	1144	1555	2207	1352	1559	1413	2612	2403	402	1179	1100
gene3586	7	9	28	8	18	18	14	54	13	35	58	73	19	7	8	24
gene3587	24	8	27	2	16	35	17	26	26	8	25	32	51	2	16	10
gene3588	0	0	0	0	0	0	1	0	0	0	0	10	1	0	0	0
gene3589	93	14	136	63	41	71	86	143	126	116	106	139	165	34	62	51
gene3590	6	1	1	6	4	4	7	12	9	1	5	1	20	3	5	5
gene3591	84	43	174	53	60	76	117	148	128	142	77	143	157	25	65	47
gene3592	17	4	36	16	5	22	16	22	14	28	19	23	16	1	14	12
gene3593	909	368	2097	750	694	993	1074	2743	1209	1311	1075	2635	1699	484	944	905
gene3594	131	60	132	105	70	92	175	382	182	222	154	363	324	54	92	139
gene3595	196	132	420	165	157	200	188	442	326	522	234	439	533	88	184	168
gene3596	185	87	206	189	91	91	131	212	165	135	100	272	127	46	90	63
gene3597	6	0	3	0	0	0	0	0	0	0	0	0	0	0	0	0
gene3598	56	32	148	69	57	75	105	189	68	92	56	187	193	44	42	63
gene3599	46	24	108	34	37	38	55	118	42	79	49	166	104	33	31	48
gene3600	2714	1315	4171	2366	1486	3648	3662	5637	3722	4330	2793	5904	5051	1236	2618	2740
gene3601	0	0	0	0	0	2	1	6	0	8	1	0	0	0	0	0
gene3602	4761	3281	11362	5442	4282	7316	8518	15075	10836	10486	8188	16173	10851	3884	7775	6743
gene3603	37	15	71	17	19	32	116	94	66	69	35	112	118	25	60	36
gene3604	12	13	31	20	45	49	50	42	36	69	19	90	122	26	15	14
gene3605	2	2	1	0	3	2	5	6	10	7	0	17	5	7	12	0
gene3606	246	106	691	235	189	181	323	531	335	276	304	550	559	92	211	191
gene3607	164	64	244	113	43	85	114	194	93	205	95	221	193	36	58	50
gene3608	137	120	273	174	154	159	206	387	177	218	224	337	373	90	266	214
gene3609	4	0	2	0	4	5	2	20	7	1	0	0	6	2	5	4
gene3610	122	31	216	71	62	100	90	206	109	100	120	172	237	33	91	108
gene3611	17	6	27	20	11	5	10	54	4	9	20	63	7	10	22	17
gene3612	81	37	173	56	76	91	167	135	123	144	109	182	272	45	105	152
gene3613	19	1	13	3	1	20	14	13	7	25	3	20	11	8	19	11
gene3614	219	148	495	182	245	281	382	597	280	529	432	848	508	88	283	333
gene3615	16	3	24	12	27	20	16	46	25	18	10	20	28	3	6	11
gene3616	32	21	166	52	24	39	75	164	104	77	115	168	141	22	62	55
gene3617	10	17	33	12	7	26	19	35	47	32	20	13	48	8	29	33
gene3618	1456	819	3671	1103	362	455	566	657	618	532	461	818	740	172	436	335
gene3619	50	25	254	59	59	126	131	184	80	106	84	193	193	41	89	62
gene3620	3089	2243	8363	3436	3541	3780	7635	8679	5603	7273	7316	10667	8555	1855	5332	4259
gene3621	220	116	392	242	174	271	232	840	337	427	205	515	497	115	255	210
gene3622	25	4	26	16	19	54	41	103	46	48	37	100	60	5	39	38
gene3623	40	16	93	68	46	74	101	129	92	117	83	116	202	38	57	55
gene3624	1413	830	2896	1472	1328	1615	1981	3918	2215	2588	1985	3992	3084	647	1571	1575
gene3625	430	192	742	426	326	479	538	923	517	625	627	920	763	212	437	422
gene3626	3	0	15	3	2	8	1	15	1	3	1	2	22	2	3	4
gene3627	85	42	142	69	53	82	111	118	110	128	110	195	185	25	56	69
gene3628	26	11	91	53	30	37	98	92	88	75	79	138	130	21	56	39
gene3629	348	166	979	484	463	508	626	1400	721	726	399	877	981	157	401	210
gene3630	15	19	67	19	21	37	58	70	28	56	56	57	93	9	38	20
gene3631	49	25	96	30	26	76	38	59	40	78	68	39	126	16	47	52
gene3632	69	41	107	69	76	103	135	229	110	168	100	183	194	24	99	49
gene3633	26	11	66	17	49	45	85	512	131	170	81	281	294	29	121	41
gene3634	1137	785	1680	1421	225	339	573	618	273	395	321	827	689	108	261	269
gene3635	2183	1197	5394	2192	2296	2862	2954	6496	4481	4773	3839	7716	4832	1459	2820	2502
gene3636	50	23	86	40	139	206	171	259	121	421	187	308	327	103	242	123
gene3637	4	0	25	1	2	0	5	18	5	0	13	0	3	5	3	0
gene3638	17	2	13	10	13	17	12	8	6	88	3	17	54	0	14	2
gene3639	31	6	29	12	34	33	71	231	55	28	30	125	41	8	70	64
gene3640	2	1	4	1	0	21	0	0	5	8	9	2	6	0	5	5
gene3641	16	11	30	18	21	57	34	88	31	55	30	32	57	5	23	21
gene3642	25	20	74	35	21	19	44	72	32	63	22	70	44	6	30	21
gene3643	36	8	62	25	27	21	34	82	50	70	37	72	66	22	25	18
gene3644	3	1	0	1	1	0	2	17	10	1	0	0	0	0	0	0
gene3645	47	11	28	6	3	21	14	56	25	71	16	44	35	13	17	25
gene3646	125	55	150	148	54	128	166	286	116	156	118	267	242	34	78	66
gene3647	5933	2564	10202	4862	9775	18110	18836	31051	21429	22718	16674	33302	34976	7244	15128	11302
gene3648	4	0	4	6	2	2	9	13	5	31	5	14	12	1	14	2
gene3649	19	4	9	5	1	4	18	9	15	7	5	39	11	1	13	9
gene3650	109	30	165	64	8	13	19	29	10	35	19	37	33	5	17	15
gene3651	142	60	281	89	88	119	228	298	150	267	211	390	157	75	186	139
gene3652	180	100	356	178	127	112	224	336	278	198	161	405	300	67	99	211
gene3653	2265	935	4043	1588	1802	2488	3534	5431	2587	2899	2359	5246	3877	1047	3122	1458
gene3654	11	3	21	1	19	2	7	59	7	18	17	63	40	2	4	10
gene3655	104	29	183	72	32	90	127	259	121	107	132	223	165	29	88	98
gene3656	9	12	33	21	29	27	42	33	29	21	17	57	16	7	18	39
gene3657	246	154	648	319	243	347	349	822	396	504	177	775	589	115	294	304
gene3658	2	1	4	12	5	9	12	9	2	5	5	19	23	2	5	6
gene3659	2	9	23	2	7	3	5	23	4	18	14	14	11	4	0	4
gene3660	3	1	0	8	2	1	3	9	1	1	8	0	11	4	2	0
gene3661	2	0	14	5	4	3	6	3	7	3	5	12	12	0	1	7
gene3662	1	0	5	1	0	0	0	3	4	3	0	2	6	0	1	0
gene3663	3628	1516	8411	3722	3622	4004	6130	9422	5618	6806	4921	7449	7223	2189	4319	4325
gene3664	10	1	0	1	2	16	12	7	16	6	6	9	43	0	3	2
gene3665	0	1	8	0	0	5	2	14	1	0	4	0	2	4	0	1
gene3666	23	1	7	22	9	21	27	19	23	38	8	16	16	8	6	0
gene3667	393	207	1029	490	331	428	589	939	752	643	640	933	882	203	552	560
gene3668	4	0	7	0	0	0	3	3	0	0	3	11	14	1	0	0
gene3669	10	1	2	0	3	2	1	5	2	25	5	1	28	1	1	0
gene3670	382	173	698	311	279	380	680	896	559	495	362	1058	849	219	413	281
gene3671	0	2	0	0	0	11	1	12	2	0	2	5	2	4	2	2
gene3672	3858	1750	8397	3314	2364	4281	5414	8186	4352	5062	3962	7600	7072	1458	4207	3849
gene3673	3	4	40	6	18	23	54	18	16	23	29	30	15	8	21	7
gene3674	164	126	426	160	193	195	345	547	236	319	169	486	385	84	214	221
gene3675	200	106	349	211	175	218	354	472	348	375	284	317	542	129	129	220
gene3676	57	30	72	45	37	73	48	81	92	65	41	97	96	44	56	45
gene3677	2	2	2	0	0	0	0	0	0	2	0	2	18	1	4	0
gene3678	256	118	592	269	226	361	508	798	416	469	347	625	519	114	297	216
gene3679	28	5	24	11	5	10	14	18	19	13	2	16	20	2	33	6
gene3680	2423	820	5217	1498	1535	2685	3385	4734	3201	4075	2322	6327	5200	1131	2304	2976
gene3681	42	34	56	52	191	167	351	466	200	178	194	527	309	52	200	179
gene3682	80	27	201	88	52	82	130	263	120	161	82	192	193	31	93	91
gene3683	1	0	1	0	0	1	1	0	0	11	0	2	4	0	0	8
gene3684	2380	1272	6365	2584	1585	3159	3492	6838	3857	5385	3436	4928	4506	1383	3122	2810
gene3685	64	24	127	55	42	100	100	120	72	71	79	188	68	23	65	49
gene3686	18	9	10	11	10	20	2	18	27	32	10	36	18	11	17	1
gene3687	61	31	164	42	7	16	11	15	12	19	8	29	24	4	10	4
gene3688	0	1	0	3	0	0	2	2	1	5	0	0	0	0	2	3
gene3689	17	23	54	49	31	26	93	29	34	95	36	57	48	14	31	28
gene3690	8	7	16	3	10	3	10	38	9	4	4	11	4	2	4	9
gene3691	0	0	2	0	3	1	0	0	0	0	1	0	0	0	2	0
gene3692	507	332	966	708	410	970	845	1515	1170	895	719	1640	1371	298	736	602
gene3693	7	0	20	1	6	10	0	11	5	7	7	23	2	6	0	2
gene3694	45	10	42	21	37	25	26	29	25	45	31	63	32	16	18	30
gene3695	786	349	1856	826	668	910	1096	1925	1183	1229	927	2078	1761	473	744	665
gene3696	53	19	90	45	23	92	57	136	103	114	61	142	127	19	41	60
gene3697	0	7	9	13	0	1	14	18	5	4	1	17	4	3	11	5
gene3698	116	97	207	157	112	195	302	416	208	249	240	469	248	92	187	169
gene3699	12	5	9	6	3	9	7	8	6	1	11	15	6	1	2	3
gene3700	280	103	449	253	1094	1858	2329	3736	2047	2260	2467	3246	2849	1055	1653	1556
gene3701	90	45	168	81	82	99	116	196	75	106	78	188	176	55	34	83
gene3702	11129	6449	26620	9287	7231	12083	17090	25413	15074	12753	13813	28190	25253	4846	9198	11370
gene3703	20	13	21	10	13	12	20	24	4	18	16	41	24	8	27	9
gene3704	180	68	377	213	187	291	277	476	196	443	211	667	442	83	166	156
gene3705	18	3	20	22	10	14	16	25	38	28	17	50	17	5	8	30
gene3706	7	3	33	24	21	14	32	107	21	70	36	33	62	18	15	18
gene3707	5	0	0	1	0	0	1	0	0	0	0	10	16	0	0	0
gene3708	9	6	40	25	8	6	15	26	9	50	12	29	27	16	5	10
gene3709	63	46	120	63	71	90	56	155	101	93	92	180	194	54	58	53
gene3710	24	15	12	15	8	10	14	25	39	5	26	39	20	4	22	18
gene3711	57	23	70	55	32	61	55	82	64	67	38	182	120	13	61	44
gene3712	18	4	13	7	2	5	0	11	2	12	6	7	3	3	0	1
gene3713	27	5	21	10	31	32	53	159	76	110	69	72	147	25	22	50
gene3714	93	52	152	50	83	98	102	188	71	111	109	167	264	25	93	102
gene3715	36	28	118	87	77	63	108	156	133	127	85	215	186	45	91	92
gene3716	7	9	2	5	10	6	10	18	14	24	18	23	16	9	0	10
gene3717	19	9	40	46	9	6	43	29	25	31	24	62	32	21	57	22
gene3718	91	93	204	121	9	14	25	29	26	25	17	24	38	7	12	7
gene3719	812	361	1255	778	589	726	1097	1751	888	1094	849	1853	1524	476	622	627
gene3720	13	7	54	17	22	40	18	43	50	42	33	80	43	9	35	10
gene3721	15	22	90	39	15	21	26	130	42	53	58	46	96	18	23	34
gene3722	37	20	61	24	15	21	39	91	28	51	28	50	93	15	38	56
gene3723	22	2	76	13	24	37	88	56	48	62	40	54	65	13	31	10
gene3724	220	82	352	140	181	217	217	371	166	226	173	408	262	67	132	171
gene3725	99	32	255	91	104	107	208	318	117	182	138	190	182	35	121	105
gene3726	87	75	130	77	101	135	153	287	146	200	198	134	225	38	110	101
gene3727	112	25	99	89	30	113	134	124	64	122	73	175	176	24	56	76
gene3728	0	2	27	16	4	3	3	10	0	16	1	52	0	3	2	3
gene3729	15	7	92	34	48	39	25	92	70	46	35	73	64	18	28	44
gene3730	24	17	75	48	23	13	41	74	58	41	12	39	26	6	26	26
gene3731	12	6	8	11	5	2	57	32	14	34	14	71	18	22	19	21
gene3732	616	267	1250	588	317	700	867	1328	882	938	544	1690	1438	323	671	587
gene3733	0	2	0	3	2	5	2	3	1	0	3	0	0	0	0	0
gene3734	22	6	80	3	3	11	2	5	25	3	5	8	18	1	4	6
gene3735	241	173	500	264	38	45	77	125	87	109	43	105	93	23	63	46
gene3736	6446	3982	16050	5957	5666	6390	6840	17287	7719	8094	8605	17459	16329	3608	6747	6191
gene3737	1423	427	1650	1200	922	1063	1429	2736	1820	1656	994	2455	1633	551	884	790
gene3738	42	14	74	20	24	9	22	48	13	38	23	57	135	18	42	31
gene3739	7	1	10	22	18	1	25	17	2	0	9	29	25	4	13	2
gene3740	0	3	1	1	3	5	15	7	26	2	0	10	15	0	2	3
gene3741	22	0	10	2	14	2	0	38	13	14	4	32	30	1	6	1
gene3742	19	34	24	33	19	37	45	120	40	62	20	70	95	27	21	42
gene3743	40	4	49	17	17	15	34	96	18	25	35	115	58	10	32	21
gene3744	131	54	257	105	122	172	171	357	100	159	143	365	363	62	156	95
gene3745	69	58	120	52	16	13	13	26	20	9	18	42	38	4	9	12
gene3746	580	221	1473	567	467	545	716	1573	699	1328	917	1529	1063	297	480	522
gene3747	7	0	15	7	5	2	2	7	4	22	17	7	22	0	2	27
gene3748	24	9	85	36	30	32	58	120	71	84	61	65	53	25	31	33
gene3749	33	23	83	20	21	33	32	64	35	78	46	40	56	18	30	25
gene3750	41	26	167	75	45	62	51	131	47	109	67	158	132	34	48	76
gene3751	769	337	1037	591	558	768	1206	1272	724	1347	907	1856	1496	364	758	548
gene3752	0	0	3	0	0	0	10	0	1	0	1	1	4	0	2	0
gene3753	63	35	159	57	48	73	92	168	113	146	96	213	149	28	86	117
gene3754	86	29	148	63	32	51	80	129	71	64	106	155	166	43	46	56
gene3755	41	3	22	60	2	13	9	24	14	13	16	21	11	3	0	2
gene3756	0	0	1	1	3	0	6	1	0	2	1	3	0	0	9	0
gene3757	56	13	67	16	12	22	21	51	29	84	38	22	48	7	22	6
gene3758	134	81	291	113	189	206	246	494	294	270	134	304	260	87	185	226
gene3759	0	3	0	0	1	0	1	2	1	0	1	9	1	1	0	14
gene3760	16	7	20	14	12	16	8	8	33	19	9	30	13	4	15	14
gene3761	652	337	1314	750	668	566	922	1701	824	1303	863	1884	1431	287	521	696
gene3762	98	81	362	120	95	155	179	429	201	217	269	261	238	55	231	138
gene3763	62	27	197	49	26	35	74	128	68	122	32	106	184	30	42	63
gene3764	0	0	0	0	0	0	2	1	3	2	0	12	12	0	6	9
gene3765	465	209	803	361	139	164	322	458	253	438	223	578	243	110	200	249
gene3766	17	8	40	13	22	27	28	37	6	11	44	25	11	8	11	12
gene3767	0	0	0	0	0	0	0	0	0	0	0	1	0	0	0	0
gene3768	18	3	19	16	12	11	22	62	14	24	12	50	38	11	16	8
gene3769	18	3	39	4	4	31	24	12	18	48	3	47	50	8	14	5
gene3770	83	45	116	65	113	121	124	164	143	140	100	206	253	31	76	66
gene3771	79	31	139	60	244	338	541	1055	580	410	298	543	1156	134	397	252
gene3772	226	186	682	261	225	265	434	806	412	414	313	596	534	123	230	332
gene3773	108	38	197	82	93	97	139	275	107	159	112	325	195	54	143	82
gene3774	45	9	18	6	29	66	31	90	49	45	27	29	42	30	32	14
gene3775	424	207	869	346	217	382	410	1082	577	830	518	920	938	161	444	389
gene3776	7	8	42	27	69	79	100	218	134	88	49	170	96	30	61	50
gene3777	5	3	38	12	14	22	10	4	11	2	11	44	34	3	24	22
gene3778	488	141	897	350	152	204	264	417	248	280	170	361	401	92	153	165
gene3779	20	24	79	69	28	33	82	84	62	79	62	146	142	30	78	41
gene3780	14	6	27	4	8	6	9	30	12	30	6	32	11	11	5	15
gene3781	69	34	174	67	65	91	65	182	64	169	131	272	177	40	91	78
gene3782	14	35	51	57	16	59	94	109	58	76	58	123	110	12	50	27
gene3783	858	303	1254	574	566	705	1278	1370	807	1008	924	1515	1615	342	691	500
gene3784	0	0	0	0	0	0	0	0	0	0	0	0	0	0	0	0
gene3785	52	23	115	36	38	38	99	51	48	85	112	117	150	36	67	34
gene3786	12	5	17	18	10	1	11	35	18	14	16	8	16	10	8	8
gene3787	6	2	4	6	1	3	5	6	19	30	10	21	6	5	7	1
gene3788	46	18	30	29	20	26	55	88	90	34	36	83	93	7	26	20
gene3789	223	90	420	229	211	270	543	719	382	430	235	530	473	126	266	219
gene3790	13	5	8	3	1	4	7	17	10	3	1	10	24	5	10	4
gene3791	443	167	1136	394	345	366	529	1042	599	669	490	1124	1003	235	207	553
gene3792	5409	2756	11321	5744	3621	6473	11112	14054	6811	10274	5946	19239	12668	3030	6698	5563
gene3793	14	10	26	16	12	6	7	44	31	48	18	47	15	3	37	14
gene3794	34	27	83	32	32	50	75	65	37	31	72	60	93	20	45	30
gene3795	68	53	214	70	76	104	128	194	117	218	109	263	142	31	74	78
gene3796	22	14	38	10	11	10	19	108	42	31	4	55	64	13	14	18
gene3797	32	24	85	41	42	60	165	113	84	107	61	114	83	23	84	65
gene3798	0	0	9	0	7	12	2	2	13	15	8	12	1	5	3	2
gene3799	70	46	194	74	196	436	525	577	271	300	362	788	842	118	306	271
gene3800	80	33	73	34	45	37	101	183	106	51	95	108	165	24	60	40
gene3801	4605	2105	8172	3046	3524	3039	4375	11067	3549	6738	6193	9150	6608	2082	3334	3752
gene3802	21	18	36	27	25	61	30	55	40	45	30	84	65	16	25	20
gene3803	5	5	1	6	3	0	0	6	4	0	8	3	7	1	0	0
gene3804	61	13	125	39	41	48	33	173	75	43	37	112	51	17	29	49
gene3805	10	1	12	12	5	8	3	27	10	68	6	50	18	2	17	4
gene3806	195	74	377	158	118	151	281	711	241	279	162	577	324	65	146	196
gene3807	6	2	6	1	19	104	15	15	60	5	50	105	53	16	41	24
gene3808	506	339	1448	481	397	762	1021	1662	802	854	608	1696	1305	292	713	775
gene3809	0	1	7	4	0	4	1	5	1	1	3	2	0	0	0	2
gene3810	8	4	5	27	0	146	66	16	52	95	60	176	68	18	9	22
gene3811	52	21	29	11	22	34	19	34	20	56	41	56	73	6	32	7
gene3812	58	15	57	63	33	56	78	94	61	111	63	182	188	26	45	46
gene3813	118	85	344	175	81	142	223	318	266	244	171	319	387	70	163	140
gene3814	23	2	13	6	6	15	7	4	16	33	23	9	21	3	14	8
gene3815	21	7	62	34	32	15	60	49	24	72	40	85	70	15	17	37
gene3816	63	35	123	90	71	74	102	180	157	95	69	223	135	30	125	54
gene3817	0	0	0	0	0	0	0	0	0	0	0	1	0	0	0	0
gene3818	257	143	850	364	318	447	763	973	479	589	350	836	660	213	378	366
gene3819	343	247	668	352	281	432	532	1140	465	721	577	1147	716	202	387	377
gene3820	308	128	528	260	238	324	427	569	601	620	347	742	606	151	345	284
gene3821	3	5	39	5	13	9	10	11	16	17	8	21	37	4	27	4
gene3822	7	13	4	10	10	12	17	46	4	32	11	32	7	4	6	10
gene3823	587	189	1032	311	351	398	637	1266	597	769	500	835	1312	170	327	478
gene3824	214	36	283	140	111	236	224	460	170	257	200	397	334	83	215	209
gene3825	6	2	12	12	11	8	17	26	17	14	14	30	4	0	10	7
gene3826	52	32	69	88	44	58	48	91	27	49	96	179	107	34	79	65
gene3827	6	10	27	22	8	6	10	44	0	12	6	23	28	1	5	9
gene3828	860	364	956	454	682	593	637	1436	943	942	895	1406	1317	395	776	509
gene3829	14	4	14	6	6	12	27	33	5	12	13	15	7	4	7	23
gene3830	1254	557	2071	881	579	1162	1443	2662	1080	2195	1029	2818	2701	646	1179	1382
gene3831	22	5	20	13	2	5	3	27	4	20	3	27	45	5	7	8
gene3832	1	1	2	0	3	0	2	3	2	4	1	1	1	1	0	0
gene3833	0	2	11	2	13	12	1	42	4	4	6	11	0	3	0	2
gene3834	263	75	484	207	204	219	266	709	245	332	432	822	544	93	248	270
gene3835	55	24	94	35	33	62	82	102	48	72	47	130	75	39	42	29
gene3836	6	8	19	7	6	20	9	21	6	9	3	48	5	6	5	2
gene3837	13	3	6	31	4	20	11	21	30	19	9	3	25	5	7	34
gene3838	97	42	148	61	113	73	84	279	145	166	127	286	131	69	50	94
gene3839	18	7	35	18	26	27	18	78	17	71	36	133	52	5	25	51
gene3840	0	0	0	1	0	4	2	0	3	1	4	1	19	0	0	0
gene3841	81	54	193	83	73	110	54	161	131	128	108	210	181	54	68	96
gene3842	123	55	130	134	114	183	147	291	212	238	204	431	268	82	169	111
gene3843	1796	682	3021	1583	1391	1638	2559	3098	1490	2553	1184	4357	2887	815	1338	1086
gene3844	3	2	18	2	11	3	3	24	38	0	6	36	13	5	2	3
gene3845	14	15	32	21	22	32	33	65	33	37	38	24	57	12	34	42
gene3846	277	69	723	264	168	309	307	719	320	469	275	742	615	150	306	400
gene3847	0	0	29	2	0	0	1	0	5	0	8	9	0	2	1	7
gene3848	0	1	26	3	3	23	8	28	3	7	2	17	7	1	0	4
gene3849	2	3	2	5	0	4	0	3	3	0	0	3	0	1	1	0
gene3850	4	1	2	3	8	8	6	23	4	5	6	14	4	3	1	4
gene3851	29	6	72	12	23	39	52	24	20	26	34	52	78	13	12	27
gene3852	2190	866	3617	1579	1521	1916	2000	4697	2239	3501	2681	4288	3993	699	2002	1657
gene3853	75	19	92	23	37	29	63	103	55	76	41	214	70	22	52	46
gene3854	3	0	4	9	0	0	1	7	9	0	0	11	1	2	0	4
gene3855	122	80	237	212	135	188	259	473	260	370	231	363	292	48	155	179
gene3856	0	3	0	0	0	1	0	0	4	0	0	0	0	0	0	0
gene3857	88	34	193	88	46	108	158	237	145	169	91	296	158	64	73	63
gene3858	1	2	9	1	0	0	2	7	3	0	0	0	3	4	1	3
gene3859	429	264	665	267	268	424	570	888	549	586	510	880	903	186	397	275
gene3860	15	13	27	17	41	68	186	85	31	85	43	110	47	26	57	23
gene3861	2574	753	3205	1593	1556	1476	2204	3861	2120	2999	2073	4047	3362	927	1586	1392
gene3862	67	50	118	89	88	121	98	156	105	106	97	197	137	37	54	74
gene3863	61	26	86	43	37	57	106	179	76	60	44	168	143	23	55	40
gene3864	869	390	1400	816	670	1009	1192	1881	1302	1424	1063	2134	2243	513	735	881
gene3865	67	28	178	79	51	81	88	120	82	142	85	183	182	22	55	92
gene3866	170	117	412	171	114	345	280	423	152	251	201	516	374	122	207	247
gene3867	67	31	116	68	61	67	92	64	79	40	43	113	67	37	45	61
gene3868	73	36	177	55	279	373	485	705	704	442	384	827	826	136	416	311
gene3869	35	17	57	50	31	52	32	72	46	47	27	100	91	32	40	30
gene3870	211	95	443	210	160	276	324	507	288	367	222	409	441	106	217	176
gene3871	16	1	11	5	10	2	7	6	16	11	8	26	12	1	5	17
gene3872	41	14	49	50	55	56	112	139	85	67	98	168	163	74	120	57
gene3873	9	0	6	2	0	4	2	0	4	10	0	1	20	0	5	0
gene3874	2	5	18	6	1	13	5	1	9	5	3	3	4	0	2	2
gene3875	0	1	0	0	3	1	1	0	0	0	0	2	1	1	0	1
gene3876	193	125	513	175	873	1327	1677	2319	1443	1576	1261	2710	1833	555	1234	1071
gene3877	211	131	421	249	151	291	314	613	259	426	313	725	657	99	353	240
gene3878	143	54	338	84	62	83	94	156	138	169	121	187	148	31	69	40
gene3879	22391	8568	41591	16416	16177	20627	36004	59158	31164	31802	16958	59895	53378	8685	18886	16760
gene3880	129	86	283	145	105	152	218	248	230	258	226	382	370	79	144	92
gene3881	8	0	13	3	6	16	5	14	10	11	16	10	2	0	1	7
gene3882	37	10	72	42	14	45	26	80	30	42	41	86	38	11	34	47
gene3883	65	14	93	27	37	35	60	89	35	75	34	114	77	15	18	27
gene3884	1258	655	1921	1337	2896	4877	3770	7471	4651	6512	6308	10838	8307	1935	4984	2850
gene3885	695	357	1573	804	595	734	774	1899	774	1023	827	2315	1754	372	979	676
gene3886	7	0	4	2	8	7	5	19	15	1	2	8	13	0	1	3
gene3887	33	11	99	21	40	109	62	70	81	91	75	83	151	5	63	70
gene3888	74	22	153	67	37	56	66	123	66	105	80	139	74	28	37	80
gene3889	3	2	0	0	1	4	0	0	5	10	0	3	0	0	1	0
gene3890	20	13	71	26	19	23	29	47	18	40	39	45	49	14	30	26
gene3891	145	102	410	164	230	223	329	428	201	430	269	580	607	148	194	168
gene3892	92	41	214	66	102	101	187	311	110	151	105	455	251	60	98	91
gene3893	4	0	18	0	0	0	0	3	1	0	0	15	2	2	1	1
gene3894	26	8	89	30	18	25	45	84	17	27	34	75	73	13	31	27
gene3895	13	4	29	12	7	17	12	37	16	44	44	108	47	2	14	14
gene3896	7253	3172	12233	6672	5199	6397	7907	14027	8787	9002	6025	14791	13435	2925	5679	7801
gene3897	718	343	1540	542	314	548	472	675	450	501	359	1108	634	124	387	309
gene3898	60	57	182	86	87	118	152	206	129	104	112	202	185	44	107	71
gene3899	84	26	85	82	43	66	103	185	62	86	100	122	153	37	111	69
gene3900	118	43	142	111	59	108	89	187	110	132	128	241	232	49	70	76
gene3901	38	41	124	67	55	30	74	137	125	87	72	134	136	38	97	119
gene3902	785	273	1396	579	613	773	838	2201	866	1233	998	1649	1620	407	705	961
gene3903	142	59	314	130	73	130	169	214	211	174	152	368	388	77	120	147
gene3904	3	2	13	5	6	10	11	2	5	5	1	5	15	1	12	0
gene3905	372	163	772	303	342	453	574	1101	649	579	570	1046	899	103	523	571
gene3906	207	80	344	160	146	186	382	707	208	397	319	463	229	107	228	282
gene3907	3	3	20	1	3	4	1	32	2	3	7	29	3	2	13	1
gene3908	19	1	44	6	24	12	16	44	27	11	34	21	42	4	24	21
gene3909	0	0	0	2	0	0	0	0	0	1	1	5	6	3	4	1
gene3910	8	1	23	11	8	5	12	10	6	3	5	11	25	0	8	14
gene3911	22	21	49	20	17	34	53	67	43	22	24	68	34	14	29	52
gene3912	381	284	1102	603	484	800	765	936	809	761	686	795	1267	208	632	370
gene3913	1	1	0	0	0	19	0	0	0	0	0	0	0	1	2	0
gene3914	62	28	45	54	45	48	55	67	61	64	58	97	63	19	50	25
gene3915	1014	463	1781	805	914	1095	1051	1697	1191	1481	952	2357	1965	389	1175	968
gene3916	0	0	11	0	0	7	0	1	0	0	0	0	0	0	0	1
gene3917	2	0	1	3	7	0	0	0	4	25	0	16	4	3	3	1
gene3918	92	48	143	74	65	115	108	289	96	102	94	237	356	42	95	146
gene3919	1	0	2	1	8	0	4	5	1	6	11	6	2	5	1	2
gene3920	23	28	46	11	31	21	20	59	44	40	45	58	98	11	59	30
gene3921	30	7	34	15	4	34	32	55	24	44	33	12	19	9	16	21
gene3922	35	28	109	67	42	65	112	122	45	75	31	135	183	23	35	102
gene3923	5	1	16	0	0	1	6	1	0	0	3	1	0	1	0	0
gene3924	4	4	9	7	8	17	12	9	4	7	16	7	23	1	4	5
gene3925	18	5	44	11	22	25	23	30	8	42	36	57	14	6	20	26
gene3926	61	29	124	52	42	82	130	195	131	135	84	131	161	39	41	66
gene3927	462	242	1064	396	486	518	626	1013	704	910	474	1454	1197	216	533	487
gene3928	27	31	102	24	15	18	14	50	15	29	26	35	19	3	1	17
gene3929	4	1	11	2	0	0	0	6	0	1	0	0	0	1	0	0
gene3930	3	0	4	3	2	9	17	4	0	5	1	5	30	2	4	4
gene3931	0	0	0	0	0	0	0	0	0	0	0	0	0	0	10	1
gene3932	0	0	0	0	0	0	0	0	0	0	0	0	0	0	0	0
gene3933	1	1	7	0	5	1	0	0	6	7	3	16	13	0	4	0
gene3934	3	0	0	3	0	0	0	0	1	0	0	0	0	0	1	0
gene3935	830	355	1459	648	527	805	1236	1886	810	1259	1020	1939	1807	465	686	799
gene3936	17	24	64	19	24	43	30	57	21	18	17	34	69	4	23	10
gene3937	400	196	853	310	333	399	499	678	446	821	418	814	846	210	336	423
gene3938	16	2	25	2	2	20	3	20	11	1	0	41	0	0	7	7
gene3939	2066	787	3126	1671	1656	2462	3881	5404	3057	3007	2168	4746	4182	1080	2030	2050
gene3940	13	15	39	18	18	24	52	16	30	49	29	45	117	21	41	24
gene3941	16	12	59	14	21	11	20	21	25	12	24	38	48	9	31	12
gene3942	83	40	169	72	51	91	142	207	127	130	75	159	151	35	75	84
gene3943	9	3	16	11	3	29	20	32	3	17	22	15	8	1	8	3
gene3944	280	111	415	204	136	258	356	597	367	367	246	544	526	136	190	238
gene3945	37	13	54	47	16	31	73	58	33	61	25	23	46	12	24	33
gene3946	0	0	0	0	2	0	0	6	0	16	0	9	1	0	0	0
gene3947	2	0	0	0	2	0	0	4	1	0	0	2	0	0	0	6
gene3948	331	155	460	199	231	212	560	699	429	570	393	439	679	120	422	376
gene3949	47	22	104	31	41	43	56	61	35	75	27	134	97	14	37	29
gene3950	125	43	198	117	72	96	127	229	206	142	201	246	302	36	87	116
gene3951	62	23	140	17	24	50	37	84	29	67	57	69	33	10	34	40
gene3952	72	15	121	43	34	42	65	88	44	116	64	98	84	17	38	31
gene3953	4356	2091	9321	4457	4039	4761	7805	11125	5547	6672	6103	10102	11408	2798	5326	4850
gene3954	126	52	243	64	105	139	162	273	142	127	171	212	175	46	134	93
gene3955	0	0	0	3	1	0	0	0	0	4	3	7	1	0	0	0
gene3956	206	110	484	291	252	253	416	712	370	362	259	679	534	145	275	204
gene3957	4	3	16	2	1	7	3	18	2	4	3	15	15	4	0	4
gene3958	13	1	30	2	3	22	17	16	14	5	13	6	36	2	4	6
gene3959	14	21	82	20	17	38	51	55	48	69	12	63	30	9	27	23
gene3960	2	2	0	5	1	16	19	8	1	5	0	8	7	2	4	7
gene3961	236	112	360	149	154	261	387	427	271	308	268	382	428	100	233	263
gene3962	1067	445	2113	852	185	324	305	377	235	400	273	678	493	139	192	200
gene3963	183	112	300	140	161	188	262	366	167	203	96	469	348	104	158	161
gene3964	36	15	105	37	15	50	56	98	65	65	49	131	57	15	34	35
gene3965	4073	1593	6727	3506	712	1138	1360	2592	1127	1845	1173	2709	2081	446	1190	1019
gene3966	0	2	6	0	3	0	3	22	2	6	1	2	5	0	1	1
gene3967	491	170	632	377	409	422	621	832	461	716	598	811	835	221	493	268
gene3968	371	210	893	494	366	428	844	1194	729	478	576	1324	730	237	557	575
gene3969	240	85	289	124	202	278	255	363	349	414	345	529	535	89	165	209
gene3970	19	4	10	17	8	25	31	33	14	23	19	65	45	10	7	9
gene3971	302	151	367	193	175	310	410	456	345	600	310	706	417	156	262	202
gene3972	537	277	1285	461	423	603	648	1148	649	851	438	2152	1305	187	787	625
gene3973	28	9	50	10	5	14	39	18	14	65	47	26	69	10	37	21
gene3974	36	21	72	43	31	24	51	35	50	59	34	71	77	14	27	33
gene3975	12	7	37	0	19	21	2	7	17	39	11	20	45	7	13	28
gene3976	866	477	2204	770	215	202	295	701	271	323	245	760	504	87	233	204
gene3977	1	0	2	0	0	3	2	2	0	1	0	0	7	0	0	0
gene3978	75	42	205	79	76	117	160	140	106	117	96	154	136	35	123	81
gene3979	202	107	422	260	195	238	327	392	245	446	212	529	315	79	153	221
gene3980	125	98	289	150	124	184	235	374	205	244	178	435	438	72	161	119
gene3981	4	14	31	8	7	23	12	36	10	12	4	55	17	5	4	4
gene3982	4	2	7	0	4	4	8	5	8	3	7	15	1	0	2	3
gene3983	6	0	0	0	4	5	0	0	13	13	4	2	3	0	1	0
gene3984	36	26	107	23	27	81	42	123	45	82	26	124	78	18	18	41
gene3985	289	160	506	216	305	238	452	731	399	462	360	627	480	147	415	345
gene3986	452	360	1618	740	629	774	1136	1820	850	1313	778	1686	1468	308	835	670
gene3987	450	182	897	349	297	433	505	735	426	861	565	734	769	216	380	427
gene3988	5	9	26	4	1	5	10	21	7	11	3	10	17	1	26	6
gene3989	1647	583	3901	1461	1350	1873	2533	4212	2060	2588	1917	3873	2938	674	1895	1526
gene3990	57	26	90	58	36	71	80	99	50	50	101	129	72	30	44	52
gene3991	450	195	1015	389	355	659	649	1135	757	1013	809	1574	925	159	538	570
gene3992	335	173	484	335	256	491	595	843	431	552	409	1001	859	187	446	257
gene3993	475	136	570	268	745	843	1265	2157	921	1089	1128	1974	1170	264	644	883
gene3994	782	440	1516	731	750	1236	1416	1505	1023	1515	1212	2060	1958	338	987	836
gene3995	450	125	690	277	177	393	259	539	416	553	379	833	624	183	252	227
gene3996	10	2	61	3	10	25	11	13	0	16	32	37	31	2	5	5
gene3997	47	18	206	40	34	73	102	107	109	98	75	174	124	36	38	78
gene3998	623	364	1463	499	493	691	674	1017	818	1067	709	1338	1022	276	598	591
gene3999	8	12	15	1	2	23	8	20	5	23	13	28	20	6	6	8
gene4000	16	5	14	8	5	20	6	75	4	15	16	29	16	3	11	12
gene4001	0	0	1	1	5	2	1	0	0	0	8	1	5	0	0	3
gene4002	41	28	117	68	27	53	68	87	70	70	58	106	139	27	38	64
gene4003	5308	2458	10013	4151	4137	5987	7147	12585	7027	8466	6727	9645	10897	3063	6238	5106
gene4004	118	60	242	86	73	134	109	131	123	163	149	176	206	40	112	82
gene4005	57	23	117	51	42	51	56	130	83	61	65	172	109	25	39	64
gene4006	2499	813	4428	1505	1619	2115	3404	5356	3179	3563	2862	3820	3871	974	1526	2173
gene4007	14	10	25	7	6	22	36	33	32	32	13	59	22	5	2	22
gene4008	33	24	102	86	34	56	53	45	35	117	54	95	58	14	44	68
gene4009	91	50	281	89	182	233	252	668	439	310	284	575	594	107	259	179
gene4010	5	4	28	2	2	0	7	1	1	16	12	4	11	8	3	17
gene4011	64	20	61	19	32	38	59	46	21	35	19	91	112	12	30	35
gene4012	78	31	67	56	49	96	110	165	157	55	69	94	163	36	58	88
gene4013	6215	3251	9503	4621	11691	22219	20903	29948	20906	24940	19880	51107	21801	7248	17632	16383
gene4014	1	0	8	20	12	8	0	13	1	4	1	1	4	0	11	4
gene4015	131	98	199	82	65	74	51	136	103	72	60	164	150	27	67	41
gene4016	42	13	62	26	44	53	99	88	87	60	58	157	152	26	64	25
gene4017	18	18	78	19	0	3	11	5	3	16	7	7	7	5	6	6
gene4018	3	1	27	2	1	2	6	3	0	1	5	5	10	2	6	1
gene4019	2	5	16	2	4	12	16	10	9	10	4	23	29	1	2	5
gene4020	8	7	43	16	5	0	14	31	2	16	13	37	13	1	20	21
gene4021	5126	2098	10639	3832	3034	6357	8056	10451	6991	6022	6357	12457	9456	2450	4002	3467
gene4022	120	55	209	87	144	116	130	409	130	200	148	290	301	62	132	161
gene4023	67	18	80	26	13	30	76	60	33	27	22	111	32	3	14	33
gene4024	3	0	5	5	0	19	17	2	12	16	5	7	21	4	7	3
gene4025	140	40	225	57	72	126	150	188	137	120	118	193	260	46	133	98
gene4026	9	6	10	8	7	0	14	18	1	10	4	3	9	2	4	2
gene4027	52	54	164	71	65	141	154	155	186	152	132	213	172	49	63	104
gene4028	11	4	5	5	6	13	11	48	4	17	12	37	34	2	12	3
gene4029	0	0	8	3	5	1	2	1	0	0	0	2	2	2	8	0
gene4030	5542	2942	13290	5121	4883	5110	7988	16305	8919	10993	6583	16294	11348	2887	6371	5485
gene4031	24	36	102	18	23	31	38	171	30	97	74	111	135	18	28	38
gene4032	12	6	1	6	12	18	0	15	25	17	9	53	13	4	32	9
gene4033	969	404	1505	863	836	1024	1347	2608	1066	1385	1189	2399	1655	417	941	789
gene4034	935	382	1622	860	662	1133	1319	1753	857	1638	845	2029	1221	335	757	900
gene4035	13	9	72	20	20	39	36	33	53	56	65	59	27	7	31	28
gene4036	120	35	313	79	55	102	165	199	79	166	109	229	198	38	99	90
gene4037	243	67	215	124	136	199	184	519	192	203	216	355	207	95	155	145
gene4038	837	478	1670	654	708	1011	1603	2017	1618	1232	1076	1727	2035	428	906	982
gene4039	5	0	32	12	8	7	29	0	6	10	5	9	8	2	0	6
gene4040	181	91	514	265	212	271	403	557	476	576	376	766	708	161	195	270
gene4041	5	0	11	20	1	3	1	16	6	0	3	37	4	2	10	4
gene4042	2439	1313	5525	1624	2226	3320	4074	6091	2519	4120	3566	4873	4695	1037	2271	2354
gene4043	24	8	20	16	18	13	20	48	27	72	31	50	25	12	25	25
gene4044	2	4	8	0	0	1	0	0	1	0	0	0	2	1	6	2
gene4045	0	0	0	0	0	0	0	0	0	0	4	0	0	0	0	4
gene4046	0	0	0	1	0	3	0	11	0	2	0	3	11	1	0	0
gene4047	47	45	121	59	53	109	105	278	150	110	70	156	178	41	58	99
gene4048	143	38	124	73	38	91	159	135	154	164	108	219	193	48	68	127
gene4049	1564	555	2564	1121	265	336	345	742	412	497	356	793	770	121	283	222
gene4050	3	1	37	8	8	1	8	13	1	16	4	0	0	0	1	0
gene4051	1375	961	3726	1525	875	2102	2316	4284	1861	2506	1952	3119	3660	766	1334	1692
gene4052	30	10	63	37	17	49	56	136	46	57	31	98	57	18	73	45
gene4053	89	39	210	127	54	145	151	206	99	180	187	195	227	30	127	105
gene4054	25	13	18	14	5	34	17	21	16	7	12	60	35	13	11	6
gene4055	645	445	1314	563	682	910	1419	1358	1012	1208	579	2651	1378	356	737	640
gene4056	8	12	20	23	6	11	13	17	16	32	14	12	13	11	19	28
gene4057	4	8	2	0	1	15	3	1	0	2	1	1	8	5	2	2
gene4058	19	15	102	6	18	13	29	62	36	70	21	71	70	9	21	55
gene4059	76	39	115	86	64	86	85	142	62	136	55	152	214	37	94	81
gene4060	35	11	68	34	26	46	58	121	65	79	27	58	100	20	53	72
gene4061	0	0	0	0	8	1	1	0	5	0	3	17	0	0	0	0
gene4062	63	31	172	100	62	72	129	132	68	93	94	253	196	41	74	47
gene4063	27	11	16	12	29	17	30	33	22	15	7	30	28	2	34	11
gene4064	9	6	23	14	13	14	8	53	5	25	18	22	30	2	18	14
gene4065	100	58	243	98	62	116	148	167	104	163	111	338	178	48	125	67
gene4066	15	1	16	6	10	2	10	18	13	8	17	9	4	10	12	13
gene4067	24	16	81	37	19	48	47	68	53	36	69	103	108	11	39	59
gene4068	7	0	36	11	0	3	5	20	4	17	7	22	7	0	5	8
gene4069	102	47	228	120	112	166	229	302	170	197	189	193	372	85	157	170
gene4070	108	65	256	98	90	132	185	476	191	297	151	388	366	112	150	205
gene4071	18	11	55	19	19	41	88	116	44	86	74	203	60	30	36	56
gene4072	34	7	63	21	39	30	53	89	39	85	34	44	36	17	36	29
gene4073	0	9	0	1	9	4	3	5	17	1	1	22	6	11	8	0
gene4074	2	7	7	16	7	5	7	17	3	9	4	18	6	3	2	10
gene4075	28	25	89	11	19	28	51	89	46	26	48	45	45	22	30	25
gene4076	830	402	1606	579	669	964	1052	2892	818	1484	1027	2092	1605	378	573	651
gene4077	0	0	3	0	0	0	1	0	1	5	0	9	14	3	4	13
gene4078	0	2	16	4	0	2	0	10	0	6	1	14	1	4	3	9
gene4079	36	3	28	12	12	9	10	77	36	35	22	60	52	12	26	24
gene4080	5	7	12	7	6	8	16	3	9	26	1	15	7	3	20	2
gene4081	536	201	935	369	351	483	522	1036	589	664	565	1332	1321	217	560	442
gene4082	55	17	89	53	42	54	91	81	72	104	77	90	107	21	73	86
gene4083	4	4	36	10	4	3	0	3	0	6	3	5	13	1	0	3
gene4084	3	1	6	0	4	9	1	12	1	1	14	22	4	3	4	5
gene4085	26	47	109	34	41	36	44	116	49	93	37	87	120	37	86	35
gene4086	5	1	8	8	2	1	0	5	3	19	4	0	24	2	2	0
gene4087	21	6	45	7	14	24	31	27	13	33	4	33	18	9	22	4
gene4088	78	45	176	42	100	92	115	127	98	134	52	279	144	42	62	85
gene4089	7	18	28	6	1	17	7	5	5	15	12	27	17	3	7	7
gene4090	1	0	0	0	0	0	0	0	0	3	0	0	0	0	0	0
gene4091	3636	1681	5032	3677	2328	4627	5304	8443	4949	7188	4774	8735	7341	1449	3772	3557
gene4092	38	24	127	63	33	90	113	119	40	49	56	97	111	24	24	52
gene4093	92	58	271	83	42	96	126	176	146	114	158	135	148	56	65	71
gene4094	59	39	169	42	37	45	40	217	67	93	62	86	138	41	24	57
gene4095	23	22	85	14	10	11	45	24	9	32	9	48	42	6	24	7
gene4096	3	0	0	2	0	8	0	0	23	0	0	0	1	1	0	1
gene4097	27	8	40	16	7	11	38	65	52	25	15	65	77	10	21	10
gene4098	8	4	40	0	11	5	16	0	2	0	0	7	0	0	2	6
gene4099	0	0	6	16	1	1	6	0	1	2	2	3	9	0	2	6
gene4100	4	0	0	0	1	2	0	0	1	0	0	0	0	0	0	0
gene4101	20	3	38	22	6	2	12	14	4	0	5	15	11	1	6	9
gene4102	79	20	51	53	35	32	44	104	53	101	51	69	59	17	42	50
gene4103	33	19	56	29	216	242	242	217	311	171	239	493	358	47	275	190
gene4104	35	12	47	12	8	45	31	46	39	23	15	71	62	2	37	10
gene4105	63	29	144	58	298	193	290	484	531	287	276	688	425	93	171	157
gene4106	23	10	77	57	29	48	26	111	40	27	31	117	67	9	53	37
gene4107	3	1	8	0	0	0	3	0	0	1	0	0	12	1	0	0
gene4108	69	55	135	59	61	98	117	229	115	86	90	244	184	31	37	70
gene4109	20	11	37	3	2	19	47	15	4	8	8	35	27	5	23	9
gene4110	138	76	282	122	105	86	270	341	259	259	78	221	305	73	86	184
gene4111	106	37	137	108	77	102	99	314	155	125	106	175	177	53	81	67
gene4112	203	86	484	199	163	146	334	608	314	256	284	534	374	75	174	156
gene4113	0	6	2	2	2	2	0	10	5	1	0	8	9	0	0	5
gene4114	373	116	919	406	345	404	549	1190	451	833	369	1076	926	167	375	487
gene4115	82	69	137	66	175	249	455	507	301	397	243	806	523	128	233	243
gene4116	10	12	20	24	15	11	32	59	36	64	29	90	31	20	52	26
gene4117	6067	2948	10124	4371	907	1222	1665	2691	1677	1838	1022	2320	2035	462	946	999
gene4118	460	267	1178	301	308	424	554	974	467	618	590	1161	843	227	368	560
gene4119	2	4	3	1	4	14	21	11	5	15	6	17	4	6	10	8
gene4120	172	83	330	141	129	305	252	446	245	322	275	622	260	92	172	200
gene4121	127	39	253	127	56	158	132	300	139	177	178	307	194	80	170	132
gene4122	131	88	406	160	155	192	312	461	271	234	209	391	397	81	158	202
gene4123	7	4	29	7	7	19	12	30	24	62	26	34	34	7	16	12
gene4124	84	47	212	91	55	86	151	323	140	171	103	324	152	52	117	181
gene4125	6	7	5	1	2	2	3	1	3	0	1	2	20	14	1	4
gene4126	165	57	310	217	174	220	251	456	155	288	273	423	398	116	182	124
gene4127	49	18	112	21	16	43	70	79	61	69	74	112	66	21	45	57
gene4128	52	38	102	83	48	72	124	153	126	114	122	232	157	40	91	80
gene4129	2	1	3	4	12	4	2	9	2	11	4	10	1	0	5	5
gene4130	50	18	55	31	28	50	26	23	37	76	38	96	98	13	35	48
gene4131	37	23	99	24	9	12	11	29	14	15	10	45	12	10	13	12
gene4132	2	5	1	0	1	0	0	22	5	6	6	9	8	0	3	1
gene4133	11	3	20	0	7	10	1	15	21	17	8	5	23	1	22	4
gene4134	70	16	197	52	47	73	49	154	67	102	80	283	117	46	62	53
gene4135	40	33	121	62	37	39	153	95	71	76	72	134	115	17	54	54
gene4136	69	38	226	115	157	243	180	312	198	232	108	415	274	67	118	120
gene4137	15	5	0	6	2	0	11	3	6	4	13	20	8	6	3	1
gene4138	487	301	1555	320	399	534	646	999	722	900	528	1180	836	171	485	687
gene4139	31	16	63	19	35	57	53	82	39	58	31	103	87	21	30	44
gene4140	0	0	0	1	1	2	0	0	1	0	0	17	0	0	0	0
gene4141	85	65	154	84	132	112	145	285	106	112	148	272	284	51	124	82
gene4142	52	29	82	36	37	31	37	61	81	75	29	80	90	5	6	25
gene4143	4	1	3	5	7	2	11	34	6	6	7	16	5	1	8	6
gene4144	23	17	25	16	13	17	38	22	24	12	37	38	46	3	3	11
gene4145	88	26	134	72	54	78	71	107	79	124	89	249	153	15	39	62
gene4146	755	308	1323	696	456	755	1128	1712	738	1178	860	1575	2024	374	873	642
gene4147	584	166	830	457	100	113	137	249	94	161	203	335	280	74	135	126
gene4148	41	28	116	46	46	51	71	115	88	105	51	120	137	14	68	64
gene4149	6	2	32	12	2	12	3	14	11	12	27	16	18	4	20	12
gene4150	201	101	287	140	103	202	223	253	257	237	270	478	395	71	185	154
gene4151	69	26	104	64	57	46	56	122	94	125	65	91	119	22	90	55
gene4152	5	1	13	3	2	10	13	50	13	18	19	9	13	7	18	2
gene4153	5	1	0	8	0	0	0	2	3	0	0	0	1	4	3	2
gene4154	1053	432	1505	1271	842	1239	1875	2323	1279	1876	1350	2703	2877	507	948	643
gene4155	96	62	200	77	64	123	122	252	205	156	141	245	221	47	163	103
gene4156	2	0	0	3	1	1	19	11	3	2	0	0	4	2	5	3
gene4157	61	32	79	35	28	48	58	91	99	83	52	121	149	22	74	54
gene4158	52	48	152	46	86	115	150	214	158	89	107	193	134	49	130	132
gene4159	2	6	3	3	19	1	8	1	0	0	2	2	6	2	10	0
gene4160	394	120	898	339	224	382	356	1100	440	435	608	883	808	240	367	310
gene4161	714	284	1545	717	586	851	1233	1554	1462	1089	779	1895	1068	350	658	846
gene4162	36	16	57	10	10	27	43	55	75	41	29	48	59	7	32	39
gene4163	1537	1046	3134	2199	1105	1953	3908	4082	3300	2619	2645	4248	3939	997	2715	1937
gene4164	0	0	1	0	0	0	0	0	0	0	0	0	0	0	1	0
gene4165	683	369	1603	671	662	794	1212	1375	828	1107	660	1606	1589	383	704	671
gene4166	85	81	190	97	112	161	132	209	162	197	133	302	178	35	89	83
gene4167	84	44	190	51	336	611	772	1157	493	935	421	1402	932	251	524	535
gene4168	98	57	254	123	110	181	297	313	136	199	148	324	261	78	123	175
gene4169	19	8	27	37	56	28	24	46	96	30	32	115	78	10	20	26
gene4170	21	26	134	34	23	45	83	159	69	70	28	106	123	26	45	68
gene4171	65	43	180	53	80	123	116	202	147	202	79	201	205	52	122	87
gene4172	59	26	108	66	60	139	174	326	133	122	106	249	202	60	72	110
gene4173	188	81	472	242	125	239	255	464	354	335	211	418	451	84	156	151
gene4174	48	29	201	75	59	62	97	244	85	180	111	174	171	43	93	89
gene4175	49	25	74	49	35	51	60	85	37	79	49	99	37	33	49	34
gene4176	66	56	111	64	76	136	130	259	111	119	134	286	239	43	113	94
gene4177	11	7	14	9	2	1	1	0	0	7	2	1	2	0	2	1
gene4178	60	32	151	101	13	17	19	18	19	19	13	18	22	7	10	4
gene4179	5	1	16	2	1	12	6	28	4	21	13	29	3	0	4	6
gene4180	41	12	101	58	16	42	68	93	46	81	45	86	94	18	30	23
gene4181	18	14	32	23	22	26	33	56	57	54	31	56	47	14	17	27
gene4182	76	29	137	50	43	42	66	158	55	157	38	107	102	29	56	60
gene4183	71	14	98	47	36	42	74	167	52	111	50	92	101	19	32	37
gene4184	21	10	9	25	15	18	20	28	7	44	38	19	11	11	10	10
gene4185	2109	710	3156	1772	1712	2368	2456	5133	2873	2643	2041	4340	4000	894	1904	2014
gene4186	13	5	46	25	11	19	25	16	36	28	8	29	28	5	24	27
gene4187	1	1	5	0	0	0	1	0	0	0	0	0	4	0	0	0
gene4188	37	5	69	26	11	58	62	74	50	77	80	94	110	18	30	27
gene4189	2489	973	5477	2185	2327	3316	3543	6030	3602	4401	3017	7479	5203	1053	2340	2093
gene4190	0	0	0	1	0	2	0	6	7	0	1	2	0	3	0	0
gene4191	41	12	44	33	27	33	63	96	29	89	25	67	50	10	39	25
gene4192	2	0	1	14	7	1	2	0	0	6	0	0	1	0	2	1
gene4193	267	118	375	228	117	120	159	207	204	260	184	295	208	58	127	120
gene4194	1910	1305	4473	2487	2247	2758	5222	6492	3234	3894	3013	5833	4966	1278	2387	2894
gene4195	9	11	41	13	11	9	8	29	21	14	19	41	14	4	6	3
gene4196	11	5	29	21	16	30	43	46	14	13	11	103	18	4	6	6
gene4197	75	20	86	36	50	47	64	171	89	102	71	173	139	26	41	54
gene4198	19	21	97	48	27	81	60	94	77	73	33	112	107	22	32	45
gene4199	102	36	80	71	27	96	54	195	70	90	94	89	136	56	62	74
gene4200	27	15	54	38	28	30	50	76	48	73	42	94	50	11	52	51
gene4201	337	175	607	349	273	488	535	1011	386	495	523	1074	688	149	388	323
gene4202	27	14	44	29	22	27	18	54	42	66	48	71	101	23	31	22
gene4203	15	16	102	33	48	57	51	100	71	82	73	134	105	16	42	42
gene4204	31	19	59	17	19	41	68	71	18	20	22	69	10	17	28	12
gene4205	253	74	403	170	189	238	211	318	269	174	307	433	501	107	255	201
gene4206	309	211	649	452	290	309	568	760	542	652	533	1063	855	163	364	313
gene4207	187	52	243	122	137	178	210	284	100	257	163	516	366	88	140	86
gene4208	52	18	81	45	24	49	65	137	47	65	49	85	80	28	69	24
gene4209	120	40	243	99	93	120	266	329	183	258	174	278	237	63	103	89
gene4210	228	71	260	151	122	262	271	450	284	283	255	279	423	77	141	117
gene4211	47	23	77	24	56	82	48	188	65	120	77	238	119	33	84	64
gene4212	323	157	634	262	266	274	388	552	546	475	439	543	455	111	203	288
gene4213	0	0	0	3	1	0	3	9	0	0	0	0	2	0	1	0
gene4214	254	143	758	260	263	264	430	682	358	413	250	518	385	134	327	309
gene4215	269	132	421	230	237	271	567	808	462	502	274	666	694	107	400	332
gene4216	1968	883	2927	1771	8043	11471	14321	24592	11633	13876	8659	18181	17485	3614	8702	6465
gene4217	0	0	3	0	2	0	0	29	4	1	0	0	0	1	5	0
gene4218	26	27	52	33	20	16	12	12	49	49	76	73	76	17	25	26
gene4219	66	26	174	86	62	88	63	134	75	109	79	164	137	26	98	74
gene4220	519	275	1067	440	415	678	665	1393	719	709	732	1492	1262	260	658	398
gene4221	399	162	569	300	261	301	366	603	381	574	329	781	588	143	312	266
gene4222	287	99	407	247	185	237	341	608	397	611	251	436	537	89	229	348
gene4223	166	72	367	212	203	269	372	397	245	321	136	544	284	105	168	219
gene4224	0	0	0	0	0	0	0	0	0	0	0	4	1	0	2	0
gene4225	179	37	254	155	130	127	172	271	150	225	185	150	172	35	122	165
gene4226	114	61	215	109	104	99	137	374	131	220	135	281	282	60	164	78
gene4227	35	8	109	45	40	55	54	59	72	109	31	92	71	14	38	37
gene4228	87	52	167	111	70	105	179	206	119	228	64	228	125	48	79	108
gene4229	137	73	343	91	17	27	54	76	68	49	45	95	54	12	16	22
gene4230	409	191	641	312	235	529	456	775	426	391	337	693	995	162	280	286
gene4231	54	20	73	34	53	58	41	111	29	63	91	77	137	25	31	31
gene4232	118	42	323	119	69	153	165	294	180	249	162	344	191	43	106	90
gene4233	1117	487	1646	810	163	283	294	451	190	240	266	546	415	93	188	151
gene4234	4	6	2	1	10	3	0	7	2	2	8	4	6	5	9	2
gene4235	0	1	1	4	2	19	2	9	12	3	0	5	3	2	1	0
gene4236	0	3	8	3	0	0	1	3	2	5	11	10	0	3	3	1
gene4237	14	6	10	9	33	8	7	20	10	17	16	27	45	9	8	5
gene4238	11	3	10	4	7	0	3	5	9	2	1	0	6	1	0	11
gene4239	1243	450	2347	743	802	990	1765	2221	1277	1636	1357	3652	2326	419	1066	1120
gene4240	344	166	594	286	99	305	490	744	317	644	298	831	689	151	371	265
gene4241	33	14	54	38	36	79	52	39	44	57	33	107	62	30	19	27
gene4242	7	0	6	0	7	3	0	2	0	3	2	2	14	0	0	1
gene4243	340	173	470	315	217	311	368	677	319	544	360	574	499	169	324	300
gene4244	6628	3194	12090	6832	4994	9370	8256	14518	7536	11056	7152	20529	15769	3348	6078	4854
gene4245	34	26	69	28	18	37	46	53	18	55	58	65	50	22	29	63
gene4246	4	0	1	0	1	0	0	7	9	0	11	0	4	0	3	2
gene4247	24	31	92	39	34	50	49	82	26	93	54	130	96	15	54	39
gene4248	3	3	16	8	8	14	15	23	20	34	3	28	45	7	12	6
gene4249	197	67	363	170	156	214	251	560	283	394	194	589	356	151	244	147
gene4250	3	0	1	3	0	16	1	2	7	4	13	10	4	3	2	2
gene4251	13	18	48	19	25	43	23	40	48	52	45	55	47	7	44	32
gene4252	22683	8395	26596	12705	15726	19965	23679	47246	21690	25453	13650	51675	34696	8448	12383	13752
gene4253	13	28	57	31	4	31	24	86	41	74	39	74	45	3	33	19
gene4254	0	1	13	4	2	4	12	8	12	41	9	18	32	3	3	9
gene4255	50	15	50	40	38	28	23	125	30	37	48	82	59	22	47	20
gene4256	32	6	52	18	5	26	27	16	14	39	14	19	66	10	18	22
gene4257	155	42	202	97	56	141	178	275	132	172	162	354	246	44	101	137
gene4258	84	18	112	69	18	30	57	127	65	54	48	173	45	31	50	54
gene4259	3	3	20	3	11	1	24	31	7	0	2	0	7	2	4	0
gene4260	10	8	2	11	4	8	5	16	6	3	30	22	40	4	3	14
gene4261	66	26	221	85	46	112	60	194	65	108	111	184	117	30	78	51
gene4262	91	41	186	105	71	73	110	251	154	150	114	190	284	32	80	73
gene4263	42	9	25	19	12	13	33	35	34	26	14	38	56	8	30	25
gene4264	3091	1317	6534	3478	3140	4726	5736	7096	3738	4773	4418	7633	11562	1990	3469	2810
gene4265	167	76	256	134	124	210	276	580	215	335	171	367	354	98	236	192
gene4266	44	14	59	34	24	52	42	99	64	79	29	110	102	11	55	47
gene4267	390	162	565	389	338	522	461	1110	634	586	530	987	904	198	357	424
gene4268	1377	668	2672	917	1014	1470	2005	3484	1574	1595	1665	3466	1935	637	1361	1598
gene4269	101	27	263	77	59	111	198	240	126	223	110	128	137	44	65	94
gene4270	187	57	280	159	105	166	248	199	188	176	144	276	327	77	171	135
gene4271	628	221	1263	280	365	333	709	1303	697	840	789	1275	1014	329	628	416
gene4272	476	161	929	430	250	490	702	657	480	818	412	1040	787	170	501	399
gene4273	270	96	603	292	181	347	337	374	419	410	337	631	520	138	394	307
gene4274	8	8	17	7	6	5	5	33	13	17	8	39	2	3	5	4
gene4275	41	32	82	59	13	25	74	112	40	29	41	157	33	10	56	27
gene4276	6	1	13	8	0	0	0	6	1	3	1	19	10	0	1	4
gene4277	55	48	140	70	11	22	12	34	20	16	11	38	34	5	26	8
gene4278	24	21	53	25	38	69	40	41	61	110	52	55	102	17	36	32
gene4279	86	72	167	70	68	69	144	326	148	173	152	197	275	44	99	107
gene4280	95	47	252	118	50	151	216	367	150	217	136	154	282	55	151	124
gene4281	4	7	5	1	0	2	6	2	0	0	5	0	10	4	1	3
gene4282	42	38	110	45	26	30	83	134	46	83	42	78	81	19	25	9
gene4283	7073	3509	13861	7803	6319	8549	15694	20451	11093	13427	11416	19994	19731	4224	8236	9607
gene4284	10	4	7	5	14	10	9	2	34	2	3	8	19	8	4	18
gene4285	13	16	11	10	2	8	19	30	16	23	1	43	32	5	27	2
gene4286	28	10	35	26	19	20	56	64	43	22	19	102	41	1	48	8
gene4287	457	188	716	352	320	504	548	980	656	711	608	1420	860	166	450	417
gene4288	2	1	1	0	0	1	8	4	2	7	0	7	4	2	4	0
gene4289	170	94	337	170	237	237	297	704	273	279	250	574	424	101	143	218
gene4290	0	4	1	2	0	12	0	1	8	5	0	2	8	1	2	3
gene4291	47	23	79	37	37	73	36	104	42	62	59	147	81	29	33	43
gene4292	17	31	63	42	50	25	59	106	44	93	50	130	161	24	68	67
gene4293	5	4	6	0	1	3	3	17	0	1	7	10	6	0	1	7
gene4294	155	57	285	102	77	156	161	217	208	118	182	416	122	57	192	98
gene4295	3	0	12	9	4	6	8	11	10	6	16	3	4	3	8	3
gene4296	26	14	29	8	14	18	72	79	12	43	31	43	65	16	28	8
gene4297	1	5	35	7	22	8	14	30	30	14	10	38	43	4	18	24
gene4298	39253	30746	104383	41200	32777	71799	62418	143398	76031	80679	57423	130896	128862	29129	48049	50805
gene4299	351	155	663	482	282	488	358	773	530	631	540	971	737	192	379	321
gene4300	41	20	23	15	19	40	12	16	21	26	20	36	29	12	26	11
gene4301	151	40	266	104	79	139	200	285	136	222	164	233	249	49	101	115
gene4302	0	0	23	0	0	4	4	0	10	0	0	4	0	0	0	1
gene4303	7	7	10	18	17	16	21	31	37	15	16	36	41	7	24	14
gene4304	98	30	231	70	31	63	89	157	85	135	104	182	150	33	43	59
gene4305	12	16	87	9	7	5	20	45	11	21	18	53	11	16	11	18
gene4306	23	29	112	31	29	35	65	93	33	75	73	117	95	15	32	47
gene4307	125	48	247	185	120	142	200	230	141	262	100	305	176	72	109	152
gene4308	28	26	83	33	8	37	23	47	47	59	33	59	25	11	27	12
gene4309	62	53	231	127	15	35	48	77	39	32	39	60	72	14	27	32
gene4310	2917	1205	4214	2570	1987	3574	3450	6444	4034	4561	3235	7569	4688	1247	2960	2392
gene4311	64	43	95	55	36	62	95	324	75	119	67	115	95	24	68	54
gene4312	735	231	1323	488	600	727	967	2461	886	960	947	1984	1282	348	794	897
gene4313	8	2	16	9	6	9	8	5	11	29	16	24	14	12	5	0
gene4314	0	0	0	0	0	0	3	1	1	0	0	1	8	0	0	5
gene4315	417	161	621	311	307	430	553	905	287	548	484	654	831	134	335	301
gene4316	0	2	0	0	0	3	0	2	3	5	5	0	0	0	0	0
gene4317	574	256	988	524	310	571	708	1216	595	1012	597	1599	874	254	430	581
gene4318	272	219	882	288	204	456	520	972	481	709	639	1021	803	197	351	336
gene4319	80	32	156	104	124	104	111	168	102	106	89	206	207	52	62	51
gene4320	495	255	1132	495	386	656	734	1068	689	1147	588	1100	743	244	507	614
gene4321	6	1	10	23	1	2	8	59	3	5	10	33	3	8	5	6
gene4322	42	44	65	67	28	64	69	122	47	118	79	132	133	21	72	84
gene4323	49	17	143	41	66	72	122	105	73	75	68	252	100	28	84	67
gene4324	69	19	111	39	25	42	55	135	84	104	36	100	106	38	34	61
gene4325	269	124	394	276	165	395	376	558	413	362	294	531	455	140	273	203
gene4326	2	6	2	0	9	4	3	0	4	11	1	17	1	0	3	2
gene4327	121	44	135	70	20	26	27	57	34	45	22	63	58	7	15	15
gene4328	11	3	9	4	1	22	28	5	12	20	8	12	13	0	9	11
gene4329	2	0	2	8	3	1	0	3	0	0	3	5	0	0	6	0
gene4330	123	37	259	49	128	111	198	220	172	145	88	283	158	59	126	92
gene4331	60	17	120	30	16	18	11	27	10	31	25	54	21	10	11	33
gene4332	8	6	23	12	2	6	19	21	21	34	15	6	10	9	14	11
gene4333	8	1	16	8	14	9	17	62	20	16	8	4	19	13	13	3
gene4334	20	3	9	8	10	11	10	12	6	41	6	23	10	13	4	12
gene4335	6	3	10	12	3	2	3	16	0	13	6	9	3	6	4	6
gene4336	2612	970	4663	2157	4809	7443	9001	19080	10238	10326	8205	20040	12147	3443	7141	6466
gene4337	128	42	229	121	67	180	217	208	142	189	148	250	212	71	111	126
gene4338	12	9	11	3	5	17	8	18	7	24	12	16	18	4	22	6
gene4339	46	18	113	44	29	53	55	74	41	67	66	153	90	37	29	47
gene4340	68	18	65	44	20	29	35	58	61	53	62	68	24	12	48	22
gene4341	6	0	37	2	18	11	8	10	5	35	4	5	17	4	6	14
gene4342	123	16	101	78	32	51	129	92	79	86	75	219	159	31	43	44
gene4343	353	182	931	541	409	427	816	1067	623	710	548	1221	1018	142	397	566
gene4344	8	7	2	11	5	7	3	30	14	6	1	47	6	6	2	5
gene4345	46	17	58	37	18	43	52	131	16	53	30	48	44	10	18	39
gene4346	1151	472	1552	1177	886	1089	1009	2253	1562	1433	971	1848	2797	379	890	990
gene4347	38	21	38	31	30	16	40	84	45	65	41	69	83	19	39	43
gene4348	44	41	207	74	34	84	103	170	62	85	70	232	123	10	96	105
gene4349	10	1	4	6	6	9	8	48	21	27	25	6	22	2	19	11
gene4350	14	3	44	25	11	19	15	13	7	5	4	1	21	2	6	17
gene4351	155	103	239	139	126	163	203	371	181	295	248	391	254	104	157	167
gene4352	14	2	16	10	0	16	24	19	12	7	24	27	29	1	4	12
gene4353	125	68	461	147	169	249	205	319	187	256	164	301	571	133	154	219
gene4354	93	53	157	72	105	103	112	260	143	142	190	214	212	63	88	84
gene4355	12489	6506	20179	10611	7278	11521	17471	31778	15768	19010	11878	20959	27587	4917	12059	8903
gene4356	27	11	49	24	28	21	38	70	41	29	31	45	52	5	32	32
gene4357	25	16	142	29	18	35	39	50	24	73	38	71	75	17	46	37
gene4358	1	4	5	0	1	0	1	0	0	3	0	3	2	3	7	0
gene4359	387	169	644	411	234	374	536	790	438	756	503	811	672	85	347	419
gene4360	51	12	56	15	35	36	27	73	54	85	14	70	49	9	31	51
gene4361	270	98	434	148	119	259	193	279	263	324	171	433	390	76	161	283
gene4362	2628	1652	8402	2705	4132	7307	8770	16929	8511	9788	6301	14403	14502	3033	6319	5312
gene4363	52	41	84	61	49	76	70	65	55	104	98	208	155	29	55	52
gene4364	5	1	7	3	6	4	7	5	4	8	12	22	7	3	4	3
gene4365	8	3	6	8	7	3	16	15	4	2	1	3	25	8	11	6
gene4366	4	2	6	3	2	4	7	14	0	20	1	7	0	0	8	3
gene4367	21	6	3	1	1	11	4	7	20	8	17	27	24	3	11	1
gene4368	38	15	95	43	39	16	65	53	49	39	33	97	68	12	31	30
gene4369	41	17	100	16	32	48	51	142	61	99	35	93	92	20	34	39
gene4370	115	44	243	81	126	216	201	377	231	271	151	388	275	87	156	87
gene4371	0	0	5	1	0	0	0	0	0	0	0	0	0	1	0	0
gene4372	6	2	6	8	4	7	15	47	15	2	7	27	12	0	1	3
gene4373	104	51	213	110	87	74	166	169	87	180	108	271	216	40	97	95
gene4374	87	65	238	167	124	198	150	248	200	261	198	259	334	53	104	116
gene4375	1735	632	3622	1770	1447	1483	2354	4041	2477	2469	2001	4539	3365	876	1798	1875
gene4376	0	0	2	6	6	0	0	2	0	0	0	0	0	0	0	0
gene4377	17	0	16	3	6	13	4	31	3	13	11	11	25	4	24	17
gene4378	71	38	230	40	71	85	176	164	120	158	147	183	234	41	78	86
gene4379	5	3	3	6	6	7	5	16	3	5	3	2	3	2	16	0
gene4380	28	12	23	13	26	34	47	66	28	64	45	64	55	17	26	18
gene4381	1	6	6	1	2	8	17	3	12	5	0	17	0	3	3	3
gene4382	0	0	6	0	1	5	1	3	2	0	3	1	1	1	1	1
gene4383	19929	9900	47506	20037	20514	27080	37159	50846	31343	43952	22870	45193	51556	10574	19085	18516
gene4384	42	12	28	30	18	12	31	57	45	45	26	54	45	13	27	30
gene4385	22	11	45	26	5	16	18	28	55	12	18	31	12	0	8	6
gene4386	15	5	47	12	4	23	36	13	21	25	26	11	57	3	17	24
gene4387	3	1	2	1	1	0	7	28	0	2	6	30	2	0	4	0
gene4388	3	1	0	2	3	9	5	11	4	2	0	18	4	0	0	2
gene4389	21	7	27	33	19	24	18	60	7	40	27	40	74	5	22	24
gene4390	1319	429	2470	1207	880	1503	1800	4439	1810	1787	1746	2627	2226	598	1200	1283
gene4391	36	3	32	22	14	14	35	56	55	43	37	34	58	12	19	38
gene4392	252	137	582	224	200	147	292	428	193	335	165	454	282	82	222	233
gene4393	80	26	142	68	27	112	107	137	105	135	76	128	256	40	71	102
gene4394	8	2	37	34	10	9	20	83	30	32	24	64	18	13	31	11
gene4395	22	27	19	3	7	23	30	12	30	19	29	32	19	4	25	33
gene4396	582	259	1449	564	484	781	985	2016	953	850	826	1579	1334	346	584	634
gene4397	307	165	614	219	208	341	484	734	424	370	386	786	655	153	360	238
gene4398	327	123	608	202	279	388	369	980	385	365	318	592	621	167	330	317
gene4399	520	396	1422	678	512	917	843	1603	862	1418	1116	1979	1529	391	706	640
gene4400	98	46	94	70	93	100	88	148	113	74	105	206	91	31	97	85
gene4401	797	501	1468	784	833	1150	1578	2375	1028	1821	856	2066	2065	346	1173	852
gene4402	13	0	2	0	0	5	0	0	1	0	0	1	6	0	0	1
gene4403	0	0	2	1	0	1	0	1	7	0	1	6	1	0	2	0
gene4404	2558	1203	6181	2488	1972	3250	3710	7287	3565	4806	3740	6578	4391	1012	2911	3029
gene4405	15	5	8	16	18	31	27	108	27	24	14	49	73	3	33	17
gene4406	175	161	492	269	886	1785	2091	3053	1381	2259	2047	3745	1941	819	1793	1509
gene4407	37	13	71	16	30	13	26	21	15	21	15	34	71	6	12	32
gene4408	2	6	5	5	10	3	7	10	10	17	21	18	29	1	2	18
gene4409	300	159	424	184	200	419	383	605	255	376	278	655	475	149	264	277
gene4410	0	0	0	0	0	0	1	0	0	2	0	0	0	0	0	0
gene4411	52	16	58	65	10	56	55	120	52	80	32	158	48	12	53	52
gene4412	39	28	123	37	46	62	104	71	87	46	61	105	31	15	26	20
gene4413	5	18	23	16	15	4	9	33	31	3	4	10	15	4	20	11
gene4414	2	4	2	0	4	1	1	20	11	43	1	8	34	2	2	11
gene4415	540	308	1358	833	305	776	814	1520	784	1396	854	1764	1430	301	724	763
gene4416	121	37	129	92	151	262	309	550	190	261	274	488	492	105	289	248
gene4417	3	0	0	0	1	0	1	10	0	0	0	0	3	0	0	0
gene4418	0	0	1	0	0	1	1	2	6	0	0	7	0	0	1	0
gene4419	16	5	31	14	22	35	30	30	21	20	40	45	79	8	18	5
gene4420	181	94	285	90	113	176	220	294	253	261	168	330	371	57	148	112
gene4421	850	328	1751	820	534	815	980	1758	1437	1389	968	2674	1662	323	1021	784
gene4422	237	152	597	252	281	349	397	792	289	396	374	781	671	95	288	243
gene4423	78	47	146	86	176	405	424	545	485	443	200	517	558	107	213	183
gene4424	183	78	341	183	151	188	296	355	279	315	225	487	352	112	179	157
gene4425	22	9	75	46	17	20	66	48	17	30	15	50	28	12	29	24
gene4426	82	62	198	99	250	453	434	550	461	587	322	624	718	174	262	224
gene4427	679	320	1533	573	400	761	817	1668	859	1417	841	1124	1393	350	907	822
gene4428	23	10	75	16	1	38	56	76	39	67	4	62	18	12	28	12
gene4429	1095	285	1658	739	623	735	913	2165	1116	1342	923	2025	1566	390	494	633
gene4430	3	2	5	2	1	15	1	48	19	3	8	15	4	3	13	9
gene4431	10	8	28	3	1	4	1	20	5	24	1	13	6	2	4	0
gene4432	1	11	3	8	6	9	44	21	4	6	13	48	17	9	12	8
gene4433	3	3	6	0	2	4	3	8	7	1	6	33	1	0	6	1
gene4434	17	0	12	1	5	1	7	6	18	5	22	4	24	0	3	10
gene4435	49	26	139	62	52	112	89	151	73	164	89	126	210	31	88	51
gene4436	6	7	25	7	7	0	7	26	11	21	3	22	19	6	2	7
gene4437	46	6	64	47	42	34	56	101	46	68	31	120	143	20	35	37
gene4438	316	174	445	393	266	320	553	842	323	624	452	1046	606	121	378	360
gene4439	6118	2382	12358	4864	3513	6133	7370	16476	8445	11327	6619	13675	10432	2667	5969	5173
gene4440	358	200	540	462	376	476	606	1263	557	760	393	944	905	312	577	397
gene4441	61	28	133	78	54	104	80	152	107	123	46	130	104	47	53	81
gene4442	249	118	477	179	149	335	311	326	326	337	193	432	461	153	315	224
gene4443	99	40	140	87	53	146	158	206	200	134	131	214	143	57	93	90
gene4444	0	0	0	4	2	2	0	2	1	1	4	10	4	1	1	2
gene4445	9	0	19	18	89	99	112	153	104	96	105	282	109	51	54	28
gene4446	158	132	319	181	139	387	351	416	244	320	277	426	534	123	210	195
gene4447	222	136	347	190	163	231	360	433	298	257	266	647	660	110	243	225
gene4448	238	84	330	213	192	203	274	700	226	268	349	544	339	78	321	288
gene4449	6	0	4	6	0	11	8	45	24	43	17	31	27	7	9	12
gene4450	0	0	0	0	4	0	0	2	0	0	0	0	0	0	0	0
gene4451	0	0	0	0	1	0	0	5	0	0	0	4	2	0	0	1
gene4452	1	3	10	2	0	4	29	11	12	2	3	20	4	0	8	8
gene4453	30	39	59	29	29	46	129	129	34	58	56	75	55	14	59	57
gene4454	40	11	54	50	219	223	426	1473	397	693	208	571	495	135	278	183
gene4455	1	2	1	1	1	5	0	11	2	4	0	0	0	0	1	3
gene4456	69	58	207	57	66	97	203	149	75	155	138	156	153	44	83	140
gene4457	8	1	29	9	6	7	12	48	18	6	7	10	25	3	9	7
gene4458	2	0	3	1	3	0	7	1	14	4	2	1	2	0	1	0
gene4459	28	26	47	49	38	69	27	98	51	46	32	80	88	15	40	33
gene4460	3	2	1	2	1	0	18	24	6	2	0	0	0	3	1	1
gene4461	0	0	0	0	0	0	0	0	0	0	0	0	0	0	0	0
gene4462	33	9	32	32	20	38	65	84	32	38	48	147	138	16	26	33
gene4463	27	17	32	7	20	9	23	18	22	43	17	65	34	9	3	8
gene4464	174	169	437	171	146	231	284	410	309	281	280	371	359	80	153	157
gene4465	0	0	0	0	0	0	0	0	2	0	0	0	0	0	0	0
gene4466	76	50	173	65	64	60	69	145	57	39	50	142	142	30	129	55
gene4467	32	5	37	18	9	21	13	47	26	34	35	28	41	6	31	17
gene4468	11	14	58	3	14	2	40	55	25	24	31	48	58	5	14	13
gene4469	2	5	10	2	7	2	13	32	14	13	1	19	26	5	12	4
gene4470	58	40	112	65	44	63	62	109	83	54	41	74	91	24	22	60
gene4471	14	7	45	17	16	18	26	21	22	42	33	22	38	13	11	27
gene4472	77	54	153	111	529	804	836	1922	826	1113	642	1047	1929	280	525	571
gene4473	31	22	84	13	25	85	49	89	53	26	71	72	49	26	63	25
gene4474	299	184	699	270	255	353	509	773	343	585	513	852	770	191	298	354
gene4475	129	59	246	94	75	95	153	194	174	119	100	245	181	72	98	118
gene4476	13	12	48	31	6	5	20	24	15	16	13	12	57	7	24	16
gene4477	9	0	2	1	4	4	0	0	1	1	0	24	7	3	0	1
gene4478	14	12	39	9	5	45	21	32	23	23	20	37	44	5	10	16
gene4479	30	21	46	53	33	44	33	80	66	60	44	97	58	10	40	17
gene4480	17	1	13	15	30	24	89	84	44	73	38	69	92	10	42	31
gene4481	234	105	373	188	115	219	350	516	302	247	221	957	787	157	245	164
gene4482	44	16	53	11	29	14	44	36	21	38	25	29	38	10	18	21
gene4483	452	206	448	257	264	439	604	1051	515	452	377	1036	1155	162	361	386
gene4484	42	17	18	22	10	24	38	88	11	32	19	67	63	15	34	16
gene4485	7451	2492	16982	7137	6276	9526	12080	15781	10344	13009	9438	22290	14896	3532	7478	8951
gene4486	330	162	480	290	205	262	680	918	468	475	375	616	561	147	384	257
gene4487	2	4	1	10	0	0	0	0	1	3	5	0	5	1	0	0
gene4488	0	1	16	6	8	4	0	3	0	1	0	8	3	0	0	8
gene4489	332	137	783	296	188	365	419	715	395	536	457	693	667	137	316	219
gene4490	30	13	47	46	15	75	56	146	49	78	52	86	78	21	70	52
gene4491	258	125	437	197	178	423	311	558	357	320	359	541	623	143	292	266
gene4492	5	2	39	14	19	10	46	28	33	17	19	30	17	6	4	7
gene4493	85	57	179	61	46	95	133	240	113	104	126	185	208	59	92	103
gene4494	4533	1464	8452	2845	3160	4726	5762	6806	6005	6468	3671	8081	7059	1457	4783	3320
gene4495	46	17	81	43	29	43	43	46	35	46	22	107	70	24	32	49
gene4496	0	0	2	2	1	0	4	0	0	2	1	0	2	1	0	4
gene4497	0	1	0	0	0	0	0	4	0	1	0	1	0	5	3	0
gene4498	9	2	44	16	33	41	40	70	58	53	28	91	38	21	38	21
gene4499	3	0	1	3	1	1	6	12	13	3	13	3	7	3	1	2
gene4500	289	191	692	313	202	347	467	949	447	785	348	744	668	171	528	253
gene4501	207	110	389	255	208	251	309	417	294	426	248	564	412	85	212	201
gene4502	14	35	34	46	41	50	68	110	40	75	37	96	146	31	65	47
gene4503	124	30	198	72	55	36	221	233	71	157	68	164	225	33	84	92
gene4504	490	314	894	430	506	683	862	1293	722	841	555	1175	1034	255	512	469
gene4505	10	5	13	2	1	6	14	1	9	3	10	18	15	0	6	5
gene4506	1	0	3	0	2	1	0	0	3	1	0	14	0	0	0	0
gene4507	9	3	12	1	3	6	8	13	4	12	8	9	4	3	11	2
gene4508	907	438	1446	1020	845	969	898	2392	1021	1440	853	2876	1554	489	836	754
gene4509	8431	3071	14593	6234	2038	3001	3849	8667	4252	5867	3685	8382	6220	1202	2378	2984
gene4510	18	13	13	34	11	15	36	47	63	62	12	49	94	22	42	15
gene4511	17	2	26	7	15	5	24	26	30	12	10	55	12	3	5	14
gene4512	2558	960	4028	1794	1789	2511	3445	5238	2642	2674	2805	4729	5423	1074	2618	2422
gene4513	121	57	225	120	163	169	191	158	156	128	171	446	277	92	100	132
gene4514	46	18	60	27	45	78	50	72	44	118	70	205	162	26	38	36
gene4515	0	2	1	7	1	2	2	7	1	4	7	11	3	0	0	13
gene4516	112	45	246	116	68	61	158	260	154	230	162	370	308	61	103	95
gene4517	1	1	7	0	4	0	0	0	11	4	1	0	4	0	4	2
gene4518	31	18	70	33	48	62	46	56	72	49	42	85	90	20	26	31
gene4519	55	16	59	24	10	30	22	43	34	16	48	60	73	10	16	35
gene4520	17	1	33	2	4	22	16	15	18	18	8	26	9	6	12	7
gene4521	5	0	11	11	10	18	30	13	9	14	10	17	21	2	17	3
gene4522	50	15	177	73	65	70	119	96	119	159	59	240	163	42	86	60
gene4523	491	192	778	329	303	594	704	1266	606	606	569	968	932	168	481	428
gene4524	59	36	98	59	51	51	69	143	62	92	66	76	83	16	61	69
gene4525	9	3	47	4	5	6	6	17	4	9	5	11	20	3	3	2
gene4526	5359	2639	10525	6297	4831	6748	8555	11855	6164	12147	8581	12339	10323	3002	6025	5011
gene4527	10	0	20	9	10	3	5	16	4	2	2	19	11	2	3	2
gene4528	747	393	1266	648	489	543	1095	1913	1344	1425	928	1812	1117	278	754	685
gene4529	132	62	350	160	117	240	298	434	277	260	296	570	312	81	164	168
gene4530	0	0	0	0	0	5	0	0	0	0	0	0	10	5	0	0
gene4531	62	24	124	42	47	64	51	99	80	60	82	195	64	34	38	40
gene4532	4	8	39	9	3	8	8	8	6	11	10	7	11	3	5	7
gene4533	21	2	17	4	16	14	14	18	18	11	2	21	2	5	11	0
gene4534	355	165	501	327	237	326	714	654	329	489	477	799	812	185	262	223
gene4535	173	93	314	178	201	241	307	579	310	298	327	845	495	94	246	215
gene4536	81	36	89	81	32	37	81	135	103	118	112	134	141	32	47	57
gene4537	116	84	316	172	139	119	123	349	182	240	193	221	282	90	104	172
gene4538	0	0	3	10	0	2	0	2	0	0	0	2	0	1	0	0
gene4539	100	43	173	78	46	102	57	245	141	171	134	191	282	36	141	100
gene4540	0	0	0	1	0	0	0	0	0	0	0	7	0	0	0	3
gene4541	321	140	521	449	284	393	362	704	431	607	488	779	796	182	294	262
gene4542	0	0	0	0	0	0	0	0	0	0	0	0	1	0	0	1
gene4543	3472	1222	5807	2861	2296	3773	4482	6519	4658	3552	3371	8973	5024	1267	3749	3113
gene4544	32	10	62	24	25	26	61	65	61	93	56	99	85	20	23	37
gene4545	1	0	2	2	12	3	11	13	7	6	5	10	48	6	12	9
gene4546	0	1	12	24	11	20	7	14	20	7	19	21	27	0	8	12
gene4547	11	13	58	26	1	3	3	8	5	11	4	11	5	3	4	6
gene4548	153	60	196	125	96	141	193	239	109	163	195	253	225	43	121	130
gene4549	123	66	220	104	89	110	135	223	129	248	150	265	239	43	95	115
gene4550	331	253	647	358	366	498	804	887	699	666	455	908	941	261	379	468
gene4551	5	0	7	11	0	10	4	4	6	2	3	2	5	0	6	2
gene4552	81	46	168	52	77	66	84	261	126	201	130	212	266	51	94	50
gene4553	430	169	583	431	330	385	672	967	340	601	411	1029	791	186	418	312
gene4554	3320	1266	6535	2693	1913	4163	4350	7893	4609	4250	3572	6305	5647	1524	2577	2751
gene4555	481	227	891	567	508	512	707	1025	516	750	480	1176	1028	196	465	572
gene4556	154	142	341	112	130	151	308	414	231	287	335	481	539	102	161	257
gene4557	102	64	241	94	347	254	526	478	379	578	617	692	782	123	337	387
gene4558	29	8	33	30	57	28	33	62	18	39	18	33	44	5	28	12
gene4559	23441	11591	44955	19313	15591	25653	46968	60717	22228	33819	19802	70186	51018	7675	19325	21714
gene4560	219	80	305	133	145	246	155	382	214	267	228	317	489	69	173	184
gene4561	251	133	304	153	171	231	253	479	247	311	225	469	328	88	127	139
gene4562	52	27	120	19	33	80	47	140	56	72	43	85	153	19	41	58
gene4563	21	10	33	5	0	12	16	22	10	27	5	24	37	1	14	7
gene4564	22	7	26	28	30	32	48	51	21	47	23	48	32	6	22	39
gene4565	1960	1127	4334	1488	1392	2696	2787	4846	2685	3433	2542	5759	4647	1260	2622	1495
gene4566	1	0	0	0	5	1	1	4	0	1	0	0	0	2	0	1
gene4567	5	2	1	2	2	0	7	65	4	0	9	11	13	6	1	1
gene4568	7	1	3	0	19	3	14	35	9	5	1	9	17	2	0	7
gene4569	205	104	338	172	171	229	262	301	180	329	273	424	283	100	261	185
gene4570	517	298	1282	501	2527	5242	6159	9783	5671	8483	4429	10695	8560	1399	4133	4285
gene4571	3	2	24	12	6	9	23	9	17	0	4	0	1	3	4	6
gene4572	920	297	1570	698	581	899	1176	1873	1043	1111	909	1655	1735	360	757	720
gene4573	12	5	7	17	5	13	12	35	8	14	28	23	57	3	5	13
gene4574	176	113	348	182	165	246	279	373	210	336	245	404	342	74	177	205
gene4575	35	7	34	19	10	9	17	75	24	38	4	30	53	12	26	23
gene4576	6	0	12	0	2	6	2	1	6	0	0	1	8	1	0	0
gene4577	573	363	1210	448	505	539	1259	1324	825	1109	763	1807	1010	265	581	549
gene4578	156	56	241	164	92	193	212	408	202	248	193	326	370	84	177	161
gene4579	235	123	377	283	183	296	323	551	287	407	339	768	536	136	264	265
gene4580	91	17	93	40	53	133	133	329	142	229	57	155	161	52	53	109
gene4581	93	33	163	103	111	126	101	229	85	127	106	172	135	40	102	99
gene4582	12	2	19	17	2	6	6	35	6	38	30	22	8	8	5	3
gene4583	90	63	343	137	14	15	33	48	34	55	28	45	54	16	31	26
gene4584	0	1	0	0	4	0	29	1	0	4	0	1	0	1	0	0
gene4585	1038	373	2234	937	709	1174	1600	1860	1112	1243	1064	2224	1664	461	962	1013
gene4586	58	39	124	62	48	73	98	104	119	135	75	132	127	30	39	85
gene4587	16	9	25	25	12	9	31	38	38	12	14	105	53	12	14	9
gene4588	107	26	64	44	39	44	79	143	60	108	58	159	115	24	40	68
gene4589	1064	372	2180	1223	803	1244	1731	3346	2028	1803	1469	2951	2638	651	1281	1040
gene4590	117	83	344	134	102	154	271	332	172	198	119	377	327	70	117	144
gene4591	17	1	73	4	20	22	24	49	19	10	23	59	87	11	26	52
gene4592	0	0	0	0	1	8	7	0	0	0	2	0	0	1	0	0
gene4593	2	0	1	2	1	3	3	2	1	2	1	7	1	0	5	0
gene4594	7	5	4	7	13	15	17	15	15	3	31	25	36	1	3	0
gene4595	628	283	918	400	397	465	522	1190	638	595	428	1351	821	304	375	367
gene4596	30	15	36	22	13	35	35	81	76	67	29	52	110	11	22	44
gene4597	65	4	94	58	44	58	63	128	51	45	42	80	103	15	38	50
gene4598	1	3	9	20	2	3	1	5	3	4	4	8	22	2	5	0
gene4599	93	50	166	77	174	208	408	569	259	276	243	487	452	113	293	212
gene4600	6054	3715	9787	6775	5226	8009	10307	12029	7221	9837	6440	11659	14474	3539	6807	5693
gene4601	172	54	286	152	164	168	159	260	241	174	166	262	382	87	134	183
gene4602	248	90	452	206	40	45	65	145	47	80	67	129	93	30	46	53
gene4603	8	9	72	26	16	6	28	43	12	8	36	54	41	13	5	18
gene4604	156	96	407	201	210	191	277	373	310	122	248	595	318	116	196	178
gene4605	7	1	18	9	5	8	4	37	20	21	6	12	21	3	12	5
gene4606	75	19	70	44	45	39	74	67	34	56	29	110	71	34	62	36
gene4607	13	6	13	8	3	3	16	15	12	16	6	7	2	4	5	14
gene4608	36	27	162	17	22	67	44	96	49	86	55	125	96	16	61	23
gene4609	2607	2470	6240	3178	2435	4873	5646	8592	5767	5876	4019	8031	6555	2125	3662	3524
gene4610	0	0	0	0	0	0	3	0	1	0	0	1	1	1	0	5
gene4611	43	24	86	44	35	73	51	85	56	128	68	85	99	12	64	67
gene4612	17	17	62	16	26	28	5	71	35	63	59	56	71	10	23	25
gene4613	2	7	31	16	6	5	25	52	11	33	11	49	9	2	23	18
gene4614	18	22	32	8	22	24	12	39	30	53	45	20	24	3	14	22
gene4615	1	0	6	0	0	0	0	4	13	14	2	11	39	0	2	8
gene4616	3	0	0	0	3	15	9	6	14	2	19	3	9	0	3	2
gene4617	3604	1793	8363	3386	3915	4286	6046	13744	4790	7792	6610	9784	9770	2539	4550	4345
gene4618	6	3	2	2	0	2	9	8	8	9	3	24	12	1	5	7
gene4619	49	17	78	32	39	48	52	161	66	61	43	172	171	22	54	51
gene4620	161	82	325	115	162	219	252	424	186	169	285	639	336	74	148	141
gene4621	64	27	88	36	41	71	82	219	67	64	60	161	82	25	50	46
gene4622	6	0	16	3	9	17	15	33	5	6	1	23	5	5	4	8
gene4623	148	118	442	191	45	82	107	183	90	132	96	302	169	31	66	75
gene4624	97	64	229	102	79	129	197	140	135	175	95	267	285	73	76	79
gene4625	0	0	0	1	3	0	0	2	1	2	0	2	5	0	2	0
gene4626	253	87	337	194	725	771	1048	1458	874	1529	912	1904	1544	450	1047	685
gene4627	187	73	366	148	107	82	301	389	187	209	182	412	253	71	149	143
gene4628	115	41	158	62	31	75	160	221	130	156	47	236	211	55	97	110
gene4629	13	6	42	5	8	5	26	45	33	19	0	24	64	7	12	14
gene4630	30	13	31	26	14	45	49	46	33	19	40	63	50	14	11	17
gene4631	554	282	1135	280	455	536	886	1414	785	778	642	855	1196	261	476	719
gene4632	8	12	33	13	18	23	51	49	58	14	14	72	9	10	15	28
gene4633	2323	1699	6016	2512	2424	3338	3367	5948	3433	5593	4227	6277	5003	1541	2565	3031
gene4634	33	17	79	50	24	27	78	116	45	68	51	76	65	18	18	19
gene4635	23	23	99	21	21	29	38	135	63	37	33	81	75	10	42	70
gene4636	777	489	1648	671	697	716	1183	1727	1303	1360	933	2300	2433	250	666	726
gene4637	542	179	897	412	462	729	605	993	585	865	588	1276	921	295	488	439
gene4638	2877	1475	5381	2859	438	650	643	1073	782	732	619	1519	1280	334	499	717
gene4639	6224	3919	11421	5672	5612	8117	8417	17873	8884	12199	8259	15701	14188	3262	6936	7615
gene4640	0	0	0	0	0	0	2	1	0	0	0	5	0	1	0	0
gene4641	27	27	118	43	55	49	54	109	114	57	47	87	94	35	39	44
gene4642	6	0	2	3	0	6	2	2	0	1	0	5	0	0	1	4
gene4643	328	227	683	485	333	454	600	868	527	790	542	895	767	160	534	318
gene4644	118	37	208	61	68	75	122	197	94	129	78	214	74	27	88	61
gene4645	4	1	19	3	1	3	0	12	5	5	3	16	7	2	9	16
gene4646	73	13	70	51	22	29	32	108	130	51	45	82	89	14	39	39
gene4647	48	21	129	23	237	212	428	591	305	498	433	620	637	96	190	301
gene4648	41	17	58	32	56	56	83	69	102	65	33	148	68	30	79	58
gene4649	18	11	60	6	20	20	21	38	14	21	20	41	80	5	24	26
gene4650	59	35	104	74	4	14	14	6	10	10	6	25	17	3	19	10
gene4651	314	221	738	371	291	497	542	474	453	461	627	503	650	255	402	270
gene4652	522	170	955	370	324	469	825	924	791	713	761	1167	1022	199	526	346
gene4653	65	13	92	21	29	87	81	102	95	72	39	77	137	16	30	61
gene4654	9	6	38	26	2	11	23	26	22	17	17	30	47	5	27	23
gene4655	114	46	265	132	27	24	40	121	39	56	33	91	71	24	41	21
gene4656	9	0	5	4	5	14	16	15	7	33	17	11	14	2	5	10
gene4657	645	271	869	627	600	620	1011	1797	900	1292	731	1680	1510	343	508	682
gene4658	332	184	763	296	335	302	362	882	528	603	437	757	782	148	364	282
gene4659	28	21	23	40	23	16	52	34	32	12	47	65	48	11	12	18
gene4660	6	1	6	6	3	3	7	3	3	22	10	9	5	0	14	11
gene4661	19	11	36	25	15	38	46	33	55	67	10	86	38	7	26	34
gene4662	38	11	41	26	32	40	54	130	67	97	42	78	108	13	38	20
gene4663	160	78	316	198	132	155	246	298	172	181	258	501	312	106	193	170
gene4664	69	78	178	77	90	115	147	316	158	190	111	230	201	27	70	110
gene4665	97	26	135	71	73	90	118	120	115	108	70	170	172	29	60	47
gene4666	897	453	1607	883	698	1185	1426	2484	1607	1676	1140	1765	2081	477	1070	1077
gene4667	0	3	0	0	0	6	0	3	3	0	0	1	0	2	0	0
gene4668	2	3	1	3	5	0	0	28	12	2	2	2	1	2	1	1
gene4669	0	0	0	0	0	1	0	0	0	1	0	17	0	0	0	0
gene4670	3	0	12	14	7	4	15	2	7	8	10	8	1	10	6	2
gene4671	101	64	292	105	632	601	821	1459	775	977	676	1864	1113	280	722	403
gene4672	45	20	94	34	26	45	32	85	65	85	53	121	79	23	70	42
gene4673	466	216	860	395	292	449	619	811	516	817	468	869	920	209	504	306
gene4674	35	7	65	8	9	17	42	94	32	17	4	64	22	13	16	9
gene4675	5	1	1	1	6	0	2	20	0	1	2	3	0	2	2	3
gene4676	442	159	729	351	483	444	515	991	446	455	435	858	637	154	368	397
gene4677	380	163	673	372	312	318	478	877	499	502	383	738	577	114	275	235
gene4678	158	33	246	121	126	133	246	285	201	259	136	259	427	49	131	102
gene4679	36	12	14	34	19	29	73	48	25	21	40	104	39	8	49	17
gene4680	39	6	63	23	36	57	23	76	18	99	21	53	73	16	13	33
gene4681	6	0	12	7	5	17	12	26	9	24	7	30	16	1	34	13
gene4682	1	5	15	10	4	9	15	7	16	15	20	40	15	5	12	7
gene4683	61	25	90	72	65	74	96	71	124	63	51	173	80	32	48	40
gene4684	23	11	41	38	23	36	45	58	15	28	34	35	82	17	23	16
gene4685	6	0	30	1	15	5	2	36	21	6	37	49	9	4	12	10
gene4686	484	253	1311	431	314	316	400	847	311	627	501	703	658	220	363	310
gene4687	1816	993	4084	1474	1061	2135	2573	4582	2889	2976	2728	5237	3643	802	1775	1533
gene4688	0	0	0	0	0	0	0	0	0	0	0	0	0	0	0	0
gene4689	22	9	15	8	3	4	2	6	6	4	4	8	12	2	2	1
gene4690	24	31	65	26	17	20	36	37	40	39	36	58	45	16	22	13
gene4691	16	13	42	12	12	14	25	61	41	9	27	39	61	10	9	16
gene4692	130	50	173	54	81	173	202	239	140	116	89	239	172	65	106	117
gene4693	26	9	29	40	11	21	26	35	18	32	4	16	50	15	11	15
gene4694	5	2	30	5	5	6	20	38	17	29	11	22	47	20	7	10
gene4695	322	159	429	274	173	309	366	589	296	537	308	515	570	139	308	332
gene4696	11	6	27	7	20	7	7	31	18	25	31	40	15	8	21	19
gene4697	0	0	11	0	3	0	0	0	3	0	0	0	0	0	12	0
gene4698	111	73	151	89	122	80	185	250	180	168	163	236	205	67	179	104
gene4699	0	1	8	0	3	0	3	12	19	6	5	1	9	1	0	3
gene4700	348	130	478	248	250	333	405	725	501	609	301	625	697	170	255	258
gene4701	129	55	333	140	90	189	206	220	144	207	111	399	264	69	147	108
gene4702	39	19	88	35	59	21	60	85	61	100	45	85	138	8	66	67
gene4703	69	35	164	41	70	49	72	171	103	157	53	129	99	27	81	55
gene4704	851	414	2073	757	4857	5941	9737	17957	6735	9739	9170	10645	14445	3506	7442	6015
gene4705	16	14	55	18	14	47	46	35	52	52	35	26	43	16	6	27
gene4706	37	8	70	30	27	26	49	61	54	61	53	50	70	9	29	37
gene4707	11	11	24	12	12	21	21	29	11	23	22	62	25	6	9	17
gene4708	374	242	782	368	205	390	497	1034	519	694	459	1074	693	137	376	427
gene4709	141	25	186	111	71	122	173	189	123	121	166	191	151	73	75	139
gene4710	9	6	10	12	35	15	17	22	13	24	8	31	11	4	4	15
gene4711	3221	1513	6073	3179	2739	3275	4361	8209	4356	5053	3258	6754	5595	1643	2799	2995
gene4712	1	2	15	1	0	20	2	24	7	3	0	1	0	1	2	8
gene4713	19	6	40	35	20	13	51	52	38	19	13	75	47	14	5	15
gene4714	1113	456	2099	1022	831	987	1522	2548	1833	1673	1391	2706	2091	398	899	939
gene4715	7	0	19	14	3	5	10	18	15	2	20	10	18	3	4	13
gene4716	36	27	65	14	211	95	208	320	112	266	115	346	335	129	102	121
gene4717	2213	1093	5287	2414	2101	3053	3638	5934	2763	2987	2743	5492	4603	910	2557	2453
gene4718	148	66	395	101	28	36	72	76	57	76	52	140	86	23	47	42
gene4719	157	73	264	146	799	910	1373	2641	1297	1597	1334	2559	1821	303	1279	744
gene4720	35	6	35	13	9	19	15	59	13	16	13	29	31	4	28	19
gene4721	39	18	48	11	27	50	35	79	15	85	48	79	113	12	26	61
gene4722	178	52	223	158	164	123	165	253	174	231	168	284	303	60	105	131
gene4723	1	0	22	1	3	3	1	1	7	1	0	3	1	2	2	0
gene4724	40	25	129	68	29	37	49	100	68	75	57	226	69	49	60	54
gene4725	4	4	26	21	3	6	12	27	9	24	2	3	7	1	2	7
gene4726	61	44	153	45	69	56	102	135	101	144	106	172	83	38	83	36
gene4727	0	1	5	0	4	1	7	3	0	3	1	36	16	0	4	9
gene4728	21	35	78	41	55	46	58	148	38	77	36	139	109	17	50	61
gene4729	797	439	1416	796	485	656	1135	1181	840	1379	684	1899	1213	231	672	628
gene4730	194	126	482	242	179	332	326	749	433	320	299	752	594	89	306	286
gene4731	2875	1397	5097	2538	2388	3871	5263	7379	3691	4855	3034	9554	6987	1172	3173	2255
gene4732	41	10	46	39	15	34	17	49	21	26	37	80	73	5	17	23
gene4733	3	3	0	2	0	0	0	0	4	0	1	5	0	2	0	7
gene4734	62	51	146	95	96	64	132	252	131	126	132	302	191	17	88	88
gene4735	4429	1650	6022	2958	2857	4518	4988	6670	4193	7562	5270	8747	8108	2296	4853	4220
gene4736	31	23	71	50	38	43	45	121	54	41	56	89	80	20	18	47
gene4737	78	36	252	102	282	375	439	963	471	777	426	838	558	339	303	431
gene4738	160	102	319	158	75	188	256	428	262	234	188	354	248	86	185	203
gene4739	73	50	143	22	38	48	68	188	80	112	104	136	86	20	66	54
gene4740	20	5	32	8	3	13	19	12	6	10	11	9	9	5	4	5
gene4741	659	290	1680	446	528	739	891	1191	812	1043	800	1324	1050	271	659	547
gene4742	9	4	17	16	9	11	6	14	13	10	3	70	37	7	16	28
gene4743	468	161	848	415	310	380	766	1059	708	323	380	900	1010	226	338	331
gene4744	4	0	6	0	1	0	0	1	0	3	1	0	0	1	0	0
gene4745	20	0	12	9	2	18	11	13	7	19	13	28	26	12	12	3
gene4746	100	58	279	65	79	122	176	446	161	146	194	292	262	70	90	138
gene4747	6697	3042	13339	6340	4444	4873	7829	14482	7617	9851	6040	14379	10288	2908	4341	4972
gene4748	0	0	1	0	0	0	0	1	1	0	1	0	0	1	0	0
gene4749	61	31	137	43	60	58	123	184	83	109	53	121	139	48	55	67
gene4750	31	4	70	40	31	25	32	77	30	59	23	55	51	6	29	10
gene4751	62	30	118	49	28	81	64	139	82	154	66	154	108	41	39	71
gene4752	45	10	39	18	27	50	35	66	68	48	38	62	121	24	43	42
gene4753	348	207	704	297	242	362	421	580	413	474	428	726	684	165	332	234
gene4754	34	10	72	17	11	30	12	55	41	53	25	69	38	11	27	16
gene4755	0	0	1	0	0	1	19	1	4	0	0	16	11	1	1	4
gene4756	993	635	1738	664	717	1111	1220	2658	1273	1680	969	1781	1919	360	976	1107
gene4757	7	4	3	2	11	9	20	35	5	13	10	3	23	3	6	1
gene4758	3	2	11	5	0	16	33	4	4	6	9	21	10	1	7	1
gene4759	1778	429	4232	1520	1288	1866	2308	3496	2096	3119	1617	4392	3498	695	1723	1511
gene4760	3	20	8	7	16	21	24	99	20	21	27	10	72	7	2	10
gene4761	640	245	876	635	535	879	838	1676	826	922	673	1871	1277	185	536	535
gene4762	65	28	58	57	25	70	72	91	20	81	38	104	94	11	30	77
gene4763	41	15	68	60	35	34	24	116	58	80	45	91	67	26	46	38
gene4764	27	9	26	13	2	6	32	30	34	39	17	27	46	0	19	14
gene4765	741	371	1187	568	650	700	756	1379	1008	1144	731	1727	1246	338	622	677
gene4766	185	75	453	182	130	181	266	391	241	274	235	534	375	87	188	186
gene4767	76	28	194	142	52	77	149	207	83	106	65	169	125	19	116	94
gene4768	96	87	437	122	101	204	242	403	223	344	138	334	326	59	149	114
gene4769	1384	777	3837	1398	342	573	731	1067	821	630	575	996	1036	218	356	548
gene4770	97	63	179	83	81	89	162	200	126	150	90	234	273	44	138	112
gene4771	68	36	59	73	28	46	91	118	59	19	35	123	145	25	27	52
gene4772	101	35	106	74	67	65	120	137	93	106	79	161	153	34	63	56
gene4773	40	18	104	33	20	45	74	99	46	40	66	142	112	26	40	38
gene4774	478	317	1207	571	578	387	726	1274	681	693	582	920	925	200	419	608
gene4775	628	315	1171	793	536	764	905	1594	1018	1036	877	1452	1557	315	659	563
gene4776	8	2	1	9	21	5	22	54	26	78	23	17	101	11	21	36
gene4777	1	0	10	4	0	0	4	7	5	5	0	14	8	0	0	0
gene4778	7	1	5	12	6	1	2	27	9	10	0	7	4	3	0	11
gene4779	1147	580	2738	1019	906	1054	1068	3144	1435	1629	1451	2347	2788	460	1168	960
gene4780	955	490	1825	804	860	1100	1410	3140	863	1504	1242	3205	2204	391	1121	908
gene4781	158	60	291	125	153	172	176	471	129	263	123	257	221	54	186	116
gene4782	1072	478	2142	1381	953	1394	1753	3101	1510	1970	1542	2423	2322	569	1273	1511
gene4783	0	0	0	0	0	0	0	0	0	0	0	0	0	0	0	0
gene4784	33	8	65	37	26	41	44	30	59	40	28	115	53	13	31	35
gene4785	70	23	90	21	44	33	99	133	64	68	77	142	94	12	78	64
gene4786	6	1	9	5	5	4	20	1	2	9	9	25	10	3	3	0
gene4787	34	16	127	53	51	34	66	133	57	64	71	125	128	15	29	50
gene4788	464	187	1012	413	253	493	890	1677	535	719	454	1148	880	173	481	350
gene4789	0	0	1	0	1	0	47	1	14	4	17	9	21	0	0	1
gene4790	71	44	140	97	83	65	132	130	71	117	74	194	248	23	71	138
gene4791	140	44	269	117	87	139	169	227	109	176	152	264	328	59	159	151
gene4792	1082	478	1536	1015	645	866	1224	2292	1251	1224	1121	2186	2128	438	959	988
gene4793	154	34	200	67	59	128	178	178	150	159	132	316	101	44	77	68
gene4794	114	91	166	117	81	238	192	384	232	179	125	184	308	65	122	137
gene4795	3	2	14	9	3	6	2	3	24	7	3	19	5	2	3	2
gene4796	114	42	238	67	71	103	135	151	193	247	117	341	240	44	148	89
gene4797	0	0	0	0	0	4	0	0	0	0	11	0	0	0	0	0
gene4798	4	0	1	2	2	0	3	10	0	6	2	31	24	0	0	1
gene4799	2	0	0	1	0	0	0	6	1	0	0	7	1	0	1	1
gene4800	5	2	49	21	18	15	19	27	44	25	35	22	56	8	21	6
gene4801	55	28	67	91	51	88	52	168	61	74	90	196	168	48	71	38
gene4802	53	37	131	57	50	47	62	168	122	154	92	287	131	59	66	73
gene4803	0	0	5	0	4	0	0	0	0	2	0	2	0	0	0	0
gene4804	703	277	1640	636	438	704	917	1296	623	940	687	1616	1196	283	779	502
gene4805	2985	1485	6852	2662	2499	4025	2743	6277	4437	3340	3298	7313	6241	1696	3190	2373
gene4806	2	3	10	2	4	1	4	11	1	1	2	48	16	5	5	3
gene4807	16999	7062	34897	15658	15339	20307	25012	46508	24055	25849	24314	44236	37828	9408	18034	18457
gene4808	3	3	20	0	4	1	8	2	0	2	11	11	8	4	2	0
gene4809	80	33	154	58	54	74	139	202	77	76	94	119	158	29	61	79
gene4810	0	0	2	0	0	0	0	0	0	0	0	0	0	0	0	0
gene4811	135	90	244	147	98	132	107	222	221	172	196	331	234	74	124	115
gene4812	9	6	20	11	10	6	18	56	9	52	6	28	8	2	14	22
gene4813	8736	5165	15887	8496	7611	9557	16851	24853	9345	14501	12419	25519	17912	3747	11925	10447
gene4814	0	0	1	1	0	0	0	26	29	1	14	22	0	0	20	4
gene4815	13	1	13	12	7	8	2	19	16	21	14	20	5	5	12	34
gene4816	0	0	6	0	1	5	12	1	8	6	11	22	4	5	0	13
gene4817	167	142	428	162	196	288	331	564	244	327	271	395	436	139	184	247
gene4818	66	13	106	72	45	78	73	156	119	75	77	159	71	16	63	39
gene4819	0	0	1	0	0	0	0	0	0	0	0	3	10	0	2	1
gene4820	581	229	1125	650	565	701	1058	1092	734	906	686	1427	1369	323	881	556
gene4821	709	288	1219	663	552	738	1220	1622	959	983	1033	1617	1544	323	620	794
gene4822	263	190	888	389	370	434	755	986	679	802	645	1224	832	197	280	406
gene4823	4	0	6	1	0	1	7	0	11	5	3	3	0	0	0	0
gene4824	10	21	12	40	12	17	21	11	10	15	29	49	15	15	14	13
gene4825	5	2	0	1	2	0	0	0	0	0	0	28	11	3	1	0
gene4826	13	5	10	9	11	9	3	25	6	9	9	28	27	2	16	4
gene4827	8772	3245	10753	5279	5365	8415	10032	12988	8032	12954	7242	13610	12238	4129	7403	8301
gene4828	50	18	65	13	15	29	25	45	34	45	38	80	71	14	24	27
gene4829	200	71	212	106	143	145	226	423	203	225	89	327	332	107	100	143
gene4830	64	21	145	76	45	77	58	142	125	103	75	137	108	28	52	73
gene4831	9	0	18	3	2	2	7	9	0	5	0	19	21	3	1	3
gene4832	27	11	66	18	70	73	151	101	75	144	57	160	92	13	90	64
gene4833	6303	3101	9609	5753	4793	5725	8460	16064	7358	11274	6467	15108	11879	2999	4851	7409
gene4834	67	28	126	29	21	53	50	137	55	78	50	76	76	22	54	48
gene4835	0	0	0	0	0	0	2	0	0	0	0	0	0	0	0	2
gene4836	630	352	1318	490	352	783	965	1149	798	1358	781	1602	1181	343	673	572
gene4837	19	3	60	26	10	45	36	66	17	34	21	95	46	11	32	31
gene4838	1	2	18	1	4	2	2	7	2	21	4	19	9	3	1	0
gene4839	0	1	5	0	2	4	7	1	0	19	0	6	5	0	0	3
gene4840	4	5	29	3	12	4	26	11	2	10	0	5	4	3	19	4
gene4841	141	73	258	93	81	130	220	373	107	234	227	475	263	67	106	80
gene4842	64	33	134	32	33	77	96	142	141	95	66	139	188	26	28	59
gene4843	33	20	70	44	244	157	454	432	223	592	419	409	586	101	238	200
gene4844	8	1	3	6	9	27	54	16	18	3	10	64	23	1	2	8
gene4845	52	24	102	75	39	35	72	111	119	61	48	127	164	24	67	70
gene4846	18166	6619	27232	15260	4755	6621	9763	13923	8751	11087	7230	14141	9923	3063	5908	4964
gene4847	110	52	197	63	66	87	121	228	95	142	107	237	191	38	72	122
gene4848	4	0	5	5	1	0	0	3	9	0	1	8	0	0	4	3
gene4849	91	74	215	140	97	80	101	230	236	239	198	318	311	66	176	111
gene4850	71	42	154	82	62	75	79	320	131	107	105	176	168	53	51	125
gene4851	252	152	545	235	262	262	409	1018	493	442	332	847	862	116	363	271
gene4852	2	1	3	6	3	5	1	5	3	11	8	6	11	2	2	4
gene4853	6	0	21	0	1	8	4	25	7	16	16	16	3	6	0	4
gene4854	1958	840	3304	1650	1841	1922	2573	4282	2631	3090	2637	4384	3339	851	1863	1581
gene4855	15	5	26	3	24	23	82	25	25	25	15	48	29	11	14	16
gene4856	30	23	55	45	19	54	23	93	16	71	11	80	66	23	31	37
gene4857	26	36	75	32	28	38	58	83	93	58	47	87	50	20	30	44
gene4858	104	74	175	89	34	99	121	163	90	139	150	260	383	49	99	139
gene4859	0	1	8	1	1	5	3	0	4	2	9	37	6	0	3	0
gene4860	4	6	20	6	2	3	28	8	12	22	5	19	1	1	8	4
gene4861	2558	1319	5118	2042	2041	2882	3917	5976	3745	4937	3083	6146	5521	1111	2095	2954
gene4862	4435	1931	7710	4820	3585	4978	7987	11639	5330	8170	5650	8472	8694	1966	4750	4638
gene4863	1653	734	2676	1355	1288	2018	2337	4280	2199	2602	2076	5487	3705	1007	1505	1575
gene4864	58	23	196	52	54	115	144	174	107	129	70	245	139	34	78	62
gene4865	130	55	288	125	68	120	226	387	214	180	130	224	260	33	84	81
gene4866	210	75	263	130	123	117	226	317	165	319	218	286	371	94	197	179
gene4867	24	2	59	65	28	28	32	71	27	43	49	67	29	7	50	24
gene4868	86	38	202	105	147	92	103	219	136	200	158	215	209	52	102	111
gene4869	0	0	1	1	1	0	0	3	1	0	0	0	0	0	0	0
gene4870	6	15	8	6	0	0	7	7	4	6	3	27	12	3	2	1
gene4871	40	18	136	31	66	51	93	96	71	177	50	162	98	34	74	62
gene4872	385	142	595	256	324	339	340	558	504	488	359	884	662	175	333	307
gene4873	64	38	149	46	82	92	99	195	177	180	143	191	138	46	110	106
gene4874	549	178	750	470	436	514	893	1165	617	735	542	1331	1528	239	478	483
gene4875	3	2	18	4	1	2	6	1	2	9	6	0	0	7	9	9
gene4876	1758	956	3073	1654	1235	2473	2452	3871	2658	2611	1993	4418	4534	934	1993	1927
gene4877	18	1	4	12	18	31	9	14	18	19	16	11	13	9	16	19
gene4878	45	30	142	43	39	45	50	133	38	116	37	199	92	27	70	37
gene4879	9	13	45	14	15	26	16	55	19	21	8	13	66	11	13	14
gene4880	195	125	450	263	210	285	336	470	340	350	251	528	455	84	263	236
gene4881	582	391	1013	504	401	709	889	1429	1110	1134	694	1457	1376	214	803	503
gene4882	0	0	44	0	0	0	0	1	2	0	0	4	5	1	0	1
gene4883	15	4	34	10	12	35	29	38	13	14	19	26	56	9	16	32
gene4884	65	17	151	53	49	57	92	221	59	92	71	138	182	33	77	75
gene4885	35	16	68	35	15	12	29	27	11	47	34	90	91	14	23	21
gene4886	12	2	28	17	12	24	6	44	23	24	16	26	73	1	16	8
gene4887	13	9	16	19	9	27	30	29	12	11	11	42	68	18	13	18
gene4888	1192	621	2574	1133	653	1286	1465	2421	1470	2000	1441	2927	2520	675	1487	1334
gene4889	322	179	409	170	780	1070	1870	1660	1028	1929	1498	1266	2780	428	1148	981
gene4890	42	8	57	35	26	47	22	51	42	29	13	80	34	12	40	41
gene4891	2	0	5	5	1	3	0	19	2	2	9	7	5	0	1	2
gene4892	272	154	712	287	231	357	505	742	361	465	358	862	611	124	320	216
gene4893	67	39	139	63	71	95	141	201	92	147	83	191	223	39	52	81
gene4894	2	0	0	0	0	0	0	1	6	5	0	1	0	0	0	0
gene4895	11	2	62	10	14	14	22	55	6	15	1	33	19	4	29	15
gene4896	164	57	352	143	155	242	177	398	188	196	175	299	309	91	182	157
gene4897	105	39	146	62	431	540	1385	1002	909	1459	655	1260	1825	340	640	485
gene4898	201	75	249	126	144	143	190	465	189	222	165	317	279	98	176	149
gene4899	12	4	11	20	13	33	16	62	7	11	47	44	79	7	14	34
gene4900	20	9	93	26	12	23	42	74	33	56	49	47	48	12	15	50
gene4901	180	62	267	116	100	137	282	293	205	235	185	338	355	50	108	162
gene4902	203	64	637	163	119	275	260	454	303	364	301	345	440	89	171	161
gene4903	87	40	186	47	321	527	549	833	483	1103	527	1354	1218	263	516	397
gene4904	80	28	197	79	64	99	94	179	142	145	112	226	211	55	57	107
gene4905	11	11	44	17	24	35	23	21	33	26	28	79	26	4	14	20
gene4906	34	14	101	34	33	27	72	71	35	90	66	128	64	26	52	41
gene4907	14	5	27	29	10	5	12	23	14	21	18	36	1	8	23	20
gene4908	7	4	1	5	0	5	15	7	16	38	5	18	12	0	13	10
gene4909	2	7	0	11	3	4	14	53	11	9	9	9	12	3	6	5
gene4910	1008	285	1133	716	496	694	1343	1477	1079	1445	983	1659	1809	421	550	692
gene4911	91	30	82	52	28	43	50	111	61	73	71	106	84	19	46	50
gene4912	140	79	328	100	352	410	619	833	690	660	443	1156	753	204	389	329
gene4913	31	26	143	67	61	52	100	178	73	72	56	128	128	35	64	57
gene4914	41	15	135	39	64	61	49	106	85	70	84	142	96	16	33	39
gene4915	76	49	190	112	36	60	96	112	100	96	122	225	170	32	49	81
gene4916	64	41	148	58	53	32	49	177	80	101	76	125	68	25	73	63
gene4917	0	0	0	0	0	0	0	0	1	0	0	0	0	0	0	0
gene4918	123	39	101	78	70	86	136	299	127	130	112	184	141	44	104	59
gene4919	15	4	51	45	6	27	12	26	10	11	16	35	36	3	18	14
gene4920	18	2	31	22	4	16	12	20	15	30	7	34	43	14	10	15
gene4921	2	1	11	0	9	2	2	11	1	5	0	5	11	3	4	2
gene4922	12	15	27	20	3	11	5	61	55	87	4	51	74	2	19	6
gene4923	13	3	44	13	15	16	14	24	21	26	8	16	52	4	9	3
gene4924	107741	46950	211705	83574	76486	85640	132287	234773	132207	146604	107778	279558	152850	51293	75663	72143
gene4925	470	166	666	385	242	343	489	923	515	562	624	879	663	184	288	385
gene4926	62	12	99	56	35	73	83	124	50	102	59	181	143	27	52	78
gene4927	291	109	664	319	822	822	1452	2273	1166	1339	1026	1927	2226	376	1051	662
gene4928	36	15	118	68	51	60	80	134	80	75	60	96	197	23	58	85
gene4929	12	9	48	20	16	12	18	34	35	8	15	65	24	12	20	10
gene4930	5	9	7	4	3	16	4	4	0	9	9	23	31	4	11	7
gene4931	79	39	144	57	32	72	71	81	90	106	70	215	143	17	80	77
gene4932	2	2	5	7	1	18	1	18	8	25	13	12	8	3	8	5
gene4933	65	52	164	139	42	78	149	206	111	210	123	200	256	39	36	95
gene4934	4	2	1	15	4	7	6	19	10	17	18	17	7	1	4	0
gene4935	131	71	517	201	159	189	293	508	199	338	262	436	411	65	235	206
gene4936	71	34	161	77	71	105	110	200	151	107	121	211	151	34	51	128
gene4937	188	140	422	252	182	273	321	685	338	478	265	634	531	88	217	183
gene4938	3066	1112	4904	3226	408	331	685	1541	561	725	491	1283	1254	234	489	575
gene4939	167	75	407	216	117	275	281	383	260	255	232	534	321	84	240	169
gene4940	14	8	18	6	17	8	25	44	12	19	11	35	12	8	7	8
gene4941	373	214	923	616	315	571	769	1365	693	723	514	1086	1030	222	412	344
gene4942	69	28	189	37	73	72	109	92	90	133	66	120	146	45	74	67
gene4943	32	25	81	18	85	198	112	287	118	307	201	521	383	34	217	101
gene4944	8	3	45	12	12	10	9	10	2	30	14	47	12	3	17	19
gene4945	56	32	323	101	66	65	98	142	83	135	80	294	105	33	90	134
gene4946	138	78	305	237	174	274	226	551	232	322	149	366	152	61	106	187
gene4947	524	259	621	502	340	390	732	1017	655	690	532	1225	1241	183	478	483
gene4948	17279	9992	27320	14496	9969	14754	21306	34217	28235	27758	20512	30776	25674	7801	12970	15910
gene4949	24	34	46	19	35	36	32	104	41	103	74	87	81	34	59	40
gene4950	159	72	365	246	122	184	179	275	225	192	184	274	289	81	133	114
gene4951	1824	1195	4680	2944	2013	2097	3937	5101	3256	3747	2242	5674	6198	1376	2590	2889
gene4952	87	55	265	59	105	134	146	255	221	209	135	290	173	42	74	114
gene4953	98	49	107	46	48	52	126	153	95	139	81	174	76	16	59	45
gene4954	5	4	7	21	7	0	4	16	1	2	15	25	1	5	7	5
gene4955	10	5	23	6	2	12	5	13	7	12	7	25	25	1	2	8
gene4956	12	3	10	0	7	0	3	13	7	6	6	5	13	2	0	6
gene4957	11	1	17	3	9	10	6	20	12	11	19	13	50	2	6	21
gene4958	4	0	3	10	0	2	0	7	12	0	0	3	2	4	9	1
gene4959	76	50	116	80	361	441	310	774	403	831	453	974	848	202	621	458
gene4960	4	1	0	8	2	6	2	3	0	7	2	0	0	1	6	1
gene4961	6552	4193	12248	6053	5240	7124	9125	16362	7470	9361	8067	15466	17080	2942	7303	6185
gene4962	57	28	121	53	49	34	68	144	97	83	33	146	106	16	73	32
gene4963	0	0	14	2	0	6	0	1	1	0	1	0	2	0	1	3
gene4964	765	477	1488	787	131	206	215	358	306	322	192	376	394	70	194	183
gene4965	4	5	28	7	2	3	9	13	8	5	9	10	1	1	2	2
gene4966	2	1	0	0	0	5	0	26	0	2	3	2	1	0	1	2
gene4967	0	1	0	0	0	0	0	0	0	0	0	0	0	0	0	2
gene4968	4	4	14	18	7	3	14	37	18	23	31	18	47	10	4	11
gene4969	12	8	5	33	23	29	12	63	9	22	36	15	23	10	14	9
gene4970	38	10	57	18	21	20	26	62	55	39	31	116	50	6	17	21
gene4971	4	0	10	2	0	1	13	26	3	19	4	17	10	1	5	1
gene4972	189	102	347	175	227	173	240	262	279	257	214	487	491	47	158	223
gene4973	16	9	5	20	3	8	7	8	7	2	4	5	18	3	14	3
gene4974	102	66	237	103	141	108	202	315	139	164	86	248	327	62	107	92
gene4975	11	11	22	6	18	76	54	70	44	20	30	80	131	19	43	45
gene4976	403	224	943	379	340	631	629	1140	572	720	496	1248	866	256	444	353
gene4977	63	25	144	53	53	102	52	148	76	124	91	226	202	37	89	78
gene4978	105	46	217	91	118	114	123	313	111	158	115	149	205	27	81	53
gene4979	78	75	206	150	108	115	208	226	204	154	140	271	304	54	155	103
gene4980	37	18	63	28	19	35	45	71	49	106	54	120	72	19	46	35
gene4981	75	26	143	38	63	66	98	142	112	123	76	122	205	33	53	41
gene4982	21	1	16	22	12	7	41	70	33	22	16	51	17	9	36	38
gene4983	15	18	31	9	11	20	53	30	28	16	35	21	37	9	22	10
gene4984	1	0	19	1	5	2	14	8	1	6	4	5	6	3	3	0
gene4985	59	19	75	30	26	50	140	155	68	75	53	116	88	26	57	33
gene4986	31	9	28	29	60	140	91	270	146	52	36	153	254	24	110	41
gene4987	1093	397	1571	1060	499	937	1230	2080	1077	1775	1199	2121	1550	485	1186	846
gene4988	15	8	47	15	17	7	60	29	30	78	31	96	14	17	37	34
gene4989	1	11	2	7	4	7	0	16	0	0	3	4	7	0	10	2
gene4990	858	271	1498	549	353	700	936	1856	862	1089	632	1706	1442	382	551	584
gene4991	33	11	82	31	18	37	77	56	15	37	57	56	93	13	18	27
gene4992	87	21	188	79	59	102	94	127	167	152	76	143	153	55	80	53
gene4993	0	0	3	0	2	0	0	4	0	2	0	1	0	1	0	0
gene4994	0	0	0	0	0	0	0	0	0	0	0	0	0	0	0	0
gene4995	211	83	354	102	108	245	165	315	228	191	188	319	477	82	138	162
gene4996	70	38	161	73	67	98	98	169	104	135	102	173	134	44	85	56
gene4997	64	25	117	44	74	96	121	126	50	106	61	88	101	41	63	44
gene4998	4	0	16	0	0	0	0	1	0	0	0	0	0	0	2	0
gene4999	754	245	1042	342	433	969	794	1433	786	841	872	2080	1661	277	700	688
gene5000	14	11	43	24	11	3	10	40	12	16	13	19	29	2	7	11
gene5001	28	12	22	19	3	25	19	60	27	13	8	55	29	3	20	17
gene5002	35	8	24	20	13	10	12	34	15	35	11	29	24	10	25	7
gene5003	0	0	2	0	0	2	0	1	7	0	0	2	6	1	1	0
gene5004	117	39	197	52	52	63	104	147	137	56	82	168	147	34	38	57
gene5005	10	9	5	7	17	59	17	21	24	53	4	27	9	7	10	3
gene5006	242	115	503	225	236	274	442	735	433	689	302	822	610	90	327	239
gene5007	7	1	6	1	1	15	7	16	19	1	5	16	2	3	4	2
gene5008	619	249	1190	486	463	539	906	1086	733	866	800	1901	1602	351	685	485
gene5009	22	14	69	49	43	30	43	80	56	46	35	54	35	3	35	38
gene5010	553	273	974	500	157	175	246	310	211	289	189	354	369	82	145	111
gene5011	105	69	219	106	90	200	177	240	158	243	167	323	345	58	84	67
gene5012	133	59	220	189	108	173	267	318	247	287	171	324	284	77	115	158
gene5013	29	0	39	12	1	4	6	5	9	4	3	8	4	2	4	4
gene5014	3	2	1	1	0	0	16	1	3	1	4	26	10	5	3	4
gene5015	153	47	368	145	148	281	241	441	226	249	189	436	262	85	308	117
gene5016	0	0	0	0	0	0	0	0	0	0	0	0	0	0	0	0
gene5017	0	0	0	0	0	0	0	1	1	0	1	0	0	0	1	0
gene5018	1	3	5	5	2	9	17	36	31	1	6	29	1	2	8	8
gene5019	4	4	2	1	3	0	1	5	8	10	8	9	0	0	2	7
gene5020	46	10	122	24	41	31	132	119	64	89	40	87	58	14	35	25
gene5021	18	16	28	20	31	44	69	155	20	104	34	63	46	15	6	30
gene5022	4	0	4	0	5	0	0	0	1	0	1	13	0	0	0	4
gene5023	702	248	1562	493	587	539	891	1625	968	1467	785	1609	1320	243	704	923
gene5024	18	14	98	33	17	32	67	47	91	35	26	76	45	9	17	22
gene5025	379	268	643	310	71	134	115	208	84	115	121	143	221	33	92	76
gene5026	3	0	0	3	2	0	0	3	0	4	1	1	4	0	0	6
gene5027	24	14	46	48	27	25	63	44	23	28	23	78	30	16	17	19
gene5028	7	0	1	6	0	1	1	3	2	1	0	3	0	1	0	1
gene5029	602	439	1144	717	726	853	964	1736	734	902	749	1549	1484	294	595	651
gene5030	29	26	70	24	30	25	92	122	22	63	61	87	80	12	29	22
gene5031	34	9	55	19	12	5	17	42	26	6	33	22	47	14	25	13
gene5032	20	30	96	54	42	70	54	97	86	134	71	184	179	18	50	68
gene5033	10	10	31	3	41	33	41	46	37	37	46	75	46	7	19	14
gene5034	0	0	1	0	0	0	0	0	0	0	0	0	0	1	0	0
gene5035	2	1	3	8	0	0	0	0	0	3	0	0	9	0	0	0
gene5036	298	117	398	279	264	384	455	534	359	383	367	517	608	125	285	211
gene5037	58	15	78	15	54	27	64	158	78	51	49	197	56	22	64	46
gene5038	1723	804	3707	1765	1515	1699	2817	4178	2379	2534	2095	4248	3556	874	2249	2167
gene5039	444	202	792	364	395	454	907	790	646	908	503	1175	1220	266	646	534
gene5040	6	0	4	4	0	9	18	13	7	17	7	15	20	0	2	0
gene5041	128	82	227	123	139	250	305	242	180	271	186	446	297	85	165	112
gene5042	66	38	112	56	24	70	116	160	152	104	89	156	76	31	69	52
gene5043	2174	846	3564	2138	1257	2525	2799	4262	3156	4296	2312	5866	3837	1050	2161	2216
gene5044	79	47	104	51	245	559	393	584	314	556	636	664	593	131	596	222
gene5045	258	122	481	237	183	445	206	457	389	522	283	411	507	151	287	240
gene5046	0	0	0	0	0	0	0	0	0	0	8	0	0	0	0	9
gene5047	12	4	31	23	19	19	8	30	14	25	14	24	36	10	11	6
gene5048	12	4	72	24	32	19	54	125	29	77	46	63	76	26	26	68
gene5049	492	205	849	437	241	498	633	847	546	585	451	1064	728	201	453	355
gene5050	2	2	2	3	3	7	3	11	3	6	2	40	1	4	11	6
gene5051	0	2	2	1	6	3	6	0	0	15	3	9	2	0	0	2
gene5052	148	103	263	144	86	109	163	304	180	210	187	275	424	47	118	103
gene5053	249	71	414	189	146	153	274	445	241	218	200	261	354	78	213	129
gene5054	659	390	2411	596	2925	4357	5217	9689	5776	5171	5002	8189	9863	2221	3729	4364
gene5055	643	424	1538	820	548	802	970	2152	1376	1416	924	1643	1488	357	650	499
gene5056	188	92	474	224	97	168	238	492	348	301	243	473	458	105	252	178
gene5057	4	0	3	26	3	32	1	41	4	11	22	22	35	3	12	1
gene5058	55	63	214	91	60	149	175	332	108	199	129	172	297	62	168	107
gene5059	466	183	1128	373	53	93	95	200	81	107	101	269	108	34	93	82
gene5060	3	1	0	1	3	1	3	0	0	5	4	11	20	1	1	3
gene5061	0	0	5	9	0	33	65	69	51	31	39	13	70	14	3	38
gene5062	0	1	3	0	0	9	1	49	6	15	0	8	11	1	0	2
gene5063	872	332	1130	607	598	701	1232	1960	815	1410	858	2104	1346	283	711	357
gene5064	126	73	166	73	75	143	181	308	195	241	116	415	319	74	155	104
gene5065	4706	1922	9062	5210	3690	5908	7994	9915	5572	9932	5754	14622	10973	2224	5837	3857
gene5066	69	36	133	62	4	8	10	9	10	11	5	18	8	4	9	9
gene5067	32	8	65	32	39	9	43	55	54	32	61	30	77	7	37	24
gene5068	41	14	41	18	21	69	39	57	29	43	44	47	64	6	24	17
gene5069	140	100	313	215	215	177	217	427	223	317	278	475	477	80	198	143
gene5070	35	44	107	54	19	89	53	120	47	86	41	76	209	29	51	48
gene5071	262	134	536	242	239	341	436	809	297	518	400	890	821	137	300	322
gene5072	1802	841	2726	1656	1472	1742	3449	4592	1976	4171	2444	4345	4018	951	1913	1495
gene5073	289	135	679	423	258	310	488	761	493	534	683	894	787	158	410	471
gene5074	6	6	14	0	2	3	4	6	6	10	2	1	2	0	12	1
gene5075	63	24	133	41	50	60	70	129	112	128	68	145	143	22	46	53
gene5076	0	0	0	0	17	8	0	19	6	5	6	12	0	3	2	0
gene5077	6	2	4	9	19	10	12	24	15	13	5	19	9	2	2	8
gene5078	152	37	408	131	88	108	176	446	142	161	211	247	224	60	146	150
gene5079	101	40	229	131	23	21	50	71	32	36	26	40	43	17	29	23
gene5080	131	90	357	185	117	283	309	407	178	384	261	349	187	124	140	110
gene5081	0	4	7	1	6	2	9	0	2	0	4	23	0	0	0	6
gene5082	5	0	5	0	0	0	0	2	0	0	0	30	5	0	0	0
gene5083	1949	1251	4175	1978	1647	2191	3228	5619	3359	3988	2071	5023	5197	1467	2156	2837
gene5084	242	118	516	236	181	400	395	578	406	477	322	642	730	155	267	229
gene5085	5936	2905	11453	4010	4300	6774	8456	13539	8285	9500	6252	16271	9100	2025	4831	6002
gene5086	23	18	62	20	13	27	42	58	29	39	26	98	41	15	13	10
gene5087	9	11	28	14	17	14	46	12	13	23	12	79	47	16	21	11
gene5088	28	15	198	46	69	64	119	95	96	106	35	167	124	49	76	104
gene5089	79	9	40	31	13	25	30	30	17	28	64	101	24	9	39	25
gene5090	2	0	4	5	5	1	4	8	6	4	2	13	4	2	8	2
gene5091	2694	961	4008	2215	1401	2679	3304	5075	3073	2998	2831	5946	4387	911	1334	2147
gene5092	121	84	156	106	111	85	186	213	78	203	123	384	347	68	115	130
gene5093	2578	1383	6334	3655	2843	3106	5239	7864	5099	4954	3245	8004	8360	1921	3137	3114
gene5094	37	20	83	18	37	81	31	92	83	58	32	83	54	18	36	31
gene5095	122	41	254	92	125	207	159	264	137	232	151	222	221	64	150	135
gene5096	351	124	514	312	158	266	297	659	344	477	244	789	523	123	207	328
gene5097	114	50	160	67	71	122	223	208	129	184	118	184	92	30	68	40
gene5098	81	50	152	85	41	90	88	231	99	93	82	117	303	16	85	85
gene5099	13	3	29	15	12	4	63	33	18	43	20	47	36	2	30	31
gene5100	32	23	167	87	53	53	97	177	61	118	62	173	243	32	63	101
gene5101	0	0	0	1	0	2	1	0	1	1	4	0	0	0	0	0
gene5102	36	4	11	23	9	2	8	22	20	6	13	58	9	3	4	10
gene5103	9	0	3	2	6	9	5	0	13	61	10	1	227	2	0	26
gene5104	4	5	13	7	6	4	8	14	5	2	10	9	0	1	0	3
gene5105	0	0	3	0	0	1	0	0	0	9	0	0	17	0	3	0
gene5106	0	1	20	3	1	5	6	3	0	2	5	14	4	0	0	0
gene5107	0	0	3	0	3	0	0	0	4	0	0	2	7	2	0	0
gene5108	6	0	17	6	0	8	14	4	21	18	17	34	7	2	11	3
gene5109	1068	484	2373	1050	334	592	661	1220	832	923	448	1278	1199	205	336	511
gene5110	1	0	0	0	2	0	7	6	1	6	0	1	6	0	0	0
gene5111	35	10	92	40	58	65	38	78	49	74	44	81	117	22	32	39
gene5112	88	68	225	121	147	164	139	342	193	199	147	335	335	46	98	133
gene5113	27	13	38	21	17	23	20	60	59	45	12	26	78	5	58	25
gene5114	23	11	25	19	18	48	14	74	32	30	20	96	31	8	24	36
gene5115	36	18	53	53	43	34	91	90	27	78	61	84	73	25	78	28
gene5116	69	11	49	31	10	22	38	75	9	27	63	76	34	8	26	16
gene5117	0	0	0	0	0	0	2	0	0	1	0	0	0	0	0	0
gene5118	0	1	1	0	0	0	1	6	0	0	0	3	0	0	1	0
gene5119	674	367	1275	629	79	119	154	252	100	158	79	258	190	51	54	89
gene5120	114	58	265	121	93	99	130	294	154	139	164	318	328	68	128	167
gene5121	8	3	10	7	4	1	4	21	4	0	7	20	2	6	1	13
gene5122	1115	460	1338	939	708	1210	1633	2473	1262	1414	1172	2341	2184	436	768	1234
gene5123	0	1	1	0	1	0	3	0	0	0	0	0	6	0	8	0
gene5124	68	35	113	80	86	83	112	195	90	135	105	116	75	29	81	59
gene5125	0	0	1	0	0	0	0	0	0	0	0	0	0	0	0	0
gene5126	24	14	40	45	45	35	24	59	23	36	42	92	46	22	41	24
gene5127	281	150	746	222	267	229	331	741	340	588	313	921	537	75	293	275
gene5128	231	144	658	307	199	357	530	789	321	529	374	631	724	165	307	248
gene5129	92	66	295	90	87	139	143	237	117	221	92	315	368	60	127	83
gene5130	0	0	0	3	0	0	0	0	0	1	0	0	0	0	3	0
gene5131	0	0	0	0	0	1	0	6	0	2	0	2	3	4	0	0
gene5132	24	4	37	7	17	9	32	77	35	39	18	36	34	6	24	16
gene5133	26	35	132	41	58	69	91	152	45	111	72	186	128	45	70	64
gene5134	690	273	1356	666	387	875	969	1183	705	1016	883	1830	1095	278	703	589
gene5135	78	23	142	35	29	45	70	165	79	74	68	139	142	15	89	49
gene5136	0	0	0	4	0	2	3	0	0	3	0	11	9	0	0	0
gene5137	23	4	31	7	29	7	18	16	5	15	4	32	14	4	13	5
gene5138	370	272	1081	475	326	740	649	797	895	716	763	1547	1172	255	631	667
gene5139	929	320	1284	749	734	925	868	1499	1135	1233	1295	2134	1780	337	863	870
gene5140	218	105	290	254	137	243	325	611	218	356	260	347	448	82	232	290
gene5141	103	52	178	96	66	104	138	193	107	175	158	220	220	48	86	71
gene5142	7	0	4	1	0	1	1	40	1	0	2	0	3	1	0	0
gene5143	1120	427	2465	743	745	1218	1290	2466	1272	1433	917	2229	2350	469	830	1080
gene5144	3	0	3	5	0	5	5	14	0	15	9	19	0	1	7	0
gene5145	27	2	11	11	8	13	12	28	17	18	11	19	16	1	29	4
gene5146	30	2	11	6	6	28	17	39	12	22	9	40	46	8	7	20
gene5147	1	0	0	10	0	2	10	0	0	0	0	0	2	0	1	0
gene5148	12	1	26	3	20	21	17	15	16	36	13	35	28	0	16	10
gene5149	25	16	84	32	30	49	32	49	32	70	23	39	60	17	18	36
gene5150	17	8	8	8	11	4	14	18	4	34	12	23	6	7	1	6
gene5151	3	5	3	9	7	4	15	14	5	3	9	10	0	4	3	0
gene5152	121	84	346	190	42	48	33	109	52	90	56	129	79	8	33	26
gene5153	0	0	0	0	0	0	0	0	0	0	0	0	0	0	0	0
gene5154	1	0	5	0	3	0	0	1	0	26	0	2	0	0	0	0
gene5155	1105	552	1544	770	812	1184	1067	2785	1655	1621	1283	1770	1895	577	811	880
gene5156	67	30	159	40	59	98	90	202	103	117	64	276	109	38	48	96
gene5157	0	1	13	2	0	0	8	21	1	0	2	17	10	0	0	0
gene5158	0	1	0	0	0	0	0	0	0	0	0	0	0	0	0	0
gene5159	1210	797	4390	1293	1320	1989	2058	4473	1579	2933	1838	3690	3182	989	1271	1638
gene5160	33	22	67	16	26	56	62	62	34	102	43	97	40	10	33	19
gene5161	66	8	62	34	29	19	33	56	40	73	35	57	108	14	42	35
gene5162	742	452	1577	705	1460	2583	3776	4384	2536	3440	2789	4208	4784	980	1960	1760
gene5163	341	192	568	338	295	388	478	827	330	505	573	1191	711	216	345	285
gene5164	26	12	34	9	14	8	31	41	15	63	40	33	48	20	37	21
gene5165	35	8	60	51	35	44	42	57	39	43	72	79	73	14	67	44
gene5166	298	147	634	220	276	367	408	713	547	480	220	697	706	139	356	359
gene5167	760	255	1586	690	705	881	1092	1694	1052	1129	805	1437	1706	342	643	821
gene5168	55	39	91	39	33	91	31	124	64	106	34	55	66	33	71	60
gene5169	0	0	16	5	0	6	1	2	1	2	2	23	9	0	1	0
gene5170	4	1	17	1	3	6	0	19	5	0	1	11	1	1	10	10
gene5171	34	11	73	27	24	25	25	75	19	66	30	137	75	8	35	47
gene5172	35	10	12	26	8	14	19	87	22	11	41	57	37	13	18	13
gene5173	44	17	59	25	32	72	46	95	37	38	33	92	93	16	48	55
gene5174	2	0	0	2	0	0	0	0	0	0	0	0	1	3	0	5
gene5175	565	326	1182	410	570	852	895	1695	817	1174	622	1417	1461	324	722	549
gene5176	4	0	27	2	10	10	24	7	3	4	14	1	26	1	2	9
gene5177	114	44	192	120	59	62	147	98	101	234	81	197	106	33	57	71
gene5178	17	0	6	3	0	0	0	0	0	7	0	6	1	1	0	1
gene5179	433	183	912	340	394	500	699	1440	613	798	463	934	1231	262	455	502
gene5180	1058	441	1915	940	783	1293	1161	2975	1150	1408	1279	2303	2317	512	1046	1250
gene5181	1581	666	3040	1187	1162	2025	2151	3163	1475	2608	1877	3207	2134	566	1135	1557
gene5182	5	0	4	1	18	103	2	6	5	2	10	25	41	4	10	41
gene5183	8	1	18	10	1	6	8	3	6	13	3	18	13	1	2	1
gene5184	537	284	842	405	530	461	606	628	767	780	606	1212	1017	265	350	540
gene5185	4	1	1	3	1	0	3	20	5	7	2	6	32	3	2	18
gene5186	863	299	1297	660	641	719	1340	1728	999	1173	784	1754	1809	477	772	607
gene5187	43	7	9	11	13	8	8	9	11	23	18	21	9	8	9	13
gene5188	84	38	159	30	59	111	127	265	108	179	187	224	182	52	149	99
gene5189	15	17	16	9	54	51	81	58	20	37	97	44	135	24	6	20
gene5190	192	47	204	93	21	41	32	94	42	42	31	91	68	13	33	18
gene5191	19	2	48	3	5	28	15	29	20	15	19	29	37	6	16	21
gene5192	157	98	327	114	147	270	348	378	221	323	187	398	476	63	179	152
gene5193	99	45	252	188	95	149	192	501	171	283	148	372	287	38	147	164
gene5194	56	6	65	35	39	23	45	50	66	84	44	91	101	18	27	28
gene5195	991	532	1869	957	3638	6059	5309	9661	6321	5928	6093	13874	7209	1999	4411	5101
gene5196	2	5	9	14	3	6	0	55	2	2	12	10	1	1	1	0
gene5197	24	10	61	62	23	38	26	74	70	76	50	77	61	18	63	22
gene5198	1	0	9	7	1	1	12	4	4	18	3	32	30	6	5	0
gene5199	101	34	109	66	119	112	153	322	111	137	93	325	186	54	95	41
gene5200	117	33	219	89	69	65	126	138	137	165	113	302	241	22	110	91
gene5201	44	15	106	28	49	46	31	183	33	49	45	88	63	30	27	28
gene5202	0	0	0	0	0	0	2	0	0	0	0	10	4	0	7	3
gene5203	5247	2771	11918	5850	5388	6548	8217	12111	8305	12493	6794	13919	10850	2473	5809	4395
gene5204	8	4	30	6	2	8	5	35	3	19	9	13	6	0	8	3
gene5205	90	12	90	29	13	53	65	97	57	81	39	91	54	14	43	40
gene5206	3	1	1	0	0	2	3	3	0	0	0	0	0	1	1	5
gene5207	234	108	554	172	196	299	310	792	351	389	444	394	716	111	190	221
gene5208	76	31	175	64	44	81	108	176	50	124	43	164	156	53	47	100
gene5209	0	3	33	3	2	4	10	58	7	6	17	3	24	1	2	1
gene5210	25	16	31	32	26	19	39	57	22	57	21	51	60	12	16	16
gene5211	235	121	655	277	305	248	262	584	311	419	295	726	423	92	242	305
gene5212	0	2	1	3	0	2	5	1	5	1	4	1	38	0	0	8
gene5213	33562	16163	58042	31566	155835	155091	253323	461046	277830	328521	207930	405216	355508	81535	149525	182024
gene5214	26	5	35	9	17	59	55	43	40	63	39	116	58	16	18	9
gene5215	163	77	310	125	122	141	214	333	193	253	195	388	267	60	104	170
gene5216	5	5	19	14	7	8	19	54	8	28	22	25	25	10	24	19
gene5217	26	11	66	42	15	28	66	60	37	40	19	51	50	18	48	32
gene5218	8	3	4	21	4	17	2	17	15	17	2	34	16	5	1	9
gene5219	137	65	332	141	112	92	194	289	202	245	90	312	552	63	144	137
gene5220	60	45	189	67	81	120	91	173	85	117	62	274	134	47	83	57
gene5221	195	112	520	261	172	348	339	394	253	435	284	478	498	64	244	145
gene5222	351	148	491	287	158	349	448	897	419	428	308	749	523	134	232	212
gene5223	162	66	191	111	411	669	525	1301	619	812	681	1322	1576	319	470	477
gene5224	1830	932	4229	1441	1407	2032	2283	3702	2691	2948	1906	5452	3664	812	2180	1497
gene5225	56	19	91	47	31	31	78	89	45	138	37	92	69	20	55	44
gene5226	122	69	141	133	147	148	154	459	220	253	130	427	330	72	119	147
gene5227	41	10	57	29	55	56	89	247	167	208	178	100	259	42	73	121
gene5228	3	4	37	34	14	8	34	77	45	15	14	22	25	5	10	20
gene5229	29	10	85	42	15	22	36	50	25	40	23	106	35	17	12	27
gene5230	1426	667	3253	1480	1342	1900	2861	3802	1866	2757	1768	3417	3167	981	1783	1691
gene5231	0	0	6	0	2	0	2	0	0	0	0	0	6	0	0	0
gene5232	117	47	199	80	86	105	182	270	167	190	132	231	231	37	98	100
gene5233	10	1	21	1	5	44	37	72	29	20	28	43	13	1	3	3
gene5234	8	0	3	2	0	2	1	3	7	3	3	4	22	3	0	3
gene5235	7	6	26	8	1	22	7	4	16	4	10	58	59	14	11	10
gene5236	311	122	679	331	205	397	316	617	412	357	320	853	567	96	310	251
gene5237	150	73	286	166	143	183	178	347	215	312	151	458	327	64	163	112
gene5238	278	143	348	245	214	323	281	420	440	248	253	683	443	116	259	236
gene5239	22	11	19	35	10	18	41	44	16	23	33	28	36	9	15	4
gene5240	669	194	1093	686	594	641	764	1225	1138	1128	701	1786	1117	290	512	615
gene5241	257	104	474	134	133	163	305	560	254	374	252	512	497	114	210	188
gene5242	10	3	33	12	3	15	9	13	8	14	26	28	20	6	18	14
gene5243	83	31	125	33	47	48	134	176	90	79	67	198	66	18	34	53
gene5244	144	49	176	123	104	145	123	252	207	142	153	259	284	74	120	104
gene5245	155	51	371	78	121	198	189	320	152	200	194	381	206	57	140	125
gene5246	0	0	0	0	0	0	0	1	4	3	6	0	10	0	3	8
gene5247	0	0	5	0	0	0	1	1	0	0	2	0	8	0	0	0
gene5248	436	240	926	337	364	445	771	1208	523	775	712	1027	1105	219	564	400
gene5249	230	69	385	206	31	44	80	138	88	115	72	153	146	22	76	74
gene5250	411	218	503	263	227	372	436	599	493	513	650	743	518	154	336	394
gene5251	344	189	807	343	298	409	601	946	589	603	399	998	999	254	456	336
gene5252	46	48	155	101	71	151	104	185	154	109	126	193	174	43	86	101
gene5253	3180	1586	5456	2306	2523	2636	3615	9238	3548	5138	2895	5531	6914	1562	2996	3057
gene5254	0	0	0	1	0	0	0	1	0	1	2	0	0	0	2	4
gene5255	0	0	1	1	2	2	14	1	5	2	0	5	0	1	0	3
gene5256	26	3	11	2	3	2	0	1	8	9	3	8	4	0	2	1
gene5257	298	72	507	247	173	350	445	585	258	325	415	734	808	121	304	185
gene5258	0	0	7	1	3	7	7	14	0	13	3	1	12	1	3	3
gene5259	2	5	34	19	1	13	20	32	23	54	30	48	12	10	22	5
gene5260	0	0	1	0	6	1	5	1	0	0	0	17	0	0	0	1
gene5261	27	18	80	39	13	33	31	81	89	28	51	123	99	24	54	35
gene5262	8	8	55	14	10	8	64	51	20	29	47	52	36	2	18	26
gene5263	297	235	689	311	289	440	564	859	649	505	486	795	874	158	345	408
gene5264	7	8	12	18	16	47	175	136	126	90	50	97	189	40	30	83
gene5265	0	0	0	0	0	0	0	0	0	0	0	0	0	0	0	0
gene5266	251	102	574	257	189	274	258	528	388	317	279	535	415	106	288	256
gene5267	37	21	33	16	29	25	15	60	30	34	17	113	51	0	16	8
gene5268	21	5	31	11	34	14	18	88	24	14	16	43	35	8	15	18
gene5269	38	17	64	23	10	7	15	55	13	25	21	39	40	5	15	14
gene5270	700	208	991	465	472	759	720	1178	620	890	629	1018	1277	280	718	457
gene5271	1506	765	2594	1573	1551	2102	2287	4330	2173	3634	1608	4000	4596	842	1625	1560
gene5272	2927	1333	6479	3135	2223	3376	4498	5802	3614	4890	2496	7988	6093	1334	3297	3727
gene5273	16	3	27	17	10	20	30	31	13	28	16	32	33	2	28	9
gene5274	2	3	1	0	3	0	3	2	3	0	1	3	0	0	2	0
gene5275	72	51	144	104	53	54	136	247	153	128	95	198	143	34	93	95
gene5276	2858	1176	5505	2645	15118	24775	22610	35497	21314	31554	21120	45804	29152	7257	18430	15760
gene5277	67	20	104	30	34	93	78	214	82	150	55	102	175	26	43	34
gene5278	5	0	5	4	0	11	0	0	1	13	7	30	12	3	2	10
gene5279	33	3	43	46	6	17	23	26	15	14	17	30	30	2	11	8
gene5280	3	1	2	7	1	1	13	26	6	0	6	22	17	2	3	4
gene5281	90	45	223	156	70	136	160	245	189	154	195	380	253	55	133	111
gene5282	30	13	81	74	39	79	82	114	105	113	71	128	102	64	100	73
gene5283	119	36	221	77	339	718	551	887	372	996	537	749	1044	135	436	321
gene5284	8	3	34	4	10	30	24	29	21	13	15	54	40	15	20	2
gene5285	58	32	114	11	51	33	88	106	100	101	42	94	90	27	49	22
gene5286	120	60	348	112	115	143	162	285	239	182	134	358	344	71	119	164
gene5287	42	5	84	22	157	199	120	508	167	238	251	222	138	60	230	135
gene5288	721	257	1032	479	345	687	1030	1323	779	816	517	1021	1190	269	635	551
gene5289	711	267	1046	589	393	656	991	1598	763	921	904	1281	1237	468	516	649
gene5290	257	133	423	200	174	191	353	475	353	319	197	385	406	105	237	235
gene5291	36	17	60	38	137	372	251	458	188	387	186	735	404	112	149	185
gene5292	73	27	108	71	83	95	182	118	89	108	60	121	144	34	63	68
gene5293	53	15	63	40	20	24	42	25	29	18	30	92	139	6	25	35
gene5294	20	15	34	18	25	7	22	91	25	30	33	109	57	15	19	26
gene5295	465	200	1066	330	391	504	866	1199	611	744	553	1716	1083	219	590	566
gene5296	64	44	119	79	29	106	114	128	110	99	97	217	204	58	76	73
gene5297	349	153	687	316	187	326	419	580	425	636	432	953	809	134	340	290
gene5298	191	50	286	122	119	182	228	360	191	179	221	273	229	103	138	112
gene5299	65	37	85	78	56	129	75	175	67	146	48	147	159	36	71	68
gene5300	60	40	130	69	62	47	112	198	153	118	98	273	233	38	74	82
gene5301	514	154	556	288	268	411	556	1199	437	688	388	1013	837	190	494	339
gene5302	0	0	0	0	0	1	3	8	0	2	0	2	0	0	0	0
gene5303	0	1	3	0	1	0	0	1	0	4	9	9	1	1	2	0
gene5304	72	37	117	43	58	38	79	74	78	144	53	111	109	44	43	65
gene5305	1621	691	2250	716	1454	1625	2073	3485	1449	1937	1296	3147	3744	634	1387	1732
gene5306	213	73	509	124	1120	1019	1828	3323	1869	1890	2032	3046	2304	821	1585	1138
gene5307	160	45	237	162	106	120	133	275	135	206	195	219	318	45	178	171
gene5308	22	8	21	2	4	12	6	7	15	12	11	10	3	0	14	28
gene5309	1142	512	1681	1103	997	1475	1732	1973	1564	1339	1642	1832	2054	510	978	1159
gene5310	3	4	21	7	0	4	19	7	3	24	6	6	4	4	16	9
gene5311	254	70	446	213	188	188	324	527	168	312	227	527	338	87	161	221
gene5312	0	0	4	1	1	0	12	13	23	7	0	8	0	0	1	4
gene5313	4	2	4	8	3	5	3	4	1	0	0	3	41	1	2	9
gene5314	21	21	46	24	49	26	38	72	80	48	37	111	83	29	42	37
gene5315	223	70	432	136	102	187	235	406	173	330	244	372	320	106	200	134
gene5316	2984	1620	5542	3372	2492	3294	3910	9191	4668	5401	3294	7754	7489	1602	2549	3057
gene5317	129	83	204	115	80	158	240	176	125	92	114	320	212	44	111	110
gene5318	5	1	7	8	1	5	3	24	9	2	6	4	3	2	12	3
gene5319	1	5	5	3	0	10	1	6	8	0	6	10	35	2	0	7
gene5320	1146	541	2112	1067	263	427	544	830	469	496	374	853	625	148	377	272
gene5321	706	175	1008	646	477	664	999	1053	814	905	710	1011	1344	355	572	556
gene5322	36	23	23	25	34	49	18	74	44	75	55	138	73	13	27	34
gene5323	445	185	826	486	345	344	606	850	457	959	512	795	1261	244	476	295
gene5324	0	1	21	1	0	0	3	2	1	2	0	1	2	0	0	1
gene5325	245	142	421	229	180	263	364	668	404	387	312	542	565	159	247	309
gene5326	27	1	42	15	45	141	96	76	128	86	64	273	252	45	123	63
gene5327	110	65	150	67	53	81	145	189	128	158	171	261	125	40	113	90
gene5328	14	8	23	22	19	26	32	37	6	17	29	60	8	14	11	17
gene5329	3	0	32	16	3	2	5	16	8	3	0	13	10	0	2	5
gene5330	5	8	12	10	4	7	24	4	11	10	35	37	13	2	0	3
gene5331	0	0	28	1	1	2	6	9	11	8	8	18	0	1	0	3
gene5332	1316	585	2695	1677	1035	1532	1921	4063	2416	2786	1483	3304	2976	539	1476	1406
gene5333	368	124	560	337	208	357	462	766	383	569	510	1052	850	216	387	338
gene5334	15	4	13	12	6	21	20	16	11	31	26	15	31	6	7	13
gene5335	4070	1614	4996	3284	2328	5001	4200	6378	3758	4787	4030	6482	7765	1530	2780	3746
gene5336	180	56	207	211	156	158	168	585	160	213	156	641	407	99	212	168
gene5337	327	129	478	142	170	349	336	645	401	520	304	560	436	91	277	162
gene5338	2446	927	5314	2657	1727	3235	3480	6204	3457	4032	2530	6077	5306	1355	2346	1923
gene5339	15	10	41	27	20	27	30	41	20	32	80	133	30	12	33	28
gene5340	16866	7495	32085	18027	12379	20936	27378	28611	23896	26201	17609	39241	33639	6816	16841	13225
gene5341	294	165	627	261	248	359	282	806	569	370	295	676	842	135	288	274
gene5342	1	1	0	1	1	0	1	3	0	14	0	6	2	0	0	0
gene5343	53	27	134	29	38	33	80	111	108	102	91	86	79	22	53	71
gene5344	13	8	11	33	17	17	50	29	21	29	16	42	46	22	19	10
gene5345	315	138	574	320	232	451	365	824	552	539	383	807	517	113	307	337
gene5346	0	0	1	5	0	0	0	2	10	2	1	46	3	0	5	2
gene5347	29	19	33	41	38	67	81	106	68	69	60	214	84	16	63	41
gene5348	136	47	250	102	65	167	108	316	140	200	139	365	297	53	147	94
gene5349	1	0	3	0	0	0	0	0	20	0	0	0	0	0	2	0
gene5350	487	324	823	598	601	664	485	1903	852	912	770	1464	1696	208	464	659
gene5351	1287	615	3337	1312	1350	1762	2122	3169	2007	2711	2377	3159	2783	1041	1442	1295
gene5352	141	55	330	141	99	121	153	383	187	268	187	310	240	88	108	131
gene5353	310	166	477	295	342	386	394	859	423	548	372	1090	635	102	343	401
gene5354	36	5	19	16	21	24	18	61	34	16	19	17	8	5	21	17
gene5355	0	0	4	8	3	2	0	0	0	6	2	8	12	0	0	3
gene5356	4	7	13	11	7	3	12	28	8	1	3	16	29	8	16	11
gene5357	161	119	251	159	80	132	162	285	208	201	196	314	253	45	152	175
gene5358	448	238	860	416	401	421	469	847	497	492	446	897	754	125	413	392
gene5359	7	4	40	7	20	17	10	39	16	7	5	27	14	2	8	15
gene5360	62	31	69	67	54	72	112	97	98	109	69	248	233	23	44	56
gene5361	1936	887	3277	1829	1106	2228	3051	3648	2250	3465	1901	5087	3832	903	1551	2285
gene5362	367	149	926	342	345	413	519	585	591	589	212	1041	648	222	349	389
gene5363	42	17	48	17	17	36	16	37	5	20	23	71	37	24	29	30
gene5364	1907	777	2545	1957	1505	1910	2455	3377	2746	3273	1902	4265	4339	753	2218	1824
gene5365	5	1	2	2	3	5	2	5	1	1	2	3	6	3	4	1
gene5366	478	239	988	479	289	523	684	991	769	875	696	1297	850	181	570	483
gene5367	82	17	150	88	46	59	92	125	80	78	35	140	92	31	36	37
gene5368	239	109	530	287	199	143	351	500	321	360	278	567	533	116	180	225
gene5369	0	1	2	0	2	3	5	0	0	0	7	1	5	4	1	3
gene5370	55	24	105	44	28	77	108	121	79	60	75	124	125	8	42	20
gene5371	21	12	36	19	9	26	14	55	71	24	14	69	38	20	14	15
gene5372	37	9	39	29	10	9	8	20	12	17	53	19	18	5	28	17
gene5373	65	27	147	138	61	141	144	183	60	128	102	184	180	31	77	93
gene5374	91	59	212	122	98	197	153	210	183	200	205	279	316	89	168	102
gene5375	69	62	67	55	68	71	94	198	90	124	76	116	179	25	56	47
gene5376	23	4	38	3	8	9	15	4	16	8	5	41	26	3	8	5
gene5377	823	464	1660	829	984	1276	1528	2312	1153	1546	1191	2328	1903	459	919	1019
gene5378	3	4	23	7	7	8	32	40	9	18	12	15	45	7	28	16
gene5379	81	62	171	63	81	83	90	194	124	171	129	285	158	70	129	85
gene5380	40	8	40	20	32	33	32	33	72	37	22	42	78	20	32	25
gene5381	193	97	315	217	141	219	300	523	218	346	276	398	489	90	220	202
gene5382	3	1	2	1	0	3	2	5	5	4	7	4	0	6	3	6
gene5383	490	201	839	461	266	501	593	1000	635	764	417	1140	1336	344	464	489
gene5384	12	12	20	22	9	6	28	45	25	40	22	68	48	14	23	12
gene5385	627	282	1110	746	486	581	1045	1330	750	1203	738	1665	937	452	704	603
gene5386	2067	890	3068	1221	1255	1209	2481	3535	2384	2356	1623	4703	3819	589	1523	1096
gene5387	904	539	1295	957	840	1161	1519	2524	1602	1343	918	2519	1712	434	1335	663
gene5388	3	1	17	6	2	5	0	0	17	4	9	0	9	1	3	16
gene5389	47	18	28	27	3	7	2	2	6	13	5	18	6	1	6	3
gene5390	0	0	1	0	0	0	0	0	0	0	0	0	4	0	0	0
gene5391	12	2	1	3	14	10	3	6	1	11	0	12	3	1	0	3
gene5392	10	18	35	18	0	3	8	17	9	12	3	6	20	3	11	1
gene5393	9	13	26	9	2	14	20	14	11	13	13	31	14	3	9	7
gene5394	0	0	4	0	0	7	0	1	6	12	1	4	1	1	0	9
gene5395	132	77	197	56	388	633	824	1703	769	943	548	1167	1293	308	613	356
gene5396	281	151	561	312	187	328	421	668	400	470	425	601	631	168	243	337
gene5397	809	349	1779	1060	599	790	1207	2167	1190	1316	912	2317	2162	455	963	812
gene5398	22	12	70	58	22	24	54	69	62	50	48	64	51	8	29	34
gene5399	633	231	735	359	415	452	428	1069	507	597	543	1078	813	198	377	429
gene5400	2013	957	4626	1986	2200	2621	3562	4909	3504	3694	2897	5491	3727	1028	2369	1865
gene5401	0	0	0	0	0	0	14	2	3	0	6	0	0	0	3	7
gene5402	199	98	387	198	131	160	209	323	277	265	219	639	404	73	213	208
gene5403	1	2	6	0	5	19	8	0	7	3	4	13	9	0	2	3
gene5404	0	3	1	2	0	0	0	4	0	5	0	3	12	0	15	4
gene5405	43	8	19	22	21	30	35	53	35	32	41	60	92	11	50	41
gene5406	58	28	181	60	46	47	76	171	91	101	56	165	178	43	44	25
gene5407	830	319	1079	540	681	921	892	2138	901	921	807	1397	1323	397	624	645
gene5408	78	31	125	44	54	70	107	169	129	107	32	219	117	27	55	37
gene5409	15	9	39	26	11	17	44	39	16	24	29	32	11	2	10	7
gene5410	0	3	28	3	4	0	4	3	15	2	10	8	4	0	4	2
gene5411	3	3	4	8	0	0	4	18	1	4	2	6	8	0	2	4
gene5412	153	44	182	52	101	137	131	188	151	270	110	184	298	54	127	96
gene5413	0	0	0	0	0	11	0	0	2	3	0	2	0	0	0	2
gene5414	16	3	20	8	15	29	9	61	21	17	26	26	39	4	17	11
gene5415	592	262	807	347	405	531	619	748	595	643	651	970	1235	167	429	503
gene5416	7	2	9	4	0	2	1	16	1	2	5	19	32	1	7	4
gene5417	373	243	975	311	272	346	774	807	450	824	646	819	952	177	336	313
gene5418	8458	3665	14110	6477	5945	6531	10398	17182	9947	13406	7682	15616	11149	3215	5709	5037
gene5419	388	130	616	290	332	380	406	792	539	639	389	870	586	169	525	305
gene5420	1	3	1	2	0	2	4	1	3	0	2	4	2	0	0	4
gene5421	7	0	14	10	6	12	14	22	31	11	15	37	24	3	13	12
gene5422	132	63	271	171	92	150	214	307	199	254	134	263	193	44	104	157
gene5423	3	4	27	8	2	24	22	29	22	6	14	84	49	2	5	13
gene5424	129	18	48	24	56	48	56	48	36	73	16	91	57	14	27	30
gene5425	1	5	8	2	1	1	1	5	1	1	0	2	8	1	2	0
gene5426	4	2	13	2	5	3	25	12	12	72	20	11	38	3	4	14
gene5427	6	3	7	3	3	0	5	1	14	4	0	3	33	1	0	0
gene5428	51	32	44	21	20	30	32	74	27	46	13	59	54	8	28	16
gene5429	40	11	66	43	21	51	43	166	106	107	43	79	80	21	38	12
gene5430	21	8	38	16	14	33	31	11	18	23	15	44	42	4	16	17
gene5431	1	0	0	2	1	0	0	3	17	1	0	2	1	0	0	0
gene5432	15495	7513	36961	15007	11431	17678	27325	31743	24562	31443	12189	38921	44875	8255	14360	12434
gene5433	229	97	543	221	161	243	284	831	216	434	265	403	534	161	188	224
gene5434	15	3	86	16	28	13	20	85	48	19	6	74	54	14	26	13
gene5435	59	28	91	61	37	59	58	104	52	118	114	172	105	38	64	40
gene5436	201	75	280	152	85	110	148	305	115	118	93	337	203	43	91	114
gene5437	103	34	163	62	44	39	62	204	82	147	57	187	160	55	91	98
gene5438	23	16	69	8	8	13	13	4	9	30	8	15	17	0	19	14
gene5439	15	18	154	38	34	29	46	49	24	38	6	46	49	10	41	42
gene5440	25	9	116	46	18	33	96	152	95	63	52	98	105	35	64	55
gene5441	27	11	20	18	21	45	35	72	28	52	31	73	25	10	13	18
gene5442	82	32	103	103	95	152	105	300	72	166	83	243	123	56	90	59
gene5443	13147	6362	25563	10545	10231	12430	17283	27916	16465	24045	14011	27408	28318	6391	11069	13301
gene5444	53	31	160	66	198	247	252	431	343	367	206	402	436	99	217	95
gene5445	11	0	0	2	0	0	0	0	0	2	0	0	0	0	0	0
gene5446	0	0	5	3	0	0	14	2	0	17	0	0	2	0	0	0
gene5447	23	9	35	22	8	10	6	33	9	28	27	4	4	5	19	5
gene5448	842	473	2168	873	554	1008	1205	1986	1112	1580	1367	2006	1968	418	993	942
gene5449	0	2	4	3	3	0	2	9	0	14	0	13	2	0	0	5
gene5450	1047	496	2171	1054	1021	1182	1634	2611	1651	2287	1069	2141	1945	484	961	952
gene5451	0	0	0	3	0	2	0	0	0	0	1	2	0	0	11	0
gene5452	3	9	16	6	3	12	9	23	10	3	11	16	26	2	1	4
gene5453	18	7	39	6	5	11	34	29	20	16	19	64	45	9	29	18
gene5454	37	32	104	52	19	30	33	51	55	34	30	62	45	16	27	10
gene5455	9	7	29	23	9	47	33	81	12	34	31	61	27	6	22	36
gene5456	233	108	535	288	176	277	415	605	421	497	266	582	832	122	284	213
gene5457	19	4	51	31	12	48	55	94	24	35	58	51	84	17	16	38
gene5458	108	66	208	70	256	331	411	904	456	638	505	1034	989	161	437	299
gene5459	13	6	42	11	6	21	15	54	17	35	13	61	45	12	16	55
gene5460	74	38	209	84	42	97	87	210	123	118	76	181	182	33	69	109
gene5461	18360	8930	30496	12905	14514	14479	30239	46100	22491	31943	16427	35887	38182	8326	18761	18349
gene5462	339	162	701	323	220	362	498	885	466	381	280	879	677	189	292	304
gene5463	533	285	866	343	439	625	658	1018	783	1025	432	1115	841	262	495	291
gene5464	1459	852	2372	1141	205	306	343	565	410	392	304	885	433	112	303	251
gene5465	140	83	241	153	118	165	261	420	232	304	208	229	341	81	133	177
gene5466	151	47	371	123	107	151	293	261	165	276	136	296	333	101	145	117
gene5467	1454	445	2182	856	716	1343	1228	2649	1456	1839	1302	2333	2256	521	1081	1268
gene5468	149	62	177	119	34	86	76	132	88	42	44	92	100	30	47	54
gene5469	39	6	58	19	12	25	29	14	45	32	9	45	48	10	15	35
gene5470	1	1	0	0	3	4	3	27	1	0	0	1	0	0	0	6
gene5471	54	18	122	39	55	89	66	153	96	124	68	52	142	27	96	51
gene5472	0	2	4	4	0	0	7	0	4	0	1	9	0	3	0	1
gene5473	35	10	63	15	13	8	26	29	22	51	21	52	90	19	6	22
gene5474	78	67	293	110	88	215	156	198	225	182	175	270	208	55	71	153
gene5475	103	85	216	28	56	130	151	295	134	139	87	289	174	64	92	66
gene5476	3	10	22	12	9	24	17	11	37	20	23	19	14	7	27	22
gene5477	13	0	14	4	13	18	31	20	13	31	14	27	22	8	9	8
gene5478	420	185	996	441	283	569	555	1201	481	871	643	1403	1030	275	537	503
gene5479	38	11	30	38	25	14	24	18	42	20	20	39	13	6	21	13
gene5480	1	7	10	6	1	5	14	12	4	23	5	6	13	1	5	3
gene5481	7	3	28	9	6	4	10	25	15	9	12	33	1	2	9	4
gene5482	266	86	482	250	120	356	335	562	315	343	359	422	378	119	217	203
gene5483	7730	3750	14009	7511	5273	9941	11596	14850	12147	11244	9335	19453	12419	3421	6369	5633
gene5484	0	2	9	3	1	3	4	4	0	4	4	1	1	6	3	2
gene5485	3	0	17	3	6	3	22	15	14	6	12	7	27	1	1	2
gene5486	0	0	0	0	0	0	1	0	0	0	0	0	0	0	0	0
gene5487	71	30	182	34	53	43	58	188	92	105	45	125	71	32	65	78
gene5488	9	1	18	0	18	9	2	25	21	11	26	2	8	12	11	12
gene5489	308	116	460	186	198	249	410	569	225	554	275	743	523	118	279	238
gene5490	65	27	94	78	5	10	12	11	9	4	10	13	18	4	15	9
gene5491	14	6	49	21	22	16	41	75	61	51	31	96	55	33	21	19
gene5492	742	393	1100	505	494	703	664	1404	885	1156	856	1321	1273	294	628	588
gene5493	304	188	904	262	325	337	702	984	511	556	465	909	785	178	451	372
gene5494	174	47	426	111	66	209	136	341	215	213	131	327	313	71	113	131
gene5495	85	23	146	28	44	69	97	176	98	114	54	124	113	26	68	82
gene5496	610	378	1346	502	382	486	714	1448	750	1046	733	1372	1373	167	531	491
gene5497	9	6	5	6	2	7	3	16	5	10	7	13	36	1	7	1
gene5498	43	34	155	60	65	86	64	92	83	96	64	112	198	28	41	44
gene5499	9	5	46	12	11	15	8	46	15	10	16	34	38	12	29	18
gene5500	0	0	0	14	1	0	1	0	19	0	2	1	0	0	0	2
gene5501	1661	704	3465	1410	1152	1567	2425	3525	2253	2190	1899	4141	4067	683	1780	1918
gene5502	118	65	179	81	90	144	174	209	122	209	178	324	235	43	191	112
gene5503	2009	1148	4271	1908	1062	1823	3089	3762	1968	3661	2282	4765	4250	840	1222	1630
gene5504	14	5	47	6	6	16	27	35	9	25	19	17	24	6	15	18
gene5505	55	43	243	76	72	61	107	175	140	125	70	212	124	24	53	109
gene5506	4	5	1	4	1	0	8	12	16	4	3	5	7	2	5	5
gene5507	77	39	137	65	62	82	103	178	123	136	103	137	135	42	62	103
gene5508	2	0	3	14	1	0	13	24	14	6	14	33	31	1	7	5
gene5509	432	306	861	533	417	461	690	1215	727	772	491	891	994	181	611	752
gene5510	11	9	51	21	9	26	14	20	25	58	36	53	42	8	19	25
gene5511	199	142	493	160	190	243	350	519	347	350	257	484	463	79	218	308
gene5512	5255	2163	8950	4677	937	1045	1105	2323	1001	1897	1342	2044	1595	529	890	713
gene5513	117	51	140	129	90	161	136	346	137	86	128	239	160	42	95	68
gene5514	295	227	684	351	297	317	358	876	476	580	410	763	1065	190	285	347
gene5515	71	33	80	64	15	58	52	85	87	58	76	45	57	9	35	45
gene5516	4	3	10	13	2	0	4	32	6	26	7	15	24	5	33	4
gene5517	1072	428	1845	768	1332	2740	2905	3808	2354	3431	2550	5931	4706	1152	2274	1560
gene5518	165	140	403	267	161	317	379	656	319	412	477	670	678	72	163	136
gene5519	115	57	222	144	73	105	243	390	153	260	142	245	337	59	203	126
gene5520	10	2	2	3	4	0	11	2	18	16	2	4	7	3	0	4
gene5521	6	0	0	0	1	0	0	2	0	10	1	0	0	1	0	1
gene5522	559	376	1128	706	512	954	1118	1676	991	1271	623	2280	1666	325	539	427
gene5523	72	37	206	62	38	135	68	144	60	79	73	151	119	44	33	94
gene5524	120	29	129	80	69	133	167	124	96	166	61	128	183	36	69	93
gene5525	36	26	150	60	15	22	37	65	48	61	41	45	100	8	16	35
gene5526	76	75	228	120	109	136	120	192	70	163	136	215	244	47	135	111
gene5527	2	0	16	0	6	5	1	0	1	2	3	16	1	0	1	12
gene5528	270	99	542	323	196	393	337	657	255	488	203	750	486	114	423	253
gene5529	367	162	506	193	214	263	423	1027	334	356	297	643	758	135	235	211
gene5530	0	0	0	3	0	0	0	3	0	0	0	0	0	0	0	0
gene5531	28	9	50	15	22	10	26	68	4	25	11	35	12	10	15	11
gene5532	72	43	157	78	65	119	156	285	125	151	117	214	128	77	81	110
gene5533	162	50	264	108	90	123	222	367	162	297	253	299	382	43	125	168
gene5534	171	87	366	165	139	180	226	639	201	282	152	436	360	113	138	223
gene5535	122	60	278	106	296	654	1085	838	792	580	585	1520	1471	363	715	612
gene5536	1849	1024	3294	1939	1340	2019	1916	3987	2261	3078	1830	5162	3476	990	1733	1828
gene5537	95	22	132	44	68	56	105	185	64	69	63	140	111	26	59	62
gene5538	21	3	26	39	17	37	38	25	52	54	22	60	52	10	49	36
gene5539	4574	2460	8321	4796	4419	5650	5623	11424	6778	5802	5270	11120	11623	1995	4338	3929
gene5540	2	2	0	0	0	1	0	0	0	3	0	0	0	0	0	0
gene5541	11	13	20	13	16	10	29	72	41	39	7	31	32	17	38	41
gene5542	33	20	38	8	11	55	17	32	31	32	8	13	22	4	27	23
gene5543	8	2	34	28	2	13	15	34	12	1	10	34	26	11	10	1
gene5544	0	0	4	4	2	2	0	3	1	5	3	6	1	9	3	1
gene5545	28	7	62	25	19	39	12	72	27	31	18	63	19	12	10	19
gene5546	0	0	26	1	31	40	19	133	18	93	28	145	186	14	26	60
gene5547	5	2	11	4	3	1	3	7	7	1	4	38	33	0	1	2
gene5548	19	14	49	35	17	49	56	45	37	46	24	66	30	12	31	18
gene5549	135	47	252	109	69	108	102	215	99	112	110	234	334	59	131	86
gene5550	21	9	18	14	10	9	10	93	36	37	12	19	56	2	12	3
gene5551	30	40	122	23	45	45	64	129	71	59	84	111	105	31	51	41
gene5552	44	51	106	60	84	61	78	83	126	161	66	186	201	25	54	53
gene5553	0	2	0	10	1	8	5	18	28	18	6	3	9	8	3	3
gene5554	212	161	592	405	247	347	447	754	418	714	377	745	564	138	356	219
gene5555	282	183	442	176	186	257	337	655	311	478	233	683	533	105	280	261
gene5556	489	349	789	466	354	638	654	1039	863	980	457	1330	1076	206	587	638
gene5557	31	36	86	71	79	67	173	151	93	92	102	212	191	36	55	88
gene5558	6	1	4	5	25	12	26	181	60	147	46	182	30	23	68	32
gene5559	4	8	3	3	0	14	5	11	2	16	9	1	8	0	8	0
gene5560	9	6	38	9	5	0	8	8	3	8	5	34	5	2	6	10
gene5561	877	400	1592	763	750	704	907	2157	1109	1031	758	1309	1692	332	761	749
gene5562	3	3	7	11	6	2	8	9	3	10	6	18	36	2	10	15
gene5563	727	299	1294	734	623	689	1051	1816	1394	1043	703	1575	1261	340	755	707
gene5564	2317	1134	4841	2219	1848	2952	4336	3783	2940	4432	2856	4635	5332	1147	2233	2192
gene5565	17	14	36	18	17	35	73	84	61	50	35	54	51	9	37	28
gene5566	1	0	1	3	2	0	3	3	5	9	0	14	4	1	2	1
gene5567	0	1	15	2	1	3	1	5	7	14	2	2	7	2	6	3
gene5568	0	3	7	13	15	11	15	9	9	25	9	30	13	5	13	15
gene5569	124	48	223	128	63	154	159	416	157	292	143	276	406	86	121	130
gene5570	74	17	97	72	33	39	62	194	70	115	79	127	119	14	56	48
gene5571	79	4	48	58	55	85	79	100	77	112	74	122	118	28	56	58
gene5572	127	65	244	129	132	137	139	231	148	241	136	435	242	48	100	95
gene5573	1934	912	3610	1993	1433	2186	2435	5311	2154	2954	1937	4478	4176	657	1767	1619
gene5574	72	39	113	43	45	77	90	141	71	114	48	117	185	30	64	70
gene5575	8	3	5	2	1	8	4	12	6	29	5	4	14	2	2	4
gene5576	242	154	458	256	129	277	298	540	230	499	302	456	511	143	235	177
gene5577	41	21	89	33	18	64	43	79	24	34	29	77	78	14	34	21
gene5578	11	2	17	7	16	74	24	183	114	126	42	77	68	58	17	37
gene5579	25	7	21	12	3	20	24	24	8	15	7	34	43	2	18	12
gene5580	85	31	162	89	34	40	40	93	48	76	66	88	119	40	34	26
gene5581	199	58	251	147	33	36	58	86	57	57	33	57	79	11	30	26
gene5582	1433	712	2759	1387	1283	1550	2335	4201	2208	3214	2063	3730	3027	761	1780	1786
gene5583	0	0	0	0	1	3	0	0	0	0	1	12	0	0	0	4
gene5584	51	29	123	24	10	13	18	35	19	17	6	20	30	7	9	12
gene5585	149	76	213	120	36	81	133	312	138	173	93	314	191	38	164	79
gene5586	12	5	6	4	6	60	25	16	15	3	20	12	11	6	11	6
gene5587	994	513	1795	947	924	1270	1319	2667	1709	1624	1267	2598	2351	399	782	888
gene5588	360	205	628	214	285	403	569	672	515	462	314	681	775	160	462	290
gene5589	196	113	525	288	205	424	552	602	300	501	402	433	587	158	366	251
gene5590	25	21	29	22	34	26	57	73	41	34	45	66	84	11	29	21
gene5591	1	2	0	0	1	6	4	1	0	0	1	0	4	0	0	0
gene5592	132	50	338	91	58	123	116	219	118	168	52	299	178	38	147	83
gene5593	1	0	4	0	8	3	4	6	0	5	1	16	5	2	12	2
gene5594	0	0	1	2	1	0	3	2	1	11	0	8	0	0	3	13
gene5595	1407	603	2736	1877	1378	1785	2251	3703	2057	2857	1492	3499	2628	714	1461	1473
gene5596	2	1	3	1	1	2	0	4	1	3	0	7	6	2	10	3
gene5597	9	3	75	22	13	10	25	38	13	26	20	6	4	5	28	21
gene5598	1831	867	3790	1318	6221	7877	9366	15834	6117	13387	8190	21937	19910	4223	7238	5979
gene5599	53	36	120	46	17	15	15	20	16	9	4	25	29	3	12	7
gene5600	83	35	199	75	55	81	144	252	124	111	111	185	172	54	84	83
gene5601	61	37	89	45	78	205	256	707	320	274	158	591	579	150	281	237
gene5602	103	54	159	96	56	76	110	127	111	212	126	243	236	29	120	86
gene5603	32	11	36	19	26	20	59	42	32	57	26	43	52	6	7	35
gene5604	35	2	25	10	20	29	40	8	59	45	37	118	40	15	48	38
gene5605	5087	2965	12120	5825	4164	7509	7824	14372	6457	10344	5476	15552	12774	2840	5751	4532
gene5606	0	0	0	2	1	3	10	2	0	0	3	14	4	2	0	0
gene5607	16192	9724	42597	15101	12724	20836	23310	48746	28232	26578	22580	37092	33119	8384	17906	18641
gene5608	1142	753	2773	1177	1159	1577	1647	4218	2142	2659	1087	4337	3072	691	1598	1084
gene5609	26	9	38	20	40	32	18	99	39	37	23	42	51	22	31	54
gene5610	5	0	5	4	0	2	4	5	1	3	0	17	9	8	1	1
gene5611	81	25	96	81	30	66	64	187	110	143	59	92	122	36	53	49
gene5612	11	6	55	12	5	13	36	4	7	18	24	30	42	6	20	30
gene5613	1098	870	3066	1523	8597	9585	14291	20490	14526	14847	11445	19367	19456	4315	9108	10115
gene5614	24	24	60	25	37	70	64	101	58	54	55	133	140	27	36	43
gene5615	0	5	1	5	2	9	0	0	0	7	5	19	3	0	3	1
gene5616	10	14	14	15	28	92	57	203	150	74	110	297	165	22	41	37
gene5617	68	38	149	68	78	122	82	215	91	144	87	242	188	62	109	95
gene5618	99	24	120	51	54	62	144	297	73	99	100	147	171	44	43	74
gene5619	22	22	71	55	19	37	40	117	81	53	36	134	83	20	9	53
gene5620	1631	835	2956	1306	3836	5905	10845	13241	7462	8564	6938	13646	9585	2672	6457	5704
gene5621	18	21	69	43	24	20	41	56	35	46	24	43	80	12	20	24
gene5622	1	1	1	8	1	0	0	8	49	9	2	3	7	0	6	1
gene5623	33	14	43	19	17	33	46	45	10	61	25	24	62	20	35	21
gene5624	6	2	25	5	1	1	2	11	5	21	6	24	16	2	0	7
gene5625	9071	5892	16541	9280	4953	9271	13265	24581	13421	19452	9539	17624	14066	3648	10983	7944
gene5626	4	7	25	40	10	14	17	24	2	14	22	53	22	4	20	6
gene5627	5	1	7	2	0	0	3	7	27	7	0	4	12	0	10	1
gene5628	385	175	583	334	254	390	389	775	556	575	383	779	647	196	404	379
gene5629	76	25	97	60	49	60	71	120	67	87	52	239	141	29	69	60
gene5630	12	1	9	14	7	11	1	5	2	15	0	28	22	3	4	6
gene5631	5	3	5	2	4	7	9	5	26	5	8	5	7	7	13	10
gene5632	1	0	4	0	2	6	5	0	11	6	8	9	23	0	4	8
gene5633	24	8	46	7	44	33	34	43	4	11	13	49	37	18	15	13
gene5634	86	49	232	60	69	140	258	206	145	173	221	237	346	70	85	75
gene5635	17	6	78	27	17	29	29	59	23	47	17	72	32	24	18	19
gene5636	2	1	12	1	3	3	9	3	2	5	0	3	27	0	2	3
gene5637	258	103	431	257	122	301	197	480	260	287	307	450	381	87	253	213
gene5638	29	9	36	17	14	9	18	27	16	33	26	89	68	3	32	9
gene5639	22	17	49	42	31	17	67	115	84	121	31	48	88	21	33	25
gene5640	26	5	29	19	25	63	15	106	70	43	29	94	21	11	17	7
gene5641	117	59	189	56	72	112	135	248	119	131	115	267	229	43	61	91
gene5642	383	145	584	303	261	479	526	912	355	543	410	1046	644	171	324	344
gene5643	49	39	116	54	31	68	79	253	59	95	71	105	79	34	49	87
gene5644	265	155	591	369	295	369	405	678	426	619	427	728	971	146	366	551
gene5645	109	40	178	166	68	164	130	390	162	150	102	225	206	70	83	103
gene5646	4	1	16	3	10	0	23	16	1	13	0	6	7	6	3	7
gene5647	5	0	2	4	5	11	10	12	13	4	11	5	2	3	0	0
gene5648	94	25	102	45	37	62	39	100	109	46	30	173	74	22	49	35
gene5649	389	197	1086	443	297	432	709	1213	573	900	403	1151	1135	238	487	487
gene5650	39	11	34	22	15	42	31	74	74	56	51	105	42	9	24	24
gene5651	242	67	234	130	106	150	170	368	277	229	130	269	294	55	274	132
gene5652	143	85	254	93	99	88	176	344	206	268	185	248	340	54	128	89
gene5653	510	274	703	573	603	520	842	915	573	575	584	1942	1087	312	453	509
gene5654	42	4	94	18	48	32	29	77	26	40	34	67	62	8	14	38
gene5655	285	129	426	254	208	313	569	556	419	497	392	748	557	143	237	349
gene5656	19	5	28	32	3	5	6	10	4	29	6	8	6	2	4	1
gene5657	28	2	71	8	4	7	13	14	4	23	10	39	25	6	5	13
gene5658	3	2	3	4	0	1	0	5	4	11	2	12	10	0	10	1
gene5659	2	1	12	0	0	0	6	9	0	0	0	0	3	0	0	0
gene5660	26	9	87	43	23	41	62	80	21	55	31	79	129	18	25	70
gene5661	115	32	231	55	66	99	98	131	103	170	186	232	169	61	79	72
gene5662	8	5	1	2	1	7	1	5	0	6	11	9	8	5	2	0
gene5663	234	95	542	239	1445	2127	1679	3787	2279	1714	1763	4068	3088	720	1697	1405
gene5664	8	0	0	2	2	2	6	0	3	0	5	3	14	0	1	3
gene5665	0	2	4	1	11	4	15	4	14	7	1	7	5	1	9	2
gene5666	51	25	69	16	18	57	25	106	47	49	25	80	51	13	33	23
gene5667	3	4	0	2	11	6	8	19	73	63	10	31	0	42	2	9
gene5668	44	16	60	59	38	37	77	172	70	131	56	76	119	14	61	84
gene5669	180	107	420	139	174	172	225	332	276	364	245	301	403	75	175	190
gene5670	7	4	32	7	2	8	31	36	5	4	19	22	11	8	9	20
gene5671	329	179	859	389	337	557	546	1193	634	739	605	1201	975	151	401	285
gene5672	349	127	587	296	196	434	503	813	442	610	417	817	685	125	336	250
gene5673	6	0	3	2	2	3	4	3	2	9	2	0	0	0	3	1
gene5674	6388	2433	13677	4743	4418	6005	6944	15375	8157	9014	6908	10157	10611	2378	5638	7137
gene5675	2	3	36	5	3	4	1	20	8	13	0	1	2	2	1	12
gene5676	132	46	214	131	81	179	185	281	170	192	134	355	136	68	174	96
gene5677	144	45	195	143	89	92	100	305	125	142	101	206	90	28	62	108
gene5678	50	16	58	44	33	65	64	75	53	39	21	91	52	28	21	37
gene5679	12	25	39	20	23	27	36	85	44	29	54	57	65	15	22	24
gene5680	147	36	133	76	106	119	92	179	99	149	73	201	179	34	75	78
gene5681	30	8	12	22	12	9	11	32	13	20	10	47	18	18	11	31
gene5682	382	181	864	380	301	281	465	1054	534	688	456	691	705	166	309	359
gene5683	85	9	154	44	42	43	64	127	47	83	85	119	41	30	26	80
gene5684	1	3	1	0	1	3	5	3	4	1	0	0	6	1	0	6
gene5685	1211	550	1866	1048	991	1152	1872	2606	1355	1902	1609	3706	2614	373	1256	1090
gene5686	0	2	13	2	0	0	0	1	0	8	1	1	2	0	0	0
gene5687	455	237	631	306	359	487	608	1274	696	878	531	1160	944	185	547	457
gene5688	16825	5437	27183	14092	10321	13441	22536	34709	21435	17584	15537	31765	28816	7021	14248	11695
gene5689	75	23	144	63	26	48	78	127	93	109	85	119	120	24	72	88
gene5690	80	45	173	64	68	115	188	340	134	165	128	255	229	40	170	128
gene5691	11	3	8	9	15	19	17	71	28	11	2	71	50	3	8	3
gene5692	60	40	174	78	41	78	85	226	130	138	139	214	230	59	89	104
gene5693	496	212	824	346	244	503	494	492	570	632	437	709	657	159	345	373
gene5694	121	46	282	173	72	132	208	254	98	217	227	370	399	84	118	183
gene5695	152	56	234	152	107	167	212	477	211	198	213	470	352	68	135	176
gene5696	13	3	23	9	6	8	13	35	27	25	6	20	54	3	5	11
gene5697	9	0	16	4	10	3	8	20	21	0	4	11	2	8	3	0
gene5698	16	19	42	36	6	9	9	23	10	17	10	13	45	2	6	10
gene5699	176	66	237	123	139	112	171	187	208	258	111	443	170	42	135	122
gene5700	253	189	505	234	256	278	325	625	324	394	196	548	694	111	178	352
gene5701	392	124	704	363	220	375	330	712	401	515	411	962	588	189	260	375
gene5702	345	188	964	272	2055	2672	3653	5365	4591	3673	3713	6296	7128	1234	2053	2934
gene5703	80	46	226	81	99	100	144	236	115	181	109	273	192	39	56	62
gene5704	15	6	20	39	19	13	30	23	17	41	20	78	30	4	3	20
gene5705	158	79	297	111	82	132	216	422	120	264	190	426	268	45	137	127
gene5706	25	5	9	1	4	11	10	16	9	13	3	10	26	2	13	2
gene5707	1169	568	2471	1194	863	1405	2160	2331	1536	2448	1560	2460	3276	774	1357	1057
gene5708	330	153	545	283	49	68	70	139	83	90	66	145	85	28	49	70
gene5709	254	115	458	269	211	363	331	610	303	417	194	488	760	79	203	258
gene5710	7	0	1	1	1	4	11	10	0	4	0	1	3	3	5	0
gene5711	682	273	931	538	341	424	907	1399	699	577	673	1060	1194	246	384	541
gene5712	379	162	569	235	219	331	416	795	405	489	345	427	694	148	194	341
gene5713	793	468	1571	920	664	738	1149	2069	1167	1628	928	1804	1719	393	994	942
gene5714	33	14	26	31	27	24	42	72	19	56	41	88	37	7	20	28
gene5715	106	31	211	67	70	70	81	186	119	163	91	235	277	58	112	48
gene5716	54	21	143	75	64	94	120	202	113	189	113	215	147	42	75	36
gene5717	10	6	47	7	20	22	10	49	16	13	4	69	43	4	23	13
gene5718	507	263	1252	437	402	543	780	1149	669	773	869	1118	941	206	575	444
gene5719	8897	5121	17251	9616	8448	10080	12441	23626	12490	18282	8130	24460	17179	5097	11703	10331
gene5720	61	28	160	37	54	98	93	107	99	53	77	75	99	21	70	48
gene5721	1927	666	3289	1630	1343	1654	1894	3223	2113	2078	1454	3645	3636	562	1229	1252
gene5722	254	81	473	178	224	227	335	446	247	401	276	496	571	96	229	159
gene5723	0	0	15	13	1	7	1	6	30	2	7	8	7	1	6	6
gene5724	200	164	515	243	183	331	408	449	336	471	323	653	417	90	327	183
gene5725	2	0	0	8	17	8	24	10	15	0	25	24	11	0	10	18
gene5726	84	48	173	107	79	87	224	246	145	179	176	179	231	81	111	76
gene5727	181	75	330	238	395	619	989	1075	656	1038	594	1368	1465	225	598	592
gene5728	116	54	271	110	84	120	147	331	171	165	217	218	294	66	120	123
gene5729	1730	734	3835	1875	1260	2368	3068	4601	2212	3344	1910	4900	3123	1005	2351	2131
gene5730	37	9	86	41	19	52	66	44	45	64	50	69	105	20	39	41
gene5731	3	1	19	2	0	4	13	2	5	0	20	0	0	0	2	0
gene5732	120	48	271	57	86	142	260	324	170	164	150	233	254	63	96	95
gene5733	3	2	2	20	13	2	37	30	9	28	16	24	11	3	11	15
gene5734	229	130	543	201	258	310	333	693	366	438	348	665	421	104	247	187
gene5735	6	20	43	17	12	16	38	26	17	62	6	44	63	9	12	9
gene5736	33	4	38	12	19	20	18	70	27	32	9	66	46	10	42	30
gene5737	87	88	217	132	103	138	118	332	87	172	117	220	153	40	100	103
gene5738	67	23	122	96	43	74	54	181	66	121	42	194	111	30	84	47
gene5739	9	1	0	5	2	8	8	15	8	11	20	14	8	1	6	13
gene5740	3	7	2	4	4	5	7	2	13	2	4	4	2	4	2	2
gene5741	54	31	113	33	5	16	27	21	18	25	13	17	21	3	16	14
gene5742	46	19	66	31	24	32	62	91	72	53	47	76	62	24	19	53
gene5743	73	39	161	82	57	67	76	133	141	87	129	186	121	28	121	110
gene5744	2113	1206	3617	1649	1802	2693	2967	4263	2257	3546	2541	6187	4463	1064	2204	2044
gene5745	20	2	76	15	12	5	17	38	14	17	7	32	23	8	10	17
gene5746	49	42	109	59	42	75	131	136	141	86	64	126	178	31	90	68
gene5747	288	96	747	230	249	379	310	623	426	481	390	700	737	136	195	252
gene5748	103	53	280	138	89	124	130	265	127	242	97	288	274	76	78	90
gene5749	275	81	683	252	154	281	261	430	230	361	292	453	336	135	208	141
gene5750	55	34	137	40	39	80	67	150	47	61	54	92	112	25	39	51
gene5751	27	9	87	19	5	28	28	70	15	12	40	53	72	9	31	9
gene5752	271	152	347	218	168	297	375	873	301	602	196	589	525	147	248	259
gene5753	13	6	22	20	5	12	2	43	41	44	11	29	52	17	20	14
gene5754	63	36	158	64	58	121	157	297	109	188	162	183	166	27	63	91
gene5755	1	1	1	1	10	2	2	24	10	2	5	4	9	2	0	3
gene5756	149	135	570	217	295	337	405	509	436	393	309	766	414	126	209	278
gene5757	149	90	261	196	240	280	301	495	240	416	217	355	426	104	203	220
gene5758	517	283	1333	584	529	654	975	1525	1176	1584	978	1727	1576	294	545	583
gene5759	63	45	82	103	49	75	189	139	133	136	74	253	114	56	58	83
gene5760	8	3	7	10	1	20	12	25	18	25	27	6	30	9	8	7
gene5761	5	7	17	2	1	5	21	61	17	4	11	83	13	17	13	5
gene5762	15	2	19	1	0	1	2	0	0	0	1	4	1	1	1	1
gene5763	111	43	181	88	90	134	157	340	152	166	97	265	159	67	62	118
gene5764	54	30	100	25	46	40	62	162	67	111	70	111	88	25	73	12
gene5765	11	2	4	1	6	14	6	17	10	16	17	40	42	1	2	6
gene5766	24	5	45	19	16	44	14	45	43	39	66	62	50	15	21	17
gene5767	614	187	1002	456	356	546	775	884	479	600	557	837	1126	243	428	587
gene5768	0	3	9	0	19	0	6	16	68	2	13	23	15	1	32	23
gene5769	266	179	472	337	231	381	370	700	569	616	315	693	769	160	321	387
gene5770	2	3	24	4	35	6	17	49	30	32	17	42	7	8	12	8
gene5771	213	96	493	191	153	245	398	323	332	422	243	329	483	78	184	149
gene5772	2	3	18	3	5	7	4	17	20	20	19	28	5	5	7	6
gene5773	129	44	178	94	73	108	147	256	201	215	119	249	225	47	149	127
gene5774	124	29	225	70	47	95	86	159	109	126	72	175	202	47	69	90
gene5775	719	444	1447	825	598	1277	1023	2019	1403	1459	1197	2170	2034	508	1039	675
gene5776	3	1	8	1	0	6	4	27	2	12	1	15	10	2	3	5
gene5777	4	4	65	26	37	33	51	41	41	25	17	68	84	13	13	18
gene5778	3	0	5	0	4	2	14	7	0	14	1	5	2	1	3	1
gene5779	328	184	512	346	227	251	405	618	324	428	255	803	599	132	357	307
gene5780	57	27	86	38	11	14	10	33	27	30	27	82	66	14	6	6
gene5781	252	163	591	294	116	169	201	328	195	241	151	252	316	83	127	139
gene5782	133	37	223	128	87	185	168	274	186	202	101	365	199	74	148	129
gene5783	95	33	119	90	31	115	93	187	102	138	114	207	179	16	37	69
gene5784	17	9	69	13	28	59	22	85	30	22	14	28	68	3	24	13
gene5785	1931	994	4233	2353	1520	2062	2233	4366	3392	3733	3154	5954	4856	1072	2291	1744
gene5786	162	32	274	80	456	471	831	1093	345	694	787	1303	1418	147	675	568
gene5787	567	278	1197	774	580	660	1000	1865	979	1393	982	1855	1771	386	755	766
gene5788	1012	377	1520	716	522	919	1328	1639	950	1364	1051	1679	2088	390	801	1069
gene5789	0	11	13	6	0	4	2	6	0	7	1	1	11	0	1	0
gene5790	0	0	0	0	0	0	0	0	10	9	0	0	0	0	0	0
gene5791	5	0	22	2	19	14	8	18	30	15	4	30	4	11	8	2
gene5792	1142	573	2304	1337	440	677	654	1170	977	939	858	1429	1262	370	803	620
gene5793	22	7	78	20	14	22	47	34	28	22	40	73	74	12	40	18
gene5794	24	15	24	6	7	25	23	105	48	61	32	61	96	8	18	37
gene5795	173	92	307	160	95	148	201	336	129	323	128	457	324	80	179	218
gene5796	128	61	157	54	74	120	133	228	124	137	122	279	275	64	93	131
gene5797	7	10	26	34	47	97	84	230	76	121	93	203	167	49	52	146
gene5798	7	0	10	14	3	6	3	44	7	15	0	32	47	3	3	17
gene5799	1450	400	1606	963	1006	1241	1666	2960	1189	1893	1364	2955	2528	487	1486	962
gene5800	0	4	8	1	0	0	14	5	4	6	1	20	17	0	1	3
gene5801	2	0	1	2	0	7	1	20	0	0	5	3	2	1	2	0
gene5802	20	10	81	4	26	13	29	47	17	22	55	84	43	21	29	42
gene5803	75	34	109	110	49	76	105	150	92	97	51	100	103	11	49	79
gene5804	9	10	45	9	12	7	15	35	21	38	7	74	13	11	9	11
gene5805	842	386	1992	715	641	1238	923	2189	1403	1416	785	1413	2073	272	857	709
gene5806	1	5	43	12	3	1	12	43	7	20	7	43	0	2	12	4
gene5807	6	0	11	2	5	1	8	6	1	3	17	42	37	2	3	11
gene5808	2	0	4	0	2	1	4	8	0	1	0	11	0	0	0	1
gene5809	110	38	249	112	76	117	127	144	194	268	148	282	179	48	129	118
gene5810	12	19	11	16	5	32	24	16	18	24	3	32	31	2	8	8
gene5811	416	212	633	356	211	358	661	1064	468	546	522	1187	785	261	511	385
gene5812	75	36	138	69	173	285	332	1069	244	397	328	928	491	157	308	173
gene5813	2091	962	3829	2771	7120	8899	11659	20637	11198	12005	13311	24184	19264	5099	11398	11069
gene5814	73	41	196	59	72	76	130	252	146	129	105	138	149	36	69	107
gene5815	7	4	4	3	2	19	6	14	15	12	13	32	49	2	6	16
gene5816	12	4	23	11	9	5	9	14	10	9	5	22	20	5	10	7
gene5817	1308	630	2098	1216	1061	1223	2179	2558	1617	2247	927	2672	1702	541	1114	1119
gene5818	25	11	40	15	2	11	12	36	28	40	11	44	16	5	15	18
gene5819	22	2	20	15	10	50	11	23	28	22	41	51	82	14	18	18
gene5820	72	14	57	65	44	80	111	170	77	98	53	204	108	20	88	48
gene5821	6282	3226	14525	5739	4053	6740	9107	12714	9882	10120	7153	16978	11101	3501	5525	5339
gene5822	0	1	13	5	0	5	0	6	0	5	1	9	9	1	0	5
gene5823	388	166	662	452	735	693	921	1790	1288	1345	931	2324	1951	489	792	712
gene5824	0	0	0	0	0	0	0	0	1	0	0	0	0	0	0	0
gene5825	16	17	16	14	19	7	25	18	17	19	12	25	27	5	28	25
gene5826	25	9	23	23	14	11	35	41	35	12	31	29	43	8	24	7
gene5827	16	1	9	23	4	11	10	22	1	12	19	2	35	7	3	10
gene5828	0	0	1	0	0	0	0	1	0	0	0	1	0	0	0	0
gene5829	42	11	49	19	33	33	40	102	32	45	25	71	52	6	17	38
gene5830	316	146	567	229	245	438	440	762	320	656	381	754	868	158	450	317
gene5831	4	1	8	3	2	1	20	14	6	3	3	2	5	8	4	10
gene5832	0	1	17	7	3	12	24	17	8	15	3	42	20	8	3	51
gene5833	0	0	0	0	0	0	0	0	0	0	0	2	0	0	0	0
gene5834	16	2	14	16	2	8	11	1	15	12	12	26	21	1	12	23
gene5835	804	539	1908	974	435	588	910	1161	949	1119	817	1258	1035	218	476	558
gene5836	104	34	191	49	101	137	232	315	185	221	167	348	339	59	111	137
gene5837	152	51	215	88	123	217	179	389	249	216	107	231	280	63	124	127
gene5838	96	19	67	52	54	72	80	129	103	44	49	33	83	31	35	22
gene5839	25	23	104	26	30	35	72	155	88	64	23	97	57	27	51	56
gene5840	673	412	1313	469	622	736	1002	1903	1328	1716	1015	1652	1539	408	1035	697
gene5841	32	32	100	75	31	34	99	69	48	63	69	143	56	18	51	42
gene5842	143	74	196	91	143	233	140	421	130	258	127	341	379	39	139	178
gene5843	5	0	18	3	4	0	4	31	3	9	4	2	7	15	3	0
gene5844	682	326	1270	539	629	641	726	1916	763	766	1124	1219	1444	347	696	765
gene5845	11	13	53	34	18	28	33	41	48	42	24	84	86	12	32	20
gene5846	11	2	1	11	3	2	4	16	4	4	16	0	30	2	3	2
gene5847	113	52	227	113	66	162	141	266	172	225	162	234	248	29	103	133
gene5848	1488	671	1954	1097	939	1601	2303	2379	1692	2332	1724	3072	3230	722	1512	1512
gene5849	15	32	40	11	7	22	39	124	20	68	27	115	49	2	27	24
gene5850	160	58	273	93	247	383	383	512	365	495	312	602	533	143	171	238
gene5851	3613	1820	8048	4561	2967	4068	4315	9956	5818	5719	4550	9559	8514	2081	4597	5567
gene5852	11	1	0	2	11	12	19	16	15	14	4	1	53	3	7	9
gene5853	3	1	10	1	5	4	18	4	1	1	18	4	29	1	2	1
gene5854	13	0	3	0	0	1	4	2	0	0	0	0	0	2	0	2
gene5855	558	178	1216	315	391	417	871	1003	655	826	555	1284	867	298	552	395
gene5856	2	5	28	11	4	5	9	17	22	16	7	24	9	7	8	8
gene5857	0	0	0	0	0	0	0	1	0	0	0	0	0	0	0	0
gene5858	24	28	37	34	11	41	43	115	34	59	80	66	54	21	40	30
gene5859	217	100	422	130	158	240	446	588	245	393	267	361	387	128	242	152
gene5860	41	11	80	46	37	57	59	111	59	79	76	92	92	45	81	22
gene5861	166	103	395	218	204	187	245	489	278	303	161	671	479	121	227	252
gene5862	116	37	127	79	87	117	109	285	91	160	87	198	263	48	74	96
gene5863	0	4	1	3	0	16	6	11	0	1	3	4	1	0	2	9
gene5864	129	46	219	102	122	104	162	283	110	134	191	235	195	64	134	123
gene5865	46	23	117	35	23	48	67	80	85	75	53	68	98	24	41	34
gene5866	266	116	368	220	149	196	387	457	266	248	289	431	402	81	314	252
gene5867	98	79	256	117	103	145	236	310	162	181	125	382	175	64	166	130
gene5868	858	393	1022	573	653	807	870	2120	938	1333	872	1757	1379	365	548	765
gene5869	139	87	342	166	18	37	46	55	47	37	33	88	75	17	31	32
gene5870	268	113	457	208	194	295	289	871	314	310	272	542	612	149	247	257
gene5871	968	279	1568	666	582	894	1119	1755	1018	1353	979	1776	1437	468	816	794
gene5872	660	263	1026	630	481	796	961	1424	860	983	684	1516	1066	405	831	716
gene5873	107	45	318	142	103	143	196	260	160	186	156	317	293	64	140	141
gene5874	10	2	28	19	8	15	11	55	21	12	16	10	63	6	24	12
gene5875	122	59	291	93	128	128	165	198	123	181	153	267	258	55	115	151
gene5876	90	55	137	68	96	93	83	129	169	108	84	169	169	39	69	103
gene5877	62	17	74	15	46	28	49	115	49	91	62	64	77	11	56	43
gene5878	1603	712	2894	1460	1478	2210	2989	4474	1752	3008	1980	4778	5069	660	1572	1429
gene5879	463	248	721	376	1060	1904	2358	3766	1850	3100	1419	4069	3775	693	1603	1542
gene5880	58	29	130	97	64	91	126	233	110	100	108	142	160	52	65	95
gene5881	793	331	1151	574	634	711	710	1803	1029	1206	711	1593	1351	290	709	686
gene5882	14	1	17	3	2	1	8	24	19	7	6	3	38	8	8	14
gene5883	8	1	15	0	0	0	0	5	2	5	2	3	4	0	1	1
gene5884	0	0	3	5	0	0	3	1	1	0	0	0	7	0	0	7
gene5885	25	11	67	29	10	29	33	62	59	50	28	12	48	9	39	36
gene5886	94	26	246	105	75	95	110	194	128	107	72	96	132	40	107	123
gene5887	5	15	24	14	7	12	8	36	10	28	26	48	19	4	17	14
gene5888	170	98	452	144	130	217	285	527	229	292	291	625	485	106	306	232
gene5889	0	0	0	0	0	0	0	1	1	2	1	0	7	1	2	0
gene5890	57	21	147	47	51	65	103	133	91	120	91	126	112	33	80	98
gene5891	1	0	0	0	0	0	0	0	0	0	0	0	0	0	0	7
gene5892	38	10	64	60	40	34	65	128	28	103	28	145	42	16	55	28
gene5893	0	3	2	2	3	3	10	7	3	7	8	2	7	7	3	1
gene5894	1	0	12	0	3	1	10	3	10	9	9	2	1	1	2	7
gene5895	37	45	68	81	131	300	431	357	290	431	311	678	465	330	370	249
gene5896	12	12	56	21	8	49	24	58	13	39	35	28	42	14	13	26
gene5897	400	142	965	445	198	573	472	845	563	595	593	942	691	238	428	261
gene5898	82	89	198	88	53	102	65	165	107	225	114	258	200	31	96	69
gene5899	5	6	11	1	1	25	13	6	1	12	3	8	4	2	2	7
gene5900	16	2	19	12	6	26	29	21	43	23	26	43	39	6	30	21
gene5901	136	61	283	142	139	237	260	355	163	288	108	425	221	110	156	199
gene5902	10	4	20	6	6	26	5	1	7	3	13	14	11	5	7	5
gene5903	15	2	36	6	11	15	16	23	21	19	10	36	29	6	17	17
gene5904	549	203	850	358	439	459	494	1030	690	530	611	962	964	130	424	397
gene5905	3908	1843	8019	3749	2466	4625	5555	7362	4943	6001	5257	9984	7134	1940	3728	4599
gene5906	0	1	1	1	6	10	0	6	0	29	7	0	6	1	0	8
gene5907	413	154	602	204	95	262	227	434	274	338	142	505	259	52	156	159
gene5908	0	0	0	0	3	0	0	3	0	0	0	3	2	0	0	0
gene5909	3	9	19	15	16	24	46	39	1	15	8	15	29	7	8	13
gene5910	2	1	11	0	1	14	9	8	7	4	4	10	0	3	5	7
gene5911	1	1	19	1	1	0	5	10	14	5	0	4	22	0	2	2
gene5912	15	9	28	41	99	142	246	304	368	424	214	201	450	101	174	117
gene5913	29	5	42	47	30	51	80	110	37	37	39	85	46	34	30	14
gene5914	25	8	17	19	6	3	5	30	17	20	34	5	21	2	2	19
gene5915	25	20	175	38	22	16	26	74	54	110	19	105	64	14	30	22
gene5916	64	38	146	59	46	65	80	281	94	142	82	151	257	36	59	59
gene5917	0	0	1	1	0	4	7	14	8	3	0	1	0	0	3	6
gene5918	773	301	1788	542	682	721	898	2038	1138	1362	724	1993	1194	366	913	1011
gene5919	566	284	1470	552	84	91	119	238	123	182	117	207	236	30	96	85
gene5920	4	5	0	13	1	6	6	14	5	4	2	21	12	2	5	17
gene5921	38	13	50	40	32	66	57	102	70	77	49	129	80	28	49	51
gene5922	65	30	118	43	68	68	56	199	33	108	56	166	162	28	47	58
gene5923	212	99	336	134	141	203	193	396	170	287	195	303	379	69	186	181
gene5924	26	12	121	44	38	49	41	77	52	88	38	121	87	19	34	31
gene5925	153	38	255	131	127	151	199	432	249	206	149	230	334	49	104	163
gene5926	172	78	289	214	126	171	236	314	164	263	156	476	398	83	231	165
gene5927	53	17	32	49	37	40	29	66	14	58	17	34	101	9	16	27
gene5928	766	508	1678	742	531	614	892	1774	1034	1191	878	1682	2066	342	1222	1009
gene5929	45	28	93	71	57	56	99	200	79	61	59	132	107	21	54	62
gene5930	21	12	67	41	9	15	21	65	35	66	10	42	65	24	25	10
gene5931	15	0	22	1	4	0	11	7	12	11	2	47	7	1	6	6
gene5932	3404	1643	6051	3387	2894	3269	4339	7105	5006	5124	4656	8166	6761	1686	3464	3321
gene5933	80	23	163	67	59	87	145	233	105	98	104	230	99	43	39	90
gene5934	1339	481	2334	1267	891	1565	1654	2957	1192	1905	2274	2711	2773	507	1518	1203
gene5935	41	41	173	76	71	33	67	111	177	102	76	177	110	16	60	54
gene5936	0	0	0	2	1	0	2	0	10	3	0	0	11	0	0	3
gene5937	4	1	1	0	0	2	2	0	2	0	0	0	0	0	3	2
gene5938	27	19	69	28	34	61	65	83	62	74	53	123	123	19	80	41
gene5939	21	13	66	15	13	8	20	16	10	5	7	11	20	4	7	13
gene5940	0	0	2	3	2	10	1	2	2	4	6	0	0	4	0	0
gene5941	5	0	0	0	0	0	0	0	1	1	2	11	0	0	0	2
gene5942	252	82	440	115	131	234	448	569	307	369	243	624	376	112	246	179
gene5943	4	2	28	3	7	7	5	36	5	19	4	9	46	0	17	11
gene5944	188	122	499	170	350	545	497	1389	435	611	557	1039	1167	155	519	487
gene5945	0	1	3	1	6	18	11	5	11	11	8	29	7	0	2	0
gene5946	165	95	378	200	135	161	166	353	176	298	224	511	373	110	221	175
gene5947	157	75	312	116	93	154	231	269	166	250	176	416	342	60	156	183
gene5948	13	14	58	25	26	20	29	37	5	31	12	28	36	6	19	15
gene5949	11	2	20	2	6	9	7	8	21	11	17	26	21	7	8	4
gene5950	79	39	86	52	66	61	72	204	104	60	31	184	159	39	96	55
gene5951	75	25	95	73	34	50	150	230	67	135	60	190	79	19	92	50
gene5952	1440	527	2050	1307	3989	5604	9197	14080	5332	8233	6300	13300	9858	1978	5717	5111
gene5953	44	23	95	98	50	32	89	108	62	69	60	155	125	36	44	61
gene5954	47	26	157	47	41	28	57	120	60	115	79	130	91	13	31	22
gene5955	552	331	1512	656	527	938	1140	1964	954	1206	903	1928	2137	453	828	951
gene5956	85	23	102	65	60	55	100	211	77	121	99	81	134	45	81	32
gene5957	226	131	480	213	212	339	333	646	371	267	260	500	419	175	290	159
gene5958	78	15	121	70	10	7	9	30	26	41	20	56	75	5	12	41
gene5959	268	179	703	353	263	315	547	801	407	516	387	868	858	161	439	260
gene5960	8	3	7	4	0	7	5	12	7	2	1	21	22	0	3	0
gene5961	6	6	11	1	5	4	11	3	0	4	0	5	9	0	3	14
gene5962	116	53	312	139	91	171	227	280	135	193	172	309	243	42	117	101
gene5963	0	6	4	4	6	9	4	14	1	6	8	8	7	0	10	2
gene5964	170	46	154	72	94	121	155	183	150	175	82	228	214	53	125	120
gene5965	14	6	7	13	3	19	45	23	5	2	0	17	8	0	6	7
gene5966	3	1	0	0	8	0	6	2	3	4	4	2	7	2	5	0
gene5967	151	90	328	132	153	361	301	357	274	384	254	430	678	78	194	160
gene5968	0	0	0	0	0	5	0	0	2	0	0	1	0	0	0	0
gene5969	145	69	183	93	120	169	191	245	130	170	149	363	304	71	164	79
gene5970	2	8	18	10	5	27	22	54	7	16	21	24	13	0	3	20
gene5971	124	30	135	108	105	42	109	255	89	188	82	196	229	33	49	104
gene5972	6	2	28	5	3	9	14	1	2	1	0	21	6	7	2	7
gene5973	80	24	55	51	62	49	58	235	70	114	53	107	126	30	64	90
gene5974	858	444	1982	868	669	1203	1515	2421	1304	1540	1208	2294	1737	567	910	764
gene5975	13	7	31	10	2	18	6	23	7	19	6	11	21	3	14	12
gene5976	6835	2872	9047	4625	3819	4802	6187	11459	8916	8545	5134	11244	11273	1846	3947	4224
gene5977	0	0	0	8	0	0	4	3	2	9	1	10	15	0	6	11
gene5978	5529	3138	12500	6547	4182	7151	7438	16283	8893	13451	7146	20121	12987	3080	5940	3797
gene5979	0	0	0	0	0	20	0	0	0	0	0	1	4	0	0	0
gene5980	180	102	160	105	120	192	218	377	240	268	145	537	184	70	135	165
gene5981	26	29	99	58	18	46	51	76	47	41	39	57	100	17	40	41
gene5982	1	1	6	3	1	4	2	8	6	9	14	18	2	2	6	7
gene5983	66	41	196	86	88	74	153	302	136	137	118	216	128	74	115	69
gene5984	759	356	1464	732	462	706	1441	1595	932	1155	799	1641	2065	376	643	684
gene5985	2054	1288	5363	1807	2195	3499	3120	5809	2482	3447	2646	6158	4576	972	2306	2292
gene5986	11	1	21	4	4	4	14	6	2	15	9	8	21	3	7	14
gene5987	48	1	33	13	12	15	14	33	14	49	10	42	19	5	16	11
gene5988	6	8	12	17	17	8	10	10	20	21	11	9	6	6	4	4
gene5989	206	86	436	207	201	241	359	654	241	459	275	707	520	121	218	230
gene5990	33	32	72	42	28	45	32	89	69	84	70	45	117	15	20	45
gene5991	11	10	28	9	40	65	122	124	69	189	15	44	119	21	25	10
gene5992	143	50	130	78	209	687	389	1165	532	738	446	1353	1118	274	375	335
gene5993	28	16	47	21	18	26	19	29	17	39	16	37	55	18	38	28
gene5994	46	13	107	64	49	61	122	187	50	131	69	148	183	29	85	65
gene5995	111	50	169	51	16	31	19	67	35	68	30	22	76	14	21	16
gene5996	1	0	0	0	0	0	0	0	0	0	0	0	0	0	0	7
gene5997	5	17	38	25	13	8	20	25	11	10	12	55	32	10	4	4
gene5998	4	0	1	0	0	0	9	1	0	4	0	0	0	0	3	0
gene5999	7	2	12	14	2	4	14	4	14	43	5	10	9	13	11	5
gene6000	29	10	37	41	31	20	61	41	17	77	27	38	48	12	42	28
gene6001	47	14	97	27	22	19	50	58	74	57	36	41	37	18	35	25
gene6002	2	6	1	5	1	5	9	9	15	3	5	12	5	5	2	3
gene6003	29	12	42	24	32	42	20	28	19	48	15	36	97	5	25	35
gene6004	29	9	13	13	3	11	26	49	18	14	10	56	27	8	31	2
gene6005	24	5	46	12	25	32	38	51	44	27	29	47	28	13	63	11
gene6006	686	300	842	514	668	840	851	1378	762	1045	951	1310	1445	336	642	508
gene6007	83	23	77	36	25	67	75	110	50	90	65	124	116	23	41	49
gene6008	5571	3311	12845	4510	5120	6003	5773	12445	7783	8116	6086	13191	11002	2859	6763	4885
gene6009	331	110	535	245	205	370	450	808	360	548	371	715	406	149	222	265
gene6010	998	623	2262	1042	658	770	1514	3045	1711	1936	1403	3615	2239	556	1174	952
gene6011	13	19	10	16	7	6	16	10	19	42	8	62	35	2	7	3
gene6012	14	15	41	21	16	17	39	22	31	59	27	42	49	13	23	9
gene6013	1092	460	1833	808	717	790	1275	2273	1282	1885	1339	2422	2098	420	836	648
gene6014	18	11	56	28	8	12	33	22	52	34	15	12	22	7	22	20
gene6015	1577	594	2521	1500	1006	1569	1594	2973	2486	2718	1591	2773	2301	732	1387	1490
gene6016	135	49	165	104	72	185	154	374	179	178	114	233	232	47	117	93
gene6017	65	24	155	28	54	130	46	137	124	139	26	142	109	20	70	29
gene6018	17	5	9	37	6	15	34	53	25	16	20	40	28	6	19	9
gene6019	45	21	152	26	25	79	74	151	137	70	99	89	106	25	36	44
gene6020	58	15	181	55	7	25	19	59	22	27	18	31	48	5	12	28
gene6021	8	2	5	5	2	5	4	2	7	5	0	21	12	0	4	1
gene6022	244	136	480	214	103	305	219	590	420	444	347	692	594	121	226	232
gene6023	9	27	58	38	17	23	26	110	75	68	36	74	78	16	25	44
gene6024	115	45	356	120	70	146	173	364	181	257	173	294	277	39	109	128
gene6025	146	52	192	143	90	144	139	183	105	157	71	191	186	59	91	132
gene6026	55	36	223	61	81	67	128	219	87	128	122	156	130	43	74	69
gene6027	45	19	67	38	26	43	19	39	56	57	37	86	78	21	53	23
gene6028	325	95	546	255	214	311	339	346	370	420	253	637	520	160	236	156
gene6029	296	151	676	306	319	408	500	681	444	522	270	1106	848	160	343	380
gene6030	7	12	11	16	5	6	4	6	3	1	2	7	13	0	3	15
gene6031	92	50	126	102	38	122	109	151	100	80	123	167	204	39	86	69
gene6032	244	132	453	243	268	302	295	616	299	380	320	771	602	170	217	274
gene6033	21	7	18	28	17	20	33	66	23	61	28	55	51	13	48	20
gene6034	897	423	1964	844	680	880	1517	2649	1612	1184	1001	3002	1663	418	848	800
gene6035	26	9	66	27	18	31	40	62	35	57	27	85	98	11	40	14
gene6036	68	48	192	95	197	278	353	1062	410	486	419	1354	1114	186	256	252
gene6037	90	42	86	77	24	78	80	261	148	103	62	180	161	30	48	56
gene6038	391	198	702	457	266	446	501	683	663	784	604	1335	853	219	402	370
gene6039	1261	769	2880	1344	1237	1781	2480	4086	1846	1907	1651	4686	2904	798	1633	1640
gene6040	1092	422	1910	848	865	1725	1455	2672	1557	1886	1457	2869	1941	420	1110	898
gene6041	8	12	24	6	20	35	35	35	43	40	5	56	33	8	24	16
gene6042	2	2	19	4	4	2	11	29	0	4	22	8	7	4	5	12
gene6043	8	2	5	4	9	0	5	14	5	6	10	37	11	2	3	4
gene6044	13	7	13	9	6	13	15	36	9	13	28	4	9	0	10	8
gene6045	14	6	15	24	2	2	6	11	0	1	3	3	1	3	1	6
gene6046	13	8	16	15	17	5	18	66	17	22	6	13	23	5	13	29
gene6047	45	24	137	43	43	81	49	97	64	85	79	158	112	32	65	49
gene6048	284	116	415	296	209	280	479	320	310	289	230	773	389	157	324	231
gene6049	160	76	277	179	132	146	209	342	221	214	222	345	292	63	113	202
gene6050	5806	3345	11898	5737	6209	8023	8816	19555	6005	10547	7923	20068	12694	3713	5359	8248
gene6051	131	30	293	61	18	28	24	32	32	25	23	55	56	8	26	13
gene6052	0	0	3	0	0	1	0	0	5	2	0	0	0	0	0	1
gene6053	0	0	0	2	0	5	0	22	0	0	0	0	0	2	0	3
gene6054	702	263	1216	667	436	670	1108	1816	841	1187	725	1748	1236	279	573	482
gene6055	38	12	58	16	13	47	40	44	45	44	24	61	52	3	27	12
gene6056	46283	14632	92873	43253	33058	42814	51896	108146	50373	51558	47002	110254	88251	23714	44023	30489
gene6057	42	10	56	17	15	18	14	58	33	25	17	59	44	9	15	12
gene6058	493	249	506	352	452	440	584	1101	636	787	506	1383	1240	217	514	551
gene6059	0	0	0	4	4	0	0	0	0	4	0	0	2	0	0	1
gene6060	2	1	0	7	10	4	0	10	15	22	11	22	9	4	5	0
gene6061	2	1	14	12	8	2	7	5	1	22	23	26	18	3	16	3
gene6062	18	9	66	28	55	41	29	188	44	78	22	78	58	39	52	50
gene6063	498	186	793	383	275	510	854	995	671	660	583	821	760	261	587	635
gene6064	31	19	76	40	30	24	40	98	55	115	42	137	77	32	39	36
gene6065	0	0	0	0	0	6	3	0	0	0	0	1	1	0	0	0
gene6066	341	141	677	331	229	300	468	617	526	515	445	850	603	104	276	322
gene6067	22	0	14	2	11	7	18	26	7	30	21	22	54	0	18	6
gene6068	3	5	26	16	10	11	8	27	7	5	24	19	7	4	13	6
gene6069	305	105	476	218	180	340	265	683	274	341	321	581	458	99	243	258
gene6070	171	56	239	70	39	42	64	60	55	59	41	54	71	17	35	28
gene6071	23	6	38	10	10	22	17	19	24	31	15	20	20	5	5	19
gene6072	120	51	219	156	76	227	246	274	176	163	178	361	158	87	151	168
gene6073	308	184	547	119	190	364	371	517	453	383	307	769	633	123	274	342
gene6074	73	20	105	51	83	60	77	124	75	56	57	108	123	13	35	52
gene6075	8	6	30	11	20	12	38	32	15	57	35	56	40	12	42	25
gene6076	36	9	75	71	18	47	74	123	71	74	44	77	50	27	38	49
gene6077	0	1	16	0	2	8	13	1	1	2	0	16	10	1	0	3
gene6078	214357	78387	375257	210010	156964	252754	241505	613854	249871	355656	284375	371507	417782	99453	159286	183556
gene6079	6	7	41	22	8	6	13	15	11	19	11	12	31	0	3	3
gene6080	14148	7803	21915	13366	11909	19232	24756	36786	17028	23152	13194	32943	41664	7298	15503	13908
gene6081	11	2	17	0	2	10	7	3	4	1	14	59	28	10	4	8
gene6082	36	14	122	40	67	54	129	165	70	102	50	164	77	11	59	45
gene6083	48	9	86	51	28	42	45	80	119	40	45	140	134	17	24	47
gene6084	121	28	138	99	75	110	122	162	150	116	104	134	147	33	96	67
gene6085	65	28	152	59	63	65	94	162	115	107	124	124	101	39	60	117
gene6086	0	2	0	0	2	0	0	0	0	0	0	0	0	0	0	0
gene6087	109	66	248	140	87	114	132	342	94	242	84	230	262	44	89	100
gene6088	30	29	85	51	33	78	103	96	103	76	52	104	98	27	74	39
gene6089	407	221	756	626	389	663	826	1151	470	926	639	1223	797	227	486	445
gene6090	173	65	141	143	57	150	205	262	121	151	123	237	234	70	126	86
gene6091	2	0	5	10	8	13	1	16	6	23	15	9	22	1	11	4
gene6092	40	11	42	19	31	35	23	70	37	29	39	67	74	11	22	20
gene6093	35	17	72	28	34	73	48	107	67	79	34	68	90	37	21	51
gene6094	76	23	100	35	71	35	100	179	60	129	52	201	143	30	89	55
gene6095	157	58	175	67	87	171	121	201	187	170	162	248	235	37	69	84
gene6096	405	123	625	277	220	326	360	596	343	541	340	1069	746	150	335	273
gene6097	1164	651	2111	1147	989	1149	1956	2492	1682	1670	1238	2386	3148	478	1373	938
gene6098	8	1	16	1	0	3	2	0	4	1	2	24	1	0	5	1
gene6099	8	0	12	4	4	13	12	3	5	11	1	2	2	0	1	0
gene6100	116	74	213	146	86	157	229	370	194	235	160	453	164	59	92	133
gene6101	176	161	400	204	189	325	265	575	329	614	353	739	690	107	225	182
gene6102	260	130	509	230	216	215	427	786	478	400	304	506	726	193	353	225
gene6103	27	5	50	19	20	14	31	49	40	48	10	42	47	11	18	8
gene6104	6	1	5	7	4	11	11	13	13	3	0	6	11	0	5	5
gene6105	40	17	37	51	39	66	39	71	11	49	24	99	70	18	23	16
gene6106	40	29	53	16	27	50	57	84	55	61	59	62	86	34	38	63
gene6107	22	11	21	28	19	4	25	27	20	23	19	28	44	7	21	5
gene6108	3463	1886	8067	3272	3769	3761	5805	8420	5516	5546	3877	10540	8237	1672	4396	3625
gene6109	0	0	3	0	0	3	1	0	0	0	0	0	0	0	2	0
gene6110	28	14	38	31	11	29	25	50	49	35	53	66	30	25	26	52
gene6111	0	0	0	1	0	0	0	4	2	1	0	0	0	0	1	0
gene6112	31	11	79	26	39	65	45	102	34	56	25	123	86	14	29	33
gene6113	4010	1898	7904	5153	4154	4231	7470	10169	7643	7420	3712	11579	8386	1974	4866	3616
gene6114	131	66	205	216	135	125	166	490	169	282	195	310	442	97	142	144
gene6115	571	246	1125	303	515	744	780	1301	640	1130	802	1250	1166	317	586	567
gene6116	60	16	70	39	30	87	54	142	103	111	63	122	126	38	62	69
gene6117	3	2	27	3	7	5	27	22	26	23	17	16	17	3	6	11
gene6118	15	6	19	16	17	21	28	92	21	19	10	23	16	6	5	10
gene6119	8	11	26	12	19	11	63	52	34	21	25	87	27	7	13	19
gene6120	1120	461	2079	952	917	1179	1377	2534	1772	1649	1111	1784	2138	506	879	927
gene6121	48	36	136	41	41	70	76	164	56	86	79	127	113	28	76	52
gene6122	0	0	3	1	2	0	2	1	0	0	0	1	0	1	0	2
gene6123	86	51	181	54	85	173	183	262	83	205	172	268	277	49	83	158
gene6124	49	13	80	25	28	39	36	61	72	45	20	63	80	25	17	20
gene6125	2452	1576	4961	1985	1554	2898	4245	5772	3774	5148	3125	8121	4107	1573	2880	3181
gene6126	167	89	359	162	238	214	287	429	227	379	167	352	387	92	144	182
gene6127	8	1	4	1	10	0	3	2	3	2	7	17	30	1	2	4
gene6128	1	4	6	5	2	4	5	22	5	8	13	13	25	2	4	12
gene6129	22	13	44	31	32	73	60	123	54	59	25	123	44	19	19	47
gene6130	7	4	9	6	12	8	8	23	12	17	13	30	2	5	20	11
gene6131	44	42	174	26	74	112	140	191	73	103	100	156	196	28	63	63
gene6132	53	20	146	67	38	63	95	168	81	135	95	181	127	31	89	47
gene6133	273	103	454	262	165	545	299	704	359	442	268	813	598	191	353	244
gene6134	7	8	4	3	0	6	3	2	5	19	8	4	17	3	1	6
gene6135	654	366	936	381	300	597	750	1249	797	815	845	1073	1385	216	629	599
gene6136	115	71	275	97	35	74	46	131	44	51	50	65	76	23	54	28
gene6137	15	4	29	4	12	6	16	55	10	31	12	24	45	6	18	19
gene6138	17	14	28	14	16	17	40	50	38	65	51	59	55	12	18	10
gene6139	1	0	1	2	0	1	0	5	0	0	0	3	0	0	2	1
gene6140	122	31	86	71	66	74	109	117	117	90	64	108	134	32	40	68
gene6141	14	9	24	14	16	7	13	20	18	3	28	46	20	5	16	0
gene6142	60	23	116	51	63	60	66	150	79	129	63	171	147	39	54	57
gene6143	30	4	13	28	8	15	25	11	13	34	32	19	21	9	22	13
gene6144	0	0	0	0	0	0	4	1	0	0	0	5	0	0	3	0
gene6145	412	177	1079	390	290	428	590	953	522	812	320	778	864	216	455	338
gene6146	76	57	127	114	104	87	162	227	107	301	154	200	223	44	75	101
gene6147	46	27	108	52	68	61	99	137	84	87	77	130	97	34	40	59
gene6148	848	398	1418	502	649	700	1233	2340	1003	1230	1162	2256	2022	406	1014	668
gene6149	465	236	1024	368	334	485	513	970	624	578	284	1309	961	245	491	461
gene6150	19	11	17	13	11	22	12	28	14	32	35	27	26	5	17	9
gene6151	3	2	44	22	10	17	20	39	28	15	22	16	71	1	23	10
gene6152	0	0	0	0	0	1	0	1	12	0	0	1	3	2	0	4
gene6153	37	6	26	44	25	7	22	61	58	39	21	46	31	7	32	39
gene6154	2779	1025	3920	1981	2151	2726	2595	5997	2635	3679	2150	5789	4133	706	2380	2259
gene6155	60	36	151	42	54	39	127	154	73	154	120	184	285	28	99	110
gene6156	1	0	1	0	6	0	0	0	0	0	0	6	2	1	0	4
gene6157	6	4	26	25	9	24	27	27	11	15	10	54	38	5	12	6
gene6158	208	89	283	220	113	215	374	488	292	264	266	510	411	87	221	198
gene6159	0	0	0	0	0	0	0	0	0	0	0	0	0	0	0	0
gene6160	2110	1120	5550	1984	1778	2908	3535	5176	3205	4182	3273	5849	4618	1474	2747	1752
gene6161	181	82	190	113	87	181	194	221	117	159	150	353	184	69	180	95
gene6162	10	3	16	22	5	9	21	27	5	9	17	22	11	6	25	17
gene6163	22	23	41	12	8	19	52	68	47	71	24	65	59	27	64	19
gene6164	3	5	25	3	15	7	22	14	11	6	9	9	2	0	8	5
gene6165	1	0	0	0	0	0	0	0	0	0	0	0	0	0	0	0
gene6166	53	13	50	29	16	16	42	37	66	59	28	98	78	20	36	37
gene6167	8	15	46	17	12	13	11	12	22	12	17	25	23	4	12	8
gene6168	32	20	14	15	5	21	19	49	33	40	25	32	14	4	12	22
gene6169	38	5	74	28	38	46	60	82	53	59	29	146	80	14	45	55
gene6170	2122	1065	4148	1684	610	547	1029	1581	879	1055	660	1559	1566	306	728	520
gene6171	75	31	116	50	31	85	74	95	110	115	66	159	191	32	91	47
gene6172	23	3	13	19	7	23	17	41	23	24	14	44	32	9	6	13
gene6173	72	25	220	86	46	71	152	205	120	230	75	342	164	37	88	97
gene6174	22	8	62	20	16	39	11	38	32	25	31	55	31	6	44	32
gene6175	139	26	178	86	59	123	87	261	85	167	80	221	193	49	122	95
gene6176	359	184	712	495	788	1408	1382	1958	1916	2332	1025	2774	1796	391	838	890
gene6177	608	389	1409	821	372	990	1111	1978	913	1221	857	1611	2317	464	739	792
gene6178	29	14	41	40	20	37	43	48	20	96	78	62	63	18	30	22
gene6179	2	7	26	10	23	64	57	37	81	60	42	60	137	21	71	109
gene6180	11	2	25	7	3	14	26	7	3	15	1	54	23	10	8	12
gene6181	51	29	109	27	51	93	43	172	126	152	69	170	205	28	79	41
gene6182	9	14	9	19	14	34	23	22	26	37	36	48	31	8	14	24
gene6183	95	55	361	151	125	215	290	389	281	276	249	436	437	70	195	184
gene6184	1	1	0	2	6	5	4	3	5	16	6	10	16	2	4	0
gene6185	16	6	52	6	3	12	12	28	29	29	13	67	41	15	11	16
gene6186	50	34	120	55	63	71	104	176	108	126	98	120	166	38	57	75
gene6187	406	187	588	258	316	437	634	869	435	500	501	567	805	184	298	314
gene6188	202	64	338	129	153	200	207	448	256	304	198	538	401	108	200	145
gene6189	366	127	755	378	259	296	381	1114	654	612	511	890	838	121	358	245
gene6190	112	55	211	54	32	88	141	218	118	180	88	173	193	26	110	57
gene6191	37	35	146	85	48	97	69	131	106	141	108	195	238	44	69	77
gene6192	211	82	360	185	104	175	268	258	84	170	198	204	265	66	66	121
gene6193	0	1	0	2	0	0	0	0	0	3	0	0	1	2	0	0
gene6194	18	14	47	32	15	31	75	73	28	41	9	23	46	18	22	25
gene6195	2211	850	4398	1696	1470	1742	2949	6225	2951	3190	2525	4726	4547	1077	2008	2036
gene6196	19	19	156	42	45	51	80	138	73	35	41	109	75	21	38	28
gene6197	98	72	324	112	97	190	207	233	211	233	169	378	369	47	123	101
gene6198	1672	735	2777	1285	817	1420	2407	3196	1382	2240	1215	3454	2302	460	1158	1357
gene6199	29	15	52	25	122	196	234	770	369	491	235	713	173	68	190	147
gene6200	41	27	65	27	13	4	11	33	8	19	10	46	20	2	12	19
gene6201	16	5	24	23	15	15	34	54	53	17	33	43	24	18	11	10
gene6202	28	15	102	31	9	16	18	52	8	37	9	25	39	14	24	23
gene6203	92	63	132	102	126	133	210	223	157	209	114	367	199	36	108	132
gene6204	11	2	25	2	1	13	24	11	20	18	17	35	5	3	4	9
gene6205	10	12	25	15	10	46	41	91	28	41	44	70	58	19	32	30
gene6206	99	83	231	129	57	112	242	347	113	258	131	155	264	33	129	94
gene6207	4	7	8	4	5	5	7	13	3	6	7	13	17	5	18	10
gene6208	798	222	1288	521	456	958	1209	1034	811	994	873	2083	1451	375	876	670
gene6209	0	1	26	12	5	4	20	0	4	0	2	5	4	3	1	9
gene6210	185	60	143	141	99	123	197	264	180	209	148	391	185	39	145	145
gene6211	362	199	578	388	401	350	502	857	318	622	524	1021	806	150	444	307
gene6212	303	139	336	279	217	380	352	544	214	364	169	774	639	159	252	250
gene6213	40	14	100	28	57	59	77	166	49	64	63	170	74	19	53	40
gene6214	33	24	97	45	14	58	31	67	69	32	47	72	37	5	30	19
gene6215	815	299	1179	615	75	147	207	231	162	173	143	248	238	52	121	88
gene6216	119	58	192	111	68	127	138	192	175	184	181	311	206	50	91	72
gene6217	60	21	134	43	57	44	62	195	74	66	60	228	143	19	67	118
gene6218	106	39	155	85	78	113	129	351	132	122	97	154	216	46	38	82
gene6219	311	110	488	186	258	317	365	688	272	456	381	618	793	120	193	266
gene6220	8	5	17	20	17	12	16	45	21	7	14	14	27	2	7	11
gene6221	14	4	23	6	15	1	19	16	3	15	30	50	13	6	1	15
gene6222	31	25	114	28	109	147	125	236	84	176	157	407	371	121	100	159
gene6223	130	38	162	84	96	139	188	251	164	222	132	272	240	54	113	149
gene6224	7	3	23	5	2	3	7	19	12	26	9	6	13	3	1	10
gene6225	8	5	5	5	0	3	31	1	5	13	5	15	5	4	3	6
gene6226	80	56	136	66	44	67	90	164	55	228	84	208	171	44	134	80
gene6227	123	43	271	109	17	16	21	57	32	23	32	34	39	12	17	7
gene6228	35	5	80	38	21	44	33	59	55	54	22	32	19	18	8	16
gene6229	171	60	135	84	490	786	957	1610	988	955	685	1333	1164	331	497	522
gene6230	19	17	89	17	25	32	64	72	27	44	44	71	53	11	29	31
gene6231	619	332	1083	627	397	817	1020	1561	796	1068	808	1824	1432	225	813	585
gene6232	49	26	143	24	37	66	65	144	50	80	45	93	71	38	63	68
gene6233	7	5	5	6	1	2	6	22	11	3	13	0	2	2	2	13
gene6234	19	7	55	24	15	7	57	27	36	25	30	6	27	8	7	19
gene6235	236	138	428	212	199	375	322	662	304	460	314	714	445	89	289	261
gene6236	1738	848	3750	1503	1091	2073	2108	4401	2392	2751	2140	4887	4798	757	1530	1639
gene6237	51	15	43	34	14	23	11	21	10	23	17	42	24	4	9	13
gene6238	4	1	6	1	7	0	7	6	1	6	14	14	40	4	3	2
gene6239	0	0	0	0	0	0	2	0	0	0	0	0	0	0	0	0
gene6240	229	76	356	177	314	548	430	992	518	684	606	633	756	170	341	459
gene6241	428	146	887	278	294	493	634	1050	487	741	480	1208	866	274	401	354
gene6242	2386	1081	5379	2738	392	646	738	1062	682	780	618	1120	1259	202	536	394
gene6243	0	0	0	0	1	0	0	0	0	0	0	0	0	0	0	0
gene6244	4	4	2	0	0	15	4	17	1	4	2	14	6	3	3	6
gene6245	423	228	705	425	90	100	160	192	117	198	73	329	195	32	106	121
gene6246	566	344	1163	468	448	575	731	1695	911	798	709	1200	1294	259	535	689
gene6247	34	17	59	28	9	29	31	100	48	57	12	25	90	23	45	16
gene6248	100	33	194	66	62	121	91	213	69	89	55	105	231	36	59	84
gene6249	42	21	107	66	22	46	78	60	64	55	32	89	76	18	89	28
gene6250	174	56	341	117	82	115	223	315	197	126	162	305	260	59	140	161
gene6251	8	3	9	4	10	8	2	23	15	0	9	8	8	4	6	4
gene6252	0	0	0	0	0	0	0	0	0	0	0	0	0	0	0	0
gene6253	0	1	14	0	0	21	15	7	2	17	2	5	29	1	5	15
gene6254	12	1	12	5	48	34	136	25	58	84	103	192	153	49	60	3
gene6255	839	544	1954	792	759	1215	1364	2103	1258	1867	1228	1807	2183	357	776	877
gene6256	1404	512	2115	1462	1042	1543	1849	3026	1815	1904	1335	4000	3089	615	971	855
gene6257	26	23	38	36	36	34	158	84	44	76	84	159	240	40	23	45
gene6258	62020	34912	134644	52109	44815	71039	108146	127760	87264	85507	62266	154829	116117	31626	67836	69343
gene6259	166	66	190	148	63	164	253	268	141	245	142	293	248	57	122	117
gene6260	134	48	209	134	71	175	191	184	125	190	135	207	200	38	96	91
gene6261	18	16	52	27	24	30	51	77	19	31	18	97	44	13	34	16
gene6262	122	50	193	89	132	75	163	207	121	152	124	177	222	41	39	98
gene6263	0	2	4	1	0	1	4	28	0	1	0	23	1	4	3	5
gene6264	465	156	715	223	202	408	346	752	649	720	443	535	507	181	200	294
gene6265	0	0	1	9	0	2	3	11	1	28	5	6	1	7	6	0
gene6266	25	1	22	5	22	16	12	34	19	10	5	56	5	0	22	2
gene6267	5	0	0	5	41	0	48	36	21	4	34	186	8	2	3	3
gene6268	5	8	33	27	22	24	31	13	28	49	14	52	21	15	24	24
gene6269	23	2	31	12	7	3	22	37	21	22	23	26	26	7	26	28
gene6270	3763	2212	7473	4058	3885	4227	5325	9080	5923	7079	5709	9134	10579	2119	4205	3556
gene6271	6	0	15	3	10	2	18	8	1	5	4	26	14	3	4	1
gene6272	9	6	11	9	3	6	26	16	21	29	17	24	51	4	3	16
gene6273	144	48	239	77	93	149	168	247	121	140	125	235	164	60	160	99
gene6274	344	150	545	363	240	416	616	660	449	595	307	931	602	162	273	333
gene6275	7	0	52	11	14	11	7	22	1	7	5	38	3	7	4	9
gene6276	97	43	85	104	96	89	112	255	93	126	112	282	172	39	118	117
gene6277	372	194	426	194	696	880	1122	1791	962	1007	1083	1188	1267	337	662	592
gene6278	0	0	2	0	2	1	0	10	2	0	1	0	3	0	0	0
gene6279	5	0	25	10	0	11	1	16	2	2	11	18	15	5	8	7
gene6280	72	14	76	61	33	37	69	121	44	43	77	99	77	10	45	50
gene6281	812	401	1625	1021	694	849	1402	2210	1005	1540	1138	2079	2063	485	957	750
gene6282	73	17	13	31	27	13	78	53	35	48	22	73	90	18	28	38
gene6283	21	3	36	24	57	56	32	29	26	52	37	75	40	4	26	7
gene6284	6140	2839	12855	6697	6329	7993	10329	19267	10100	14234	9337	16462	19759	2589	6492	5839
gene6285	2	1	22	6	3	9	30	20	7	11	13	18	9	7	2	5
gene6286	1067	674	2480	1243	1162	1595	1274	1945	1444	1976	1604	2998	2280	622	1154	989
gene6287	589	280	902	582	371	537	1111	1282	817	1197	500	1131	1227	341	553	606
gene6288	45	21	58	39	31	67	85	95	65	68	77	75	73	25	42	36
gene6289	0	0	15	8	0	3	3	6	0	5	15	5	13	1	5	11
gene6290	0	2	11	0	2	6	0	2	2	2	0	1	2	3	4	1
gene6291	79	38	130	121	85	112	121	196	77	104	113	199	206	34	132	72
gene6292	3	4	10	13	18	64	52	34	78	41	18	61	56	11	70	40
gene6293	137	109	363	92	109	141	189	362	163	314	204	447	229	44	146	139
gene6294	180	34	205	99	92	172	181	275	157	258	134	310	277	46	96	134
gene6295	187	77	502	106	133	130	292	693	218	258	205	478	343	130	208	147
gene6296	547	366	1534	739	627	808	1659	2054	901	1330	889	2243	1647	368	943	868
gene6297	14	0	13	24	19	7	19	35	30	17	14	35	3	1	9	20
gene6298	47	12	98	32	30	47	72	63	27	45	47	120	87	16	18	33
gene6299	18	10	35	6	12	30	27	24	31	19	46	24	49	1	17	20
gene6300	7	10	12	3	13	6	20	48	9	9	10	26	40	9	17	9
gene6301	0	1	9	3	6	13	8	43	9	4	1	56	2	2	6	5
gene6302	95	30	254	99	29	52	56	65	84	75	53	147	83	26	44	44
gene6303	16	6	30	9	9	22	13	18	8	21	5	13	2	4	11	2
gene6304	83	41	166	80	85	157	107	225	220	178	153	272	187	52	109	115
gene6305	0	0	9	0	15	1	0	2	2	0	1	0	7	1	0	3
gene6306	1054	517	2660	995	583	1638	1765	3386	1412	2320	1333	2322	3096	402	1283	1430
gene6307	62	24	71	45	41	76	61	137	70	97	75	210	188	20	31	77
gene6308	14	5	46	15	20	24	55	69	36	28	38	39	63	10	47	26
gene6309	37	45	104	90	58	103	81	144	89	71	92	148	132	16	86	61
gene6310	212	109	267	153	194	228	291	691	210	316	248	418	398	115	206	163
gene6311	14	21	38	8	1	0	2	10	5	8	4	10	9	4	2	2
gene6312	2	5	2	4	4	11	4	9	8	13	16	1	1	2	10	5
gene6313	2	1	2	2	0	14	1	1	1	6	6	5	21	0	8	6
gene6314	0	0	10	8	0	1	6	20	11	1	11	13	1	5	2	3
gene6315	4	0	1	1	3	5	15	13	0	20	2	26	16	0	20	1
gene6316	21	2	51	7	4	10	2	14	11	19	16	17	18	3	4	11
gene6317	44	15	42	22	27	24	38	39	29	17	17	33	40	6	23	26
gene6318	888	560	2248	961	627	1278	1933	3175	1259	1139	1009	2486	1796	573	1146	1017
gene6319	383	206	663	402	372	446	617	818	511	662	563	838	808	226	436	272
gene6320	64	51	159	73	87	68	175	154	107	144	139	239	209	29	76	73
gene6321	10	3	3	0	5	9	4	14	2	6	15	4	12	1	1	6
gene6322	6	14	37	15	9	13	25	86	15	53	12	30	30	8	39	38
gene6323	0	0	0	0	0	0	0	0	0	0	0	0	0	0	0	0
gene6324	230	89	548	228	157	302	402	596	248	437	251	688	598	116	222	193
gene6325	60	31	152	119	58	77	152	205	64	163	74	194	134	39	66	69
gene6326	6	4	21	2	3	19	5	3	7	16	25	67	16	1	12	9
gene6327	0	0	0	0	7	14	1	2	0	3	3	9	0	0	2	0
gene6328	4307	1943	6683	3038	2225	4689	4307	6831	5315	6442	3512	7429	7432	1548	3507	3449
gene6329	0	0	0	0	0	0	0	4	1	0	0	0	2	0	0	0
gene6330	34	19	35	14	45	41	39	106	48	47	46	61	110	19	23	37
gene6331	1	2	0	2	4	2	0	7	15	12	2	2	4	0	1	1
gene6332	9	2	21	7	4	12	7	7	3	6	11	29	43	6	5	5
gene6333	43	26	145	25	71	73	95	97	29	94	86	140	101	15	44	20
gene6334	8	3	12	11	4	16	12	14	8	25	15	26	25	11	19	14
gene6335	93	60	315	150	138	215	171	484	269	191	197	452	356	53	146	137
gene6336	41	17	71	25	26	68	51	27	43	96	93	98	69	19	31	43
gene6337	49	8	15	12	43	43	185	200	123	154	111	101	133	42	69	151
gene6338	15	8	33	32	22	47	11	42	40	48	24	83	18	7	17	13
gene6339	16	4	33	32	26	17	16	39	72	84	34	43	35	9	26	6
gene6340	70	27	104	48	43	84	51	161	86	84	77	105	127	19	60	59
gene6341	71	35	87	56	239	391	380	578	432	791	368	834	730	120	652	245
gene6342	51	41	157	59	58	113	89	173	53	109	107	199	147	39	75	106
gene6343	17	10	5	4	20	22	35	18	13	25	15	43	11	3	9	20
gene6344	2	0	9	16	0	7	0	4	10	5	0	0	0	0	5	6
gene6345	0	0	0	0	0	0	0	0	0	0	0	0	0	4	0	2
gene6346	92	38	142	57	75	84	172	159	129	96	109	266	215	22	70	46
gene6347	101	32	100	49	70	86	113	224	69	91	117	129	205	20	39	44
gene6348	15	8	10	1	9	6	23	21	5	38	15	11	10	4	3	2
gene6349	10	11	34	27	4	18	23	52	18	29	23	99	23	1	17	13
gene6350	52	12	70	51	66	147	146	279	201	140	86	241	221	52	154	75
gene6351	132	81	302	146	555	929	626	1299	722	1566	716	1226	1109	264	509	692
gene6352	8	8	23	24	13	20	8	27	21	8	20	43	17	2	14	19
gene6353	717	348	1133	374	459	604	747	1546	1018	821	675	1349	1393	374	760	477
gene6354	59	15	40	38	19	36	31	40	28	30	33	56	67	19	30	26
gene6355	1	1	2	0	2	1	0	0	15	6	1	0	0	0	4	0
gene6356	0	1	4	0	0	6	9	5	19	0	0	1	11	0	0	0
gene6357	55	17	82	23	32	37	43	67	10	43	30	80	76	9	25	30
gene6358	176	61	321	132	131	201	200	427	283	399	183	414	383	72	166	175
gene6359	11	6	24	15	9	8	34	52	18	19	20	24	80	16	37	10
gene6360	49	29	72	40	100	189	191	190	145	189	90	434	261	40	117	126
gene6361	49	4	53	20	8	12	32	29	25	111	29	95	88	17	19	28
gene6362	18	2	27	9	1	5	3	16	4	6	3	7	7	3	6	9
gene6363	101	35	145	48	40	57	133	165	104	117	61	215	106	18	46	50
gene6364	2	0	0	1	1	0	1	1	2	0	2	0	0	1	1	0
gene6365	854	371	1244	820	540	800	1229	1168	1053	968	1210	2165	1681	435	1120	924
gene6366	220	111	351	152	54	87	95	215	92	135	125	233	237	53	83	97
gene6367	868	501	1857	645	584	965	1511	2250	862	1013	816	1284	1332	338	753	789
gene6368	36	37	34	40	27	86	57	97	61	63	47	89	67	16	35	34
gene6369	7	12	9	20	7	7	11	2	26	29	9	21	8	12	3	1
gene6370	1	3	1	0	0	0	0	0	0	0	5	0	0	0	0	4
gene6371	12	13	45	29	17	37	12	37	37	66	22	101	42	17	18	30
gene6372	18	27	63	27	57	94	24	100	41	57	28	52	48	19	31	15
gene6373	6	4	39	15	9	10	3	9	14	8	0	26	18	2	17	7
gene6374	112	74	345	163	102	141	184	369	263	207	172	543	459	78	143	165
gene6375	826	414	1426	773	536	936	1216	2059	1102	1277	997	2628	2108	336	886	776
gene6376	29	39	112	55	25	25	58	107	52	79	35	181	92	29	69	53
gene6377	189	79	548	211	168	431	170	312	278	361	255	580	642	151	240	267
gene6378	0	0	21	0	0	0	7	1	0	6	0	1	1	0	4	1
gene6379	344	184	541	238	226	463	336	813	429	488	380	858	339	130	354	387
gene6380	2819	1058	5304	2060	2114	2290	3778	6668	2949	3707	2902	6156	4950	1533	2585	2498
gene6381	125	52	211	66	97	96	169	292	128	124	149	274	208	44	83	62
gene6382	146	47	306	56	69	129	100	256	195	174	102	416	362	74	113	166
gene6383	45	5	98	32	15	29	52	90	51	48	21	37	81	20	32	29
gene6384	20	1	10	9	0	4	15	19	4	13	9	25	41	4	12	2
gene6385	1076	482	1858	1264	851	1350	1531	2080	1451	1927	1517	2768	1896	663	1119	857
gene6386	18	4	23	8	15	19	45	12	25	39	12	42	25	4	21	36
gene6387	4	0	1	0	0	0	0	9	0	0	0	6	1	0	0	1
gene6388	2660	955	3300	1835	1259	2221	2835	5966	2761	4356	2806	4223	4131	1080	1991	1429
gene6389	591	225	1184	599	445	579	778	1286	544	1252	770	1331	1143	255	538	658
gene6390	1181	720	2474	1198	952	1243	1330	1789	1871	2358	1244	2563	2679	625	1366	1037
gene6391	3	3	0	2	0	0	0	19	0	1	1	0	1	4	2	2
gene6392	8	7	31	19	6	13	37	24	13	50	21	30	45	12	15	10
gene6393	407	191	867	407	249	453	578	1233	697	726	410	1064	892	180	260	466
gene6394	168	80	401	157	101	133	316	442	173	257	230	489	386	70	153	135
gene6395	2	6	45	16	13	19	26	75	29	28	6	15	46	5	14	21
gene6396	1218	660	2536	1767	1054	1612	1770	3436	1709	1993	1962	3322	2946	781	1354	1667
gene6397	33	5	32	30	20	47	14	22	26	17	25	97	41	5	30	32
gene6398	2	0	8	0	0	0	3	1	0	3	1	5	0	3	1	0
gene6399	9	14	40	22	11	5	15	18	27	18	8	18	9	15	4	23
gene6400	12	0	26	19	11	20	20	18	23	21	44	43	75	10	12	24
gene6401	0	0	8	0	5	0	0	1	8	0	1	2	0	0	0	0
gene6402	503	268	932	491	401	589	690	1218	641	598	634	1173	1276	241	442	461
gene6403	907	508	1791	1181	988	1273	1253	2672	1308	1686	1699	2917	2129	696	965	957
gene6404	3	0	8	5	9	6	22	9	13	15	3	24	23	3	5	5
gene6405	295	123	449	323	154	240	378	655	365	359	247	503	618	96	205	289
gene6406	92	47	157	90	71	76	120	271	73	80	103	247	215	59	120	154
gene6407	0	0	2	0	0	1	0	0	0	3	0	1	4	0	0	0
gene6408	9	11	41	29	14	21	22	51	43	37	43	104	85	2	36	14
gene6409	142	85	301	101	104	177	278	341	201	215	248	352	353	88	175	134
gene6410	20	6	58	29	30	25	34	53	69	80	33	63	90	9	40	24
gene6411	1	0	10	2	4	0	2	0	1	3	4	0	2	1	5	1
gene6412	154	52	267	99	97	163	225	265	206	314	144	367	200	99	129	206
gene6413	241	145	390	165	178	209	227	389	275	279	322	257	558	97	203	171
gene6414	12	1	14	5	0	3	12	4	2	11	1	0	6	0	4	1
gene6415	2041	654	3080	1427	1319	2019	3096	3680	2533	3101	2105	4192	3749	1095	2154	2108
gene6416	9	7	46	28	6	15	43	52	32	33	24	76	43	13	39	26
gene6417	2104	883	3250	1133	1024	1843	3494	4166	2520	3168	2509	3990	2882	903	1459	1735
gene6418	4301	1866	7765	4349	2835	3746	6877	8103	6877	4557	6273	10145	8658	2333	3468	4852
gene6419	147	75	264	151	144	159	411	522	226	175	220	307	426	71	165	139
gene6420	64	9	112	39	20	43	54	55	58	83	47	97	61	28	34	83
gene6421	2	0	0	0	0	0	0	0	0	0	0	1	2	0	0	0
gene6422	0	0	0	0	0	4	0	0	1	6	0	0	9	0	0	0
gene6423	14	2	18	12	8	7	17	38	15	19	7	8	28	0	5	5
gene6424	3	3	9	5	5	4	21	11	3	5	13	24	12	4	2	0
gene6425	0	0	17	7	1	3	11	3	4	3	6	5	37	2	6	4
gene6426	0	0	0	3	0	0	0	0	4	1	0	2	2	0	0	1
gene6427	0	0	1	2	0	0	0	21	2	0	0	11	0	1	2	2
gene6428	101	54	168	79	53	79	160	166	135	172	61	251	191	32	54	74
gene6429	1	0	0	0	1	0	0	0	0	5	1	0	0	0	0	0
gene6430	31	12	28	26	52	45	72	74	49	83	46	236	90	34	66	64
gene6431	140	77	229	149	156	135	152	373	174	244	163	341	255	91	110	162
gene6432	1	4	12	6	2	1	7	22	3	5	8	1	7	1	5	3
gene6433	49	40	204	93	67	66	124	229	74	197	91	167	205	25	81	73
gene6434	194	152	323	186	167	222	287	487	248	249	176	402	349	75	218	164
gene6435	0	1	0	0	0	0	0	3	0	1	7	0	1	0	0	0
gene6436	483	239	617	467	347	635	537	1289	677	564	600	772	742	183	504	431
gene6437	36	22	35	43	18	22	65	127	40	36	30	63	41	14	29	40
gene6438	12	6	15	21	15	14	37	46	18	28	41	47	46	13	20	9
gene6439	430	229	905	269	298	504	576	812	443	638	457	753	843	169	446	461
gene6440	1	0	0	2	0	13	5	7	3	2	2	1	5	0	2	4
gene6441	406	201	753	349	305	608	553	921	671	876	356	1338	969	180	525	403
gene6442	0	0	1	0	1	0	0	1	1	0	0	0	3	0	0	0
gene6443	0	0	0	0	0	0	0	0	0	0	0	0	0	0	1	0
gene6444	3	0	6	4	3	4	19	19	2	16	7	40	4	7	2	3
gene6445	67	12	81	41	54	65	33	94	64	51	43	96	103	24	42	44
gene6446	573	318	1250	418	439	499	987	1608	859	1069	678	1294	1596	260	517	451
gene6447	567	211	1406	596	2625	3956	3805	10220	6509	4978	4112	9137	7624	2024	3402	3504
gene6448	25	12	56	13	36	33	22	104	28	34	41	45	73	9	25	43
gene6449	0	1	8	10	0	4	1	13	14	5	0	13	8	0	4	2
gene6450	1	0	0	1	2	0	0	9	0	0	0	4	31	1	1	0
gene6451	77	32	130	73	65	71	75	215	91	219	145	195	180	24	170	42
gene6452	30	39	84	39	37	71	56	94	62	114	37	87	88	17	33	46
gene6453	260	145	788	263	1698	3374	3309	6942	3724	4717	2170	7255	8602	1308	2835	2881
gene6454	117	55	179	77	74	116	123	236	124	167	139	219	203	34	138	60
gene6455	82	51	178	77	67	108	120	183	185	152	86	149	198	41	104	87
gene6456	9	4	27	14	3	26	27	23	5	21	25	23	34	13	9	2
gene6457	26	2	12	5	8	20	24	34	20	14	7	50	16	9	11	9
gene6458	92	31	80	110	54	71	78	176	103	111	85	159	81	53	137	30
gene6459	470	268	826	434	45	66	135	154	66	93	86	131	156	30	56	81
gene6460	338	176	595	247	281	343	332	595	308	312	313	624	476	134	345	183
gene6461	8	2	15	13	26	12	33	21	16	27	16	60	19	1	13	2
gene6462	3033	1416	4677	2395	2310	3823	3259	9027	3964	4416	3756	7782	6832	1135	3417	2930
gene6463	81	56	211	115	19	63	43	116	69	93	50	127	89	34	47	52
gene6464	473	204	886	395	484	522	835	1038	691	747	513	965	918	208	456	450
gene6465	21	3	35	6	8	19	31	28	18	32	18	7	10	3	15	11
gene6466	0	3	2	1	0	2	0	0	3	10	4	0	0	0	6	3
gene6467	4891	3530	15020	6766	5080	9590	10742	16263	8747	8525	7608	22588	17162	3914	6634	7469
gene6468	415	230	561	287	265	341	363	1076	313	652	496	852	959	216	356	452
gene6469	22	1	21	11	21	3	20	8	23	69	47	38	22	6	22	28
gene6470	20	10	19	17	8	7	24	39	32	42	55	44	64	16	28	11
gene6471	285	130	459	231	135	214	271	537	307	473	282	581	581	115	222	279
gene6472	15	1	7	10	7	11	6	42	12	7	4	5	15	9	11	3
gene6473	51	22	55	85	34	28	51	197	53	83	34	131	112	26	51	44
gene6474	97	56	267	75	47	82	182	165	105	155	59	265	210	30	70	52
gene6475	3	0	0	0	0	1	0	0	0	0	0	0	0	0	0	0
gene6476	75	40	133	48	47	149	82	277	93	146	78	167	196	30	116	60
gene6477	31	15	32	20	12	21	34	33	24	49	23	113	47	2	43	25
gene6478	307	136	571	202	214	324	300	756	459	337	257	675	918	186	320	356
gene6479	41	10	110	32	31	27	40	134	36	51	44	83	88	14	50	27
gene6480	50	42	152	53	96	79	68	192	48	105	90	167	133	36	56	77
gene6481	33	15	43	50	17	45	97	84	49	78	57	72	185	23	50	51
gene6482	13	9	60	22	28	32	57	76	48	28	31	35	63	13	25	49
gene6483	58	43	193	70	9	11	10	49	13	14	11	19	24	1	9	18
gene6484	85	21	159	107	14	25	25	23	43	48	42	66	52	17	43	38
gene6485	36	11	12	18	11	23	12	47	67	32	15	47	79	6	21	9
gene6486	17	7	11	7	11	17	21	31	10	15	35	33	18	9	9	5
gene6487	40	19	89	36	16	61	29	120	56	60	38	105	74	11	25	31
gene6488	249	90	344	176	139	207	212	330	250	340	243	496	423	84	168	138
gene6489	143	79	280	102	143	141	204	262	154	203	179	350	251	54	125	157
gene6490	152	55	277	100	259	284	785	866	571	489	357	757	910	166	329	350
gene6491	0	1	2	1	0	0	0	0	0	0	0	0	0	0	1	0
gene6492	887	297	1329	700	426	833	841	1413	963	1115	874	1338	1237	257	815	597
gene6493	32	14	60	18	20	30	38	73	72	48	9	68	80	25	11	14
gene6494	8	2	3	4	7	10	12	41	14	7	1	25	1	6	3	4
gene6495	18	7	50	26	34	17	48	128	34	38	36	65	30	4	13	22
gene6496	133	87	192	170	92	146	221	381	147	263	202	418	310	68	128	93
gene6497	36	19	50	17	33	51	27	174	53	99	22	129	62	33	21	30
gene6498	147	57	216	111	117	137	158	179	119	151	202	316	241	54	98	71
gene6499	842	423	1659	745	614	808	1598	1481	1043	1235	957	2005	1614	390	869	892
gene6500	0	0	0	0	0	0	0	4	0	0	0	0	0	0	14	1
gene6501	14	4	24	5	4	13	18	30	9	5	25	15	7	5	1	2
gene6502	71	38	182	80	45	59	101	196	116	94	128	242	175	40	82	140
gene6503	102	49	114	86	60	47	107	305	95	133	124	235	159	37	147	84
gene6504	63	31	98	37	24	71	70	105	49	108	70	38	162	20	38	41
gene6505	6	4	22	2	5	15	1	45	15	3	13	12	19	2	1	17
gene6506	23	7	50	4	23	33	27	48	9	25	20	166	14	3	39	25
gene6507	1842	1101	3765	1952	1664	2335	3353	4941	2835	2984	2597	4181	4739	902	1928	1467
gene6508	31	12	47	36	11	24	27	55	13	41	47	48	94	18	30	14
gene6509	0	0	2	0	4	13	0	1	1	2	0	0	0	0	0	0
gene6510	93	34	178	101	90	114	105	200	155	169	122	285	319	72	138	136
gene6511	1850	1020	2696	1636	384	429	613	861	468	759	474	1118	799	192	442	475
gene6512	9	1	0	0	0	3	5	0	0	0	0	0	4	0	3	0
gene6513	113	72	250	111	51	144	118	304	115	147	122	233	240	49	172	119
gene6514	2	7	14	0	2	19	6	19	7	6	2	2	16	1	2	1
gene6515	13	0	6	1	1	6	0	0	0	4	2	2	1	1	4	0
gene6516	0	0	0	0	3	5	0	0	0	0	0	0	0	0	0	0
gene6517	8	0	1	8	3	1	5	32	4	1	6	27	3	1	11	2
gene6518	279	172	809	360	264	332	382	599	455	525	373	795	559	185	301	347
gene6519	15	1	4	0	2	5	6	10	10	19	8	8	11	0	0	1
gene6520	127	58	271	70	105	123	125	283	203	151	163	342	223	75	117	109
gene6521	112	63	153	52	65	53	100	214	66	156	82	226	134	50	81	80
gene6522	0	0	0	0	0	0	0	0	0	0	0	0	0	0	0	0
gene6523	2124	967	3201	2106	558	713	990	1859	1076	1320	936	1716	1443	381	801	555
gene6524	52	17	101	36	57	45	85	108	74	76	68	77	101	31	60	47
gene6525	0	0	0	0	0	0	1	0	0	0	0	0	0	1	0	0
gene6526	251	162	430	294	225	454	563	791	483	394	362	996	751	139	278	399
gene6527	0	2	1	1	6	3	0	0	2	0	8	0	0	0	1	0
gene6528	56	31	120	23	60	48	80	105	98	136	65	179	113	44	41	50
gene6529	99	49	223	115	43	195	141	229	147	177	128	433	278	50	90	88
gene6530	16	0	13	2	3	1	3	5	4	3	0	4	29	4	1	6
gene6531	75	58	79	77	68	119	121	172	115	112	108	336	172	46	87	119
gene6532	455	323	547	346	277	425	547	1095	556	780	450	1056	700	272	430	403
gene6533	12	1	14	3	2	3	5	7	2	4	1	14	2	3	1	1
gene6534	36	9	84	26	34	38	50	57	27	49	41	57	29	13	41	20
gene6535	227	167	584	280	314	330	405	739	482	477	417	769	678	115	349	261
gene6536	1	2	2	1	3	0	0	4	2	6	7	1	8	0	1	4
gene6537	13	6	40	32	12	12	16	46	27	20	9	21	26	9	32	15
gene6538	23	10	57	36	12	24	21	53	30	29	27	20	64	9	12	30
gene6539	22	0	15	1	3	10	4	34	19	15	6	9	4	6	10	2
gene6540	25	17	66	37	43	21	39	78	43	50	43	39	41	7	31	22
gene6541	1	0	2	0	0	0	0	0	0	0	0	0	1	0	3	1
gene6542	2	0	0	2	1	3	6	9	0	5	15	1	3	1	1	0
gene6543	367	180	709	328	378	546	630	1020	607	834	558	1298	938	207	391	396
gene6544	276	103	409	171	176	276	333	560	232	353	225	682	646	130	302	283
gene6545	16	10	29	9	16	12	37	36	20	22	4	49	11	9	27	5
gene6546	4060	1485	9470	3009	2807	4134	6943	8652	4453	7855	3572	10435	6634	1834	3760	3729
gene6547	517	189	896	399	365	530	626	780	819	825	675	1016	763	198	441	575
gene6548	1349	598	2491	938	431	597	903	1476	625	1007	780	1564	1081	319	910	609
gene6549	17	6	26	7	9	22	21	55	14	9	19	45	12	6	13	12
gene6550	51	24	95	34	58	66	53	91	64	54	57	107	129	26	54	75
gene6551	25	4	17	10	1	5	16	8	31	6	5	5	7	3	12	7
gene6552	5457	2423	13041	4802	3828	5986	8498	13952	6375	8303	6964	12660	14141	2713	7284	6615
gene6553	43	28	58	34	25	42	57	128	47	74	38	102	89	18	37	33
gene6554	263	102	479	174	178	344	242	712	293	463	328	382	425	93	246	201
gene6555	33	10	34	50	25	21	37	85	66	62	33	50	74	14	42	31
gene6556	95	51	129	56	86	71	114	137	120	117	134	205	328	36	101	53
gene6557	47	38	63	51	48	103	113	166	126	93	107	154	101	41	91	65
gene6558	0	0	0	0	0	11	0	6	5	7	0	7	2	0	0	1
gene6559	86	71	108	57	53	53	131	152	87	139	97	222	222	30	101	113
gene6560	14	2	6	4	0	0	4	5	2	0	0	3	0	0	0	1
gene6561	760	377	1428	564	871	769	1212	1956	1166	1817	917	2576	1725	438	818	762
gene6562	307	121	475	314	191	352	410	487	439	469	388	738	547	164	267	323
gene6563	2	4	22	8	1	9	19	10	3	6	3	1	7	7	2	16
gene6564	15	8	28	5	20	17	9	26	12	60	9	23	48	7	20	14
gene6565	2732	1310	3767	1563	1607	2098	3213	6421	3587	4364	2592	6084	3712	892	2120	2635
gene6566	1427	779	2380	1119	1324	1202	2064	2952	1836	2865	1310	2868	2718	553	1308	1091
gene6567	773	317	1495	657	492	757	1339	2050	1070	1062	955	1390	1915	355	649	910
gene6568	0	0	2	3	2	2	13	4	3	1	3	3	3	1	0	0
gene6569	1800	609	2472	1167	1540	1956	2012	3065	1970	2344	1879	3404	3594	916	1482	1702
gene6570	8857	5595	30905	15380	8817	11540	14682	23791	21016	24503	16939	32385	30938	5771	14422	10539
gene6571	20	8	42	13	3	9	20	17	14	20	13	37	32	17	5	16
gene6572	76	22	120	67	45	42	63	254	72	164	67	170	89	31	60	55
gene6573	7	1	33	6	0	6	4	7	15	10	4	7	5	14	2	3
gene6574	3	3	2	2	8	11	4	26	4	5	1	5	12	4	13	7
gene6575	289	118	656	230	203	427	319	565	345	589	362	586	826	193	283	349
gene6576	135	46	86	108	111	120	186	310	167	141	143	217	183	59	83	100
gene6577	60	26	94	98	10	21	27	39	21	28	19	41	43	15	19	16
gene6578	20	8	33	10	33	11	27	38	26	40	43	57	39	4	30	25
gene6579	46	28	130	34	41	93	86	235	76	87	74	210	158	54	68	38
gene6580	32	17	49	15	27	16	38	30	21	49	36	63	55	7	18	16
gene6581	0	5	10	9	3	11	17	4	26	21	4	4	12	7	4	15
gene6582	562	204	1277	495	334	756	1032	1592	657	1006	859	1521	1164	255	633	674
gene6583	6153	3165	13649	6508	6010	7160	9154	15092	9076	14895	6815	17612	18410	2908	8253	7187
gene6584	495	163	705	360	317	441	514	800	549	509	514	941	1062	178	390	440
gene6585	191	65	373	228	325	432	634	1192	473	779	432	1374	1195	151	547	429
gene6586	24	5	16	4	5	20	7	32	19	2	11	42	31	9	8	13
gene6587	10	9	25	6	4	14	21	20	7	7	7	34	18	3	9	5
gene6588	662	256	974	431	366	544	1104	1496	904	887	628	1162	1454	302	554	613
gene6589	1	0	0	0	0	0	0	0	0	0	0	0	0	0	0	0
gene6590	1365	685	2020	941	870	1555	1432	2999	1906	2268	1209	3137	2416	631	1529	1422
gene6591	2625	1442	6396	2642	2749	4182	5183	7368	4985	5355	4303	9339	7789	1479	3463	3238
gene6592	0	0	0	0	0	0	0	0	1	0	0	0	6	0	6	0
gene6593	20	0	19	8	7	7	0	1	2	12	14	3	40	6	6	2
gene6594	20	14	43	27	10	32	11	30	9	42	22	35	56	7	29	9
gene6595	1100	495	1924	1205	965	1214	1436	2824	1159	2060	1362	2892	1999	519	1288	990
gene6596	28	11	28	41	24	36	49	50	21	37	23	67	32	5	22	28
gene6597	76	19	336	69	48	73	134	284	108	103	80	181	112	60	124	89
gene6598	8	0	18	11	1	21	3	21	11	24	15	0	29	2	19	6
gene6599	163	53	556	207	127	162	268	396	228	328	256	484	460	140	158	111
gene6600	467	277	673	412	235	538	450	1130	536	746	583	1046	1115	227	469	395
gene6601	22	14	48	10	19	14	28	49	49	33	41	43	41	20	64	10
gene6602	90	39	126	79	38	66	88	105	87	84	121	189	170	36	37	56
gene6603	9	3	26	10	11	8	3	3	17	11	6	41	32	5	8	7
gene6604	19	14	36	17	11	26	33	50	22	39	39	57	49	13	16	19
gene6605	36	15	52	15	19	18	47	65	46	27	31	116	138	13	31	28
gene6606	58	11	86	40	141	126	216	781	374	296	151	618	403	47	319	219
gene6607	3246	1357	4540	2642	1943	3298	3989	7361	4111	4804	2963	8562	5851	1097	2785	1614
gene6608	46	24	97	70	62	86	50	119	150	149	83	216	133	46	74	118
gene6609	36	32	112	60	21	29	59	122	78	70	34	74	114	18	44	39
gene6610	73	16	142	77	81	108	144	339	91	237	110	234	173	42	81	50
gene6611	1881	1018	4077	1908	1276	1840	3245	6140	2499	3709	1612	5281	3772	928	2169	1832
gene6612	7	11	41	10	13	19	17	30	19	8	16	10	29	4	13	21
gene6613	6	7	17	13	11	14	13	50	39	10	27	61	66	3	7	23
gene6614	100	32	106	54	57	31	86	68	36	61	36	75	90	37	46	29
gene6615	34	23	47	35	31	23	90	84	36	79	78	96	60	37	18	28
gene6616	2800	1497	3991	3497	2341	3334	3800	5080	2768	3839	2476	6606	7296	1400	3656	2874
gene6617	48	20	77	41	24	44	83	87	23	109	55	87	113	16	39	31
gene6618	0	1	7	8	1	4	2	3	0	7	0	34	10	1	1	0
gene6619	25	7	48	26	35	42	38	25	66	23	15	80	87	9	13	28
gene6620	1	5	1	1	8	1	2	3	8	0	0	6	0	3	4	0
gene6621	11	2	22	14	17	11	22	34	26	3	25	28	37	11	16	18
gene6622	45	35	178	92	101	94	169	138	145	148	120	230	147	27	82	106
gene6623	0	0	0	0	0	0	0	0	0	0	0	0	0	0	0	0
gene6624	4	9	21	9	6	5	32	34	4	15	7	46	24	8	21	8
gene6625	58	11	52	30	283	351	455	771	322	466	340	1709	726	270	284	322
gene6626	2	9	33	14	4	17	12	41	16	6	16	26	18	11	9	6
gene6627	83	39	140	55	33	81	61	151	91	109	67	208	155	36	52	46
gene6628	12	2	20	12	1	0	6	19	3	2	0	5	0	1	3	1
gene6629	308	162	737	320	290	537	512	691	456	991	438	1197	942	198	340	404
gene6630	233	186	440	162	179	285	439	720	395	515	372	647	651	183	270	209
gene6631	49	11	73	38	57	23	41	97	52	75	62	119	21	3	33	39
gene6632	228	111	455	157	158	288	426	368	339	358	141	434	451	107	233	187
gene6633	1	2	13	3	3	0	3	35	19	1	14	2	2	1	1	0
gene6634	5	7	24	16	10	12	15	37	16	10	14	36	36	9	8	15
gene6635	394	141	607	472	255	366	450	789	400	622	423	685	810	163	383	296
gene6636	331	254	592	361	280	596	587	700	520	496	459	720	847	199	560	425
gene6637	3	0	1	0	0	0	0	1	2	0	0	0	0	0	0	4
gene6638	379	142	693	399	209	477	573	652	491	542	407	1128	751	194	459	362
gene6639	205	154	457	245	166	261	269	633	309	447	299	512	578	118	180	277
gene6640	1	2	13	0	5	1	0	6	10	4	0	1	11	1	1	0
gene6641	53	21	68	14	13	25	41	69	16	60	31	78	61	4	29	20
gene6642	5	8	23	3	13	5	26	29	5	16	6	6	11	0	2	7
gene6643	175	69	277	139	79	173	229	286	211	331	204	373	402	39	115	161
gene6644	0	0	0	2	1	0	0	0	1	1	0	0	1	0	0	0
gene6645	40	15	81	35	17	54	52	62	30	64	26	56	73	22	30	12
gene6646	437	234	789	382	404	439	520	869	587	519	622	934	933	228	503	418
gene6647	147	47	245	137	64	105	136	340	184	292	85	254	267	42	146	167
gene6648	79	25	157	50	46	41	131	120	83	108	51	153	95	17	67	25
gene6649	53	25	112	43	49	30	48	168	103	126	94	157	96	45	61	60
gene6650	3357	1335	6172	3326	2565	3902	5450	9482	5012	4687	2375	7264	6121	2066	3009	3489
gene6651	19	21	14	21	12	13	35	31	38	27	41	44	46	18	27	11
gene6652	225	136	631	184	204	372	307	590	398	639	278	607	534	174	252	240
gene6653	58	12	77	34	20	57	102	116	63	115	55	108	79	24	41	51
gene6654	4793	1763	6920	3359	2717	3852	5500	8298	5203	6989	3168	9304	6186	1818	3616	4139
gene6655	2774	1668	8865	4781	2883	3014	5453	7182	5295	7655	4031	9636	6716	1436	3847	4570
gene6656	4	8	25	2	10	19	22	31	23	6	8	42	13	8	6	7
gene6657	28	20	68	28	19	36	30	89	52	60	24	120	96	19	31	70
gene6658	104	53	174	131	85	113	207	216	169	197	97	263	125	38	154	112
gene6659	4	2	10	2	12	1	1	7	4	2	17	23	5	0	9	5
gene6660	18	22	57	15	15	22	34	41	30	22	72	37	19	27	30	13
gene6661	0	0	0	0	0	0	2	1	0	1	0	0	0	0	0	0
gene6662	203	90	447	221	444	880	1083	1976	830	1047	783	1901	1643	338	675	801
gene6663	185	65	257	185	164	160	231	411	215	305	270	402	370	71	164	136
gene6664	2277	1441	4332	2391	1678	2448	4000	6696	3404	4466	2614	5954	6238	1355	2628	2934
gene6665	185	35	343	80	70	114	169	234	134	190	99	240	204	46	97	149
gene6666	10	26	50	14	10	12	18	47	5	42	13	20	33	12	16	16
gene6667	16	13	52	14	23	36	78	61	69	67	21	61	62	12	30	17
gene6668	6	4	14	14	3	15	17	24	6	18	3	77	25	4	24	7
gene6669	1587	966	3331	1437	1564	2576	2236	3684	2680	2391	1967	4498	3899	824	1847	1379
gene6670	279	172	860	420	250	339	463	1114	491	544	408	779	909	182	282	412
gene6671	567	269	803	524	485	572	795	1548	893	979	589	1504	1020	209	564	450
gene6672	4	3	4	3	9	8	17	19	4	11	14	11	12	1	10	4
gene6673	964	541	1386	590	518	757	1127	1937	966	1483	797	2285	1092	322	685	891
gene6674	289	127	392	231	186	220	299	401	392	321	274	527	458	96	205	143
gene6675	0	0	0	0	0	2	1	0	11	0	0	2	15	0	1	0
gene6676	2	4	9	3	0	0	2	15	0	0	1	0	6	0	0	0
gene6677	13	7	27	25	9	25	33	66	20	37	23	64	40	10	19	34
gene6678	416	179	669	387	314	552	1021	859	624	723	533	1028	1049	218	361	466
gene6679	1752	571	2269	844	583	1044	1483	2879	1394	1709	1328	2773	2812	431	1275	1085
gene6680	5	4	18	8	5	4	8	3	7	2	1	8	10	3	2	4
gene6681	4	1	0	1	1	0	20	6	6	0	0	0	10	1	2	6
gene6682	195	86	195	152	109	126	294	212	124	203	131	310	377	54	108	124
gene6683	176	33	232	180	91	186	113	308	170	151	157	588	256	103	106	138
gene6684	5876	3074	11452	4251	5597	7346	9785	12977	7852	13273	6726	15113	13809	3413	5165	6025
gene6685	269	89	622	308	241	394	295	824	426	383	257	883	623	127	250	198
gene6686	0	2	2	5	7	1	0	31	6	14	3	7	6	0	0	1
gene6687	47	24	55	60	46	102	39	112	87	59	61	210	44	29	40	73
gene6688	19	9	53	18	9	29	38	28	51	55	15	12	38	5	8	13
gene6689	32	20	46	18	47	54	47	196	63	100	34	115	141	39	23	17
gene6690	231	114	602	206	185	223	302	571	347	411	295	572	520	64	173	241
gene6691	20	15	66	46	20	32	31	52	63	37	72	57	59	15	25	26
gene6692	15	4	26	13	14	7	14	19	20	30	23	19	61	18	16	7
gene6693	11	2	26	19	6	25	16	29	11	10	27	56	17	15	2	44
gene6694	22	14	28	19	18	25	58	95	33	32	25	32	37	10	31	25
gene6695	0	4	6	2	9	10	7	8	4	9	11	70	0	8	5	6
gene6696	48	35	220	59	70	47	152	181	108	161	103	304	216	27	54	73
gene6697	113	41	135	62	67	125	117	188	78	138	118	238	149	25	76	92
gene6698	0	1	1	0	3	0	1	3	0	17	0	2	0	0	8	2
gene6699	234	103	521	202	151	256	247	699	286	298	218	580	355	84	142	243
gene6700	25	5	72	15	14	20	65	65	23	90	59	68	64	21	28	14
gene6701	5	0	30	5	1	11	1	20	14	17	1	53	1	1	3	2
gene6702	354	184	676	307	313	446	700	1428	466	541	390	797	847	200	410	449
gene6703	5	2	43	9	3	30	20	26	8	12	39	51	23	5	12	4
gene6704	0	0	20	0	2	1	1	21	1	1	2	0	0	0	1	1
gene6705	184	110	319	127	126	174	268	550	278	328	199	396	404	93	192	192
gene6706	9	4	40	4	6	6	6	39	17	1	7	21	16	3	10	2
gene6707	74	51	230	79	77	125	104	160	114	162	104	232	110	48	60	102
gene6708	0	2	1	2	5	10	12	2	11	16	11	4	5	0	7	3
gene6709	0	0	0	0	1	2	0	1	0	3	0	8	0	0	0	0
gene6710	152	56	233	150	133	163	201	322	177	247	195	303	182	67	193	228
gene6711	3	11	13	12	7	12	21	47	7	44	39	74	29	8	16	18
gene6712	87	51	226	118	58	174	257	234	128	189	124	342	183	73	132	81
gene6713	0	0	1	0	0	0	0	0	5	2	0	0	0	0	0	1
gene6714	43	18	53	37	28	43	36	108	25	70	38	78	106	28	58	26
gene6715	82	17	135	84	70	45	79	206	31	117	88	175	258	36	66	48
gene6716	59	34	62	53	29	54	100	116	74	71	44	113	122	25	52	39
gene6717	631	277	1030	569	1463	2534	2764	3934	2207	2697	1786	3740	3857	543	1800	1633
gene6718	6	0	3	10	2	0	4	3	6	14	1	24	12	1	2	3
gene6719	193	171	600	239	176	269	345	437	418	347	302	532	818	114	313	247
gene6720	325	167	537	187	231	299	353	671	322	382	363	859	486	107	293	213
gene6721	1	1	2	0	4	5	1	12	5	2	0	0	8	0	0	9
gene6722	13	14	66	17	22	14	47	84	36	15	22	41	70	20	36	13
gene6723	110	40	195	68	87	104	154	293	131	96	113	308	209	21	87	86
gene6724	4	0	5	6	0	15	6	5	9	2	1	1	3	2	1	0
gene6725	3	0	5	1	5	1	0	2	0	1	2	5	6	1	0	0
gene6726	30	26	121	19	72	59	107	195	86	143	83	209	110	37	43	68
gene6727	1356	513	1678	755	735	1367	1402	2455	1181	1325	1169	2616	2268	511	1229	984
gene6728	41	27	73	61	52	25	74	89	78	55	31	143	152	41	68	46
gene6729	45	12	47	14	24	25	15	35	40	79	28	53	60	7	29	49
gene6730	21	14	59	22	21	47	26	83	61	28	36	85	102	9	31	19
gene6731	2	0	2	4	0	0	0	1	1	0	0	0	0	0	3	0
gene6732	722	320	1262	606	686	818	1243	1140	1009	1536	1121	1765	1511	336	960	719
gene6733	39	34	116	43	41	63	76	131	82	49	100	152	149	21	23	47
gene6734	0	0	11	0	0	0	2	0	2	0	0	2	0	0	0	0
gene6735	8	7	34	7	8	34	3	54	14	33	7	11	21	10	9	12
gene6736	20	4	56	14	8	11	33	43	20	19	10	29	27	7	9	10
gene6737	1402	1009	4134	2045	1402	2411	2539	6075	2802	3255	2595	4535	4223	983	2009	2059
gene6738	5	4	14	11	5	3	5	14	3	3	9	41	20	3	7	7
gene6739	2622	1355	3350	2058	1718	2491	2784	5860	2616	3665	2585	5805	4410	1010	2152	2109
gene6740	276	93	376	341	258	367	534	560	323	461	361	569	514	137	243	243
gene6741	313	232	526	300	864	1107	1551	2239	1129	1594	974	2615	2695	558	1141	1043
gene6742	19	13	52	25	21	43	29	121	33	41	22	52	27	4	17	18
gene6743	35	18	114	53	37	50	54	158	57	56	64	131	51	31	45	26
gene6744	4	4	8	5	2	1	2	12	11	5	1	17	14	4	1	12
gene6745	131	69	207	137	68	68	264	315	115	225	126	288	298	68	116	165
gene6746	0	0	0	1	1	1	3	1	1	0	0	1	2	0	1	4
gene6747	0	0	0	2	0	0	0	1	0	2	0	2	6	0	0	0
gene6748	236	129	515	337	180	445	438	668	251	475	341	738	545	148	299	215
gene6749	993	377	1922	838	1837	3450	5015	7156	3340	4313	3286	6608	5974	1241	2927	2941
gene6750	26	23	13	9	126	115	134	610	96	108	127	503	425	58	68	98
gene6751	73	40	299	98	77	150	159	215	112	109	89	312	110	56	111	67
gene6752	0	0	0	0	0	0	3	6	1	1	0	5	0	1	0	4
gene6753	12	4	20	2	3	5	9	13	22	60	24	36	20	7	9	14
gene6754	0	12	17	12	1	5	11	3	1	2	0	4	5	0	0	7
gene6755	13	3	2	1	32	1	12	6	8	0	41	6	14	2	2	5
gene6756	5	1	4	3	10	2	9	15	2	1	6	18	4	0	10	2
gene6757	3	1	3	0	4	1	5	1	4	2	23	23	4	3	3	1
gene6758	58	37	159	37	45	45	98	56	68	107	56	161	163	39	74	57
gene6759	131	52	162	69	72	103	89	227	109	125	71	184	337	46	106	46
gene6760	0	0	14	0	2	0	2	10	0	0	0	0	3	1	1	3
gene6761	42	19	118	47	33	52	45	72	48	110	78	118	65	10	56	31
gene6762	0	0	0	0	0	3	0	5	14	9	22	0	0	0	13	7
gene6763	326	80	388	171	150	305	330	538	212	346	293	647	488	109	186	205
gene6764	158	99	311	153	122	272	262	448	271	326	243	325	239	76	163	169
gene6765	45	19	119	36	29	47	121	147	62	106	54	117	159	24	27	43
gene6766	807	333	1150	591	472	765	774	1405	917	1208	738	1990	1351	373	525	703
gene6767	1	0	1	7	0	0	0	1	3	1	0	0	1	0	2	1
gene6768	5	18	50	22	41	42	51	81	52	22	21	134	41	22	20	41
gene6769	1771	971	3332	1376	1045	1570	1824	3784	2007	3046	2131	4429	4068	887	1554	1922
gene6770	43	22	91	37	16	32	40	56	60	59	52	105	40	20	49	28
gene6771	35	19	52	32	14	44	56	30	60	76	27	103	58	15	8	23
gene6772	30	3	42	12	23	23	28	57	22	33	18	41	26	14	15	17
gene6773	5	3	5	0	3	4	8	15	8	6	8	1	2	3	2	11
gene6774	119	69	327	194	136	129	197	329	169	254	160	356	244	79	195	136
gene6775	567	339	1200	531	4461	4780	7228	8230	6009	8744	6181	14958	12550	2156	5519	5700
gene6776	34	15	57	53	30	40	61	90	26	47	23	119	64	4	22	27
gene6777	177	80	402	178	131	255	273	508	169	370	325	484	322	124	274	203
gene6778	136	54	162	84	84	126	183	269	135	150	138	221	299	72	109	115
gene6779	58	53	114	120	74	109	118	176	102	110	120	289	161	28	85	93
gene6780	95	46	164	118	21	30	29	94	32	53	47	56	40	15	35	29
gene6781	196	73	300	193	99	170	266	705	169	334	260	380	298	106	172	191
gene6782	20	15	27	19	9	14	14	67	13	25	31	54	19	5	10	19
gene6783	1385	732	3332	1380	1591	2209	1653	3113	2578	3288	2322	4562	3884	774	1535	1657
gene6784	263	116	417	248	195	332	407	638	355	419	294	590	495	114	270	316
gene6785	1	2	33	24	3	11	12	45	16	13	47	48	15	1	33	25
gene6786	7	1	6	4	1	2	7	14	5	11	2	8	5	0	4	0
gene6787	8	5	7	3	0	2	41	8	4	4	0	38	6	3	0	0
gene6788	0	1	8	1	1	2	7	3	3	5	6	9	1	1	6	0
gene6789	26	7	96	11	31	35	49	60	30	59	50	40	90	14	33	46
gene6790	3	5	15	7	9	22	12	17	6	23	10	7	28	7	3	13
gene6791	284	130	676	314	214	400	365	674	442	365	282	557	530	141	236	291
gene6792	197	83	169	118	97	201	213	338	156	221	95	221	296	59	141	71
gene6793	148	33	217	128	115	176	128	251	173	249	122	202	297	48	75	73
gene6794	167	71	388	141	120	175	262	566	239	321	184	360	653	114	165	183
gene6795	888	383	1553	814	571	1262	1014	2176	1139	1229	1064	1883	1386	316	790	862
gene6796	229	116	524	152	132	263	286	431	282	292	194	584	362	140	273	206
gene6797	17	0	16	5	2	3	0	6	1	14	11	14	12	0	31	5
gene6798	428	183	835	405	230	390	663	1198	1000	1004	652	864	1205	217	523	548
gene6799	1	0	18	2	0	0	1	0	0	2	1	0	0	0	0	1
gene6800	0	1	8	1	0	5	7	16	7	14	8	8	14	4	4	4
gene6801	1	1	5	0	2	4	1	0	3	13	5	1	11	3	4	2
gene6802	1559	1074	3333	2021	1971	2047	2045	4662	2135	2674	3055	4855	4780	1048	2114	1620
gene6803	57	23	50	23	3	2	4	5	7	3	3	1	10	2	0	4
gene6804	4	6	9	3	7	9	5	12	22	4	10	18	89	3	7	3
gene6805	345	159	590	245	235	259	495	527	337	283	359	742	563	186	238	324
gene6806	437	259	810	304	395	631	680	1097	605	838	559	1355	892	269	350	505
gene6807	22	19	41	21	20	12	31	46	33	50	54	84	24	9	32	20
gene6808	261	193	517	276	262	368	414	586	263	531	270	781	535	171	317	330
gene6809	0	1	0	0	1	0	0	0	0	0	0	0	0	0	1	0
gene6810	1	0	7	3	0	1	0	0	0	0	2	3	0	0	0	0
gene6811	140	41	231	128	63	103	214	269	144	205	124	336	193	47	120	152
gene6812	21473	9374	38645	15487	15705	17576	26847	43070	20398	29521	28034	45132	49194	10721	19362	16832
gene6813	20	5	16	4	0	2	1	6	4	1	0	1	4	1	1	0
gene6814	403	128	538	239	210	281	427	577	315	396	303	544	611	128	302	302
gene6815	39	26	128	39	21	52	29	76	72	72	21	208	93	12	48	45
gene6816	28	9	68	18	2	7	2	2	17	5	5	6	11	3	2	5
gene6817	107	32	148	57	37	54	111	123	108	153	116	200	155	64	104	62
gene6818	13	18	60	45	12	16	44	66	25	35	18	61	38	7	44	39
gene6819	26	14	27	24	5	20	52	69	26	25	28	85	51	5	28	33
gene6820	14	8	24	17	54	180	76	183	198	128	172	199	213	30	80	96
gene6821	0	1	2	0	1	0	1	0	0	0	0	0	1	0	0	1
gene6822	6	4	9	0	0	14	2	14	12	28	7	28	12	1	2	3
gene6823	0	0	13	2	0	1	5	9	0	6	3	7	13	1	10	4
gene6824	60	52	68	45	70	51	83	145	91	104	96	304	95	42	66	89
gene6825	175	74	350	116	96	176	196	344	250	162	141	367	439	55	96	182
gene6826	7	1	26	3	2	5	7	11	9	8	3	17	5	5	4	6
gene6827	16	13	29	10	14	26	35	19	12	19	16	56	46	9	18	16
gene6828	5	2	1	0	0	0	0	3	5	1	0	2	2	0	11	3
gene6829	110	50	169	83	458	455	629	850	665	662	491	1294	559	194	512	457
gene6830	24	38	95	34	22	34	97	65	21	33	56	147	93	7	39	43
gene6831	31	18	36	40	44	48	114	210	155	178	147	172	245	39	113	107
gene6832	42	24	16	6	20	20	21	34	38	45	17	37	31	15	26	40
gene6833	340	241	597	443	81	92	155	150	179	231	110	212	312	49	135	133
gene6834	31	16	44	14	22	56	22	51	13	36	27	32	57	10	12	27
gene6835	409	128	659	314	237	402	500	529	464	688	315	738	631	180	282	297
gene6836	43	34	33	39	40	36	92	129	71	81	66	48	37	33	29	34
gene6837	121	51	152	99	83	169	211	259	171	226	140	246	265	52	127	77
gene6838	30	21	60	33	32	49	60	137	53	85	37	125	76	24	51	30
gene6839	13	4	1	8	10	9	3	28	5	15	7	18	21	2	28	4
gene6840	137	62	179	126	183	188	426	645	279	457	316	523	341	99	218	229
gene6841	19	20	83	27	41	53	56	74	52	80	49	103	79	11	64	60
gene6842	210	95	317	236	140	229	240	462	299	367	348	742	570	143	172	173
gene6843	0	0	0	0	0	0	0	0	0	0	0	6	0	0	0	1
gene6844	56	33	76	19	54	43	25	145	28	107	80	117	60	27	54	48
gene6845	4	1	9	0	2	1	1	11	6	4	0	0	18	0	1	2
gene6846	502	291	887	399	379	547	873	1688	658	941	586	1091	1207	223	453	537
gene6847	267	173	648	278	205	246	366	751	347	494	260	739	705	192	271	255
gene6848	2674	1445	4174	2468	1692	3236	4238	7277	3016	3459	3067	6388	4973	1208	2453	2421
gene6849	164	56	213	117	79	112	180	349	232	156	225	320	272	79	142	130
gene6850	133	89	411	223	115	239	224	348	284	278	235	467	272	90	209	164
gene6851	157	67	203	167	689	993	928	2757	970	1796	1188	2261	2265	478	948	633
gene6852	3	1	15	2	5	5	4	3	1	12	2	4	14	0	2	3
gene6853	48	17	50	28	211	106	232	999	328	147	124	495	799	92	277	290
gene6854	243	140	367	180	196	198	263	514	295	407	247	591	502	146	184	162
gene6855	20	8	12	6	3	12	22	25	10	14	2	37	22	2	5	14
gene6856	3	13	15	17	8	24	11	19	6	29	16	11	34	7	7	3
gene6857	0	2	1	0	0	2	3	0	0	0	2	0	0	0	2	5
gene6858	403	156	675	323	265	455	517	910	439	678	482	636	1010	147	254	467
gene6859	2318	851	4374	1880	5636	8639	12299	23535	11974	11434	7888	20064	16395	4649	7979	7095
gene6860	7	2	4	4	7	47	15	22	41	11	11	18	122	13	9	5
gene6861	26	15	65	11	7	29	41	33	34	57	24	84	41	5	17	5
gene6862	30	6	37	4	20	11	36	18	13	24	31	71	36	7	18	23
gene6863	1	3	0	1	0	0	0	0	0	0	0	1	1	1	0	0
gene6864	2	1	5	3	2	3	10	29	0	5	6	1	7	0	8	6
gene6865	677	287	932	543	368	611	778	1237	846	1048	605	1205	952	348	669	571
gene6866	16	8	57	15	3	10	22	24	18	8	9	3	15	4	14	7
gene6867	3	1	13	11	4	11	26	48	8	11	6	17	10	5	1	9
gene6868	459	240	1199	480	469	639	825	1029	820	898	636	1943	1258	253	581	581
gene6869	192	108	297	261	154	204	259	490	183	266	237	479	303	84	171	167
gene6870	3095	1597	5476	2058	2339	4291	5197	6700	4411	6402	4097	7744	7030	1491	3231	2757
gene6871	194	98	277	178	171	205	234	444	220	223	183	426	404	67	230	202
gene6872	279	126	566	259	174	251	297	635	241	353	241	455	452	102	178	249
gene6873	17	4	26	1	16	17	24	6	4	13	23	10	21	1	9	5
gene6874	16	1	8	42	14	15	20	26	7	31	26	44	52	15	16	15
gene6875	376	316	1000	665	403	626	773	1239	939	1113	643	1296	877	265	659	448
gene6876	92	39	138	123	76	98	93	173	79	211	114	241	145	47	43	67
gene6877	0	0	0	0	0	0	0	0	0	0	2	0	1	1	0	0
gene6878	16	1	11	2	4	3	0	0	8	15	7	2	15	1	2	10
gene6879	10	6	67	6	10	34	64	64	15	43	49	45	20	8	13	13
gene6880	12	5	25	10	8	6	31	29	5	9	22	16	36	3	17	5
gene6881	0	4	5	0	0	0	0	0	0	0	0	2	0	0	0	1
gene6882	8	2	26	13	6	5	10	12	9	2	6	25	9	5	0	4
gene6883	22	11	26	44	8	37	13	63	17	36	23	33	55	4	18	22
gene6884	4872	3044	10615	4339	3613	5364	9539	9415	6710	9641	7757	11205	9746	2898	5543	4847
gene6885	40	34	171	46	36	57	104	172	128	91	44	159	147	46	56	65
gene6886	32	19	79	21	20	42	42	88	75	81	46	57	38	29	54	44
gene6887	11	4	16	18	13	12	12	36	22	7	17	23	21	5	15	19
gene6888	682	272	948	628	2538	3420	4434	5870	3911	4530	5218	5628	4583	1104	2917	2199
gene6889	113	50	149	94	127	178	259	331	300	238	258	355	444	92	146	319
gene6890	476	169	629	275	255	291	534	851	444	526	415	611	762	116	333	312
gene6891	7	0	2	6	1	0	0	1	0	0	2	0	1	1	1	0
gene6892	92	103	333	104	122	176	151	349	176	156	153	345	325	62	100	143
gene6893	654	237	1141	503	455	575	892	1300	673	824	564	1023	1329	328	670	613
gene6894	244	63	417	186	126	234	318	595	253	409	226	560	539	99	201	136
gene6895	276	134	440	178	276	268	382	479	363	388	337	804	596	142	237	240
gene6896	253	121	361	231	195	312	297	352	275	416	297	582	540	126	173	187
gene6897	859	339	2246	1213	338	478	579	1196	463	958	535	1121	719	154	412	418
gene6898	40	9	72	59	41	39	16	51	32	51	8	108	53	14	28	37
gene6899	36	9	68	20	25	10	41	35	28	41	61	56	61	1	32	8
gene6900	123	48	91	66	72	88	124	195	67	127	137	177	253	32	116	116
gene6901	0	0	0	0	0	0	0	0	0	0	0	0	0	0	0	0
gene6902	17	4	24	8	9	4	25	34	18	36	20	10	25	16	10	14
gene6903	359	118	703	272	249	405	401	539	431	533	269	786	550	114	316	240
gene6904	679	390	1153	748	799	827	1252	1755	998	1267	1045	2723	1736	342	950	464
gene6905	436	220	584	282	44	47	49	129	52	95	53	112	118	22	53	41
gene6906	8260	3935	17183	6544	11872	28569	30028	47209	31210	48974	18609	52594	44621	11154	21743	25122
gene6907	48978	23917	64002	39197	26471	52749	57608	116647	60194	62980	42749	86168	85349	20551	40544	43160
gene6908	125	43	169	88	91	144	84	249	140	181	74	239	169	33	155	118
gene6909	119	93	393	125	118	224	194	315	215	291	174	516	411	54	97	107
gene6910	20	12	54	21	11	36	20	27	28	18	27	72	70	17	19	15
gene6911	8809	5411	20118	7881	7544	10224	14752	29733	12128	18459	11420	24374	20896	4380	10576	8921
gene6912	89	50	216	83	92	96	80	215	233	127	68	261	287	44	81	139
gene6913	345	135	879	310	362	415	446	834	386	723	412	965	729	158	432	308
gene6914	7	5	28	6	0	2	3	21	27	21	30	27	5	5	12	16
gene6915	13	0	32	14	16	7	18	31	20	51	12	41	25	12	21	17
gene6916	68	27	150	73	334	390	636	1087	858	556	483	867	985	135	655	382
gene6917	42	5	48	38	24	9	36	88	30	38	25	72	55	8	41	33
gene6918	24	5	32	12	1	4	5	5	2	16	6	27	20	0	15	2
gene6919	9	9	10	2	0	11	18	29	46	17	6	27	9	3	7	5
gene6920	176	123	334	153	207	313	263	325	252	249	302	515	461	90	234	154
gene6921	3	0	17	0	0	10	4	1	1	3	9	5	6	1	2	5
gene6922	28	31	25	19	47	74	24	134	71	68	63	92	79	15	25	50
gene6923	60	38	81	54	46	72	67	132	47	77	65	127	93	19	29	40
gene6924	71	18	67	29	85	157	177	307	178	199	148	219	436	73	128	160
gene6925	27	45	126	62	67	91	111	179	61	65	81	108	97	24	40	44
gene6926	92	42	199	127	27	79	53	75	85	66	88	98	85	38	39	46
gene6927	80	42	201	81	63	119	93	359	136	134	104	220	145	21	84	84
gene6928	9	7	2	6	3	2	3	13	3	3	1	10	10	1	0	5
gene6929	20	39	72	25	42	63	22	116	126	61	66	111	74	25	37	54
gene6930	8	2	12	3	3	18	14	27	13	17	1	8	31	1	7	19
gene6931	23	16	95	18	34	47	58	143	20	83	34	85	123	17	34	41
gene6932	12	12	40	26	8	31	30	27	36	45	25	95	87	12	20	13
gene6933	4	2	21	8	10	14	7	4	9	19	9	21	14	3	8	5
gene6934	5	1	3	0	2	0	6	2	1	2	0	6	3	1	3	0
gene6935	842	397	1699	673	648	971	846	2023	924	1186	950	1935	1673	279	898	761
gene6936	176	54	364	125	101	244	219	461	175	205	146	335	239	55	171	129
gene6937	105	16	107	70	44	83	73	70	73	127	82	135	163	20	43	42
gene6938	133	87	303	134	423	668	595	778	528	808	692	1093	707	361	571	388
gene6939	26	31	68	45	25	55	125	111	48	108	51	121	85	28	76	39
gene6940	203	118	545	179	188	319	318	653	352	460	252	632	478	126	305	261
gene6941	11	3	10	1	3	5	4	6	3	14	0	3	3	7	2	7
gene6942	1	0	0	0	0	0	0	0	0	1	0	0	0	0	0	0
gene6943	6	8	64	3	21	24	11	52	15	16	10	22	47	13	9	13
gene6944	101	28	158	71	49	113	150	319	87	139	107	222	248	51	119	87
gene6945	157	56	250	104	79	132	120	260	74	208	148	346	217	67	139	133
gene6946	79	19	79	47	40	38	65	52	41	78	100	207	123	30	35	29
gene6947	679	403	1733	840	577	955	889	1958	1262	1308	1072	2290	1504	432	867	706
gene6948	196	80	280	131	117	163	225	532	234	220	254	405	482	107	246	87
gene6949	4	2	9	2	2	15	6	3	5	13	24	18	23	5	5	0
gene6950	17	15	41	21	96	295	349	1207	358	279	111	366	374	130	62	159
gene6951	21	0	33	18	52	27	148	149	208	48	158	224	210	84	109	55
gene6952	40	15	104	33	32	52	53	132	41	31	58	117	148	15	73	86
gene6953	1	0	0	1	4	2	10	1	3	1	0	2	13	1	0	2
gene6954	4	1	23	14	0	3	6	13	3	1	9	15	14	1	4	1
gene6955	37	11	53	36	32	58	82	79	38	57	52	76	51	16	34	27
gene6956	482	158	551	411	381	476	605	1141	537	505	444	1016	782	167	481	344
gene6957	53	13	87	18	3	5	4	15	16	15	16	14	16	1	7	8
gene6958	11	3	6	1	0	1	6	0	5	0	1	8	21	1	7	2
gene6959	11	2	6	1	20	12	31	35	26	35	2	27	24	7	2	13
gene6960	187	68	355	130	117	145	236	238	121	168	126	382	223	36	161	155
gene6961	367	203	762	337	252	509	645	1317	562	628	532	957	777	232	279	348
gene6962	5	4	15	10	13	6	21	10	12	21	28	27	13	6	6	16
gene6963	112	49	248	70	56	55	88	179	75	183	45	225	133	32	111	61
gene6964	109	55	111	81	83	85	79	303	107	173	131	166	271	48	57	86
gene6965	79	28	61	51	49	55	102	64	67	122	66	134	126	47	77	52
gene6966	46	2	40	25	9	7	12	9	18	4	17	24	14	8	11	6
gene6967	387	222	847	431	382	557	685	1140	541	588	573	710	627	228	444	425
gene6968	20186	7604	23784	13483	9490	20458	18844	27607	17191	25183	20258	30981	32498	6558	16644	16752
gene6969	11	13	20	12	105	73	143	163	154	106	64	447	194	31	73	102
gene6970	0	3	6	11	2	0	1	5	6	0	6	5	7	2	1	4
gene6971	0	7	3	0	0	3	0	3	4	21	1	0	0	1	0	1
gene6972	10	1	11	11	1	3	15	31	4	3	2	24	14	5	0	1
gene6973	13	3	16	4	2	11	2	3	10	18	1	8	16	2	29	2
gene6974	444	228	907	387	307	577	684	1333	578	821	698	913	1049	221	387	436
gene6975	56	48	107	86	42	89	160	228	114	131	142	167	171	64	90	64
gene6976	3751	1512	5826	3051	2794	3604	4868	8396	3871	6369	3671	8090	6504	1826	3085	3618
gene6977	161	75	209	145	152	138	205	279	177	346	206	393	350	84	107	135
gene6978	23	32	52	41	15	56	30	74	37	98	32	77	88	24	30	35
gene6979	275	95	404	217	175	208	315	572	258	356	276	517	470	131	192	229
gene6980	57	48	91	47	57	79	65	152	100	75	56	87	97	29	81	71
gene6981	94	27	143	118	44	81	99	207	133	107	67	120	167	30	83	49
gene6982	439	155	772	412	332	624	592	705	609	718	555	967	1438	224	523	577
gene6983	218	106	566	194	230	281	408	622	335	540	350	747	489	142	236	232
gene6984	9	1	7	3	8	6	12	31	12	9	9	38	9	5	6	5
gene6985	1	9	23	4	5	16	2	17	7	6	25	34	26	13	2	11
gene6986	47	16	90	46	48	97	107	197	101	57	88	87	133	26	77	56
gene6987	27	16	75	45	53	49	43	78	75	56	33	125	65	8	59	41
gene6988	423	226	735	398	384	445	598	831	334	506	501	942	1242	139	346	371
gene6989	867	419	1581	764	642	642	982	1581	1021	1436	1082	1513	1992	337	680	682
gene6990	4	4	10	3	5	3	0	4	1	14	4	7	6	1	1	0
gene6991	20	7	68	31	5	4	5	26	6	11	3	21	19	6	3	1
gene6992	12	6	16	14	1	25	19	28	13	35	10	5	41	4	21	22
gene6993	5	2	22	5	5	11	8	19	40	12	17	25	42	2	7	10
gene6994	123	45	229	118	122	133	163	359	211	169	137	370	287	55	127	105
gene6995	393	269	895	655	263	767	819	1471	793	765	725	1153	1027	202	523	430
gene6996	4207	1897	8194	4308	3662	5213	4967	9762	5435	7769	5466	8955	7365	2231	4432	3858
gene6997	24	12	35	15	7	22	18	50	44	94	22	51	45	19	25	17
gene6998	73	10	58	66	24	34	58	85	53	52	48	77	74	10	45	51
gene6999	10	3	12	0	2	0	1	1	0	1	3	4	0	1	0	0
gene7000	7	5	18	10	4	1	13	26	8	20	5	17	30	0	5	8
gene7001	24	8	33	29	4	6	7	14	5	20	9	13	5	2	4	0
gene7002	16	2	20	13	25	13	5	21	8	29	27	27	24	0	19	6
gene7003	1	1	5	1	4	0	0	0	0	0	6	0	0	0	0	1
gene7004	173	80	260	153	6	36	50	32	40	29	23	65	58	6	18	23
gene7005	430	193	537	391	395	352	381	932	321	826	459	685	725	197	438	430
gene7006	5	21	19	24	13	45	26	27	31	27	26	79	19	8	4	13
gene7007	76	68	115	93	72	95	88	267	166	133	125	195	186	43	106	73
gene7008	51	14	47	19	23	37	83	71	22	73	49	88	57	13	22	38
gene7009	31	11	66	52	37	52	65	145	102	90	66	133	114	29	73	39
gene7010	1020	603	2304	998	1005	1792	1411	2306	1520	2389	1398	2942	3090	582	1397	960
gene7011	74	39	217	53	46	114	131	248	178	155	117	227	144	55	68	119
gene7012	0	0	0	0	0	0	0	0	0	0	0	0	0	0	0	1
gene7013	62	29	148	101	100	64	189	312	112	119	112	213	213	26	83	84
gene7014	77	55	174	111	92	86	186	114	101	136	68	240	203	45	102	95
gene7015	20	13	129	29	16	30	16	67	39	70	34	21	41	5	48	54
gene7016	448	221	1020	460	256	470	667	1275	677	756	756	902	1038	183	509	413
gene7017	352	117	502	317	211	330	341	770	384	499	361	781	723	155	321	275
gene7018	167	111	361	230	140	285	385	556	340	348	212	479	468	93	219	189
gene7019	66	44	137	61	28	49	83	153	98	112	108	136	181	53	66	63
gene7020	310	159	731	254	262	296	436	973	278	599	421	699	866	160	303	253
gene7021	3	1	20	4	84	140	112	137	105	100	92	136	165	9	10	62
gene7022	3299	1847	10738	4398	3316	4695	6884	8386	5668	7188	6711	12246	11386	1688	3134	4093
gene7023	28	9	15	36	21	49	43	80	60	31	34	120	93	19	27	19
gene7024	11	1	29	8	6	1	5	17	13	10	1	15	28	1	6	13
gene7025	12	8	3	21	3	21	19	39	22	28	10	38	41	14	21	22
gene7026	1	4	9	1	2	1	6	8	2	0	4	5	2	1	1	2
gene7027	4	1	8	0	9	1	1	15	1	30	0	6	13	1	5	2
gene7028	47	26	79	16	41	31	80	172	52	65	70	153	90	12	69	29
gene7029	25	4	16	15	5	6	5	19	28	11	8	35	28	5	5	14
gene7030	92	45	111	68	62	86	124	147	75	149	66	115	176	25	74	54
gene7031	367	192	726	233	309	357	553	933	578	444	345	765	759	153	374	260
gene7032	21	26	91	46	24	52	67	129	52	45	44	163	164	13	31	49
gene7033	4530	1517	6212	3383	2739	4257	6137	8104	6308	6647	4485	9602	8275	2407	3406	1907
gene7034	794	320	1547	518	543	763	872	1355	1069	1245	807	1642	1200	332	844	759
gene7035	16	12	11	16	2	11	10	11	8	10	9	14	14	0	6	7
gene7036	0	0	4	3	3	4	0	6	3	4	3	0	0	0	1	4
gene7037	459	232	992	467	660	1432	1703	1985	1246	1433	794	2112	2050	398	958	950
gene7038	29	20	36	35	19	47	58	48	65	41	32	54	49	8	15	20
gene7039	4802	2116	6828	3656	3251	4250	5807	7898	5008	6025	3921	11645	6456	1301	5292	3318
gene7040	1	0	2	3	4	4	2	0	9	5	0	0	0	0	8	7
gene7041	2420	997	4207	1840	1515	2091	2445	5049	2594	4204	2298	5215	5419	1090	1802	2035
gene7042	0	0	2	2	0	1	5	0	0	5	0	1	0	1	0	0
gene7043	66	41	139	45	68	37	144	264	75	75	89	166	154	26	108	74
gene7044	277	150	555	174	156	299	416	553	342	605	281	780	699	160	285	327
gene7045	153	120	377	218	160	113	292	379	351	397	263	339	391	103	235	196
gene7046	606	388	1148	528	77	112	111	175	102	159	83	188	168	37	69	108
gene7047	106	37	41	116	20	23	21	44	52	28	24	39	47	12	24	24
gene7048	6	1	5	1	1	0	0	0	0	0	0	4	0	0	0	0
gene7049	80	31	235	92	92	192	142	229	116	165	101	304	220	50	140	88
gene7050	0	0	3	0	0	4	0	2	0	0	0	0	0	0	0	1
gene7051	35	10	95	39	36	45	59	86	44	70	55	95	145	29	46	43
gene7052	27	4	36	25	10	11	23	29	43	34	34	54	42	3	15	4
gene7053	3	7	2	5	9	16	23	17	6	11	1	13	27	4	11	2
gene7054	288	118	527	318	214	232	286	382	198	498	415	520	471	139	199	238
gene7055	22	9	33	34	17	46	39	32	30	61	40	79	44	12	17	27
gene7056	409	324	972	538	118	240	240	397	174	292	169	497	288	126	202	217
gene7057	321	125	402	300	313	472	454	1119	394	564	276	751	781	195	366	410
gene7058	55	21	55	48	35	34	79	70	52	78	65	108	108	20	53	58
gene7059	0	0	0	0	1	0	0	0	0	0	0	2	3	0	2	0
gene7060	17	17	87	30	16	77	65	107	36	65	70	84	75	17	34	28
gene7061	28	13	40	13	14	38	19	55	16	34	86	78	69	4	46	25
gene7062	3	1	1	1	3	0	0	33	0	0	2	26	18	0	5	1
gene7063	6	2	8	2	0	1	3	13	12	3	0	7	6	0	1	0
gene7064	4	0	3	1	0	1	9	2	8	2	0	4	2	9	0	2
gene7065	0	2	0	0	0	0	0	4	0	0	1	0	0	0	7	2
gene7066	33	24	45	20	34	29	42	85	38	37	35	70	34	19	23	30
gene7067	189	89	359	143	137	158	261	534	274	331	235	339	447	118	121	163
gene7068	511	226	1307	511	380	522	621	1226	596	957	604	1348	1311	210	643	466
gene7069	0	1	0	0	0	1	0	0	0	1	0	0	0	0	0	0
gene7070	33	17	67	39	10	11	40	56	20	36	3	25	35	16	17	36
gene7071	5	0	14	0	3	1	0	7	5	1	0	0	11	0	1	2
gene7072	20	20	69	7	18	27	50	46	35	59	31	95	41	6	39	29
gene7073	32	27	102	31	37	43	74	166	67	89	44	118	88	22	44	55
gene7074	25	11	2	6	1	5	9	29	9	17	8	8	1	2	3	22
gene7075	1256	581	2717	1140	851	2200	2247	3323	1684	2040	1670	2789	3603	562	1422	1006
gene7076	5	3	41	5	2	12	5	12	5	13	6	15	15	8	1	16
gene7077	204	126	248	137	135	214	311	437	187	249	245	394	257	68	154	199
gene7078	0	2	0	2	0	1	2	0	0	7	0	0	0	0	0	0
gene7079	36	14	50	26	15	53	95	71	45	26	43	79	104	21	12	33
gene7080	0	0	0	0	0	0	0	8	0	0	0	0	0	0	0	15
gene7081	228	106	428	153	169	226	196	405	387	248	250	449	337	66	214	219
gene7082	0	0	0	2	0	0	0	0	1	1	1	0	0	0	0	0
gene7083	5	0	2	1	0	3	5	3	9	3	0	4	0	3	5	0
gene7084	452	340	1233	615	426	748	880	1667	1011	1089	865	1697	1114	294	646	672
gene7085	3	10	68	1	10	6	23	45	10	22	7	0	23	1	9	2
gene7086	66	25	183	73	91	74	92	150	165	192	129	130	297	71	71	85
gene7087	160	69	224	119	70	97	221	176	146	179	159	376	264	58	129	135
gene7088	72	15	78	28	49	50	44	158	66	61	49	168	110	38	73	42
gene7089	12	14	37	18	16	3	4	9	1	3	22	7	31	4	8	2
gene7090	218	115	449	294	1051	2579	2111	3944	2149	3488	1386	4713	3933	842	1569	1908
gene7091	15	12	20	27	36	16	26	36	43	20	17	31	83	7	29	18
gene7092	4172	2196	9627	4669	3743	4677	6706	12041	7539	8061	4909	9934	10705	2719	3626	4390
gene7093	67	27	88	85	54	77	61	119	76	30	68	160	91	34	42	51
gene7094	7	2	37	12	23	14	15	21	14	27	22	50	52	10	21	9
gene7095	18	9	63	39	21	70	53	150	39	58	56	117	137	19	25	31
gene7096	609	274	865	515	343	509	442	870	546	763	510	1219	744	183	460	410
gene7097	455	301	680	468	421	656	706	1313	774	589	854	1400	1112	262	533	493
gene7098	0	3	3	0	0	0	0	10	0	0	4	9	0	0	16	0
gene7099	65	26	88	57	56	59	101	109	117	114	96	125	112	38	86	83
gene7100	74	35	231	75	53	114	92	138	163	110	99	187	161	38	75	88
gene7101	24	5	27	9	2	7	7	22	3	7	4	16	8	4	6	0
gene7102	21	5	8	21	11	16	8	35	17	31	3	29	8	9	10	9
gene7103	4	3	4	4	2	0	0	3	0	5	0	0	3	0	0	0
gene7104	608	164	1042	470	480	532	597	1060	673	900	612	1001	1120	234	426	312
gene7105	7	0	8	5	7	3	10	19	26	21	14	17	9	4	16	22
gene7106	62	32	94	39	47	47	89	117	56	88	81	224	145	31	70	78
gene7107	190	89	357	139	129	167	257	388	301	220	125	319	366	99	94	136
gene7108	21	20	38	12	7	9	34	30	33	51	45	59	14	5	39	36
gene7109	0	0	0	2	0	0	0	0	0	0	0	0	0	0	0	0
gene7110	12	9	12	23	14	17	28	36	26	28	22	42	22	12	37	26
gene7111	36	26	159	39	23	21	27	58	35	55	40	60	54	9	17	27
gene7112	603	173	592	366	422	564	479	941	640	382	403	1407	925	187	476	536
gene7113	0	0	1	0	0	0	0	8	0	0	0	13	0	0	0	1
gene7114	965	475	1803	798	536	1092	1206	2126	1087	1582	706	2669	1681	380	641	918
gene7115	94	54	226	78	82	112	119	200	183	183	232	182	272	52	129	83
gene7116	227	119	357	212	122	324	333	562	286	378	250	679	485	138	228	257
gene7117	6	2	9	0	4	4	0	2	17	15	1	1	5	0	3	0
gene7118	0	0	1	0	3	1	1	17	1	5	3	17	1	2	0	0
gene7119	58	33	172	49	69	64	125	166	98	69	98	149	103	34	87	58
gene7120	2	0	5	3	0	0	1	4	1	0	0	6	3	0	0	4
gene7121	3374	1453	7725	3224	3862	3788	6013	8738	5536	6209	4285	12290	7954	1695	4816	3512
gene7122	7	17	55	16	10	11	15	82	18	39	36	107	81	13	29	62
gene7123	46	9	33	33	13	77	95	70	28	35	56	191	50	7	18	28
gene7124	300	161	616	256	208	249	354	657	343	437	398	684	590	107	270	239
gene7125	13	1	15	2	4	1	2	5	1	7	3	15	16	0	1	6
gene7126	2397	1413	4493	2211	1353	2090	3895	4213	2333	3199	2137	5042	4275	888	1899	1740
gene7127	55	34	40	19	18	43	40	68	27	26	14	92	42	6	39	19
gene7128	793	370	1653	842	660	1072	1316	2557	1425	1293	1158	2393	2003	443	702	989
gene7129	20	4	34	9	5	16	16	17	12	16	1	52	17	4	12	6
gene7130	4	14	22	20	6	38	16	21	8	10	10	37	18	12	9	8
gene7131	561	260	1215	479	503	771	1061	1325	814	932	706	1932	1300	173	752	519
gene7132	289	79	487	191	151	262	457	494	332	435	272	488	455	129	222	267
gene7133	3	1	0	0	0	0	0	0	0	0	1	2	2	0	0	0
gene7134	196	84	301	148	173	274	273	576	203	298	135	396	345	80	169	134
gene7135	9	10	27	11	7	39	15	37	14	25	12	30	36	12	13	26
gene7136	623	258	986	501	383	742	722	1468	988	1099	702	1651	1209	309	582	518
gene7137	404	206	828	204	215	465	432	878	496	529	363	850	784	197	405	480
gene7138	97	18	114	39	14	20	109	118	96	78	76	183	121	20	21	48
gene7139	2	9	18	20	13	22	30	24	14	27	18	23	43	14	21	6
gene7140	332	135	1181	255	304	357	415	963	499	649	443	763	960	161	442	419
gene7141	222	102	282	238	168	219	203	358	230	228	198	385	327	84	252	244
gene7142	1952	1118	4336	1976	3906	4361	8473	11762	6756	6801	6129	11678	8076	2492	3940	4168
gene7143	16	18	92	32	16	40	20	127	40	64	51	83	50	16	18	65
gene7144	62	44	200	88	78	81	63	207	102	129	106	227	207	48	63	87
gene7145	4071	1352	6298	2598	2062	3674	3820	6690	3981	5955	4290	6642	7517	1490	3224	2955
gene7146	1	1	1	2	3	0	5	29	2	10	7	15	4	0	0	0
gene7147	401	114	693	338	237	360	282	650	413	544	384	839	867	159	248	245
gene7148	5	3	59	7	21	22	18	8	2	4	18	18	18	3	11	4
gene7149	2	5	1	4	0	0	0	1	0	0	0	4	5	0	1	0
gene7150	16	4	64	32	17	28	31	23	13	45	25	7	30	12	21	11
gene7151	8	8	43	18	18	13	39	70	5	33	22	52	32	10	15	5
gene7152	120	76	340	115	186	179	165	402	213	223	190	358	396	62	144	189
gene7153	0	0	7	0	0	0	2	6	0	0	0	13	0	0	0	0
gene7154	7	1	18	2	0	3	3	38	4	9	5	29	4	1	12	6
gene7155	23	7	51	43	12	7	31	37	8	16	14	45	36	11	17	13
gene7156	14	4	10	17	13	3	18	15	5	5	9	14	10	1	5	5
gene7157	170	99	515	186	50	68	57	156	62	97	81	185	97	27	38	46
gene7158	378	160	732	353	208	413	456	1027	631	605	444	1076	702	174	549	337
gene7159	245	90	530	160	431	549	596	869	602	851	539	1137	1087	219	579	485
gene7160	7663	4007	13590	5130	7650	9035	11953	19752	7425	14801	10337	21133	19998	4135	8727	7591
gene7161	2553	1269	4586	3406	2618	3760	3926	6190	4299	3928	2637	4658	6488	1606	2612	2667
gene7162	7	6	34	7	8	11	43	14	56	13	15	32	30	2	11	26
gene7163	18	8	36	14	3	22	21	28	25	21	17	31	60	5	22	37
gene7164	3	10	15	7	5	2	15	21	20	22	3	7	14	3	14	6
gene7165	144	45	244	61	92	110	218	244	197	235	127	237	254	67	102	119
gene7166	63	16	117	28	29	68	49	105	74	93	71	120	130	32	52	79
gene7167	388	173	816	267	207	384	351	684	537	493	336	1048	790	125	268	339
gene7168	173	111	579	180	200	290	355	535	343	328	265	581	645	150	207	194
gene7169	65	36	146	61	81	91	78	148	100	163	112	263	180	31	162	80
gene7170	104	39	240	80	194	278	324	617	298	675	277	422	451	109	184	268
gene7171	8	6	37	17	15	25	32	51	21	16	12	36	24	10	22	7
gene7172	0	0	0	0	0	0	0	3	1	0	0	0	0	0	0	0
gene7173	17	11	24	27	16	13	14	60	25	17	23	100	13	11	12	20
gene7174	101	36	201	54	264	366	409	1002	444	624	612	667	883	262	466	282
gene7175	63	21	97	46	52	72	91	128	59	120	86	184	110	30	80	58
gene7176	249	137	734	290	637	1141	854	1518	1139	1044	649	1330	1707	327	696	931
gene7177	147	115	402	176	116	230	313	367	244	369	195	514	380	120	177	171
gene7178	499	244	729	439	363	657	701	1602	573	782	619	1102	1428	227	436	401
gene7179	67	32	90	33	52	40	62	98	70	74	52	94	117	17	42	45
gene7180	554	288	932	438	350	678	678	1122	835	860	575	1093	1196	262	674	489
gene7181	2850	1176	5357	3182	2356	4687	3650	6500	4188	4041	3924	7294	8407	1928	3120	3743
gene7182	1140	534	3193	984	1180	1400	1998	2636	1692	2027	1491	3179	2758	541	1473	1375
gene7183	28521	14340	51396	28698	24278	31705	40974	59622	36173	46597	36981	54379	71001	11473	25479	27714
gene7184	6	4	38	10	3	17	16	26	9	5	6	52	11	10	8	7
gene7185	1021	299	1433	843	730	1055	1113	2481	1171	1618	980	2386	1787	526	837	997
gene7186	21	1	21	10	14	33	9	29	19	10	16	59	27	10	22	10
gene7187	81	60	176	165	39	82	90	162	113	122	134	143	185	32	51	134
gene7188	43	15	98	30	7	76	78	51	47	47	38	139	67	32	27	39
gene7189	93	53	217	106	103	77	141	252	100	140	108	345	176	40	122	99
gene7190	11	15	20	17	35	42	42	59	26	40	56	31	77	10	40	16
gene7191	12140	7081	31944	10654	12238	13351	15893	37812	18722	20742	16102	29540	26130	5670	13033	11573
gene7192	32	36	66	43	30	59	85	165	76	84	45	59	193	40	62	70
gene7193	66	33	88	57	53	54	85	139	102	69	72	176	173	16	65	55
gene7194	24	12	18	41	28	11	20	92	61	52	33	50	78	9	14	24
gene7195	8	1	2	24	2	5	2	8	8	9	0	1	0	1	0	3
gene7196	1	0	19	1	5	2	0	19	2	5	1	2	6	0	2	1
gene7197	1865	942	3873	2158	1712	1883	2498	3757	2931	3310	2840	4121	3636	917	2088	1870
gene7198	67	46	149	54	74	73	208	185	96	214	172	313	234	60	94	115
gene7199	1145	624	2141	872	828	1324	1707	2417	1499	2043	1544	2819	2427	545	922	1189
gene7200	4	1	2	2	16	26	11	64	27	9	7	34	43	8	7	30
gene7201	36	15	62	34	249	190	215	430	592	437	294	725	531	161	108	296
gene7202	216	98	258	152	122	231	208	289	279	373	190	371	403	60	215	169
gene7203	93	39	118	85	66	137	124	167	61	103	116	144	203	52	57	117
gene7204	425	185	828	403	368	393	615	1204	447	622	454	964	893	223	328	426
gene7205	25	12	40	28	20	28	36	93	43	69	26	78	65	5	34	37
gene7206	81	28	160	46	47	90	132	243	81	100	69	127	149	29	108	78
gene7207	61	19	65	32	22	53	48	67	48	122	61	111	66	9	42	48
gene7208	179	79	251	166	136	183	214	323	204	281	149	339	306	60	167	88
gene7209	98	26	178	65	39	41	185	253	108	74	71	130	143	21	37	97
gene7210	6	3	20	6	2	0	9	4	5	0	2	0	3	0	3	5
gene7211	64	44	342	96	99	125	150	300	127	185	172	237	169	67	138	83
gene7212	38	13	25	19	44	12	27	108	46	27	39	26	65	22	34	45
gene7213	3	0	0	3	0	0	8	9	4	5	0	9	5	6	2	1
gene7214	112	47	168	114	69	90	118	178	167	149	77	256	204	52	61	95
gene7215	203	116	524	169	178	277	252	495	388	380	270	683	444	109	240	261
gene7216	6	6	12	7	0	5	29	11	10	15	17	54	12	3	8	7
gene7217	75	58	165	63	44	122	120	304	172	115	105	169	123	59	86	66
gene7218	0	1	0	0	0	0	0	0	4	7	0	4	1	0	2	1
gene7219	132	77	206	97	89	162	232	235	111	274	133	289	354	79	107	159
gene7220	160	107	287	259	157	176	247	503	272	415	265	527	394	85	308	118
gene7221	111	40	153	52	44	71	167	155	110	159	77	259	113	10	63	98
gene7222	4	15	18	18	5	14	6	10	17	48	11	29	56	11	1	11
gene7223	103	42	186	123	77	78	150	198	77	235	142	228	147	39	139	110
gene7224	884	379	1501	878	632	1025	1795	1967	883	1130	806	2350	2334	397	1074	791
gene7225	659	337	1729	696	358	586	695	1065	637	802	449	903	966	249	451	584
gene7226	222	164	558	195	165	373	476	452	349	473	281	795	630	145	281	278
gene7227	35	17	46	28	30	54	51	63	60	22	33	47	45	16	26	10
gene7228	740	241	1193	582	561	650	996	1343	853	1130	653	1499	1400	334	768	486
gene7229	0	0	1	3	2	0	2	1	4	0	2	33	0	0	0	0
gene7230	77	23	103	48	54	66	104	163	54	77	59	139	134	56	76	76
gene7231	742	166	1215	561	559	578	867	1949	783	945	527	1098	1186	243	563	485
gene7232	0	0	0	0	3	2	0	0	1	0	0	0	1	0	0	0
gene7233	4	4	11	3	1	8	12	4	4	8	14	36	7	1	17	21
gene7234	41	61	270	88	70	111	86	262	151	109	68	205	140	39	68	129
gene7235	19	7	44	20	2	16	13	35	16	11	18	23	7	2	12	3
gene7236	78	42	125	130	93	88	124	231	148	164	109	352	194	52	119	134
gene7237	8	3	22	0	15	9	17	10	9	11	13	28	20	20	19	22
gene7238	224	71	535	130	114	221	212	306	190	259	152	428	303	85	130	153
gene7239	64	20	84	21	21	48	47	68	120	82	39	157	75	22	25	24
gene7240	10	3	18	6	16	23	4	23	6	27	1	38	17	2	6	14
gene7241	1055	511	2309	1032	834	1148	1525	2729	1497	1750	1325	3106	2794	599	918	993
gene7242	257	86	395	216	128	178	247	765	226	268	170	384	339	117	149	136
gene7243	99	20	127	78	68	51	107	262	104	129	143	206	226	26	46	85
gene7244	54	21	164	77	15	23	36	59	20	18	41	37	39	7	21	17
gene7245	18	10	34	12	4	6	36	23	37	13	8	53	56	14	4	6
gene7246	39	17	87	50	36	58	77	105	66	77	27	102	52	11	35	46
gene7247	56	30	163	74	58	79	135	191	68	105	85	122	128	25	99	95
gene7248	16	10	30	16	18	10	24	66	22	14	18	7	27	15	19	28
gene7249	17	17	19	14	2	3	14	22	34	10	15	32	23	2	11	5
gene7250	93	48	167	136	98	108	163	241	130	184	172	371	260	35	101	118
gene7251	642	438	1469	635	584	848	833	1479	650	1251	815	1945	1488	313	792	524
gene7252	12	1	21	18	4	11	4	3	1	2	3	0	5	1	6	4
gene7253	305	118	513	210	220	369	356	654	478	667	349	681	743	171	318	283
gene7254	5	0	8	1	2	4	0	17	0	1	6	0	7	1	6	0
gene7255	40	31	62	23	44	36	33	135	43	70	46	95	125	9	41	50
gene7256	0	1	0	1	0	3	0	11	1	1	0	1	1	0	1	3
gene7257	16	10	45	12	30	36	43	43	23	37	46	90	83	8	41	19
gene7258	9	6	25	22	19	16	26	29	35	16	12	32	27	14	12	22
gene7259	3	1	10	8	2	6	35	27	2	6	4	26	14	9	9	14
gene7260	1981	743	3460	1473	1266	2164	2058	3746	1681	3276	1803	4453	3506	614	1796	1356
gene7261	30	5	26	4	5	5	5	3	31	1	5	9	20	4	6	3
gene7262	123	25	140	64	70	104	107	168	135	146	96	155	147	46	95	121
gene7263	29	6	25	24	18	31	32	64	20	43	37	39	38	2	19	16
gene7264	595	296	1059	382	333	567	735	1265	797	900	448	1482	1480	258	483	486
gene7265	139	59	430	128	17	32	30	65	23	28	11	58	46	7	36	18
gene7266	34	12	21	11	107	181	228	343	268	197	283	606	303	29	114	224
gene7267	20	24	73	26	20	65	18	133	67	53	51	101	55	8	36	28
gene7268	81	11	135	70	20	133	79	140	142	108	56	152	84	37	69	58
gene7269	119	75	267	87	147	161	162	421	240	231	118	323	246	65	162	142
gene7270	352	143	448	229	188	426	387	427	394	814	329	587	762	152	317	321
gene7271	10	7	25	5	8	12	13	18	29	7	22	75	38	3	6	18
gene7272	177	81	356	166	76	176	298	506	183	278	140	420	348	87	130	95
gene7273	20	5	30	6	12	39	31	35	24	47	16	55	42	7	14	44
gene7274	63	39	85	38	40	92	74	212	106	83	77	300	171	29	88	72
gene7275	138	41	280	131	21	7	11	47	15	31	21	17	39	14	26	17
gene7276	14	4	15	2	7	2	6	35	11	24	17	10	15	0	6	15
gene7277	1262	649	2307	1013	429	511	970	1742	730	1004	1067	1809	1206	328	572	671
gene7278	236	123	325	140	135	138	215	363	202	227	207	475	368	123	213	150
gene7279	82	22	141	33	43	103	123	199	133	109	85	103	160	23	69	70
gene7280	1	2	7	7	6	11	7	6	6	9	2	32	29	10	16	4
gene7281	3	0	10	2	10	6	10	14	4	5	1	24	6	3	2	0
gene7282	3	9	1	3	0	2	2	14	13	7	1	3	8	0	2	0
gene7283	280	92	342	196	31	31	60	93	50	58	43	78	108	25	49	34
gene7284	51	16	106	27	32	60	78	75	85	88	111	85	85	17	49	37
gene7285	277	115	281	224	179	261	460	654	303	296	283	740	492	129	197	237
gene7286	340	130	666	264	217	346	279	513	343	397	280	557	578	154	300	379
gene7287	111	39	212	95	216	232	518	819	441	587	289	563	424	109	357	338
gene7288	105	43	116	160	46	118	145	162	107	160	95	207	173	35	70	77
gene7289	14	10	11	19	10	23	28	11	45	55	16	37	31	7	19	20
gene7290	488	161	858	549	333	407	577	967	476	787	467	1063	1229	277	494	489
gene7291	29	6	50	9	29	21	51	64	37	18	16	85	33	16	35	24
gene7292	16	1	47	8	31	24	18	39	39	50	18	49	26	8	18	16
gene7293	76	48	177	117	47	73	106	174	98	161	73	178	157	34	83	78
gene7294	1564	648	1952	1532	993	1956	2801	4026	2062	2395	1889	3044	3481	843	1312	1534
gene7295	27	10	19	9	35	62	99	59	86	105	115	270	161	73	88	101
gene7296	511	207	873	508	388	767	618	1352	632	811	656	1970	1166	287	508	579
gene7297	26461	11915	47235	30376	25654	31513	35654	75211	34418	42168	25573	80978	73777	9995	33173	21480
gene7298	9770	6536	27699	9566	8300	13694	14645	23667	17044	17534	15820	23162	30761	7035	9523	11121
gene7299	1	5	0	4	0	1	0	9	3	3	0	0	0	0	4	3
gene7300	35	18	75	47	24	42	25	68	32	58	42	99	56	11	45	42
gene7301	31	4	30	8	13	26	21	25	25	23	8	33	27	5	13	12
gene7302	423	260	883	361	538	757	658	955	629	1346	856	1803	1400	253	580	556
gene7303	36	21	55	17	45	39	62	152	42	83	73	92	106	25	40	53
gene7304	37	22	48	18	20	72	57	74	78	74	49	59	108	19	36	37
gene7305	105	22	154	85	426	372	532	981	678	462	376	770	672	195	548	411
gene7306	7610	4673	13518	6985	6890	11555	10487	19861	10092	14113	10741	22250	17178	3411	9257	5487
gene7307	189	147	426	183	120	258	281	415	246	281	166	509	327	134	208	244
gene7308	381	254	824	453	318	401	743	930	462	736	512	1107	841	206	368	392
gene7309	297	111	667	206	254	319	499	899	493	466	438	911	436	131	464	425
gene7310	822	228	1267	567	1826	2440	3451	4689	3388	4170	2967	5024	4929	980	2924	1774
gene7311	0	0	0	0	1	2	3	5	2	2	5	9	12	3	0	5
gene7312	8	4	23	11	23	5	13	16	9	7	4	26	29	1	3	5
gene7313	133	79	359	152	127	160	217	330	198	244	236	352	257	47	143	152
gene7314	33	25	109	47	286	436	330	1510	473	778	466	736	1115	109	347	461
gene7315	0	1	2	0	0	0	0	0	3	0	1	0	1	2	0	0
gene7316	0	0	0	0	2	0	0	0	0	0	0	0	0	0	0	0
gene7317	185	80	320	164	125	218	251	406	325	248	173	473	448	94	269	270
gene7318	1218	477	1557	1029	163	367	388	700	498	536	432	795	526	135	382	313
gene7319	0	1	9	1	2	5	0	4	1	8	0	8	11	1	6	7
gene7320	29	13	36	29	12	10	20	47	15	29	41	39	68	6	37	37
gene7321	103	34	117	77	92	113	85	148	128	151	97	192	222	46	64	66
gene7322	35	23	57	32	40	52	60	95	62	61	130	100	66	15	27	62
gene7323	145	64	336	143	116	145	204	318	245	238	124	483	322	57	142	115
gene7324	109	46	179	66	72	162	149	189	91	139	115	344	212	68	93	87
gene7325	1	3	0	1	6	0	0	0	2	3	0	0	0	2	2	0
gene7326	33	7	60	15	11	14	40	26	30	19	10	58	21	25	25	35
gene7327	13	6	9	13	14	19	9	44	13	39	2	25	9	9	14	8
gene7328	14	8	3	11	39	20	169	32	32	118	67	66	20	39	25	12
gene7329	12	6	36	7	6	10	19	49	21	29	23	26	21	6	10	8
gene7330	9	0	22	13	6	29	26	15	8	3	10	58	20	7	2	6
gene7331	35	19	80	34	55	35	47	81	74	59	31	48	55	21	14	54
gene7332	30	1	43	24	16	12	11	30	15	29	26	31	59	3	22	24
gene7333	40	28	76	47	45	70	80	124	125	73	59	151	60	29	55	48
gene7334	0	0	0	0	7	5	4	1	3	11	1	1	0	0	4	2
gene7335	5	22	25	15	13	19	20	19	27	35	31	54	28	20	15	9
gene7336	15	2	5	15	5	11	16	33	8	28	7	15	32	5	13	9
gene7337	2	2	9	10	8	2	4	17	1	9	2	22	4	1	0	0
gene7338	107	55	262	79	76	129	186	315	139	189	137	270	267	64	63	94
gene7339	20	23	77	39	20	40	35	66	51	32	33	85	54	24	33	49
gene7340	42	11	33	14	5	26	24	57	28	23	34	73	70	18	13	21
gene7341	60	44	184	74	109	64	123	193	101	123	183	254	127	60	97	120
gene7342	128	46	326	77	77	95	174	282	129	188	161	358	217	61	108	112
gene7343	29	10	34	15	14	22	21	47	17	16	8	26	20	13	11	14
gene7344	28	20	86	29	35	51	82	90	56	113	66	76	76	23	49	75
gene7345	34	9	42	30	26	29	55	81	37	69	72	53	81	16	29	44
gene7346	9	6	65	3	2	1	7	8	0	1	5	6	9	1	2	0
gene7347	619	261	873	429	457	551	667	1238	752	603	604	1271	1453	247	562	524
gene7348	5	1	1	1	0	1	9	0	0	10	1	1	0	0	2	1
gene7349	220	77	517	168	139	242	232	377	296	323	186	411	393	84	148	205
gene7350	32	12	39	49	20	19	57	60	73	48	20	88	79	19	30	23
gene7351	25	19	92	25	12	13	11	25	13	12	18	26	6	5	6	11
gene7352	0	0	2	0	0	5	2	4	0	0	0	5	7	0	0	2
gene7353	24	11	25	31	21	19	57	54	41	47	55	38	41	9	13	30
gene7354	0	0	0	1	0	3	0	0	0	0	0	0	1	0	2	0
gene7355	428	163	634	312	313	340	490	571	420	486	339	699	736	138	353	262
gene7356	12	6	0	2	0	11	3	10	1	13	3	7	8	5	0	8
gene7357	92	37	158	84	91	67	86	139	75	74	92	209	62	33	48	60
gene7358	67	31	163	51	39	60	136	181	91	84	115	167	245	31	93	51
gene7359	614	377	1346	811	489	1083	986	1833	1218	1582	1038	2029	1915	331	741	839
gene7360	1	0	0	0	0	0	0	0	0	0	0	2	0	0	0	0
gene7361	728	431	1540	588	615	917	1034	1962	1265	1069	782	1632	2003	355	854	805
gene7362	159	165	416	191	166	169	314	503	290	439	350	465	515	154	186	220
gene7363	16	13	54	9	24	4	14	42	57	11	16	42	73	6	13	22
gene7364	15	11	54	27	33	50	33	53	55	61	54	45	97	17	63	47
gene7365	191	67	382	145	95	175	283	310	131	237	256	268	351	72	172	130
gene7366	1387	829	2485	1298	1156	1427	1452	3329	2022	2303	1344	3051	3463	782	1256	1512
gene7367	17	7	27	2	6	0	0	11	7	2	15	14	8	1	6	5
gene7368	16	4	48	13	15	21	7	65	22	5	31	28	69	3	30	16
gene7369	1	0	9	0	3	1	18	0	4	5	2	1	2	1	0	0
gene7370	1191	508	1981	945	890	1195	1752	2009	1291	1136	1410	2617	2711	494	1195	899
gene7371	41	18	74	53	29	57	29	55	41	27	40	77	24	22	49	38
gene7372	0	2	2	6	5	10	7	17	28	3	5	14	4	1	14	14
gene7373	382	170	703	429	311	532	691	930	552	715	458	692	786	167	642	307
gene7374	2401	1012	5096	1582	1560	2365	3278	7443	2400	4240	2170	5667	4208	930	1839	2845
gene7375	1	0	7	9	4	2	0	27	8	0	2	1	0	0	1	1
gene7376	9481	4883	22855	10152	6259	13471	14055	23714	16116	21519	11762	27703	25658	6237	9599	8727
gene7377	7	1	16	4	8	1	8	32	19	11	3	2	7	3	2	2
gene7378	39	26	59	45	32	41	62	86	76	68	80	104	105	17	31	36
gene7379	18	14	51	36	16	26	30	33	27	77	35	43	29	12	12	31
gene7380	12	10	16	12	7	5	8	33	28	4	3	23	25	0	7	22
gene7381	230	76	200	135	90	111	260	338	227	237	146	424	402	85	145	111
gene7382	6	7	4	0	7	3	6	13	1	13	5	10	5	0	7	12
gene7383	1149	677	2661	1060	2746	4255	5855	11399	5519	6900	5756	9683	11676	2463	4354	3114
gene7384	243	124	482	145	152	254	321	431	284	382	279	541	433	102	227	193
gene7385	1305	546	2025	961	878	975	1328	3046	1538	1855	1266	3368	2051	515	865	1216
gene7386	14	7	55	24	2	16	18	21	29	17	7	20	11	4	30	14
gene7387	53	41	171	51	42	121	88	169	107	116	67	211	96	34	102	63
gene7388	596	226	779	544	320	818	703	1206	825	890	483	1154	1209	192	497	456
gene7389	882	361	1650	841	682	881	1630	1791	763	1644	1015	2209	2072	333	790	705
gene7390	43	24	34	34	21	33	74	40	50	47	40	109	84	6	42	28
gene7391	0	5	0	8	1	0	7	5	0	9	5	4	31	0	0	0
gene7392	8457	4975	19174	9074	7008	12887	14949	25332	12579	14625	10081	22461	21628	4417	9934	10469
gene7393	0	0	2	0	0	0	8	0	0	0	0	8	4	0	0	0
gene7394	6	2	7	7	13	19	11	8	8	30	11	32	9	8	8	9
gene7395	1	0	1	1	3	5	0	1	1	2	12	7	7	3	0	9
gene7396	406	208	792	297	306	439	499	640	552	830	489	1179	717	139	351	394
gene7397	195	87	464	146	307	358	669	919	377	515	332	1257	599	174	320	431
gene7398	4	7	41	13	13	25	32	20	17	35	47	33	40	14	36	17
gene7399	97	36	100	26	38	30	86	181	51	91	59	87	241	17	33	26
gene7400	88	65	263	138	79	129	217	204	191	344	138	254	193	84	164	153
gene7401	700	255	1157	421	409	603	1055	1309	628	821	600	1419	1250	219	494	507
gene7402	142	95	268	140	651	991	1104	2344	1056	1498	794	2358	1710	263	876	790
gene7403	112	31	152	66	54	54	114	201	96	87	133	84	149	36	63	57
gene7404	24	12	21	13	26	16	21	37	39	13	18	40	30	11	9	4
gene7405	6	11	26	14	9	17	21	45	22	10	16	37	72	15	17	23
gene7406	493	216	862	525	376	567	562	1105	662	687	403	1198	935	212	653	498
gene7407	0	0	0	5	0	0	0	1	0	0	4	0	0	0	8	27
gene7408	227	93	308	168	116	147	184	406	301	272	253	319	507	97	94	231
gene7409	3	4	16	0	14	0	0	3	0	0	48	0	27	0	2	2
gene7410	140	62	240	108	85	146	210	158	210	210	163	325	236	81	128	137
gene7411	524	223	813	378	415	643	579	1105	497	671	439	824	866	264	488	383
gene7412	771	450	1723	744	2084	2546	5830	8650	5072	8159	3881	8342	6072	1711	3027	3228
gene7413	16	15	92	52	10	26	30	96	66	68	37	59	106	34	37	43
gene7414	88	22	108	65	10	9	25	22	40	15	19	45	31	3	18	12
gene7415	316	143	704	221	298	364	477	667	715	427	392	781	679	162	224	304
gene7416	8	0	2	6	1	5	0	5	14	3	0	6	1	0	0	0
gene7417	28	7	94	33	27	17	27	69	46	23	57	23	43	7	34	15
gene7418	451	195	767	353	347	498	954	1095	564	883	433	1042	609	224	400	315
gene7419	30	2	43	9	6	11	12	23	21	26	9	50	73	2	24	12
gene7420	200	95	427	158	180	196	220	498	303	377	155	364	499	115	173	195
gene7421	1200	502	2114	1200	1046	1228	1614	3018	1554	1922	1397	3226	2412	558	1088	1034
gene7422	911	552	2120	818	2355	2409	4284	5468	3625	4181	2954	6814	5913	1321	2855	2688
gene7423	664	285	1310	585	578	564	704	1958	882	991	732	2498	1072	377	576	640
gene7424	85	41	109	80	73	155	114	269	129	96	130	155	248	36	81	67
gene7425	169	72	280	125	140	143	251	502	309	256	195	549	237	84	118	152
gene7426	16	12	28	9	7	14	12	9	20	20	8	23	11	9	0	7
gene7427	5	9	17	13	7	14	16	24	16	55	5	16	31	4	7	30
gene7428	299	122	699	338	186	344	426	700	393	730	417	807	495	137	320	226
gene7429	187	67	249	183	142	154	183	336	168	311	99	313	293	78	118	95
gene7430	87	31	83	37	50	61	110	126	52	101	69	146	127	22	48	53
gene7431	9	1	29	7	3	5	18	14	4	1	16	8	5	3	3	1
gene7432	46	18	71	20	19	25	60	91	18	95	34	22	46	10	45	39
gene7433	8	0	19	9	13	10	17	25	16	19	10	40	20	3	11	3
gene7434	351	105	814	215	287	306	278	557	362	590	329	648	761	117	295	270
gene7435	197	72	351	152	108	231	203	386	190	276	283	267	245	112	143	144
gene7436	5146	2729	12148	5278	3761	8440	9460	16418	8171	10320	5439	14748	15852	2649	5442	4755
gene7437	31	20	39	29	9	10	4	20	16	21	15	19	17	2	12	15
gene7438	48	32	75	44	35	37	65	71	72	66	57	52	101	13	45	43
gene7439	14	10	75	21	10	32	69	69	26	61	42	66	92	34	28	22
gene7440	2	0	8	0	2	4	1	9	1	5	2	11	3	1	2	8
gene7441	651	239	1650	568	2139	2730	3130	5584	3330	3791	3668	5362	5918	1289	2286	2611
gene7442	858	475	1490	771	173	206	274	411	282	318	230	463	301	96	179	223
gene7443	0	0	0	0	0	0	2	0	0	0	0	0	0	0	1	0
gene7444	38	12	69	22	30	17	33	69	32	19	32	45	38	9	17	10
gene7445	226	99	402	215	182	326	322	651	252	363	276	675	577	120	231	257
gene7446	44	23	111	23	14	67	23	177	47	48	49	81	76	13	50	55
gene7447	1300	536	2779	864	918	1279	1411	2932	1784	1945	1058	2248	2057	435	996	1055
gene7448	70	51	178	87	76	136	150	205	176	143	135	297	294	41	108	76
gene7449	1332	713	1949	1494	994	1417	1538	3016	1556	1995	1682	3269	2292	532	1551	1583
gene7450	51	13	38	53	28	37	40	54	93	69	61	66	84	14	54	36
gene7451	37	16	66	35	43	33	60	108	35	27	35	118	85	18	61	15
gene7452	139	97	388	234	168	304	425	303	221	267	199	450	310	118	183	211
gene7453	644	295	1126	466	403	485	865	1334	607	796	678	1318	968	194	678	408
gene7454	75	39	168	78	50	71	105	229	37	115	92	230	106	38	54	35
gene7455	0	0	0	0	0	0	0	0	1	0	0	0	2	0	0	0
gene7456	3	7	10	5	61	11	40	45	77	34	26	52	136	34	6	93
gene7457	109	28	225	119	84	126	131	241	152	188	120	234	206	62	143	84
gene7458	40	45	152	89	65	104	94	167	102	168	48	285	199	49	63	49
gene7459	40	12	121	33	21	47	63	112	122	84	26	163	119	33	28	28
gene7460	132	45	161	57	114	123	86	309	142	191	118	185	358	70	55	86
gene7461	720	309	873	596	363	602	922	1391	697	1276	923	1671	1215	350	687	558
gene7462	823	316	1871	553	638	783	1069	1607	975	1120	867	1431	1403	439	747	619
gene7463	48	48	156	44	88	89	154	240	110	153	76	170	218	83	57	117
gene7464	9187	5105	16855	8699	9759	11868	11650	19466	13350	16379	10469	22881	25660	4121	7563	10706
gene7465	267	64	626	232	112	198	308	631	230	362	343	493	569	99	235	191
gene7466	4	1	1	1	3	0	8	4	1	0	6	26	13	3	2	21
gene7467	5	1	10	1	5	5	2	26	10	15	13	25	13	0	4	14
gene7468	122	40	250	51	82	66	95	247	133	78	99	137	248	51	107	93
gene7469	1	5	2	2	0	0	0	4	22	0	8	3	4	6	0	15
gene7470	0	0	0	1	1	2	6	20	0	9	2	8	4	0	12	3
gene7471	1231	645	2790	1114	960	1518	1702	2820	1827	1663	1335	3225	1995	560	1371	1305
gene7472	2020	944	3270	1353	1446	1980	2119	4682	2118	2156	1872	4522	3953	797	1794	1526
gene7473	72	29	147	84	46	100	124	66	138	167	86	213	193	45	93	101
gene7474	362	102	619	369	46	76	127	143	78	88	80	159	184	31	112	103
gene7475	10	4	7	4	6	15	1	18	2	11	4	13	0	2	29	0
gene7476	1	1	5	2	4	4	9	15	6	1	2	11	2	5	3	1
gene7477	3	3	30	1	5	18	13	19	32	6	4	16	57	4	7	21
gene7478	40	30	104	23	21	35	48	74	30	67	66	133	117	20	37	49
gene7479	20	15	32	16	24	24	28	77	43	25	23	49	91	14	29	23
gene7480	32	9	90	18	22	47	66	79	49	118	52	125	57	24	40	26
gene7481	1	6	7	11	2	19	7	3	16	0	5	34	17	2	1	2
gene7482	3	2	14	3	2	0	12	2	14	3	5	19	2	1	6	5
gene7483	564	195	872	467	504	568	676	1099	665	933	598	1374	1150	295	624	522
gene7484	19	6	48	25	7	21	5	17	30	37	6	24	34	5	11	15
gene7485	13	1	32	20	29	13	32	47	20	31	7	41	49	5	19	14
gene7486	334	222	925	463	357	372	692	907	771	748	500	942	812	155	289	401
gene7487	100	41	89	80	70	48	36	99	56	102	76	201	117	23	73	53
gene7488	5	10	13	1	10	3	15	37	14	22	3	4	6	3	10	22
gene7489	45	27	64	62	26	68	86	121	90	119	99	67	141	22	86	56
gene7490	444	335	1204	582	427	619	679	1251	963	957	910	1899	1008	284	459	505
gene7491	0	1	5	1	0	0	0	0	1	0	0	4	0	0	1	0
gene7492	119	34	187	69	72	72	152	254	100	139	122	198	137	26	71	108
gene7493	19	3	29	20	10	7	14	19	7	9	8	25	18	6	5	11
gene7494	16	23	92	51	32	30	54	82	68	96	69	129	77	14	48	68
gene7495	52	5	46	10	14	27	22	76	21	63	38	32	61	8	41	41
gene7496	9890	3905	15752	8102	21187	34055	38977	53893	33199	43038	39621	72289	68939	12877	27881	30347
gene7497	0	0	7	5	3	1	5	2	2	3	6	20	6	2	1	2
gene7498	404	235	562	226	368	391	526	694	492	420	497	789	573	120	396	397
gene7499	150	99	464	166	114	151	378	413	274	379	212	535	356	91	182	125
gene7500	100	48	193	54	81	148	142	137	98	162	81	165	236	36	83	93
gene7501	78	20	143	36	35	71	91	98	154	111	60	79	130	32	66	70
gene7502	11	8	26	15	16	27	38	72	51	26	7	15	20	4	32	17
gene7503	0	0	0	0	0	0	1	0	0	0	12	0	2	2	0	0
gene7504	25	5	26	13	20	4	25	69	24	32	7	11	28	3	33	10
gene7505	71	36	85	62	70	45	54	144	85	81	94	186	141	27	60	59
gene7506	12	5	5	9	7	1	5	15	1	35	13	3	19	8	8	1
gene7507	66	20	46	36	38	86	144	89	66	90	50	174	67	40	64	56
gene7508	6683	3165	13659	4941	9631	13953	17251	26476	15731	19166	15984	37671	23350	5072	16514	9995
gene7509	34	13	114	41	46	71	43	171	81	61	97	176	144	23	34	29
gene7510	547	275	1377	621	619	906	998	1978	850	1125	903	2088	1255	420	738	825
gene7511	929	326	1383	722	660	914	1109	2410	845	1284	1007	1959	2229	498	822	948
gene7512	71	70	224	60	88	168	226	455	148	198	154	288	198	48	69	96
gene7513	2	2	10	20	6	4	17	7	11	12	0	22	31	2	23	8
gene7514	12	6	68	14	17	47	17	29	20	28	45	21	56	4	10	12
gene7515	3575	1928	8134	2885	2208	1708	2788	3668	2755	3324	2591	3825	3259	1071	1771	1718
gene7516	12	13	23	8	11	19	27	31	2	1	5	16	11	0	3	1
gene7517	1	1	2	4	10	12	18	9	4	2	16	2	4	0	1	3
gene7518	1	0	2	3	4	7	42	0	7	14	29	20	19	1	1	13
gene7519	10	1	18	3	8	9	2	3	4	20	0	3	11	7	5	3
gene7520	5478	1746	9922	4811	3858	4933	8280	14578	5583	7598	4865	15915	12071	2131	5328	4744
gene7521	0	5	0	6	1	1	2	4	10	5	9	5	18	6	7	6
gene7522	258	263	790	356	303	411	502	1002	599	828	442	745	535	208	284	370
gene7523	784	406	1501	855	574	874	1330	1982	1108	1369	893	1135	1859	320	663	607
gene7524	121	43	124	36	141	487	725	1514	557	686	430	954	842	360	264	418
gene7525	172	127	479	146	193	172	303	304	282	292	281	618	423	90	156	207
gene7526	8963	4851	17540	8658	5812	10901	15797	22001	9439	12718	9925	23593	17641	4005	8222	7525
gene7527	76	27	100	72	58	48	91	68	59	80	119	242	120	28	60	65
gene7528	619	290	1234	494	467	608	939	1272	505	893	773	1593	951	292	627	644
gene7529	7	3	3	2	1	9	11	3	1	4	5	6	5	0	1	2
gene7530	272	95	561	305	355	579	764	1312	615	1024	643	1035	968	207	365	378
gene7531	47	35	113	29	41	24	66	99	56	66	51	170	90	25	55	47
gene7532	2	1	4	5	14	0	13	15	5	20	0	10	8	1	2	2
gene7533	9	3	4	8	12	31	19	27	17	31	30	30	10	6	7	5
gene7534	178	75	339	223	115	204	374	504	162	316	257	415	240	59	211	167
gene7535	2490	1367	3914	2139	1516	3006	3290	4629	3481	3798	2764	6336	5205	978	2118	1820
gene7536	131	69	211	121	59	108	180	204	148	207	180	236	288	57	168	69
gene7537	242	127	468	178	224	298	456	633	369	392	229	751	579	134	218	182
gene7538	13	3	1	0	2	8	1	21	2	26	7	5	16	0	6	1
gene7539	1181	531	1702	1098	934	1157	1888	2301	1346	1405	1517	3764	2506	370	1169	1337
gene7540	742	443	2228	1000	2457	5043	7125	10933	6885	7463	4197	10965	9337	2170	2867	3392
gene7541	232	85	333	218	214	339	389	639	403	282	214	551	474	106	323	203
gene7542	660	268	1019	447	305	360	391	710	385	527	333	813	761	123	375	381
gene7543	9	4	5	11	17	21	59	30	14	50	13	48	12	3	14	4
gene7544	236	163	605	126	171	298	354	493	413	317	447	592	513	140	232	194
gene7545	97	62	160	99	63	75	153	267	151	135	155	196	243	43	94	74
gene7546	22	28	53	22	24	49	53	112	57	19	37	114	92	22	27	25
gene7547	4	0	3	3	5	0	0	5	0	0	2	4	40	1	2	10
gene7548	16	14	29	42	43	28	22	54	29	53	40	39	31	11	48	38
gene7549	62	28	64	56	45	61	82	134	37	69	37	107	121	24	33	60
gene7550	5758	3388	11607	5787	3725	6286	9047	16201	9284	11723	7834	13550	9943	3146	6744	6586
gene7551	248	72	359	176	165	234	276	400	228	321	213	404	316	91	213	189
gene7552	52	7	36	22	32	23	30	73	34	50	28	65	45	6	22	20
gene7553	58	22	118	49	28	65	90	72	117	99	79	168	153	17	50	68
gene7554	24	17	95	49	31	33	93	62	35	27	31	86	135	6	28	13
gene7555	234	89	289	112	85	191	311	317	242	314	155	199	286	76	154	118
gene7556	146	87	264	103	111	148	136	411	161	234	182	382	292	70	152	125
gene7557	328	142	570	284	214	457	373	930	401	538	393	597	554	152	273	282
gene7558	285	106	492	212	164	273	288	606	278	427	352	725	523	141	354	152
gene7559	6	3	1	1	0	1	2	7	16	2	1	6	15	0	4	0
gene7560	14	9	62	4	6	19	25	71	27	21	20	34	30	11	16	15
gene7561	34	52	84	48	38	55	33	90	62	100	56	140	60	27	47	41
gene7562	181	162	430	236	227	218	364	566	458	427	285	568	557	103	248	248
gene7563	48	4	23	18	4	4	13	23	27	7	17	63	25	2	5	10
gene7564	3	0	0	0	0	4	0	0	1	1	0	1	4	0	0	0
gene7565	96	42	93	72	48	68	172	237	133	120	127	247	197	38	120	96
gene7566	30	13	56	24	59	45	53	53	54	79	40	82	106	17	59	42
gene7567	78	9	45	18	12	26	43	78	74	35	49	62	51	12	33	17
gene7568	18	4	71	25	9	27	24	64	48	35	23	63	41	11	19	24
gene7569	962	503	1834	1246	1147	1393	1935	2497	1256	2042	1335	2598	2797	603	1449	1250
gene7570	36	17	67	21	20	34	43	44	17	62	96	40	79	19	20	34
gene7571	466	238	834	570	459	472	645	940	845	834	713	1491	991	243	499	558
gene7572	25	6	90	66	160	357	330	528	641	575	333	1247	499	224	342	199
gene7573	0	4	17	0	2	1	7	12	7	5	1	0	0	2	1	1
gene7574	4	1	13	13	10	0	52	48	95	24	177	28	136	3	4	13
gene7575	81	57	178	68	47	100	107	106	108	105	47	226	258	41	94	73
gene7576	285	120	325	223	117	331	345	517	331	351	328	557	423	67	261	254
gene7577	4	0	10	4	4	4	4	3	0	8	6	46	2	1	4	3
gene7578	0	2	1	9	2	4	9	5	7	12	3	2	8	0	15	23
gene7579	12	1	23	7	5	4	30	73	9	11	5	18	27	8	2	13
gene7580	33	12	115	28	21	26	90	94	81	46	56	130	44	17	33	23
gene7581	223	170	506	359	188	468	385	786	403	413	324	733	447	162	231	267
gene7582	54	34	76	71	62	76	88	96	88	119	52	135	122	43	56	49
gene7583	1	0	1	0	4	0	4	8	2	3	0	15	4	0	0	7
gene7584	18	7	14	8	3	7	20	39	23	28	16	26	15	6	11	0
gene7585	279	196	725	355	237	442	571	1002	637	669	482	768	835	196	457	475
gene7586	19	7	32	13	15	30	19	28	39	31	30	15	90	11	28	20
gene7587	13	7	57	34	10	17	23	51	33	53	36	52	28	5	10	23
gene7588	31	13	44	15	45	45	70	73	101	152	68	76	68	9	26	52
gene7589	1015	376	2031	902	190	264	273	539	356	390	287	553	518	114	273	251
gene7590	45	30	122	87	34	41	74	155	95	126	102	100	144	23	52	85
gene7591	251	134	747	252	245	380	475	832	231	473	511	674	604	141	341	339
gene7592	37	23	39	42	54	30	58	70	49	43	53	118	167	34	48	48
gene7593	22	11	81	46	28	31	34	21	43	80	62	59	99	16	64	24
gene7594	1724	726	4145	1657	1737	2210	2954	4935	3453	3667	2172	4672	4885	925	2314	1773
gene7595	19	7	44	47	30	48	27	89	37	33	58	87	86	14	19	48
gene7596	1668	996	4171	1438	1166	2210	2559	4619	2811	3456	1940	6059	4526	890	1919	1878
gene7597	450	242	762	312	112	213	251	451	253	371	216	451	425	81	180	133
gene7598	1129	576	2345	1094	913	1673	1982	2713	1513	1584	1347	2140	2127	394	959	1131
gene7599	2	1	3	0	4	0	0	25	1	4	2	5	0	1	0	0
gene7600	266	145	516	250	247	277	347	598	342	413	281	426	839	133	218	237
gene7601	24070	14916	52531	25518	22717	32878	35587	60479	40828	56184	37002	56176	80583	15607	22321	24961
gene7602	52	16	68	52	44	88	59	62	77	54	90	142	59	19	24	52
gene7603	7	1	13	9	3	5	19	28	10	0	5	13	7	2	11	4
gene7604	10	7	18	7	6	26	14	15	13	29	24	47	54	3	23	3
gene7605	229	108	488	231	129	249	300	451	281	353	182	617	462	119	275	212
gene7606	274	127	562	316	255	232	435	496	407	577	331	690	601	165	295	280
gene7607	60	18	156	57	33	79	58	177	103	117	87	188	112	23	68	71
gene7608	8	14	10	17	8	25	34	68	21	12	23	60	25	1	8	21
gene7609	3	7	39	14	11	14	35	23	29	24	3	26	27	4	23	17
gene7610	988	454	2058	1414	974	879	1331	2016	1321	1342	1511	2114	1726	655	1119	888
gene7611	4	7	32	10	2	17	4	20	26	19	13	10	1	3	1	3
gene7612	1	6	7	2	13	4	11	19	19	11	1	10	29	5	3	1
gene7613	0	0	1	0	0	0	0	0	0	5	7	23	0	0	1	0
gene7614	0	1	12	1	7	0	0	1	0	0	11	0	0	1	9	0
gene7615	35	28	171	80	38	41	87	108	37	109	80	77	105	37	65	60
gene7616	35	13	39	15	19	27	51	82	27	33	27	53	54	9	52	30
gene7617	14	13	51	6	15	16	5	56	19	18	18	90	29	11	14	23
gene7618	386	209	538	300	175	440	560	719	286	529	518	680	856	113	371	350
gene7619	34	12	67	9	27	28	42	109	29	54	37	91	125	11	29	32
gene7620	37	25	52	27	19	41	60	122	31	59	47	136	94	21	38	47
gene7621	24	7	71	25	23	22	15	61	25	47	31	85	70	15	34	16
gene7622	1	0	1	0	0	0	0	2	0	1	0	0	4	0	1	1
gene7623	1	2	0	1	1	0	1	3	0	0	0	0	1	0	1	0
gene7624	35	15	25	22	33	2	25	52	37	36	6	66	37	5	7	22
gene7625	413	229	907	395	388	550	575	868	641	756	500	996	793	130	377	460
gene7626	121	43	210	93	91	127	123	304	205	238	104	246	194	62	114	119
gene7627	117	61	321	93	87	136	136	219	212	146	91	244	190	41	123	161
gene7628	15334	8501	27392	11500	11744	14782	24094	30866	18563	15864	14722	31128	24442	6588	15040	15443
gene7629	471	186	679	395	317	377	611	856	544	535	411	1044	948	194	332	315
gene7630	525	239	838	327	373	414	478	968	476	650	498	1008	975	247	417	430
gene7631	1335	432	1343	1176	4111	9027	11192	16869	10034	11173	8645	18137	19911	3562	6965	6408
gene7632	9	1	1	0	6	5	1	0	7	5	2	42	3	0	6	9
gene7633	137	99	258	158	138	104	257	263	175	229	153	320	315	67	192	96
gene7634	20	22	52	27	34	139	217	288	115	191	94	112	377	70	121	132
gene7635	9447	4659	17225	8781	6203	7155	13297	21597	12651	11949	10105	20562	17166	5267	10168	7074
gene7636	3638	1733	5609	3253	1993	2673	5328	8755	4329	6245	3168	8541	7154	1883	4364	2924
gene7637	70	36	61	52	30	55	37	143	44	46	89	125	114	6	68	53
gene7638	73	26	147	45	35	49	55	103	57	40	139	171	119	32	54	55
gene7639	10	3	49	27	2	6	4	3	1	9	3	3	9	0	8	3
gene7640	11	12	13	9	18	35	39	20	34	61	7	45	27	3	13	15
gene7641	163	60	277	159	96	197	227	424	217	188	220	422	365	60	126	169
gene7642	447	172	560	353	383	302	628	871	449	618	402	864	448	198	258	373
gene7643	851	532	1631	376	743	1014	1273	2430	1213	1122	806	1314	2027	481	647	868
gene7644	1	0	0	0	3	3	11	1	0	3	1	0	4	1	1	0
gene7645	17	9	47	32	0	14	12	27	15	24	12	43	36	2	18	12
gene7646	518	253	1252	533	309	582	892	1227	644	722	536	1241	1113	344	607	428
gene7647	19	7	49	15	9	14	33	25	24	19	18	51	54	18	15	7
gene7648	535	334	937	534	434	578	724	1326	674	869	619	1160	1043	256	491	458
gene7649	84	51	115	72	104	88	116	185	120	182	157	206	208	42	48	104
gene7650	4	0	27	2	15	7	11	17	5	23	2	20	15	6	10	3
gene7651	5	6	61	3	17	7	20	7	9	20	9	13	26	9	7	19
gene7652	43	3	46	15	14	27	33	30	18	55	24	27	79	11	34	26
gene7653	73	52	137	101	48	77	137	171	107	102	53	146	247	36	59	51
gene7654	15	2	29	23	8	10	31	82	4	34	20	43	31	2	21	13
gene7655	120	39	188	131	73	169	199	320	164	132	175	253	173	40	83	105
gene7656	9	9	26	5	1	23	21	8	9	6	2	10	3	2	2	5
gene7657	0	0	0	0	0	0	0	0	0	0	0	0	0	0	0	0
gene7658	3141	1617	4559	2355	2141	3004	3563	7571	3886	4429	2703	7120	5185	1472	1993	2625
gene7659	44	11	59	24	15	68	30	108	43	67	75	57	83	24	27	39
gene7660	70	18	69	43	30	52	63	140	57	111	58	91	92	20	38	30
gene7661	7	16	46	7	2	47	13	44	36	33	11	21	38	2	25	35
gene7662	51	20	102	63	49	51	62	102	74	69	36	68	92	25	55	18
gene7663	44	21	14	7	2	6	2	18	4	2	6	5	3	1	1	2
gene7664	123	34	260	85	124	101	141	196	158	135	130	396	428	89	117	159
gene7665	13	6	19	13	18	32	37	40	30	16	20	57	36	10	43	17
gene7666	28	7	43	30	11	29	30	70	29	36	36	82	56	8	21	26
gene7667	55	45	242	101	92	124	117	291	224	168	111	329	258	64	116	105
gene7668	26	24	69	42	34	54	16	119	76	70	36	87	101	23	20	37
gene7669	1315	529	1904	1279	907	1631	2248	2729	2134	2171	2075	2725	3608	504	1279	1699
gene7670	10	1	12	3	5	3	17	0	11	12	15	12	18	5	10	1
gene7671	42	19	34	13	24	28	18	23	17	44	25	30	55	12	15	20
gene7672	7	18	52	3	8	9	16	59	27	8	13	27	26	1	12	10
gene7673	3442	1682	6937	3363	3311	4011	4929	10196	3879	6681	4105	7502	5864	1404	3822	3604
gene7674	379	197	761	260	211	449	524	692	399	632	371	827	698	166	399	281
gene7675	100	63	206	99	6	22	24	24	14	24	18	38	15	9	10	9
gene7676	217	209	402	278	257	281	779	675	424	421	464	790	544	133	319	230
gene7677	9	5	8	2	1	9	9	4	4	3	3	18	28	6	4	22
gene7678	99	60	272	62	76	152	209	241	155	229	121	342	151	37	112	91
gene7679	230	118	391	276	169	297	308	747	302	279	279	416	446	104	151	290
gene7680	24	20	53	39	27	38	59	71	24	52	35	73	32	19	19	16
gene7681	0	2	3	0	0	4	12	3	0	1	0	3	2	1	3	3
gene7682	0	1	0	0	0	0	0	5	6	0	0	10	0	0	0	4
gene7683	13	0	20	4	1	18	4	7	7	14	14	20	20	7	21	6
gene7684	4010	1922	9787	3918	2968	5450	6498	9499	7463	8354	5982	9187	10646	2334	4210	3152
gene7685	12218	6870	28975	10253	10184	13661	18378	30749	12724	21320	13621	34632	28421	4415	15535	14283
gene7686	7	5	37	7	7	4	19	21	5	10	23	8	2	2	7	9
gene7687	204	68	339	127	126	174	228	424	340	286	168	396	324	76	148	135
gene7688	35	14	88	27	47	55	33	122	70	62	52	75	49	12	63	52
gene7689	313	206	593	278	255	251	604	829	372	468	318	714	734	147	231	392
gene7690	641	365	1310	752	483	750	897	1489	884	1437	1134	1679	1604	344	660	683
gene7691	47	14	54	53	34	47	59	66	39	88	64	67	30	22	21	71
gene7692	855	562	2242	1015	683	832	1064	2236	1014	1521	1180	2110	2264	391	953	989
gene7693	0	0	0	0	2	0	4	3	5	5	0	6	1	11	0	10
gene7694	1	0	1	1	4	4	12	1	7	9	2	21	1	0	1	1
gene7695	7	1	6	3	4	3	4	19	19	9	16	24	30	3	6	26
gene7696	2024	926	3505	2238	1591	2065	3317	5300	3075	3868	2298	4320	3596	846	1887	1742
gene7697	1	3	14	2	0	1	3	19	4	4	1	3	2	4	2	1
gene7698	57279	30761	105613	60460	62489	58151	102678	134874	97049	76954	61500	126198	117712	27697	64349	55548
gene7699	1	0	2	10	4	4	32	25	8	2	13	9	14	5	2	2
gene7700	0	0	0	0	0	0	0	0	0	1	0	0	0	0	0	0
gene7701	74	65	239	83	17	43	43	32	46	37	40	70	26	5	24	38
gene7702	12	1	44	13	7	10	25	20	8	25	18	25	12	16	27	17
gene7703	30	20	67	26	22	44	42	81	48	28	11	44	58	6	26	15
gene7704	926	280	1174	727	2462	2913	4413	9217	3799	6898	2903	8905	5227	1476	2206	2883
gene7705	5	0	9	1	1	3	10	23	3	23	6	2	13	1	11	0
gene7706	1538	652	2864	1043	1043	1083	1900	3090	1711	2321	1660	3183	2743	650	1744	1312
gene7707	65	29	130	67	81	88	101	193	101	158	88	217	113	70	62	64
gene7708	267	179	682	359	314	383	613	619	481	449	446	947	910	185	420	318
gene7709	3106	1245	5578	2255	2019	2031	3841	5585	3343	4432	3629	5673	8716	1259	2884	2601
gene7710	706	357	1727	721	604	1233	881	1806	1028	1255	649	2443	1689	494	739	718
gene7711	0	0	1	0	0	0	0	8	0	1	2	0	13	0	5	2
gene7712	264	102	422	254	204	184	330	581	351	489	302	495	568	95	279	238
gene7713	34	6	20	22	22	11	29	34	37	40	14	10	20	11	19	13
gene7714	109	43	108	90	112	88	167	194	76	132	124	188	191	47	77	76
gene7715	20	10	16	20	17	7	15	61	19	27	24	37	48	6	8	28
gene7716	0	1	0	0	0	1	4	1	0	3	0	0	0	0	2	0
gene7717	159	59	346	110	82	159	238	519	218	315	176	412	217	90	118	124
gene7718	3	7	15	1	4	12	23	24	11	29	6	0	27	3	8	4
gene7719	129	68	269	129	127	245	292	424	222	236	238	397	333	106	195	184
gene7720	2	0	0	0	7	0	1	24	0	27	3	9	2	0	18	2
gene7721	8	3	61	17	4	3	14	20	15	7	14	15	35	5	7	9
gene7722	138	66	264	105	101	162	199	404	173	250	182	594	305	77	177	143
gene7723	64	42	139	51	44	71	83	118	108	88	61	118	68	43	50	39
gene7724	64	27	173	94	44	99	102	119	92	133	151	182	302	42	103	97
gene7725	348	209	489	243	298	542	425	583	501	391	522	673	486	151	362	340
gene7726	160	29	296	77	21	23	36	73	34	49	24	50	57	12	39	30
gene7727	381	126	785	313	658	782	822	1406	900	1356	848	1531	1353	247	606	618
gene7728	404	234	941	342	235	503	506	706	434	488	486	1116	770	129	349	334
gene7729	252	110	428	263	211	180	261	362	271	269	281	494	470	107	213	180
gene7730	28	5	55	13	16	37	58	37	32	23	11	26	36	1	11	14
gene7731	59	27	107	56	10	12	16	27	19	33	26	38	41	9	12	6
gene7732	51	17	131	46	48	39	41	75	64	43	32	138	77	3	49	29
gene7733	6	4	17	13	17	14	14	63	23	44	7	20	19	3	5	15
gene7734	0	2	10	3	1	1	18	31	1	1	1	4	5	3	0	4
gene7735	58	46	194	94	8	13	42	46	17	36	25	47	24	6	13	15
gene7736	0	0	20	3	2	2	3	3	5	3	7	11	4	1	8	2
gene7737	38	30	39	15	34	28	26	52	33	30	54	53	57	9	22	34
gene7738	4	12	2	3	1	7	10	6	7	9	5	3	12	1	9	7
gene7739	165	103	383	235	185	319	324	413	261	302	227	551	481	126	302	234
gene7740	864	422	2047	832	584	1130	1750	1932	1061	2042	1178	2039	2345	419	1072	1237
gene7741	187	93	682	168	202	289	352	699	423	381	241	564	459	143	205	210
gene7742	1186	793	2704	1104	1370	1601	2190	3705	1755	2404	1916	3755	3666	981	1302	1255
gene7743	87	34	78	19	30	64	84	160	140	96	83	142	160	37	63	76
gene7744	11	2	15	8	21	7	13	20	10	49	6	24	61	11	20	6
gene7745	5	0	6	5	0	1	1	6	2	2	4	2	8	0	3	2
gene7746	0	1	0	0	22	34	2	64	2	5	0	0	0	0	0	0
gene7747	5	3	6	9	10	9	16	46	5	19	2	16	16	1	13	3
gene7748	28	33	117	39	32	74	46	94	57	143	66	148	67	28	49	42
gene7749	79	29	203	80	56	70	109	125	73	81	58	169	141	33	46	48
gene7750	3	6	39	7	6	10	22	20	21	48	39	51	14	9	32	5
gene7751	263	96	389	231	150	282	220	338	266	351	260	433	332	135	220	250
gene7752	103	27	182	98	85	118	87	156	79	100	126	104	199	41	124	55
gene7753	144	77	237	173	159	208	196	719	324	253	155	436	357	102	215	97
gene7754	30	16	87	20	9	37	62	71	39	47	50	152	149	20	33	32
gene7755	0	0	0	0	0	3	0	0	0	0	1	1	1	2	0	0
gene7756	0	0	1	0	3	1	3	1	2	2	1	2	1	0	3	7
gene7757	53	25	54	50	40	47	66	136	56	53	46	70	112	38	55	26
gene7758	31	4	43	14	19	15	8	54	23	40	20	50	40	10	18	3
gene7759	318	128	434	267	172	144	268	642	264	356	247	565	609	78	202	190
gene7760	2065	841	3279	1757	1455	2213	2618	4769	3422	3029	2721	4369	3868	1069	2029	1654
gene7761	18	4	19	11	17	16	12	51	18	17	40	9	102	11	6	6
gene7762	14	1	7	13	11	10	2	11	2	8	3	4	15	5	3	1
gene7763	63	20	104	59	68	84	95	213	46	98	93	159	179	13	52	52
gene7764	8	0	33	10	3	2	1	4	0	20	11	39	17	0	5	4
gene7765	2773	1415	5630	1998	2498	3876	3821	7466	4297	4480	3123	7811	6085	1253	2718	3360
gene7766	97	53	146	123	158	307	387	384	381	427	286	798	518	120	338	153
gene7767	46	13	63	21	85	184	295	581	146	366	218	428	310	62	114	95
gene7768	40	37	176	38	15	28	58	84	8	53	24	21	84	8	27	21
gene7769	70	33	167	96	90	158	164	319	137	168	125	214	290	67	65	145
gene7770	0	0	2	1	5	2	8	8	1	1	15	17	4	7	18	0
gene7771	0	0	26	2	0	0	5	8	0	0	1	0	0	9	2	0
gene7772	0	6	3	2	0	1	1	9	7	0	0	11	6	0	0	6
gene7773	105	54	284	55	98	146	189	259	153	158	123	233	252	34	77	110
gene7774	241	113	570	249	167	220	280	485	292	475	220	784	623	90	323	245
gene7775	317	129	511	263	171	345	350	449	422	369	335	590	705	87	282	326
gene7776	3060	1580	5023	3020	2414	3194	4563	5090	3126	5385	3358	7367	5805	1499	2668	2535
gene7777	0	0	6	4	2	9	3	1	1	3	2	17	1	0	5	4
gene7778	40	35	154	30	50	64	110	72	23	55	33	142	159	19	53	55
gene7779	0	2	8	6	1	10	5	26	3	4	1	3	6	1	2	2
gene7780	2300	1507	4454	3134	1183	1850	1884	3583	1495	2262	1940	3248	3362	563	1417	1481
gene7781	0	0	0	1	1	3	0	0	0	5	10	20	2	1	3	2
gene7782	1060	474	2012	885	683	1167	1262	2202	1406	1270	1090	2538	2033	352	937	925
gene7783	23	3	45	24	24	27	45	29	33	33	35	65	51	8	23	40
gene7784	241	75	573	308	170	237	259	654	329	196	217	644	397	108	256	162
gene7785	33	18	24	8	19	47	62	36	12	38	41	31	28	21	27	17
gene7786	0	0	0	0	1	0	0	2	2	0	0	0	0	0	1	0
gene7787	91	29	89	49	31	49	46	49	47	76	66	207	77	30	27	39
gene7788	87	28	199	96	88	130	150	230	111	131	162	298	223	42	97	141
gene7789	149	67	427	145	139	129	381	383	294	327	201	366	300	87	158	229
gene7790	185	74	326	148	140	172	210	269	172	197	234	490	327	90	170	142
gene7791	10	2	11	9	22	1	15	14	5	23	4	16	18	9	9	4
gene7792	94	76	250	122	145	177	93	218	163	133	154	330	222	65	120	143
gene7793	455	256	909	456	374	456	690	908	655	898	487	1264	1140	264	510	412
gene7794	17	4	36	19	32	31	34	68	29	46	13	21	94	5	31	13
gene7795	223	101	429	195	178	342	341	555	289	371	245	541	565	79	291	146
gene7796	630	296	985	390	380	518	826	1051	469	706	471	1039	1061	298	459	481
gene7797	113	27	223	72	88	70	153	156	110	196	131	259	247	59	68	119
gene7798	1101	620	1945	1112	627	1382	1109	2277	1234	1550	745	1828	1894	562	1048	882
gene7799	17	11	38	17	13	19	21	47	24	44	16	16	6	9	12	28
gene7800	3	0	4	9	0	5	5	0	0	1	1	3	13	2	1	0
gene7801	14	5	35	15	8	25	32	59	5	31	9	40	36	3	22	7
gene7802	1	0	2	2	5	0	0	17	0	0	3	6	1	6	3	2
gene7803	4	1	2	2	8	1	9	1	3	3	2	10	26	0	7	0
gene7804	25	10	23	5	14	7	4	17	37	18	15	34	20	2	16	7
gene7805	4432	1688	6640	3515	2988	3225	5327	8025	3311	5581	4418	7595	8286	1498	3085	3158
gene7806	9700	4818	20808	10416	8787	11909	14706	36528	18888	18024	12135	25011	26147	6352	11610	13175
gene7807	1229	442	2063	742	623	1111	1372	2156	1516	1701	1134	3566	1891	538	1080	812
gene7808	17	6	41	6	9	9	18	60	26	20	17	22	19	12	12	20
gene7809	110	95	361	131	108	218	198	554	276	291	197	457	402	74	214	146
gene7810	5601	2995	7624	3793	3799	6942	8193	8260	7136	7439	5343	9113	12914	2018	5175	4467
gene7811	12	9	18	31	20	34	15	35	27	20	15	35	40	5	8	30
gene7812	37	4	49	31	25	13	16	74	28	44	8	88	68	11	34	31
gene7813	0	0	0	1	0	0	0	0	0	0	0	10	1	0	0	0
gene7814	12	1	14	13	4	12	14	29	20	9	24	41	40	7	11	5
gene7815	4	2	4	7	1	10	4	4	4	13	3	5	6	0	1	1
gene7816	2	8	10	2	1	1	5	0	0	9	0	3	1	2	0	0
gene7817	7	3	9	9	7	6	4	2	22	9	3	5	23	4	11	0
gene7818	0	0	0	0	2	0	0	0	4	0	2	0	0	0	0	0
gene7819	53319	23437	99064	37075	32698	85015	63199	116572	73906	90019	65775	121663	88900	26060	48900	55548
gene7820	3	0	0	0	0	2	0	0	0	0	0	0	0	0	0	0
gene7821	26	9	64	9	13	39	59	72	65	44	25	53	41	10	5	38
gene7822	12	2	5	2	1	3	1	6	0	0	1	3	7	2	0	0
gene7823	84	59	96	104	64	81	126	221	108	245	111	163	219	41	88	87
gene7824	54	15	102	22	32	40	46	53	53	45	22	138	114	16	44	30
gene7825	25	5	34	24	19	28	52	31	31	61	12	54	45	10	22	20
gene7826	1272	1092	3119	1171	1474	1362	2523	4395	2031	2658	1973	3834	3947	771	1617	1818
gene7827	5	0	15	4	4	3	2	7	3	18	4	22	0	0	4	7
gene7828	197	103	524	126	152	240	249	414	370	303	246	333	515	56	199	222
gene7829	15	10	16	10	35	42	20	66	56	56	30	59	77	10	20	46
gene7830	596	287	880	473	358	576	631	1092	583	855	539	1428	1106	273	746	447
gene7831	0	0	0	7	1	0	8	1	0	0	0	0	0	0	0	2
gene7832	5	14	22	2	3	11	8	1	8	0	8	12	4	2	12	1
gene7833	29	6	27	3	45	14	26	37	11	38	22	92	29	12	11	50
gene7834	16	4	18	10	20	12	33	55	28	6	26	49	73	18	25	20
gene7835	109	61	250	100	17	19	44	38	26	27	13	37	41	5	21	17
gene7836	48	31	92	72	20	52	45	168	160	84	52	89	99	22	61	27
gene7837	25	24	64	58	29	78	59	99	58	90	75	89	52	30	34	52
gene7838	0	0	4	0	2	4	1	32	6	11	1	0	0	0	0	17
gene7839	2133	862	3127	1540	1652	2528	3016	4519	2534	3208	2577	4512	3956	944	1942	2033
gene7840	1098	405	1408	682	674	864	993	2516	1204	1612	1111	1819	1803	416	871	770
gene7841	198	56	266	108	163	220	287	437	263	188	119	362	245	42	196	158
gene7842	22	8	31	6	18	18	10	25	15	23	10	48	13	1	17	4
gene7843	219	130	420	254	144	254	251	433	240	370	306	305	544	118	283	228
gene7844	318	193	631	434	291	446	694	849	474	520	501	750	696	151	301	411
gene7845	13	1	3	10	4	16	5	19	16	19	9	6	19	1	7	5
gene7846	2	3	4	0	0	2	3	1	1	0	1	0	3	0	4	2
gene7847	80	9	61	61	51	79	41	81	39	81	39	87	95	26	36	19
gene7848	184	108	374	130	182	257	245	598	274	349	314	493	542	59	165	146
gene7849	0	1	1	0	0	0	0	4	3	11	0	6	8	1	12	0
gene7850	2	5	0	1	0	0	1	1	1	1	3	0	1	3	0	0
gene7851	4	0	29	5	1	2	1	9	13	32	5	18	9	9	1	4
gene7852	5357	3231	13196	4563	4182	6513	9041	16977	8926	11068	8441	16462	15165	3136	9060	6773
gene7853	33	13	79	42	19	38	47	65	24	43	19	54	42	11	19	43
gene7854	133	68	258	121	87	119	125	275	124	189	84	301	212	58	78	93
gene7855	556	236	1142	437	440	563	619	1451	648	608	665	1646	1139	211	565	397
gene7856	3	0	3	0	0	9	3	1	10	18	7	0	21	0	0	2
gene7857	15	7	22	6	5	0	10	49	20	11	2	2	18	13	17	8
gene7858	0	0	0	3	4	0	0	0	0	0	0	0	0	0	0	0
gene7859	12	7	9	12	7	21	21	13	7	22	5	17	13	2	8	9
gene7860	9	3	10	20	8	11	3	13	8	3	4	6	17	3	3	9
gene7861	76	37	210	60	32	71	79	151	108	125	84	142	213	57	74	55
gene7862	16	5	12	10	13	7	21	16	31	13	5	58	10	8	26	9
gene7863	812	438	1979	978	597	1047	1293	2126	1079	1117	838	2091	2168	347	803	700
gene7864	157	33	252	102	68	135	144	239	133	239	125	208	338	56	91	108
gene7865	120	57	317	107	78	130	311	270	184	259	119	395	324	66	142	115
gene7866	20	0	52	20	2	11	33	23	9	0	4	50	14	1	6	15
gene7867	8	11	20	25	53	30	23	108	129	112	91	284	137	27	112	5
gene7868	15	4	13	11	19	27	15	23	9	28	10	48	23	7	11	7
gene7869	14	29	36	14	4	24	48	37	24	31	36	30	45	5	5	6
gene7870	28	10	47	21	22	25	26	71	30	26	10	30	53	14	27	12
gene7871	111	77	228	153	103	116	155	163	199	219	147	298	222	62	100	80
gene7872	26	12	29	32	15	50	43	64	69	94	54	131	54	18	30	10
gene7873	91	44	236	69	75	137	110	238	120	175	196	210	306	45	112	88
gene7874	537	306	941	627	485	705	1278	1609	1001	868	767	1561	1319	331	581	453
gene7875	15	0	1	0	6	5	5	8	5	3	2	7	4	0	4	3
gene7876	274	118	352	202	153	263	253	556	244	326	189	403	484	123	206	203
gene7877	25	7	32	30	16	22	46	66	31	31	9	80	66	17	14	10
gene7878	134	50	237	102	12	16	28	29	16	23	14	59	18	6	11	20
gene7879	13	7	42	7	8	18	12	25	17	10	37	46	22	7	13	14
gene7880	27	4	52	31	12	30	73	75	31	68	25	39	74	8	36	32
gene7881	132	42	188	112	70	85	177	274	96	140	114	226	198	30	63	65
gene7882	131	90	334	167	172	209	254	479	244	417	304	437	319	67	172	129
gene7883	393	279	810	379	344	468	687	1344	541	714	707	1430	964	206	567	338
gene7884	109	64	160	72	70	63	134	236	79	167	54	205	219	24	68	96
gene7885	0	0	0	0	1	4	0	7	0	0	3	0	0	0	0	0
gene7886	44	16	64	26	14	47	36	67	62	55	31	57	56	5	43	26
gene7887	52	10	27	10	22	16	15	45	47	37	33	69	65	20	24	30
gene7888	35	6	28	15	14	27	27	39	26	18	12	38	61	8	28	15
gene7889	5	9	40	5	7	15	14	38	19	13	13	8	15	3	6	6
gene7890	601	328	1085	376	473	702	583	1274	950	879	797	1462	1340	272	725	499
gene7891	585	275	1194	497	626	750	948	1407	817	1042	869	1604	1203	247	698	581
gene7892	0	0	0	0	0	3	0	0	0	0	0	0	0	2	0	0
gene7893	9891	7267	26550	10156	10834	15163	15201	28342	12826	20486	15936	39987	18570	6655	12356	10624
gene7894	133	59	149	83	445	767	847	1211	679	668	605	1976	948	356	502	610
gene7895	1724	890	3259	1596	1355	2059	2691	4546	2082	2930	2114	3975	2848	1026	1965	1479
gene7896	715	356	1144	560	455	761	1077	1374	1031	1072	807	1616	1279	317	509	780
gene7897	17	0	32	9	7	18	13	43	22	21	17	68	41	6	26	17
gene7898	6	0	8	8	3	4	17	7	23	5	11	11	6	1	2	4
gene7899	49	54	170	83	43	71	64	219	163	179	80	218	207	38	64	64
gene7900	672	261	1302	524	414	643	1054	1493	1122	855	759	1246	1303	347	573	544
gene7901	35	16	115	48	29	26	34	80	72	51	42	44	51	17	38	30
gene7902	251	113	223	209	154	257	234	386	287	252	149	395	586	79	198	199
gene7903	39	23	70	45	21	28	34	36	36	15	39	85	45	7	46	16
gene7904	126	31	240	104	117	112	111	305	179	159	159	349	297	58	86	127
gene7905	108	49	266	72	115	126	194	251	220	178	161	347	286	41	142	165
gene7906	163	92	294	137	132	239	180	415	280	428	225	477	357	126	232	187
gene7907	42	12	86	46	24	24	64	92	44	64	98	126	59	29	33	38
gene7908	28	20	72	28	51	65	39	90	39	65	82	108	66	28	37	23
gene7909	36	14	75	33	101	280	171	220	135	420	249	383	236	68	206	132
gene7910	2075	1160	4128	1565	1619	2010	2800	5371	2299	3073	2072	5372	5385	1126	2486	2108
gene7911	0	1	2	1	1	0	5	0	0	3	6	1	8	2	4	3
gene7912	80	36	142	47	58	104	164	183	125	100	84	198	167	54	115	100
gene7913	60	30	168	72	50	91	86	202	73	136	54	198	151	41	89	70
gene7914	92	40	125	72	60	91	132	225	129	124	147	220	170	70	46	77
gene7915	41	44	102	39	62	54	68	173	43	111	72	190	178	36	92	93
gene7916	1	0	11	7	1	3	8	8	5	1	2	16	5	1	11	4
gene7917	7	1	0	4	5	5	21	23	6	9	16	5	4	1	14	2
gene7918	154	43	155	65	90	112	181	258	122	164	118	271	265	55	113	133
gene7919	303	227	686	333	328	491	626	987	629	600	324	970	600	209	463	475
gene7920	107	44	264	138	99	135	103	205	150	176	204	278	177	72	112	100
gene7921	60	29	76	42	41	46	85	123	107	78	99	123	109	17	35	61
gene7922	626	200	569	287	324	381	693	1342	761	960	562	1185	941	173	475	305
gene7923	752	410	1817	862	945	1124	1438	1956	1610	1724	1040	2173	1752	493	1095	835
gene7924	20	10	95	19	15	36	18	60	63	29	39	101	63	14	32	60
gene7925	3	1	3	12	7	1	12	10	1	10	3	44	23	1	1	16
gene7926	0	0	0	0	0	0	0	0	0	0	0	0	0	0	0	0
gene7927	17	19	35	30	20	8	74	32	24	14	21	23	51	20	12	7
gene7928	12	4	29	15	24	18	8	21	13	19	5	12	64	9	19	28
gene7929	3627	1698	8374	3675	3088	4220	6176	10027	4709	5589	4419	10927	8401	2294	3511	3358
gene7930	7	13	28	2	7	1	23	6	9	6	21	28	32	5	19	13
gene7931	12	1	8	1	12	8	7	24	18	20	1	27	29	2	22	15
gene7932	4276	2601	8961	3725	4413	4427	6396	12696	5745	8285	6674	10562	11288	2813	4144	4677
gene7933	2440	971	3694	2095	2026	2191	2284	6142	2825	2431	2772	5880	5459	1099	2418	1884
gene7934	1	0	1	7	15	11	14	20	33	12	2	30	25	4	1	10
gene7935	4	1	0	4	2	0	0	23	15	6	1	8	6	0	1	1
gene7936	118	72	316	202	452	557	1122	1357	734	1010	820	1476	1423	261	516	679
gene7937	9	0	0	2	0	0	11	0	0	6	0	0	0	1	0	1
gene7938	1281	602	2306	1314	1035	1628	1838	2457	1951	2387	1668	2567	2761	543	1145	1215
gene7939	125	61	228	94	134	129	198	210	181	230	119	281	279	51	135	126
gene7940	41	12	57	29	38	45	78	93	42	53	48	143	46	9	49	27
gene7941	188	76	340	195	142	228	277	533	285	304	192	438	422	143	214	219
gene7942	27	8	22	25	15	27	50	85	21	12	49	117	68	12	29	21
gene7943	41	34	107	42	49	82	69	107	137	98	63	98	62	36	85	67
gene7944	533	264	860	415	299	743	992	1529	677	929	535	1426	1229	308	571	579
gene7945	83	39	151	60	55	123	100	97	120	111	99	84	122	52	117	50
gene7946	155	141	600	250	264	322	348	570	338	409	373	667	465	134	252	226
gene7947	6	1	8	1	7	28	16	57	4	0	11	11	0	1	20	14
gene7948	8	14	23	9	15	24	15	53	16	32	11	51	19	9	27	14
gene7949	19	8	43	24	11	32	33	43	35	42	69	61	70	6	31	12
gene7950	1	0	0	1	0	0	0	0	3	0	0	5	0	0	0	1
gene7951	16	8	24	7	5	3	10	14	7	37	29	81	26	1	4	6
gene7952	508	301	1090	394	117	144	147	355	192	154	176	310	271	71	87	124
gene7953	124	52	351	119	90	185	228	296	190	279	136	387	289	81	99	108
gene7954	3	0	14	1	4	2	0	14	0	5	4	1	0	0	7	0
gene7955	426	197	1098	658	410	568	858	973	650	486	669	969	872	182	482	358
gene7956	21	9	51	27	26	42	36	53	85	40	51	67	50	19	19	49
gene7957	1342	437	2975	914	1176	1681	1429	3112	1935	1631	1498	2652	2149	510	1320	1544
gene7958	17	23	53	24	35	51	14	101	50	52	24	103	62	12	39	29
gene7959	6	7	3	9	20	6	16	75	24	46	16	70	3	10	9	15
gene7960	43	8	24	18	11	10	22	63	21	21	33	36	48	6	10	8
gene7961	37	6	55	8	32	13	38	70	33	11	15	48	25	13	9	12
gene7962	2	0	0	0	0	0	10	1	6	1	9	1	0	0	0	0
gene7963	67	27	208	68	31	56	64	72	66	60	114	108	115	21	52	46
gene7964	2482	1412	4843	2315	1792	2819	3854	6189	3430	3259	3290	6267	5018	1397	2105	2387
gene7965	18	9	27	3	10	25	18	40	15	21	15	32	16	2	21	14
gene7966	14	7	44	23	22	18	18	39	12	39	22	53	77	9	12	11
gene7967	2	0	22	5	11	9	5	11	26	20	13	37	23	14	10	4
gene7968	6	3	10	5	1	6	3	35	4	16	3	30	12	1	13	1
gene7969	126	35	223	92	76	178	153	402	165	156	159	267	207	41	142	91
gene7970	2	1	23	0	1	12	5	9	8	16	0	2	2	1	1	2
gene7971	0	0	0	0	0	2	7	16	0	5	0	19	15	0	0	1
gene7972	84	51	145	52	106	59	133	199	92	109	137	269	258	60	90	71
gene7973	21	10	28	12	12	36	35	20	24	46	21	37	29	19	14	22
gene7974	24	11	26	9	1	5	4	8	3	9	4	4	6	2	0	2
gene7975	7	0	1	0	2	8	12	3	1	14	2	10	3	4	2	0
gene7976	20	9	81	19	18	26	60	35	53	13	31	69	75	6	24	31
gene7977	49	14	88	30	41	22	50	60	28	43	35	82	46	11	29	38
gene7978	96	66	248	139	69	93	195	165	121	170	117	199	222	56	110	100
gene7979	29	13	65	4	18	15	31	25	36	15	30	25	48	3	16	37
gene7980	228	118	315	143	209	250	314	636	267	280	215	907	388	73	215	302
gene7981	553	207	652	440	278	497	621	1050	528	664	497	915	963	198	402	439
gene7982	32	21	119	61	40	71	80	98	97	75	32	100	79	17	37	28
gene7983	15	8	22	38	8	17	14	56	19	38	19	29	23	2	25	16
gene7984	5	0	27	3	8	16	33	36	4	16	2	16	25	1	4	3
gene7985	151	58	233	138	131	159	191	231	278	229	261	336	321	101	151	186
gene7986	111	64	173	123	183	251	374	598	231	380	204	512	344	137	330	232
gene7987	370	172	722	360	94	167	159	377	236	205	162	330	232	65	220	161
gene7988	121	43	180	54	96	145	105	187	161	149	153	429	196	74	110	133
gene7989	14	3	5	10	7	5	3	18	10	15	4	17	16	2	6	19
gene7990	27	22	100	42	37	87	90	171	78	74	66	161	87	32	86	42
gene7991	378	219	949	433	424	646	624	1542	628	852	471	1165	1367	267	651	360
gene7992	0	0	13	3	2	10	1	8	7	5	3	4	7	5	0	5
gene7993	133	88	296	176	176	196	239	564	417	346	242	566	344	77	208	237
gene7994	111	78	207	94	78	130	196	324	183	284	81	238	394	68	158	145
gene7995	1773	818	3309	1192	1071	1256	2476	3098	1905	2602	1767	4407	2626	859	1497	1409
gene7996	1884	630	2549	1392	942	2195	2183	3470	2029	2021	2217	3232	2286	722	1627	1951
gene7997	378	183	696	296	280	445	375	1067	479	554	430	770	897	139	303	312
gene7998	475	154	855	327	434	529	668	1410	648	898	525	1421	911	240	542	427
gene7999	53	20	100	82	30	70	111	177	133	139	92	171	160	19	88	61
gene8000	17657	6016	28953	14264	11188	16818	24796	38930	22495	27766	22449	49295	32560	9498	14869	18028
gene8001	21	25	26	29	34	21	61	79	54	99	31	39	96	23	54	17
gene8002	214	85	375	248	218	260	343	512	322	400	351	605	479	157	252	262
gene8003	18759	11068	36301	13441	13408	19580	21917	38250	21118	28184	25371	43561	42553	10193	25219	16706
gene8004	1024	367	1551	627	620	932	1118	2011	1052	1732	797	1702	1893	423	869	710
gene8005	33	11	26	27	11	4	22	17	12	4	11	35	60	6	23	19
gene8006	115	50	211	85	103	170	155	229	152	168	133	348	187	63	112	118
gene8007	4	0	17	0	5	4	5	36	1	0	4	8	7	10	3	3
gene8008	47	32	101	68	37	43	67	97	60	92	38	87	68	32	59	18
gene8009	681	439	1390	809	454	833	897	1758	1120	1095	613	1726	1707	379	614	664
gene8010	0	1	0	0	0	0	0	0	5	4	0	5	9	11	3	0
gene8011	481	116	737	326	352	361	335	850	565	407	524	1031	700	185	325	398
gene8012	104	58	162	105	109	187	163	399	165	117	178	238	317	71	195	160
gene8013	115	71	195	101	122	160	198	279	266	309	152	284	304	75	188	148
gene8014	26	27	41	61	41	71	65	64	64	73	66	167	160	20	43	44
gene8015	8	6	36	20	6	19	16	45	38	20	17	40	19	6	4	17
gene8016	22	4	45	16	13	32	41	73	19	15	15	45	89	8	21	30
gene8017	116	79	407	124	160	276	237	472	279	387	238	387	306	98	179	113
gene8018	25	17	87	67	42	66	35	103	54	66	42	158	155	23	38	74
gene8019	0	2	1	0	2	11	1	12	0	0	0	0	0	0	8	0
gene8020	376	102	389	244	733	904	980	1472	1012	1164	1229	1624	2144	262	1032	871
gene8021	25	15	50	44	25	44	43	53	34	72	67	92	44	14	25	20
gene8022	657	207	1346	620	488	745	894	1202	793	1033	609	1719	1445	249	638	527
gene8023	2393	1089	3975	1845	1648	2639	3171	4941	2625	3373	2167	5527	3425	976	1471	2163
gene8024	287	139	492	244	225	384	463	447	387	249	332	512	740	133	271	242
gene8025	32	7	6	11	11	18	36	47	54	11	25	8	41	9	24	24
gene8026	0	3	1	0	1	1	0	0	0	0	0	0	2	0	0	0
gene8027	163	80	273	168	152	348	350	484	360	254	205	347	349	73	139	265
gene8028	64	26	111	46	30	62	90	149	60	88	58	65	120	9	38	67
gene8029	0	1	19	0	21	1	1	16	19	12	20	10	55	0	5	9
gene8030	3287	2275	6910	3922	3847	4658	6868	10841	6114	9351	4621	11682	7804	2393	3770	3606
gene8031	19	14	122	32	11	27	41	39	47	65	53	74	62	5	21	21
gene8032	3	5	18	17	8	13	29	46	15	42	26	34	32	8	10	20
gene8033	37	19	84	37	53	56	42	47	63	88	45	33	109	28	22	29
gene8034	0	0	1	1	0	0	2	0	7	4	7	2	3	0	1	0
gene8035	296	107	472	258	118	329	379	636	298	338	281	604	542	86	223	217
gene8036	31	25	40	20	11	17	60	47	47	41	30	12	68	3	14	12
gene8037	30	13	62	15	70	94	90	300	124	213	109	197	168	50	100	166
gene8038	383	162	642	305	131	277	487	871	523	516	303	691	633	178	310	398
gene8039	1159	577	2331	1086	823	997	1644	2424	1617	1922	954	3168	2100	723	1038	1570
gene8040	26	12	65	25	22	12	24	45	59	53	49	34	75	13	12	21
gene8041	8	3	22	19	1	9	18	23	22	40	19	26	42	3	16	14
gene8042	1566	749	2131	1226	1413	1575	1694	3299	1848	1835	1737	2675	2902	874	1313	1362
gene8043	116	27	167	92	52	84	93	203	154	129	101	220	210	44	97	52
gene8044	95	23	126	70	42	84	114	141	52	162	87	107	111	20	60	55
gene8045	1143	455	1872	941	809	1229	1023	2483	1251	1711	1183	2291	2573	372	1061	917
gene8046	4	2	16	3	2	18	11	27	25	9	2	4	1	2	13	7
gene8047	2	11	1	4	1	9	3	2	1	0	1	11	12	0	4	0
gene8048	499	281	1264	483	1276	1836	2688	5118	2806	2736	1258	5934	4158	715	3173	2319
gene8049	6	4	8	4	8	17	11	21	9	9	22	52	17	7	8	19
gene8050	86	23	79	60	53	85	143	232	202	241	126	291	226	32	132	113
gene8051	479	248	843	415	441	357	431	723	589	652	466	992	940	157	393	375
gene8052	0	1	15	0	0	3	5	1	0	0	0	3	0	0	0	0
gene8053	20	9	44	28	18	32	14	67	43	31	16	44	30	13	23	11
gene8054	7	0	29	3	9	9	27	14	15	9	1	9	17	0	2	10
gene8055	2	21	20	21	24	7	15	29	18	30	22	17	18	4	13	6
gene8056	13	3	7	3	2	17	9	40	23	6	6	21	20	2	11	1
gene8057	490	198	669	307	266	427	507	669	586	466	435	929	624	182	318	410
gene8058	3	1	7	0	0	4	2	1	9	5	4	2	7	0	0	5
gene8059	16	8	48	14	14	46	23	74	18	74	68	47	43	10	23	50
gene8060	1482	715	2906	1536	1083	1515	1967	3068	2093	1881	1868	3698	3659	904	1560	1217
gene8061	0	0	9	1	1	1	2	10	0	2	0	0	1	0	5	3
gene8062	143	42	217	83	64	153	163	361	125	119	120	342	181	69	95	75
gene8063	249	127	398	162	135	182	320	610	228	465	256	444	419	125	175	207
gene8064	22	14	110	36	24	44	49	78	73	83	62	54	46	17	16	28
gene8065	7	0	7	1	8	7	15	14	2	17	15	41	6	9	9	11
gene8066	13	6	40	28	18	10	39	74	30	37	19	77	99	5	30	19
gene8067	5	0	3	2	0	1	4	4	0	0	2	43	3	0	1	0
gene8068	201	73	312	161	126	132	130	360	251	298	113	432	282	72	133	145
gene8069	11	12	18	15	7	18	17	12	25	15	22	16	27	9	19	21
gene8070	57	17	56	75	51	119	85	177	84	78	45	122	70	15	63	60
gene8071	38	2	54	26	21	29	18	32	31	24	32	69	51	3	13	23
gene8072	34	6	36	10	4	41	70	103	22	26	79	132	175	18	58	32
gene8073	52	13	87	18	9	9	17	29	23	10	9	23	15	5	13	12
gene8074	43	28	104	48	95	43	129	129	59	101	47	106	108	35	30	47
gene8075	31	3	26	4	12	16	5	54	29	41	0	34	28	15	15	17
gene8076	47	26	153	51	49	65	170	194	108	154	119	141	197	41	55	61
gene8077	2	0	0	0	0	0	0	0	3	1	0	0	0	0	0	0
gene8078	506	172	659	507	299	595	581	910	483	744	511	1245	1062	251	449	448
gene8079	2	6	24	5	9	15	59	34	19	30	29	33	16	10	10	2
gene8080	4582	2391	7183	4282	4078	5155	6041	11967	8284	6917	4173	11312	10209	2545	4647	5293
gene8081	91	35	171	50	61	96	136	254	131	112	80	251	163	46	93	98
gene8082	806	509	1909	1001	983	1113	1769	2283	1203	1646	1199	2492	2188	451	762	1131
gene8083	11	0	13	4	49	16	14	50	64	22	12	95	41	6	30	9
gene8084	1912	613	2335	1199	4082	7768	8521	12399	5652	9960	7684	13391	13306	2273	6278	4829
gene8085	1	1	15	10	9	3	6	13	2	11	9	13	23	1	1	5
gene8086	164	66	449	212	150	229	276	501	254	180	201	463	262	75	210	120
gene8087	181	78	319	100	68	77	91	192	115	167	103	194	158	38	92	92
gene8088	11	8	23	6	11	16	21	24	15	30	14	22	19	9	2	8
gene8089	9	12	17	13	17	5	28	37	41	43	40	37	18	19	12	11
gene8090	1	1	2	4	10	1	1	1	7	15	4	1	14	1	23	3
gene8091	354	134	410	166	406	599	558	1018	627	662	541	1080	795	223	412	400
gene8092	0	0	1	0	0	5	11	0	1	1	0	3	0	0	1	0
gene8093	382	114	729	334	810	1238	1419	2601	1467	1618	1676	2260	2678	301	962	1128
gene8094	1212	919	3451	1287	881	2350	2285	3451	2346	2634	2359	3889	3503	907	1903	1493
gene8095	203	66	433	193	152	201	295	575	378	315	292	345	431	112	233	157
gene8096	7	0	6	2	7	13	8	7	5	4	4	25	25	4	2	0
gene8097	0	0	0	0	0	0	0	0	0	0	0	0	0	0	0	0
gene8098	78	29	118	35	67	73	83	119	75	144	73	204	166	20	109	83
gene8099	0	0	0	0	0	0	1	0	6	0	0	0	0	0	0	0
gene8100	36	19	88	40	28	44	33	81	35	57	69	97	67	33	32	29
gene8101	5	0	4	1	4	3	0	35	12	10	0	12	5	13	1	3
gene8102	5	3	22	11	13	18	23	40	12	21	14	14	17	6	11	30
gene8103	30	20	30	37	18	40	57	102	59	53	25	73	63	20	45	33
gene8104	4	2	2	5	8	1	20	3	1	0	4	8	0	0	9	0
gene8105	5	1	16	0	3	2	3	8	2	0	1	5	0	1	1	0
gene8106	35	10	59	60	31	60	43	117	22	117	48	156	120	13	71	41
gene8107	4	1	12	3	7	5	25	3	26	18	1	18	25	14	13	4
gene8108	534	281	1090	485	543	660	679	1172	557	1001	558	1182	977	222	397	562
gene8109	143	78	140	151	123	133	241	409	227	227	143	480	304	100	181	156
gene8110	1	2	3	6	3	10	1	0	0	4	5	4	0	2	0	4
gene8111	8	7	32	12	18	7	30	59	22	25	6	27	24	9	12	9
gene8112	0	0	0	0	0	0	0	0	0	0	0	0	0	0	0	0
gene8113	1	8	17	5	0	0	0	8	1	5	1	0	9	0	0	4
gene8114	105	59	160	87	87	122	184	188	106	121	92	232	247	38	96	78
gene8115	7	2	7	16	0	6	9	10	18	5	24	0	8	3	8	18
gene8116	238	122	329	223	229	308	387	504	301	352	390	668	670	76	312	191
gene8117	15	9	27	6	12	30	24	42	38	36	18	41	48	11	3	12
gene8118	405	149	507	216	266	335	576	714	383	499	422	602	658	130	298	272
gene8119	9	4	46	24	7	17	31	40	18	24	14	71	33	8	13	9
gene8120	275	160	777	311	889	1641	2647	2984	1657	1748	1222	4362	2779	851	1530	1434
gene8121	476	149	648	297	269	533	456	954	465	510	397	754	701	162	490	393
gene8122	147	79	398	219	188	205	282	545	231	282	271	539	349	102	217	199
gene8123	36	28	46	51	42	28	47	109	42	95	59	137	87	22	32	68
gene8124	57	33	247	125	65	101	191	241	96	159	70	133	211	50	97	77
gene8125	57	11	107	35	150	253	354	507	279	395	198	437	806	64	230	307
gene8126	1	6	11	1	1	1	0	1	0	3	1	7	4	0	1	0
gene8127	3	0	8	0	3	0	0	9	0	5	2	0	9	1	3	0
gene8128	201	85	307	139	135	183	310	596	312	392	245	555	361	75	190	215
gene8129	36	6	25	32	29	34	86	92	35	30	35	71	85	16	42	33
gene8130	1	5	1	3	0	2	9	2	6	8	1	14	19	1	0	3
gene8131	22	14	32	18	11	13	46	13	43	35	15	43	56	7	17	8
gene8132	129	71	276	137	99	167	309	354	225	183	211	340	450	91	155	112
gene8133	36	6	2	9	11	13	13	28	19	11	5	22	28	7	4	4
gene8134	25	24	41	45	28	33	71	116	28	76	29	59	49	19	35	47
gene8135	156	57	264	109	48	124	114	159	124	73	74	136	127	46	66	41
gene8136	78	20	69	42	65	74	43	120	62	63	35	136	53	12	31	30
gene8137	0	0	0	0	0	0	0	2	1	2	1	2	0	2	3	0
gene8138	13	2	16	0	5	4	12	31	1	31	4	12	4	0	2	0
gene8139	19	10	46	26	11	40	43	52	54	28	16	51	71	9	16	13
gene8140	149	77	370	115	104	173	292	474	218	314	216	366	364	51	149	154
gene8141	43	17	124	23	26	31	62	117	74	78	28	110	81	17	34	40
gene8142	926	370	1564	667	622	797	1407	1750	1067	1417	903	1814	1676	411	862	503
gene8143	38	7	62	23	22	35	27	38	37	32	37	65	31	13	19	7
gene8144	49	22	48	21	28	32	54	130	46	86	70	38	93	18	50	51
gene8145	192	94	384	167	808	1009	1158	1405	1392	1396	1000	2428	1787	378	774	944
gene8146	1	0	1	18	8	2	5	5	4	9	5	8	7	0	4	4
gene8147	63	36	78	41	26	46	90	110	59	90	57	172	133	18	40	59
gene8148	371	151	420	215	251	357	389	568	381	439	243	967	779	164	317	248
gene8149	0	0	0	0	0	0	0	0	2	0	0	0	1	0	0	0
gene8150	274	161	770	221	257	492	654	433	314	431	439	877	746	152	341	441
gene8151	19	6	18	18	12	28	9	50	5	16	37	41	10	5	14	30
gene8152	2	4	16	3	10	21	30	57	16	13	29	62	19	15	28	17
gene8153	1	0	6	7	3	5	7	24	2	2	9	16	2	2	0	2
gene8154	108	57	186	130	141	129	199	300	182	228	169	289	280	60	163	78
gene8155	162	48	177	100	29	83	71	165	59	76	43	93	106	25	21	33
gene8156	1494	657	2430	1107	917	1464	1763	2990	1574	2541	1432	3728	3276	697	1486	1746
gene8157	34	15	42	42	149	196	222	384	224	327	125	377	216	87	158	135
gene8158	38	10	46	27	75	76	58	96	35	201	101	114	291	10	93	40
gene8159	30	3	11	19	13	38	16	18	32	35	47	24	24	6	13	18
gene8160	14339	5578	19870	12474	10697	13845	18687	31493	15658	20765	14392	35119	26524	5369	13173	11075
gene8161	280	90	611	259	59	94	45	144	105	90	59	156	126	31	59	66
gene8162	13	11	18	1	1	1	1	5	2	1	3	14	2	0	16	2
gene8163	8	4	32	27	7	8	6	22	3	18	1	28	37	6	18	6
gene8164	429	198	901	490	350	392	706	986	645	830	535	1130	792	286	550	276
gene8165	147	78	237	97	111	171	215	300	222	228	142	360	253	52	107	151
gene8166	45	5	49	48	18	40	59	51	76	51	35	103	74	7	36	46
gene8167	2516	907	5379	3451	1705	2523	3725	6973	3788	3856	3303	5705	5283	1378	2885	2290
gene8168	520	269	838	460	307	789	808	1078	583	930	597	1439	1068	215	445	536
gene8169	0	0	0	0	2	3	0	1	1	0	1	1	5	0	0	5
gene8170	1	1	0	0	0	12	0	0	0	0	0	0	1	7	1	0
gene8171	287	183	457	341	275	300	419	780	369	494	323	845	647	174	310	305
gene8172	184	68	256	143	118	164	219	435	138	212	221	329	320	60	130	150
gene8173	545	306	1587	708	465	637	614	1426	936	1125	707	1434	1179	318	799	470
gene8174	1271	509	3262	1289	891	1604	1860	3759	1481	1681	1160	3081	2994	613	1392	1446
gene8175	158	82	262	152	83	110	319	345	183	302	233	239	447	96	142	147
gene8176	131	38	103	44	54	60	99	161	145	154	94	221	114	32	41	107
gene8177	0	1	0	0	0	0	2	22	2	3	1	0	0	0	0	0
gene8178	112	62	190	93	59	96	159	125	143	153	106	282	214	43	196	180
gene8179	28	10	16	23	6	21	49	73	52	48	8	33	44	6	46	31
gene8180	165	151	492	268	255	219	460	838	317	520	284	708	641	146	234	297
gene8181	332	162	808	378	287	406	527	861	520	577	379	795	796	171	324	318
gene8182	68	51	200	90	66	104	106	155	108	101	77	165	284	50	94	99
gene8183	198	113	255	161	155	167	178	455	193	327	188	388	336	140	197	157
gene8184	16	8	55	13	22	11	16	48	32	61	21	57	71	3	12	17
gene8185	1	0	14	8	11	19	108	58	25	49	35	149	18	1	59	75
gene8186	360	146	562	290	258	463	441	765	450	432	432	826	698	121	434	262
gene8187	1123	517	1976	1052	907	1156	1418	2407	1285	1867	1205	2678	2221	493	942	1177
gene8188	453	152	855	395	276	424	426	798	390	758	298	785	681	209	358	352
gene8189	90	54	143	56	42	113	162	213	118	158	98	187	151	27	103	42
gene8190	343	196	578	319	316	537	534	877	453	485	414	935	789	197	223	224
gene8191	253	132	371	205	201	249	385	556	296	457	210	592	565	133	198	193
gene8192	187	82	234	172	625	790	679	1442	586	1046	686	1685	908	322	653	655
gene8193	64	36	129	49	30	59	117	137	104	101	58	160	119	22	81	57
gene8194	819	389	1368	752	123	233	189	508	242	243	203	477	450	76	188	144
gene8195	45	23	87	66	35	64	45	179	95	103	62	125	134	20	64	89
gene8196	58	31	104	61	56	85	117	157	126	129	63	169	127	48	98	43
gene8197	0	0	1	1	11	5	7	19	4	5	43	14	7	0	8	5
gene8198	239	128	305	281	164	276	257	525	261	383	222	361	488	75	170	202
gene8199	100	43	99	77	57	70	110	244	125	148	86	290	202	46	81	78
gene8200	1153	491	1694	1002	801	993	1374	2337	1427	1593	1165	2055	1752	556	798	995
gene8201	333	150	701	349	403	395	485	788	525	689	486	924	940	181	378	417
gene8202	26	13	70	12	41	44	28	46	24	43	30	39	76	16	39	49
gene8203	0	2	8	0	0	3	0	12	2	6	0	0	3	2	0	0
gene8204	521	156	923	433	383	497	744	1171	643	1007	584	1134	828	268	507	325
gene8205	1	2	11	20	1	13	8	3	14	6	4	13	12	1	10	4
gene8206	1	0	0	2	0	2	0	1	1	1	5	20	4	0	4	0
gene8207	968	564	1808	1043	967	1269	1431	2151	1027	1461	1084	2246	2780	457	1219	683
gene8208	219	56	301	101	153	188	187	432	272	372	198	369	354	94	184	237
gene8209	62	18	107	75	54	13	74	108	84	61	44	123	67	29	20	50
gene8210	48	18	37	17	19	43	44	67	44	73	15	96	47	17	34	40
gene8211	39	10	47	75	29	18	44	149	36	73	32	100	66	20	71	36
gene8212	2	0	0	9	2	4	1	2	0	2	0	3	0	0	0	7
gene8213	78	72	213	154	105	75	118	274	176	130	170	227	157	41	143	91
gene8214	2571	1085	4595	2963	2065	2306	2626	5046	3119	4295	1810	5998	4950	1089	2451	2459
gene8215	292	192	580	246	242	303	466	689	375	557	335	520	475	132	226	196
gene8216	659	312	1085	468	502	641	915	1811	632	914	849	1483	1177	358	599	754
gene8217	10	1	2	3	67	159	64	37	34	18	4	104	15	7	41	59
gene8218	47	18	32	28	13	10	10	51	19	37	29	13	47	11	30	32
gene8219	15	4	18	9	1	17	28	40	17	10	3	24	4	3	9	6
gene8220	8	14	4	6	1	8	2	12	16	2	7	25	8	7	6	5
gene8221	35	23	46	72	181	356	449	275	282	461	165	1280	508	191	486	261
gene8222	81	21	199	65	46	95	121	150	80	129	79	237	96	34	75	97
gene8223	315	84	270	151	139	120	201	519	212	266	245	427	296	91	120	144
gene8224	26	4	22	21	17	34	73	144	30	75	22	125	85	7	49	71
gene8225	0	0	0	0	1	0	0	0	0	1	3	0	0	1	0	11
gene8226	0	0	0	2	2	3	3	9	0	0	0	2	3	7	2	1
gene8227	1092	660	1964	1080	1145	1139	1828	2936	1515	1830	1699	3689	2503	705	1019	835
gene8228	22	7	74	14	3	12	12	29	16	7	3	18	12	6	8	7
gene8229	158	89	303	146	150	150	166	389	181	363	220	477	256	113	182	149
gene8230	15	9	25	15	19	24	52	31	24	18	30	40	34	10	33	40
gene8231	456	204	838	427	392	477	606	1053	448	694	486	1115	969	253	360	399
gene8232	391	243	1099	488	429	526	676	973	506	791	604	1106	1434	232	573	719
gene8233	22	8	77	22	16	23	15	47	53	54	33	88	87	20	30	30
gene8234	43	19	90	44	29	82	60	133	47	75	57	124	191	22	61	31
gene8235	22	9	97	14	49	58	36	67	69	46	29	65	54	10	24	41
gene8236	51	17	105	17	42	53	107	71	130	84	66	105	124	29	47	52
gene8237	188	93	507	231	247	295	438	631	531	514	241	701	541	136	297	269
gene8238	6	0	0	0	2	6	3	15	2	4	5	0	4	1	1	2
gene8239	702	326	949	428	528	781	1024	1582	970	1320	1035	1810	1213	258	734	470
gene8240	243	130	439	183	109	310	372	525	256	312	223	498	348	111	211	190
gene8241	10	1	2	2	2	0	0	6	5	9	1	14	13	5	7	3
gene8242	678	303	1425	572	516	627	815	2075	1088	1200	839	1696	1191	312	516	715
gene8243	16	1	11	6	1	5	11	28	10	11	2	29	9	3	4	7
gene8244	105	67	122	113	55	161	102	176	152	159	102	181	135	55	113	80
gene8245	34	18	82	37	35	28	73	92	38	44	24	106	121	27	16	77
gene8246	20	3	17	15	31	46	34	89	32	82	31	124	113	38	33	56
gene8247	3	9	13	13	7	18	8	28	11	19	1	4	16	2	10	17
gene8248	0	0	0	0	0	0	0	0	0	0	0	0	0	0	0	0
gene8249	91	51	204	77	322	339	789	917	677	766	549	829	479	237	413	257
gene8250	203	91	328	81	1093	1909	2499	3212	3498	2588	1500	3320	2411	723	1468	1154
gene8251	1	6	32	22	8	13	17	30	11	13	10	35	41	14	19	18
gene8252	8	6	20	5	1	7	5	8	10	13	7	10	21	3	16	12
gene8253	54	45	103	38	92	70	88	111	100	147	54	210	166	34	108	59
gene8254	2	0	2	2	0	0	0	3	0	0	10	11	0	0	0	0
gene8255	14	5	35	10	6	17	25	18	19	43	26	57	27	3	14	18
gene8256	1152	407	1941	1414	1084	1464	2123	3032	1794	2787	1092	3283	2550	746	1356	1111
gene8257	37	26	93	35	30	21	66	63	56	84	79	95	81	12	25	29
gene8258	0	0	2	0	0	0	0	0	1	5	0	0	1	0	0	1
gene8259	0	1	1	0	2	1	13	0	6	1	9	0	3	0	0	0
gene8260	1	1	1	0	0	0	1	6	1	4	0	0	6	0	1	0
gene8261	1008	411	1832	1107	872	863	1315	2442	1492	1833	1660	2360	2243	434	975	944
gene8262	86	11	46	36	15	34	30	127	107	150	64	58	169	50	54	67
gene8263	14	3	39	24	21	25	13	71	18	15	42	96	31	10	20	40
gene8264	10	6	8	14	11	7	26	20	25	6	2	22	12	4	15	3
gene8265	91	28	90	47	34	48	99	95	50	141	88	93	155	34	91	60
gene8266	5	4	20	29	5	3	3	13	12	43	7	14	9	0	2	1
gene8267	391	211	638	350	249	409	676	819	519	573	376	1208	900	112	404	366
gene8268	3908	1344	6384	3396	2509	3859	4086	6542	4135	5512	4539	7150	4616	1897	3205	3649
gene8269	182	130	644	209	206	250	291	824	306	426	221	729	832	124	305	282
gene8270	238	157	461	208	49	67	137	133	131	107	87	122	141	37	65	43
gene8271	0	0	6	1	0	3	14	0	5	0	0	0	7	0	0	3
gene8272	143	83	409	234	23	65	37	67	53	61	46	120	110	25	35	33
gene8273	55	21	69	36	31	27	49	69	81	61	40	60	77	29	52	58
gene8274	830	420	1869	713	769	1144	1246	2017	1335	1871	1101	2221	2396	455	687	793
gene8275	1	1	0	5	1	3	2	0	1	2	4	2	0	0	0	1
gene8276	1128	630	2537	1180	1294	1111	1662	4272	1625	2093	1545	3490	3343	772	1276	1106
gene8277	909	283	1569	503	621	1000	946	1520	870	1363	678	1875	1777	365	600	591
gene8278	732	419	1703	753	763	789	983	1869	1077	1306	1133	1996	1286	399	944	596
gene8279	7	7	6	8	2	0	4	16	3	2	0	8	2	0	1	1
gene8280	28	23	66	43	34	49	54	110	65	75	43	169	75	37	28	60
gene8281	11	2	30	9	0	3	0	0	0	3	3	0	2	0	1	0
gene8282	179	61	266	146	81	130	165	273	160	235	133	317	262	82	128	119
gene8283	17	9	25	4	8	27	13	22	16	34	7	37	28	8	8	4
gene8284	28	14	91	9	21	18	25	73	44	57	36	62	79	19	18	34
gene8285	0	2	0	0	0	0	1	0	0	7	0	5	3	0	0	0
gene8286	4853	2294	8678	3709	2816	4830	6807	10556	6103	6835	5199	10190	8735	2675	5170	4493
gene8287	49	38	93	34	170	285	306	610	136	207	146	781	288	138	200	180
gene8288	276	154	768	327	343	418	598	811	375	537	321	875	747	178	326	330
gene8289	39	13	75	15	12	56	47	52	34	61	18	124	85	13	26	25
gene8290	1513	716	2867	1569	1226	2487	2630	2588	1715	2571	1987	4192	3410	691	1375	1665
gene8291	5765	3083	9222	4091	5064	5102	7242	12538	5874	9473	7081	16283	10445	2244	6631	5834
gene8292	10	2	15	19	20	30	35	33	29	64	38	18	65	15	15	10
gene8293	50	22	107	57	25	44	87	115	111	32	75	106	74	20	26	78
gene8294	44	10	70	51	46	48	75	70	51	59	88	127	56	20	48	82
gene8295	9	1	53	7	7	10	0	37	1	43	24	24	8	6	8	8
gene8296	15	11	45	15	19	34	28	62	33	56	28	100	59	20	52	25
gene8297	1044	448	1495	577	596	800	838	1652	1049	1139	982	1450	2062	403	831	1060
gene8298	43	12	41	17	23	21	42	33	27	37	15	56	27	5	32	11
gene8299	224	154	477	273	180	160	278	443	341	289	258	572	459	96	245	196
gene8300	489	202	805	444	335	474	817	1106	396	849	499	1098	969	193	469	445
gene8301	0	0	0	0	0	0	0	0	0	1	0	0	1	0	0	0
gene8302	3511	1788	6704	3014	2873	3471	5776	8397	5039	8197	4160	6577	7679	2035	4560	3354
gene8303	3	2	30	1	6	6	22	16	12	17	1	14	24	4	5	2
gene8304	0	0	0	2	0	0	0	0	0	0	0	0	0	0	1	0
gene8305	209	63	318	149	191	170	182	359	233	383	312	381	389	68	233	182
gene8306	11	13	18	14	9	28	17	22	16	17	11	27	17	3	7	7
gene8307	40	8	67	54	42	33	31	70	58	30	52	38	51	10	47	26
gene8308	11	4	47	6	13	14	13	12	26	21	50	37	33	11	17	7
gene8309	46	56	163	60	55	90	132	184	85	131	75	130	117	43	89	79
gene8310	251	96	485	210	154	240	414	564	358	444	350	465	592	109	331	347
gene8311	46	26	131	79	71	66	48	227	77	80	70	171	157	22	65	47
gene8312	0	0	0	3	0	1	6	12	0	4	3	3	0	8	4	0
gene8313	0	1	0	1	0	0	1	10	0	0	0	0	0	0	1	0
gene8314	125	43	131	81	78	72	185	283	135	198	80	225	258	66	144	80
gene8315	0	2	0	3	3	2	0	0	1	6	0	1	0	0	0	0
gene8316	137	22	132	115	50	100	60	161	72	182	115	127	151	56	108	80
gene8317	25	10	58	19	25	16	24	42	15	56	38	48	24	5	15	13
gene8318	327	175	553	225	285	243	384	933	522	406	350	801	582	152	366	332
gene8319	2	0	0	3	0	6	4	4	0	1	6	6	1	1	1	1
gene8320	0	0	0	0	0	0	0	0	0	0	2	0	0	0	0	0
gene8321	37	12	52	39	5	3	15	14	8	5	6	16	21	2	1	8
gene8322	18	34	45	35	45	19	56	96	60	61	34	120	80	14	52	74
gene8323	43	14	104	38	26	47	47	45	66	86	72	95	81	15	35	41
gene8324	248	96	466	245	169	334	457	944	441	577	343	563	487	150	342	242
gene8325	31450	13204	79235	28989	21885	37502	34509	75891	38041	55998	32693	79178	74695	15410	24741	21394
gene8326	77	53	288	75	88	124	159	244	127	183	138	190	224	42	131	119
gene8327	7	1	4	5	4	7	19	29	19	6	2	25	19	1	0	7
gene8328	92	31	102	66	35	31	34	96	34	39	30	66	88	10	25	34
gene8329	1064	335	1232	987	671	915	1081	2264	1511	1450	1032	2376	2222	440	1008	893
gene8330	194	97	474	119	204	199	244	462	168	343	222	375	543	100	157	151
gene8331	15	6	18	14	11	37	33	81	33	13	38	60	36	6	18	10
gene8332	1346	897	2402	1305	1434	1480	1880	3304	1819	2093	1632	2750	3125	622	1429	1542
gene8333	497	329	1123	446	390	631	718	1454	733	906	779	1694	1293	297	553	452
gene8334	2150	1162	3539	2247	1839	2294	3356	5771	2990	4668	2854	6337	4661	1177	2235	2245
gene8335	26	15	62	12	25	17	24	88	32	62	63	107	76	17	47	31
gene8336	5	0	4	12	31	6	11	159	19	75	45	15	48	49	16	64
gene8337	241	136	395	236	137	205	355	477	387	429	288	516	339	89	200	232
gene8338	0	0	0	0	0	0	0	0	0	0	0	0	0	0	0	0
gene8339	42	8	54	30	14	29	35	40	24	26	42	70	71	14	14	17
gene8340	52	31	57	38	57	58	67	102	84	96	96	197	100	28	62	79
gene8341	28	16	84	20	12	28	40	46	14	39	33	131	134	10	18	24
gene8342	244	119	554	350	277	287	470	731	344	499	361	745	504	133	231	405
gene8343	14	15	46	24	9	14	23	20	9	17	17	43	42	11	10	8
gene8344	464	145	756	465	328	338	611	1039	339	531	516	1053	617	214	332	334
gene8345	22	4	31	21	7	31	16	24	3	8	25	57	23	12	4	17
gene8346	16	16	67	15	16	30	58	62	52	118	32	84	69	13	17	36
gene8347	8	0	9	2	4	12	8	0	10	2	1	13	10	5	3	0
gene8348	7	2	3	1	2	5	11	52	2	10	3	11	6	3	6	6
gene8349	183	77	208	133	62	100	109	270	151	251	115	459	207	66	97	41
gene8350	145	53	267	130	135	173	371	402	168	263	140	382	398	72	199	172
gene8351	17	4	56	18	24	9	38	49	30	28	28	37	31	13	14	24
gene8352	0	0	1	0	0	0	0	0	0	0	0	0	0	1	0	0
gene8353	194	74	348	195	200	188	261	437	256	236	174	355	440	70	151	164
gene8354	19	5	29	10	12	14	28	57	27	43	10	44	43	7	22	14
gene8355	43	30	167	60	60	75	82	191	122	91	53	130	170	41	56	50
gene8356	194	51	270	145	55	192	160	445	172	272	249	268	351	53	199	152
gene8357	10	2	4	7	5	4	14	1	0	7	14	11	9	6	1	4
gene8358	11	1	2	1	0	0	0	1	5	8	0	3	7	1	1	0
gene8359	5	3	8	25	7	10	20	19	20	16	5	34	21	13	2	6
gene8360	291	82	417	251	114	192	266	672	222	318	213	514	445	89	160	277
gene8361	114	47	173	77	62	78	183	214	120	149	74	238	159	85	103	56
gene8362	90	40	197	75	50	127	158	214	163	281	115	273	209	82	100	137
gene8363	30	8	15	21	15	15	46	14	14	25	32	24	46	13	21	18
gene8364	6	0	6	4	10	16	6	18	14	28	5	151	52	1	11	8
gene8365	1	1	0	1	12	11	50	4	0	22	41	76	36	3	54	11
gene8366	1282	666	2537	1236	1043	1495	1995	3215	1266	2207	1675	3373	3549	541	1610	1480
gene8367	43	17	91	26	55	49	49	75	66	42	33	77	67	13	40	11
gene8368	14	1	71	18	10	33	22	54	6	20	30	23	16	7	20	12
gene8369	44	26	60	45	26	49	25	112	60	155	83	92	41	29	38	29
gene8370	13283	7920	47321	18042	15738	25174	23579	45432	27436	27378	23003	44187	38966	10155	19575	16790
gene8371	112	103	260	89	70	90	164	260	188	355	155	288	372	87	194	141
gene8372	0	0	3	1	0	0	5	0	0	2	5	0	0	3	4	0
gene8373	29	33	132	58	37	84	98	79	89	127	29	145	81	12	39	49
gene8374	2	0	0	0	1	0	13	10	2	2	0	8	29	0	1	0
gene8375	3	1	9	2	2	3	3	2	4	9	1	3	9	14	4	3
gene8376	576	240	789	545	444	413	578	1135	622	899	663	744	891	214	492	459
gene8377	31	32	139	62	22	24	126	72	58	132	27	94	100	29	50	79
gene8378	3970	1333	6082	2470	2537	4511	5128	7813	3971	6501	3892	7121	8368	1889	4046	3295
gene8379	8	10	29	11	82	24	88	114	65	118	45	91	267	33	109	20
gene8380	5	10	16	11	3	20	21	10	19	19	32	24	46	3	6	19
gene8381	0	0	1	1	0	0	0	0	0	0	0	6	2	0	0	0
gene8382	9	5	35	9	10	25	41	34	8	6	32	36	50	9	13	10
gene8383	27	6	38	16	17	4	33	38	23	36	26	37	23	7	15	12
gene8384	149	54	271	185	99	241	172	449	305	458	252	354	348	65	126	181
gene8385	55	32	74	32	64	56	92	154	40	110	65	102	122	28	49	100
gene8386	737	461	1578	863	534	865	1559	1783	956	1167	847	2078	1910	430	813	912
gene8387	1	0	1	0	1	0	0	0	0	0	0	0	1	0	0	0
gene8388	646	422	1472	584	594	1033	938	1727	1051	1385	941	1619	1434	282	651	675
gene8389	868	444	1609	902	929	1248	1373	2547	1600	1742	885	2041	1690	605	960	945
gene8390	1	0	12	5	34	24	4	6	35	4	11	6	10	0	1	1
gene8391	197	98	426	198	151	270	320	484	269	438	327	697	490	117	217	289
gene8392	273	89	547	196	128	203	419	542	218	406	309	507	408	123	310	249
gene8393	0	0	0	1	1	0	1	0	0	0	0	0	0	0	0	0
gene8394	64	13	82	62	42	31	117	123	108	73	54	174	66	22	28	67
gene8395	53	16	139	29	25	18	19	38	17	35	14	45	38	6	15	23
gene8396	13	8	25	6	14	13	26	74	6	40	27	108	23	2	10	10
gene8397	41	31	71	68	59	101	44	107	94	184	94	110	129	13	68	47
gene8398	82	29	125	40	60	84	90	184	119	117	70	114	132	38	100	63
gene8399	342	104	464	264	284	373	287	1123	306	588	275	818	603	133	222	257
gene8400	80	9	86	22	39	45	61	53	57	62	29	54	74	16	61	42
gene8401	15	17	37	31	14	12	25	78	31	29	17	28	30	9	30	16
gene8402	189	83	266	153	144	220	168	431	237	350	268	492	334	133	248	218
gene8403	170	56	248	225	20	22	35	74	30	25	19	66	73	14	35	39
gene8404	2325	927	2804	1883	1604	2553	3327	3647	2968	3930	1998	5300	3587	1022	1873	2064
gene8405	64	21	187	39	58	98	101	132	63	86	93	153	119	18	42	51
gene8406	91	52	270	159	105	184	172	368	223	305	151	296	362	99	195	137
gene8407	4604	3178	13033	6307	5040	7638	9522	14503	11338	11254	6901	17452	16284	3290	8037	5804
gene8408	103	85	373	161	130	186	253	373	267	251	238	420	460	86	147	190
gene8409	728	479	1462	613	823	908	988	2114	1037	1702	837	1644	1452	355	628	755
gene8410	50	18	87	32	20	56	50	58	73	102	58	125	156	14	33	35
gene8411	301	155	539	190	309	288	418	780	399	569	375	736	900	114	213	394
gene8412	2	3	12	3	6	11	1	18	10	5	2	5	1	1	8	3
gene8413	13	2	15	4	10	6	4	18	20	7	17	26	3	0	12	5
gene8414	7	8	10	6	1	6	6	10	5	11	3	2	13	0	2	12
gene8415	22	30	105	19	44	87	200	296	118	165	128	369	273	70	130	42
gene8416	310	114	513	270	115	119	214	513	232	159	140	340	322	52	103	119
gene8417	0	0	3	0	1	0	0	0	0	0	1	1	1	0	0	1
gene8418	1	0	7	11	1	1	0	2	1	5	0	0	1	1	2	0
gene8419	29	11	41	39	32	50	57	55	57	51	42	62	21	20	28	17
gene8420	100	23	88	61	62	94	142	246	106	145	78	218	142	42	59	59
gene8421	34	33	101	54	51	71	93	124	29	48	89	112	135	27	59	51
gene8422	304	159	755	312	267	425	432	653	358	486	402	884	633	130	299	274
gene8423	1	6	10	4	4	17	13	13	43	16	1	23	37	10	14	8
gene8424	206	60	327	198	143	271	207	537	274	222	252	594	461	74	131	197
gene8425	66	19	99	22	52	78	85	111	128	97	61	105	92	31	45	72
gene8426	10	3	17	8	0	1	6	10	5	8	12	11	0	0	15	9
gene8427	485	270	631	378	261	531	716	993	725	850	555	1361	838	166	523	584
gene8428	825	298	1549	731	539	965	1077	1829	856	1160	693	1434	1980	320	896	684
gene8429	1775	854	3590	1626	1409	1910	2063	5281	2820	3131	2397	5414	3108	1064	2038	1329
gene8430	16	2	51	4	20	21	1	23	13	15	14	23	15	6	3	8
gene8431	8	10	3	13	2	1	13	16	13	32	7	22	36	2	4	6
gene8432	43	14	40	22	27	43	24	84	52	66	19	31	126	12	27	25
gene8433	45	41	160	65	46	44	75	135	69	132	99	234	158	23	35	81
gene8434	59	14	129	35	10	44	86	74	53	39	37	110	71	16	47	21
gene8435	12	13	33	22	14	13	36	99	51	51	57	41	68	10	6	22
gene8436	0	1	0	1	0	1	0	2	0	1	1	0	26	1	1	1
gene8437	345	222	482	190	332	374	483	418	341	470	335	1061	550	192	352	305
gene8438	72	20	134	93	67	75	179	253	105	161	86	198	143	30	91	75
gene8439	61	16	99	40	25	63	68	132	95	86	74	132	69	15	56	27
gene8440	41	10	109	36	48	46	55	165	36	60	59	195	117	21	53	45
gene8441	21	15	47	29	33	55	33	85	84	97	49	91	90	18	44	56
gene8442	10	6	17	13	11	9	7	9	10	14	25	27	22	3	5	7
gene8443	687	371	1141	621	422	673	834	1487	735	626	899	2268	1529	452	569	566
gene8444	923	494	1975	956	735	1220	1260	2868	1588	2410	1494	2798	2519	665	1000	674
gene8445	49	35	130	45	48	44	72	128	76	84	76	145	70	26	67	28
gene8446	943	481	1942	641	1725	2748	2737	6411	2228	4509	3048	6221	4774	1446	3475	2558
gene8447	279	149	643	240	231	455	429	973	432	473	413	924	775	190	305	341
gene8448	1	4	0	5	5	9	4	5	9	11	11	19	0	1	1	6
gene8449	28	3	15	11	0	1	6	2	2	2	2	3	3	0	3	1
gene8450	340	139	589	380	297	352	414	856	351	443	380	559	751	194	333	305
gene8451	14	7	27	5	4	3	4	17	1	12	2	16	9	2	2	1
gene8452	288	128	650	220	246	371	299	811	405	473	389	748	630	108	270	308
gene8453	497	280	1154	512	482	914	616	1515	590	558	714	1452	1382	307	468	516
gene8454	18	8	18	17	29	29	10	51	13	17	13	10	25	11	21	13
gene8455	0	0	0	1	0	4	1	14	2	1	0	2	8	0	0	1
gene8456	830	405	1316	520	636	907	1073	2037	1159	1073	1045	1569	1670	474	825	690
gene8457	55	31	135	33	24	68	50	201	50	67	66	72	118	24	64	35
gene8458	6	22	16	5	2	6	24	5	1	20	16	11	21	3	5	0
gene8459	107	50	182	60	72	126	178	203	120	167	120	361	279	45	102	114
gene8460	27	22	65	16	22	28	49	55	60	61	27	102	63	4	17	36
gene8461	1484	641	2990	1384	1048	1540	2256	3058	2441	2082	1366	2741	2937	758	1341	1441
gene8462	1	1	22	10	7	8	6	37	10	12	10	5	16	4	16	7
gene8463	22	10	21	4	31	11	22	51	7	22	15	21	56	5	10	9
gene8464	47	32	180	109	67	160	108	221	133	161	74	140	113	32	77	88
gene8465	8	2	20	2	13	9	11	22	25	13	19	31	46	6	14	8
gene8466	4400	1695	8330	3628	3994	4810	5891	8613	5916	7537	4272	9843	9177	2185	4274	3867
gene8467	207	184	374	221	226	368	483	776	261	394	261	599	690	125	295	329
gene8468	12	4	16	13	2	10	49	33	43	13	13	32	74	20	35	26
gene8469	47	23	90	27	29	43	72	42	57	79	30	97	72	13	37	26
gene8470	7	2	0	1	0	1	2	10	8	30	2	4	4	1	11	6
gene8471	5266	2393	10646	3775	4830	6281	9066	13206	6228	8611	5975	12996	12144	3104	4677	3843
gene8472	329	178	633	312	393	340	477	795	440	547	469	1082	562	129	368	415
gene8473	14	10	56	37	44	42	82	78	38	67	52	63	39	12	21	30
gene8474	30	19	93	23	26	38	23	85	19	37	26	76	27	19	6	24
gene8475	219	136	520	201	193	421	308	612	407	473	398	655	653	104	286	330
gene8476	522	331	1235	556	402	670	690	1462	649	1144	732	1332	1605	206	515	295
gene8477	130	31	282	62	84	88	125	207	77	98	101	281	185	50	121	62
gene8478	173	54	280	132	159	207	279	473	177	272	249	420	366	96	197	228
gene8479	9	1	21	19	26	36	19	32	17	25	13	60	55	4	27	7
gene8480	4	1	1	3	0	5	0	4	1	2	2	1	4	0	1	0
gene8481	3	5	73	3	40	26	13	53	11	81	17	153	154	9	68	37
gene8482	220	106	498	266	195	298	442	661	332	347	244	666	540	85	245	270
gene8483	7633	3208	13995	6020	4889	8347	10309	15313	15343	12818	9250	20709	15605	3060	8226	9000
gene8484	441	232	927	220	290	506	627	1237	458	501	399	652	1147	152	478	365
gene8485	761	386	1332	460	665	608	1007	1481	987	1346	819	1699	931	455	717	591
gene8486	13	10	10	6	21	15	23	34	33	24	42	73	22	6	21	7
gene8487	145	63	206	88	124	177	143	355	178	285	170	219	314	53	117	134
gene8488	0	0	4	0	0	0	1	0	4	1	7	9	0	0	3	0
gene8489	977	497	1286	1029	488	1050	1237	1967	923	1780	993	2333	2322	398	1241	746
gene8490	7	2	3	5	3	0	1	15	4	5	2	0	7	10	6	4
gene8491	11	4	1	0	0	1	8	0	2	13	0	5	29	2	2	4
gene8492	1033	488	2214	1056	1527	2839	2873	4849	3157	2707	3188	5496	4525	1050	1587	2327
gene8493	88	47	155	119	47	173	172	208	136	153	97	209	295	39	91	75
gene8494	5	4	22	2	9	6	12	21	15	11	22	16	23	8	7	8
gene8495	131	50	184	168	55	106	133	171	121	167	172	263	248	34	123	95
gene8496	3546	1521	7641	2771	747	875	1677	1846	1183	1480	1187	2259	2068	412	997	878
gene8497	0	0	1	0	3	0	4	0	2	4	4	0	2	0	0	0
gene8498	242	172	513	313	365	444	337	890	434	475	282	670	543	164	246	251
gene8499	196	196	622	201	230	330	368	656	342	378	280	604	460	90	189	198
gene8500	54	26	223	44	31	61	93	130	88	113	81	160	244	14	55	46
gene8501	3	6	16	25	57	61	43	34	57	15	26	78	220	16	16	57
gene8502	0	0	0	0	0	0	0	3	0	0	0	13	0	2	0	0
gene8503	27	16	37	27	7	14	29	36	15	17	12	73	35	7	31	29
gene8504	16	2	13	27	20	15	53	35	34	35	33	51	50	7	19	16
gene8505	5	1	8	6	3	1	1	3	0	1	13	12	7	1	4	4
gene8506	112	30	97	121	71	85	198	178	78	151	120	196	183	37	88	88
gene8507	1	9	27	14	3	8	20	20	13	33	12	34	28	3	11	17
gene8508	0	0	0	0	6	0	0	0	0	2	0	3	0	1	2	3
gene8509	13	19	64	8	20	28	28	37	32	25	13	49	30	8	9	15
gene8510	171	91	237	92	165	123	181	350	142	242	154	309	329	71	107	129
gene8511	308	152	418	325	250	396	549	875	429	462	385	746	659	210	338	296
gene8512	159	59	189	114	94	120	121	482	176	168	133	263	207	43	110	117
gene8513	16	5	33	21	137	75	93	110	50	132	48	172	210	31	50	63
gene8514	70	93	165	64	679	717	1293	2203	965	1010	979	1999	1956	198	1112	714
gene8515	18	4	17	12	12	14	37	13	21	29	13	54	38	16	14	7
gene8516	76	31	81	107	58	90	161	115	112	144	79	170	140	53	83	64
gene8517	8	0	15	2	5	4	21	20	5	19	12	10	18	1	0	4
gene8518	14	14	28	15	33	29	43	150	101	69	63	73	89	12	39	110
gene8519	47	7	33	19	13	11	25	77	57	18	30	112	12	4	13	52
gene8520	0	0	0	0	1	0	1	2	3	0	0	0	7	0	0	0
gene8521	39	20	76	46	44	23	42	70	47	103	29	126	105	32	40	19
gene8522	634	307	864	477	476	675	884	1475	810	670	741	1715	1098	245	480	485
gene8523	47	31	100	51	61	39	103	169	123	122	43	118	97	24	55	39
gene8524	913	357	1308	644	544	717	1043	1983	1194	1374	1065	1884	1550	353	858	892
gene8525	88	25	195	51	58	73	116	130	95	102	109	204	138	45	86	85
gene8526	6	7	29	9	9	18	2	32	26	24	29	18	65	7	19	26
gene8527	34	15	77	45	15	16	23	77	21	32	28	51	53	10	23	31
gene8528	32	16	83	56	35	56	66	161	71	110	112	130	122	20	70	41
gene8529	0	0	0	2	1	0	6	2	0	9	0	11	1	0	5	0
gene8530	31	10	72	51	29	38	54	114	49	75	46	62	96	15	21	50
gene8531	0	0	0	0	0	0	0	3	0	2	6	0	0	0	0	0
gene8532	12	12	25	23	7	9	8	13	4	11	16	26	22	0	9	3
gene8533	38	18	69	57	25	93	103	116	57	101	50	89	109	14	32	46
gene8534	92	24	93	43	92	70	135	144	69	36	96	121	140	14	36	82
gene8535	61	21	143	59	85	52	106	151	97	84	64	174	169	20	49	71
gene8536	132	44	229	94	61	168	194	298	142	143	143	261	262	45	125	72
gene8537	64	40	69	84	34	27	60	86	44	43	28	81	45	21	30	19
gene8538	30	17	55	35	17	40	39	79	33	29	24	35	80	6	27	12
gene8539	4	1	9	7	0	0	4	2	0	0	0	5	3	0	1	0
gene8540	0	0	3	3	0	9	2	0	3	1	3	10	23	1	0	0
gene8541	131	37	167	116	82	79	147	247	132	133	86	114	235	46	88	70
gene8542	283	126	417	161	149	306	336	413	251	459	293	437	500	83	167	219
gene8543	2	1	3	4	12	8	17	24	2	4	0	12	17	2	3	5
gene8544	9	0	6	1	8	0	15	34	1	1	2	27	11	3	11	0
gene8545	39	29	118	47	49	34	109	112	76	132	103	124	94	25	96	63
gene8546	2	0	0	0	0	0	0	0	0	0	0	1	0	0	0	0
gene8547	56	17	125	63	55	91	49	145	89	99	59	82	242	30	95	30
gene8548	4	3	17	7	2	7	6	7	2	5	45	2	17	0	11	6
gene8549	85	44	126	56	273	251	389	639	249	634	550	885	693	230	304	360
gene8550	1	0	3	0	0	2	0	0	0	1	1	1	0	0	0	0
gene8551	121	77	347	145	710	961	1368	2029	1247	1809	992	2517	2733	369	1037	779
gene8552	11	13	33	16	8	13	21	24	17	32	16	9	20	9	21	11
gene8553	11	3	40	15	11	36	18	42	23	18	9	44	44	4	19	34
gene8554	1962	743	2923	1544	1385	1440	2545	3785	2081	2672	1805	3825	2788	755	1860	1384
gene8555	24	1	13	2	5	2	9	3	4	20	16	24	13	0	11	8
gene8556	50	40	148	40	30	35	69	92	99	50	68	108	58	26	35	57
gene8557	101	42	135	48	628	469	884	2112	993	1083	628	1778	1085	228	544	426
gene8558	0	5	10	1	0	6	2	20	2	5	2	11	6	2	1	1
gene8559	388	117	465	270	233	430	558	836	363	545	280	638	727	139	395	245
gene8560	45	21	124	24	47	48	115	141	40	90	62	75	132	18	26	37
gene8561	1	4	0	2	3	0	11	6	2	22	1	2	3	1	0	7
gene8562	54	10	58	31	48	43	114	93	68	80	49	110	102	20	30	48
gene8563	0	0	0	0	0	0	0	0	0	0	0	0	0	0	2	0
gene8564	21	9	44	11	18	18	32	24	37	27	14	62	41	6	24	36
gene8565	10	6	25	10	13	21	38	20	19	27	26	74	41	8	15	16
gene8566	407	191	553	341	324	430	556	1062	552	531	528	748	976	156	432	424
gene8567	65	5	72	19	23	41	49	70	26	55	40	116	46	11	29	34
gene8568	1	3	0	11	0	0	13	30	7	2	0	7	1	0	5	3
gene8569	23	7	18	3	15	18	35	42	29	16	15	31	41	13	13	9
gene8570	745	406	1048	673	326	576	731	1379	1090	1433	607	1650	1274	270	793	544
gene8571	217	83	305	142	20	37	46	60	32	33	31	85	50	14	32	22
gene8572	147	78	505	213	115	175	209	365	264	363	260	609	461	97	244	173
gene8573	27	6	54	15	15	11	31	87	49	42	41	48	58	6	28	39
gene8574	5	12	5	4	5	10	10	5	21	7	6	4	29	2	2	1
gene8575	14	8	30	11	134	91	189	118	167	195	160	385	271	86	62	88
gene8576	74	18	60	33	56	73	82	96	31	69	82	125	41	29	53	24
gene8577	21	6	57	12	10	29	11	28	20	20	8	15	35	6	10	9
gene8578	184	123	229	126	128	242	204	347	186	259	187	307	317	77	120	203
gene8579	266	54	304	178	239	164	341	511	210	319	260	570	473	74	175	157
gene8580	10	0	1	2	0	14	4	3	1	4	2	4	32	8	6	1
gene8581	21	8	35	11	35	34	26	61	44	25	27	84	58	14	40	44
gene8582	17	10	10	37	18	59	69	42	42	52	38	103	74	7	32	36
gene8583	0	1	0	1	0	0	1	2	1	0	1	4	1	0	0	1
gene8584	6695	3165	15735	7878	5106	7108	9053	21044	9167	11508	5756	16722	15635	3698	7867	7871
gene8585	37	8	62	18	15	18	54	36	24	27	31	41	53	17	6	15
gene8586	0	3	10	0	6	0	5	2	6	4	2	0	4	2	0	0
gene8587	19	20	115	42	30	18	64	85	70	50	56	97	95	36	35	40
gene8588	64	28	80	49	28	40	71	109	76	38	29	109	130	21	49	23
gene8589	237	138	767	386	269	418	586	1182	534	736	504	876	587	199	326	395
gene8590	17	6	19	7	15	26	4	8	13	14	24	47	21	0	1	5
gene8591	20	4	6	8	2	7	66	40	5	13	16	26	17	6	9	8
gene8592	85	47	76	94	51	81	70	154	87	67	63	125	120	16	64	52
gene8593	11	1	21	0	5	16	4	2	9	7	12	5	19	3	14	8
gene8594	261	116	590	281	293	215	419	608	346	617	489	940	807	109	164	344
gene8595	16	8	56	10	17	28	12	20	11	14	11	65	33	8	7	14
gene8596	11	3	39	3	15	28	52	51	2	9	25	14	10	2	13	7
gene8597	76	25	151	56	52	48	97	159	99	117	75	173	120	22	45	49
gene8598	1292	563	2545	1194	1136	1951	1675	3519	2070	2147	1643	3607	2794	907	1240	1510
gene8599	100	39	129	82	64	63	173	186	111	145	73	160	206	53	102	76
gene8600	0	0	0	0	0	0	2	0	0	0	0	0	0	0	9	0
gene8601	17	3	27	2	4	7	5	48	6	11	9	11	13	5	12	15
gene8602	109	40	97	56	25	33	46	66	33	61	45	138	98	7	54	40
gene8603	72	21	220	77	49	92	134	165	80	152	118	371	224	51	56	146
gene8604	35	6	31	18	19	13	27	27	17	33	31	34	43	26	28	14
gene8605	14	15	50	26	31	53	77	81	63	44	45	47	91	15	51	14
gene8606	6	0	7	5	0	1	0	11	2	2	0	12	9	1	5	2
gene8607	159	78	291	130	87	126	221	326	184	228	174	400	245	61	185	113
gene8608	1260	483	1759	679	736	808	1227	2296	1123	1959	896	2374	2233	374	1044	1044
gene8609	46	20	118	63	21	61	109	59	77	48	115	126	83	29	38	48
gene8610	0	1	0	1	0	0	0	0	7	2	0	3	0	0	0	0
gene8611	1886	760	3813	1759	1503	1745	2603	4044	2658	3053	2504	4924	4495	894	2552	2397
gene8612	57	35	149	37	38	42	155	165	69	88	51	268	121	16	60	57
gene8613	26	20	39	18	18	43	41	81	33	47	23	56	59	17	26	25
gene8614	53	26	191	80	81	85	106	98	104	56	86	195	230	53	70	45
gene8615	103	41	149	77	40	86	119	176	109	99	74	193	200	33	53	92
gene8616	138	69	229	143	122	128	263	283	194	250	161	448	478	77	124	148
gene8617	65	22	114	38	26	51	49	67	48	87	46	113	132	17	48	56
gene8618	162	83	356	165	90	158	272	337	203	333	175	293	334	49	113	99
gene8619	334	210	593	286	203	431	442	831	434	596	415	673	782	149	320	383
gene8620	0	8	12	0	6	8	11	2	8	24	3	19	2	3	2	6
gene8621	160	57	222	150	124	211	200	288	242	178	234	412	336	34	110	147
gene8622	27	19	120	39	41	30	79	96	78	103	32	165	137	30	60	26
gene8623	3	1	3	0	0	14	6	0	0	1	2	2	5	1	2	8
gene8624	224	80	457	190	171	236	274	401	306	302	197	474	380	46	373	153
gene8625	0	0	0	0	0	0	0	0	0	0	2	0	0	2	0	0
gene8626	25	17	39	18	21	13	24	59	30	47	50	54	37	16	30	30
gene8627	1264	584	1927	1170	686	1152	1499	2242	1521	2237	1225	2516	2649	518	1027	1366
gene8628	1	0	3	6	0	6	2	6	1	6	9	5	17	1	3	9
gene8629	522	204	741	574	293	553	457	770	590	892	489	940	1024	232	506	403
gene8630	25	10	48	8	12	18	45	59	15	66	27	80	34	9	17	13
gene8631	53	25	110	39	35	48	50	75	63	78	66	118	107	18	49	64
gene8632	1141	691	2410	1114	1005	1430	1700	2094	1727	2268	1486	2562	2586	433	1272	1096
gene8633	0	1	4	11	0	2	2	1	0	5	0	3	0	0	0	0
gene8634	143	63	299	126	84	144	248	223	190	194	211	365	136	71	114	151
gene8635	8	1	4	1	1	5	2	0	0	15	0	0	6	0	1	2
gene8636	992	482	1883	606	691	942	1241	2419	1294	1448	1088	2342	1825	505	1202	795
gene8637	3422	1443	5246	2716	2422	2521	3513	7430	4087	3815	4036	5905	5759	1051	2979	2850
gene8638	28	0	30	16	5	17	37	86	43	16	28	51	37	7	20	7
gene8639	13	6	30	20	7	22	21	22	20	39	18	68	30	12	11	11
gene8640	8	2	7	10	4	14	20	36	10	31	32	54	21	4	4	8
gene8641	2934	1488	6710	3439	2774	3455	4239	6347	5216	5925	4787	7327	6974	1570	2922	2695
gene8642	586	304	1210	484	499	639	553	1508	953	791	872	2494	898	344	720	575
gene8643	47	36	286	80	30	73	52	199	72	132	104	200	269	39	64	59
gene8644	0	0	0	2	0	0	5	1	0	0	1	4	0	0	5	0
gene8645	7	8	17	19	9	23	15	36	55	33	13	18	28	12	13	28
gene8646	24	3	29	8	9	8	28	13	20	32	29	51	40	4	6	6
gene8647	2	8	1	5	6	10	9	9	24	11	8	10	3	3	4	12
gene8648	324	191	788	287	222	547	508	799	566	740	518	566	771	146	538	500
gene8649	11	7	23	18	25	18	21	83	18	67	22	54	17	13	12	12
gene8650	1	0	0	0	0	0	2	20	2	8	0	1	4	1	3	10
gene8651	0	0	2	0	0	2	0	0	0	0	0	0	0	0	0	0
gene8652	56	48	232	82	70	87	105	290	88	144	219	234	330	53	90	130
gene8653	26	11	56	22	23	34	34	52	31	50	42	120	125	12	29	17
gene8654	55	44	152	122	8	12	34	37	16	16	17	38	18	4	14	19
gene8655	47	32	110	78	107	96	65	171	146	150	100	226	112	32	86	79
gene8656	256	171	515	232	278	327	187	531	463	570	282	497	791	145	355	347
gene8657	30	29	56	41	27	30	54	169	30	31	69	98	53	9	31	54
gene8658	0	1	9	2	10	1	15	4	3	2	1	4	13	1	4	1
gene8659	24	21	57	17	5	7	9	9	10	10	7	24	13	7	7	6
gene8660	66	13	71	13	26	75	56	71	39	32	69	138	72	17	47	34
gene8661	702	435	1531	736	706	904	1149	1528	1299	1481	1109	2155	1266	372	638	540
gene8662	24	6	62	22	0	4	5	8	2	8	2	12	5	6	3	2
gene8663	11	9	24	34	15	19	42	21	21	21	56	91	46	6	20	28
gene8664	3	0	11	5	2	9	9	31	28	12	12	10	8	4	8	15
gene8665	29	12	69	22	23	49	45	69	28	85	57	66	35	11	32	56
gene8666	255	113	515	228	174	324	342	363	303	355	274	573	426	112	236	234
gene8667	112	57	263	73	48	108	171	329	126	205	88	208	274	40	85	94
gene8668	213	131	372	225	161	231	244	560	206	241	256	505	437	66	292	219
gene8669	172	96	244	94	112	213	224	270	250	189	130	286	248	54	102	111
gene8670	0	2	2	2	3	1	7	28	3	19	6	22	15	2	3	11
gene8671	295	194	597	274	267	341	575	733	453	497	462	620	671	203	338	406
gene8672	1	0	0	0	0	0	0	12	10	0	2	3	11	4	5	2
gene8673	123	40	211	80	76	63	201	218	146	174	117	155	184	30	75	87
gene8674	2	1	7	4	4	2	17	12	12	8	6	0	0	4	5	2
gene8675	1	1	4	0	4	0	0	1	0	1	0	0	0	0	0	0
gene8676	14	5	7	12	2	8	13	16	8	1	15	12	58	5	5	15
gene8677	933	378	1208	892	595	1177	1536	1647	984	1255	856	2675	1558	344	1099	959
gene8678	0	1	1	1	0	0	5	3	1	0	0	0	0	0	1	5
gene8679	68	7	65	47	21	49	31	120	33	87	46	94	49	11	31	13
gene8680	100	69	257	86	165	160	175	292	198	184	165	350	229	62	127	78
gene8681	38	36	172	27	36	51	64	84	102	93	74	208	43	25	41	64
gene8682	16	14	27	17	25	28	41	64	57	50	33	85	58	17	16	42
gene8683	47	39	216	71	59	108	105	247	66	78	59	92	107	30	114	64
gene8684	4401	1203	6807	3055	2744	3907	4700	8227	4221	6303	3929	10456	5968	1485	2872	3308
gene8685	146	24	135	83	75	90	84	224	118	159	88	281	183	51	78	86
gene8686	83	25	116	36	47	78	81	146	107	120	82	175	113	40	83	36
gene8687	420	243	853	407	327	539	719	1100	635	762	605	1143	1155	151	516	374
gene8688	36	25	108	33	40	84	74	96	93	123	98	112	189	29	52	48
gene8689	9491	4548	11873	7156	32226	39537	60306	113313	53835	59874	48314	101531	87811	19428	35583	37874
gene8690	396	167	739	275	281	351	426	1009	365	496	293	729	573	182	338	251
gene8691	50	67	148	74	67	93	206	197	142	142	77	271	233	37	65	79
gene8692	100	41	150	51	41	91	145	160	77	117	78	212	79	28	37	65
gene8693	92	39	166	112	83	110	186	210	165	165	135	293	253	61	91	114
gene8694	98	84	239	137	157	182	248	322	208	281	190	469	254	79	100	96
gene8695	151	88	367	114	117	190	224	463	235	273	157	391	198	76	148	135
gene8696	0	0	0	0	0	0	0	0	0	0	0	0	0	0	0	0
gene8697	5	1	17	11	14	7	13	12	7	10	29	13	14	2	7	6
gene8698	147	55	352	120	96	194	237	419	176	245	159	329	275	72	183	101
gene8699	61	49	176	110	54	67	112	326	81	116	72	259	207	55	68	73
gene8700	413	137	661	296	261	370	502	704	449	496	528	823	504	143	255	198
gene8701	361	73	595	305	222	451	570	745	486	439	388	825	737	135	393	372
gene8702	79	35	113	68	40	56	91	232	42	132	111	235	130	74	52	74
gene8703	15	10	36	19	15	16	27	49	74	40	30	79	121	9	33	31
gene8704	131	45	104	102	71	127	157	219	112	125	79	185	194	58	82	135
gene8705	24	8	35	12	25	12	11	35	31	44	35	83	16	7	11	15
gene8706	0	0	1	2	1	0	2	3	0	1	10	0	1	3	0	2
gene8707	460	196	1120	508	408	598	559	1026	759	672	574	1247	1057	276	493	503
gene8708	251	117	398	211	247	236	403	606	242	475	332	523	450	122	176	241
gene8709	0	1	11	2	9	7	0	0	2	2	1	1	4	2	0	3
gene8710	114	51	228	67	97	125	232	330	137	254	131	269	411	47	135	119
gene8711	1002	563	1937	1106	1003	1354	1618	3123	1721	1419	1679	2974	2998	363	943	1101
gene8712	20	9	38	9	8	13	19	56	39	57	8	36	14	10	22	10
gene8713	186	72	355	219	137	131	182	389	212	273	171	273	320	75	175	96
gene8714	1	0	0	1	3	5	1	2	1	1	7	3	12	1	11	0
gene8715	206	136	684	196	71	63	105	243	106	146	104	271	157	51	110	59
gene8716	2	0	9	4	4	0	1	8	0	3	0	0	8	3	0	2
gene8717	0	0	2	0	0	0	0	6	0	0	2	1	0	0	1	0
gene8718	280	200	661	405	245	360	390	1098	508	735	321	858	626	156	428	405
gene8719	32	8	125	38	24	58	55	77	57	113	24	105	54	22	46	31
gene8720	28	21	22	10	51	39	22	64	64	83	41	89	104	22	30	34
gene8721	6	3	20	13	5	4	6	24	6	22	2	40	24	7	3	3
gene8722	317	204	733	506	956	1680	1886	3342	1521	1932	1316	3256	2725	532	1190	1186
gene8723	14	5	11	6	7	1	25	50	10	20	9	53	17	16	7	29
gene8724	33	15	69	6	35	20	45	47	25	41	17	69	48	2	30	38
gene8725	70	25	160	66	84	94	93	111	113	135	94	155	111	21	41	68
gene8726	1559	993	4800	1606	1550	2806	3330	4299	2173	2345	1838	4123	3290	875	1299	1533
gene8727	28	27	92	24	8	21	58	84	22	38	31	83	36	3	20	31
gene8728	266	168	728	341	291	284	387	835	449	441	316	692	577	159	329	408
gene8729	9	8	5	3	1	2	4	5	0	3	1	1	8	1	3	0
gene8730	442	208	904	425	376	489	445	1360	742	721	457	905	1057	217	352	429
gene8731	15	6	30	21	17	8	23	1	5	7	23	11	15	5	13	16
gene8732	26	38	62	24	22	35	43	74	50	72	43	65	83	19	17	30
gene8733	5457	2456	8921	4417	3985	5661	7296	8827	5623	8835	5597	8101	10088	2269	4091	4288
gene8734	4	2	7	5	7	4	3	16	10	15	2	10	21	3	8	7
gene8735	175	84	285	130	107	217	232	199	146	245	168	397	237	43	149	140
gene8736	190	74	360	137	161	195	324	475	298	323	215	462	413	84	191	206
gene8737	0	0	9	1	0	11	5	16	6	0	16	5	0	2	0	1
gene8738	56	14	52	41	29	67	91	73	52	81	54	186	109	25	48	64
gene8739	80	44	218	38	92	74	171	229	102	132	96	176	172	67	69	83
gene8740	17	4	21	18	11	21	15	47	24	28	2	26	24	6	10	17
gene8741	29	28	93	29	35	50	46	83	55	90	48	63	67	28	24	40
gene8742	2	1	3	2	5	6	7	14	12	1	0	6	7	1	13	0
gene8743	115	62	320	105	287	716	559	1243	606	505	474	1003	1258	289	644	406
gene8744	12	9	10	25	18	17	32	80	31	39	10	46	65	4	30	24
gene8745	95	47	272	77	68	81	59	212	100	101	116	221	192	37	100	68
gene8746	7	3	5	11	19	22	32	53	15	29	13	55	3	18	12	1
gene8747	263	181	770	403	245	250	471	645	495	575	407	495	731	164	400	326
gene8748	620	283	771	545	392	488	710	1172	572	774	623	1363	886	206	678	451
gene8749	1	0	0	1	13	6	3	0	0	0	0	0	0	0	0	0
gene8750	7	3	18	10	10	7	17	29	20	11	14	10	43	12	8	14
gene8751	278	117	521	312	176	397	409	584	309	353	326	347	568	144	251	254
gene8752	107	48	124	70	62	127	139	196	79	179	204	164	182	34	138	106
gene8753	3	10	1	5	0	3	10	5	6	11	3	13	34	10	2	0
gene8754	6	5	20	17	10	2	24	50	12	32	42	78	21	4	10	16
gene8755	0	0	0	0	0	0	0	0	0	0	0	0	0	0	0	0
gene8756	151	80	383	195	149	225	287	407	342	456	247	543	474	110	168	151
gene8757	6	2	30	1	4	4	13	1	8	10	3	8	1	1	0	1
gene8758	16	10	39	25	9	21	34	15	20	12	14	55	17	0	12	10
gene8759	1275	466	2208	982	689	1252	1753	2332	1921	2142	1208	2592	2018	515	1189	1175
gene8760	0	0	4	0	0	3	0	3	0	2	3	0	1	0	1	1
gene8761	15	18	12	14	18	14	21	61	25	51	12	10	42	6	6	8
gene8762	569	237	883	500	539	745	876	1763	909	1108	791	1325	1377	236	663	483
gene8763	467	178	513	315	281	295	479	768	373	469	379	806	726	141	326	327
gene8764	6	3	19	8	11	16	13	12	11	20	7	5	7	2	10	8
gene8765	4	2	16	8	3	2	9	1	9	1	5	11	21	1	2	1
gene8766	9	11	16	6	4	5	12	19	25	21	20	31	36	15	17	15
gene8767	103	42	215	106	90	112	112	197	165	142	150	295	287	67	143	96
gene8768	17	8	61	35	17	12	33	45	16	10	26	34	9	9	39	9
gene8769	53	13	24	34	38	44	38	81	39	82	46	82	49	25	36	33
gene8770	1	1	0	0	0	0	2	3	0	2	1	11	2	2	0	0
gene8771	20	6	46	14	61	58	45	207	102	22	55	59	157	37	35	58
gene8772	805	372	1678	674	611	1304	1172	3292	1220	1293	956	2602	2013	332	800	1072
gene8773	5	1	0	3	2	4	7	8	7	2	10	26	33	1	26	1
gene8774	7	1	7	10	23	7	10	38	16	1	11	10	34	0	7	8
gene8775	19	17	19	12	26	28	69	54	15	30	13	53	24	11	30	24
gene8776	12	1	9	4	7	20	11	1	6	4	0	10	9	1	15	10
gene8777	14	15	20	18	14	15	36	98	12	20	12	84	27	8	11	14
gene8778	25	0	17	4	10	3	11	7	2	37	4	30	21	0	4	5
gene8779	40	17	110	58	34	68	39	135	31	68	56	151	128	17	58	22
gene8780	10	3	9	20	3	9	9	4	28	4	19	10	38	1	12	0
gene8781	11	0	3	3	2	1	3	1	0	3	5	6	6	2	5	0
gene8782	32	9	14	5	4	3	17	19	5	8	9	12	3	6	2	2
gene8783	1675	613	2986	1291	985	1887	1480	3199	1931	2013	1866	3717	2675	537	1441	1267
gene8784	22	19	70	36	20	31	21	59	27	54	29	84	46	18	19	35
gene8785	131	64	225	96	109	194	203	367	136	273	182	334	279	79	144	132
gene8786	1147	517	2864	1104	6004	7530	9645	23232	11832	15408	6393	13229	18779	4590	8274	6555
gene8787	6	3	30	10	8	1	4	21	1	10	10	40	2	0	3	3
gene8788	176	82	274	154	107	229	250	266	213	158	272	579	312	106	90	144
gene8789	4090	2044	10026	3820	3993	4122	8554	9726	5881	6593	5385	10568	10803	2042	3944	4117
gene8790	127	90	358	174	106	183	210	366	175	333	224	439	398	81	133	83
gene8791	126	51	245	127	66	186	200	482	171	237	143	271	305	60	124	116
gene8792	116	37	149	93	50	74	102	154	81	123	101	264	129	47	74	97
gene8793	35	14	108	37	57	92	69	69	39	70	55	85	114	8	29	40
gene8794	402	79	488	262	332	356	375	816	390	350	273	880	768	173	282	235
gene8795	85	53	219	83	37	81	134	193	112	123	63	221	186	51	115	84
gene8796	257	159	380	239	184	250	331	440	388	391	211	700	523	92	177	226
gene8797	18323	8048	42687	17662	30856	38466	46764	89105	51878	53505	42335	90187	70423	14869	40720	36528
gene8798	18	9	49	19	5	9	23	11	16	41	2	9	66	2	16	12
gene8799	130	110	375	162	113	244	266	681	211	218	209	431	466	75	183	164
gene8800	24	8	47	26	30	29	50	92	60	44	33	95	112	15	48	65
gene8801	267	121	452	338	266	410	432	703	330	420	226	800	685	103	289	238
gene8802	57	15	98	41	34	81	101	134	68	120	84	57	133	31	42	40
gene8803	38	21	81	23	14	33	89	103	42	86	33	111	89	34	53	19
gene8804	14	15	31	24	15	38	49	59	39	26	25	53	37	10	19	46
gene8805	28	5	63	25	15	22	63	63	27	74	63	89	51	16	43	21
gene8806	168	74	349	102	86	170	187	357	168	246	169	393	363	45	163	129
gene8807	2	1	7	0	0	6	2	3	3	7	0	31	0	2	5	3
gene8808	483	264	1131	515	392	634	840	1138	814	748	747	1646	1232	279	722	506
gene8809	10	3	1	4	7	12	6	26	14	17	6	12	27	12	10	3
gene8810	2	3	28	1	0	5	3	0	0	12	3	25	17	2	3	23
gene8811	9	0	26	7	14	8	21	60	17	9	18	26	20	9	13	5
gene8812	350	116	626	148	235	233	295	743	409	382	398	534	777	132	280	313
gene8813	41	18	50	43	18	39	30	23	25	98	103	111	33	18	31	39
gene8814	21	8	34	15	21	17	19	31	36	54	17	42	36	5	26	13
gene8815	315	172	660	311	353	541	487	1056	410	514	325	675	1004	224	474	346
gene8816	173	68	265	154	115	170	175	421	201	215	135	226	361	63	117	85
gene8817	9	12	15	12	7	54	32	45	20	39	21	45	62	15	32	23
gene8818	2525	970	3769	1663	1298	1835	2659	5095	2771	3466	1966	4372	4597	911	2368	2056
gene8819	6	3	15	3	6	10	13	23	18	11	5	71	58	4	11	12
gene8820	0	0	2	0	0	0	0	4	2	0	0	19	2	0	0	0
gene8821	24	7	72	12	35	40	73	89	34	34	22	27	34	14	30	29
gene8822	132	62	197	124	96	104	122	404	173	141	140	335	269	36	146	117
gene8823	15	8	35	20	16	26	14	53	19	35	20	34	34	5	24	23
gene8824	3	0	20	6	7	6	2	11	10	2	9	26	17	2	8	4
gene8825	0	2	2	2	0	31	22	59	14	5	16	36	2	4	9	3
gene8826	29	9	85	22	27	54	56	133	65	72	54	108	96	24	45	41
gene8827	525	260	1263	624	665	649	998	1624	854	1174	743	1397	1680	257	682	596
gene8828	2	0	1	2	1	30	11	0	0	3	6	1	1	0	3	1
gene8829	48	28	95	46	49	52	99	160	77	77	69	187	123	25	58	29
gene8830	796	400	1677	748	578	926	1130	1920	1182	1215	983	2524	1285	403	761	898
gene8831	7	4	30	11	6	7	24	2	13	24	7	20	7	5	12	8
gene8832	31	7	35	27	30	18	39	110	54	43	29	63	73	7	23	37
gene8833	331	139	567	392	213	286	540	618	559	464	368	763	749	175	350	347
gene8834	31	15	35	11	117	171	215	477	302	139	171	381	294	74	192	88
gene8835	61	60	278	68	46	98	157	230	84	188	144	203	267	90	101	87
gene8836	245	116	523	221	192	296	445	658	340	417	192	543	522	113	185	226
gene8837	389	140	773	318	1099	1671	1844	4292	1196	2215	1488	3282	2037	530	1336	1158
gene8838	335	118	723	394	286	290	373	721	252	716	341	743	609	151	242	316
gene8839	48	25	146	70	7	15	20	45	14	26	6	28	24	9	4	12
gene8840	65	27	128	54	16	56	40	104	56	99	56	140	142	10	44	49
gene8841	43	4	33	36	37	31	39	44	34	57	54	59	33	18	41	34
gene8842	1602	943	4137	2008	1613	2167	2772	3394	2422	3385	2767	6598	4012	626	1721	1784
gene8843	139	45	230	80	76	109	97	234	104	198	110	197	483	69	81	81
gene8844	113	65	175	114	80	97	273	286	167	171	147	300	225	77	125	124
gene8845	46	11	38	16	47	21	25	52	40	40	28	48	33	5	17	12
gene8846	16	3	4	23	14	17	15	38	6	32	5	2	21	5	1	22
gene8847	152	77	249	188	114	185	133	374	142	183	204	252	229	70	202	166
gene8848	33	9	13	7	23	42	20	75	20	36	31	61	46	8	14	20
gene8849	52	64	215	96	150	261	332	1032	302	560	284	637	461	96	248	279
gene8850	82	44	158	90	64	53	80	142	53	197	73	183	150	14	66	97
gene8851	24	7	5	3	16	7	3	38	18	7	5	43	8	9	2	4
gene8852	124	82	420	166	151	232	221	332	285	296	200	317	415	95	247	201
gene8853	168	88	555	180	161	273	154	533	266	257	287	503	394	101	268	199
gene8854	100	54	221	107	57	113	135	285	163	207	119	248	223	62	91	107
gene8855	824	340	983	670	313	716	1026	1785	707	906	459	1275	1543	375	746	748
gene8856	1726	607	2997	1431	952	1451	2122	3315	1798	2382	1585	2977	2931	521	1473	1287
gene8857	18	10	50	21	27	16	30	77	42	31	21	55	53	14	14	20
gene8858	9	0	5	13	20	57	2	17	33	17	5	129	0	9	5	1
gene8859	542	256	956	431	396	426	747	1374	803	883	676	1020	1210	164	474	568
gene8860	2	0	9	0	0	2	0	2	11	0	6	9	6	1	2	1
gene8861	528	267	737	508	396	421	747	764	531	634	514	907	1117	244	440	436
gene8862	43	10	120	48	36	42	78	166	51	65	68	103	78	28	54	56
gene8863	8268	3471	20011	7660	6619	9317	12019	20845	7832	13786	8245	20769	18837	3473	7494	7247
gene8864	16	5	13	21	4	3	11	7	16	10	7	23	5	0	1	1
gene8865	5	6	8	12	9	7	7	9	4	10	4	22	5	7	8	3
gene8866	1	3	18	20	5	12	12	15	12	30	6	22	15	6	8	5
gene8867	716	373	1133	487	436	812	1112	1334	642	845	687	1598	1538	257	504	516
gene8868	90	41	244	86	53	79	115	322	133	186	121	301	192	36	98	75
gene8869	265	166	490	348	223	420	434	688	398	430	438	554	478	172	325	259
gene8870	4	4	7	7	3	5	14	6	8	7	8	18	12	4	0	5
gene8871	15	5	38	7	70	130	78	319	99	110	76	234	439	44	126	37
gene8872	129	31	260	88	115	168	212	188	160	241	83	317	242	90	119	143
gene8873	5614	2086	7946	6024	4087	6169	7025	12845	7320	6854	6319	13132	11959	3176	6713	4790
gene8874	1647	615	2525	1144	1000	1641	1923	3327	2478	2236	2041	3789	2938	750	1304	1374
gene8875	3384	1655	6694	3933	2822	4235	3520	7716	4985	5920	3954	6240	7338	2046	3248	3143
gene8876	507	262	1201	361	349	541	831	1228	526	828	708	1156	1030	253	598	562
gene8877	98	41	158	74	98	80	100	136	118	161	153	221	263	53	102	77
gene8878	1356	579	2264	1084	1067	1625	1294	2861	1607	2374	1151	3772	2360	503	1417	1169
gene8879	10	0	11	9	3	2	4	32	18	7	6	17	2	4	3	2
gene8880	2	1	0	0	0	0	1	0	0	0	0	0	0	0	0	1
gene8881	453	135	899	430	317	534	711	1053	566	747	504	1142	1114	255	422	418
gene8882	0	0	0	0	0	1	0	0	1	6	0	0	1	0	0	0
gene8883	875	518	2561	932	791	1201	1570	2581	1616	1635	1269	2524	2700	427	1156	916
gene8884	19	7	47	26	9	36	11	86	20	7	24	84	90	18	14	13
gene8885	73	48	117	65	26	46	111	129	64	72	85	256	156	31	76	64
gene8886	2	0	0	0	0	1	0	0	0	0	5	3	0	0	0	0
gene8887	5393	2504	11194	3157	595	949	1294	2308	1051	1024	922	1719	1625	291	727	1049
gene8888	7	1	25	5	3	7	5	37	15	3	1	5	15	3	3	6
gene8889	62	21	126	38	38	58	94	139	55	74	45	158	107	17	50	42
gene8890	0	0	1	7	0	3	0	11	0	5	0	2	0	1	3	0
gene8891	33	12	112	59	11	38	45	98	31	55	37	138	122	12	61	32
gene8892	1379	824	2578	1315	277	567	742	1220	769	968	566	852	1151	224	553	551
gene8893	169	30	172	79	72	109	123	191	114	131	102	188	183	46	114	87
gene8894	0	0	5	2	0	0	3	0	0	0	0	0	0	0	0	0
gene8895	0	1	46	24	4	8	8	19	4	40	20	87	27	19	2	24
gene8896	613	311	1177	789	425	598	880	1356	883	1132	629	1518	1328	367	638	617
gene8897	351	207	714	352	356	343	431	857	488	687	494	963	817	201	438	254
gene8898	722	330	1552	923	519	816	1150	1647	1196	957	827	2472	1622	380	727	876
gene8899	26	5	36	17	13	22	16	72	15	26	53	51	23	1	10	13
gene8900	21	3	28	24	7	14	13	19	14	7	13	8	51	3	6	32
gene8901	361	209	730	495	344	420	598	758	608	941	379	929	982	176	418	366
gene8902	5	3	0	0	0	1	1	0	2	0	0	0	0	0	5	2
gene8903	3132	1553	3900	2918	2489	3315	3355	6126	2854	3924	2285	6359	5438	1410	2901	2598
gene8904	19	15	52	31	20	18	22	48	32	22	29	126	20	6	13	17
gene8905	15	18	34	3	10	20	31	36	9	37	9	29	27	6	15	7
gene8906	11	0	23	14	19	18	15	32	41	12	12	47	13	7	20	16
gene8907	598	308	1667	626	715	847	769	1100	1138	954	836	1346	1289	430	643	487
gene8908	47	28	131	49	83	69	95	139	106	123	48	239	150	47	65	57
gene8909	0	13	17	14	1	7	12	14	3	13	11	10	19	2	5	2
gene8910	102	43	346	99	99	144	198	195	263	299	230	281	316	59	147	106
gene8911	115	75	267	117	110	236	129	234	136	219	131	205	209	64	112	100
gene8912	27	13	80	38	13	21	49	32	23	45	34	90	51	17	33	44
gene8913	88	61	255	162	94	191	217	397	228	252	190	227	207	58	147	192
gene8914	185	54	372	74	130	132	198	398	215	149	88	245	348	49	83	156
gene8915	22	33	59	29	29	33	40	84	25	46	34	49	69	23	58	28
gene8916	22	3	22	2	4	14	6	29	12	14	4	63	8	9	16	8
gene8917	53	20	80	31	33	41	70	90	56	91	60	98	141	22	96	68
gene8918	26	23	79	28	38	14	36	77	49	85	48	65	102	20	36	50
gene8919	263	178	481	212	248	207	524	581	386	509	352	709	550	110	289	300
gene8920	0	0	0	4	0	0	0	1	0	0	1	8	2	0	0	0
gene8921	6	9	19	0	1	4	4	9	20	0	3	4	9	1	0	1
gene8922	25	20	68	39	13	7	14	40	9	35	7	55	15	5	12	24
gene8923	20	12	41	23	23	37	39	76	17	41	26	60	18	14	59	18
gene8924	108	77	322	130	28	39	57	50	46	55	30	72	78	14	23	37
gene8925	900	396	1487	757	788	885	917	2503	1371	1185	1150	1994	1353	418	607	748
gene8926	62	41	187	91	6	22	17	24	6	18	16	29	25	8	9	10
gene8927	0	0	0	10	2	6	1	0	12	4	2	0	2	0	0	4
gene8928	4	0	12	8	5	2	4	5	9	1	3	2	2	0	0	1
gene8929	49	8	83	12	7	44	62	134	39	30	40	41	75	16	10	36
gene8930	24	3	44	50	12	38	18	63	27	23	26	58	15	12	20	17
gene8931	1445	829	2778	1665	251	343	386	502	426	438	316	608	564	133	247	224
gene8932	0	2	2	7	4	4	18	1	3	4	11	15	3	3	1	11
gene8933	11	4	9	2	5	10	4	0	12	18	0	2	1	4	0	9
gene8934	181	67	346	203	749	1437	3315	4059	1935	1609	2087	2242	3022	679	1981	1225
gene8935	14	7	34	1	13	18	53	22	16	4	10	33	9	4	5	11
gene8936	1503	787	2282	1238	1070	1638	2135	3887	1918	2195	1417	3703	3327	625	1544	1450
gene8937	127	103	270	115	121	167	179	369	186	200	173	340	274	54	172	168
gene8938	54	34	145	77	61	65	106	106	70	89	60	113	76	12	36	41
gene8939	5	14	10	7	6	15	10	27	12	23	11	19	14	7	5	7
gene8940	320	72	430	156	206	222	369	494	314	359	295	653	328	120	223	277
gene8941	0	7	16	25	11	4	14	25	23	17	11	25	46	3	21	6
gene8942	0	0	0	0	0	0	3	0	0	0	0	0	2	0	0	1
gene8943	16	12	38	10	16	21	28	17	17	23	28	44	44	5	14	3
gene8944	30	21	45	26	25	38	36	147	40	34	96	77	51	9	34	29
gene8945	463	232	867	416	294	595	504	1259	698	849	529	1235	1184	254	383	468
gene8946	73	30	67	48	119	120	224	370	240	183	238	244	244	55	156	135
gene8947	162	90	166	122	267	355	327	654	456	379	330	609	561	189	186	367
gene8948	82	37	256	121	33	74	124	251	103	183	62	222	132	32	75	45
gene8949	1	0	0	5	0	0	0	0	0	1	2	0	1	1	0	2
gene8950	4	0	0	2	1	0	0	0	1	4	11	5	1	0	0	4
gene8951	7	1	0	2	0	2	0	0	0	0	3	0	0	1	23	8
gene8952	32	7	16	10	3	13	6	37	24	18	5	22	28	2	12	10
gene8953	244	79	394	210	119	206	312	535	265	355	230	463	329	79	229	168
gene8954	23	1	20	18	1	3	3	7	9	3	3	3	10	1	4	1
gene8955	212	120	317	162	207	217	336	526	354	329	292	494	485	165	166	198
gene8956	26	22	86	24	65	103	63	67	43	88	73	100	76	20	64	55
gene8957	79	27	97	59	55	58	64	108	43	138	34	119	156	31	53	53
gene8958	1349	588	1944	974	884	1245	1819	2479	1457	1891	1282	2743	2254	554	1241	1342
gene8959	271	110	409	275	332	353	585	1042	599	473	418	640	704	130	350	299
gene8960	4	6	13	7	2	22	8	41	1	9	0	21	0	5	4	15
gene8961	48	17	106	17	19	55	40	75	51	48	26	84	110	12	30	30
gene8962	1126	603	2025	963	929	1220	1672	2310	1011	2379	1008	2454	1988	732	1078	932
gene8963	9	4	0	3	2	11	9	31	45	3	4	114	166	15	15	42
gene8964	46	15	78	66	33	69	96	117	47	92	54	142	97	20	55	27
gene8965	2998	1116	5141	2217	4215	6634	10614	14558	9589	10491	7693	18902	12949	2930	4717	7101
gene8966	47	16	60	37	48	20	49	87	52	61	58	81	72	16	53	18
gene8967	15	8	34	28	13	49	34	51	47	31	57	102	68	11	20	16
gene8968	0	0	0	0	4	0	9	0	0	0	0	0	0	0	0	0
gene8969	4077	1606	7564	2810	2399	3097	4305	6772	3492	6752	3972	7079	6790	2127	2904	3382
gene8970	334	214	698	346	300	462	611	934	560	750	506	737	959	239	488	378
gene8971	576	231	1109	229	107	151	161	390	216	140	107	355	278	34	121	98
gene8972	42	14	85	31	38	74	90	135	115	129	35	170	173	15	61	31
gene8973	42	9	95	26	18	79	36	80	44	93	48	96	128	23	33	47
gene8974	6	13	27	14	14	10	24	27	29	4	11	32	25	5	16	13
gene8975	0	0	0	8	0	0	4	0	10	1	16	1	0	4	1	0
gene8976	0	0	0	0	0	1	7	5	0	11	1	0	19	0	1	1
gene8977	1	17	4	1	3	9	2	17	16	0	2	23	6	3	1	10
gene8978	40	36	103	43	37	23	59	110	74	33	65	123	91	16	28	56
gene8979	208	57	302	154	212	156	153	340	171	308	306	508	237	81	152	152
gene8980	3	24	16	0	6	28	7	20	17	11	18	28	9	8	10	14
gene8981	848	446	1818	1075	759	1009	1511	2027	1462	1567	1126	2514	1772	551	1021	611
gene8982	232	155	379	314	238	287	416	804	397	434	279	751	693	190	313	312
gene8983	0	0	4	6	3	4	2	7	1	0	18	18	11	0	1	3
gene8984	40	15	79	16	25	46	26	59	55	25	52	30	73	14	29	45
gene8985	3999	2027	6462	3611	2625	4409	3996	6659	3962	5487	2974	9370	7674	2002	2994	4177
gene8986	115	45	234	96	110	133	160	304	150	138	139	226	187	37	135	94
gene8987	55	18	108	65	24	47	80	128	51	176	98	121	112	39	60	44
gene8988	14	8	12	2	41	63	27	238	72	24	110	142	96	7	59	69
gene8989	3	0	0	1	0	2	1	2	3	0	0	1	16	0	12	7
gene8990	0	0	0	1	0	0	0	0	1	3	0	0	1	0	0	0
gene8991	11	10	24	11	43	3	31	35	14	37	10	56	55	8	16	9
gene8992	46	21	114	39	38	21	65	66	57	74	34	80	63	33	29	65
gene8993	234	92	412	201	150	171	245	497	383	359	226	325	480	95	290	199
gene8994	5	0	2	4	2	0	8	6	0	7	14	0	11	2	5	8
gene8995	15	17	23	26	20	22	34	98	48	27	48	44	90	10	21	20
gene8996	212	73	333	142	109	141	285	404	262	210	214	400	414	55	167	164
gene8997	0	5	2	9	12	2	1	5	2	1	10	41	13	0	7	8
gene8998	659	501	1560	848	596	920	1078	2174	1279	1376	820	1304	2096	434	1115	708
gene8999	382	191	603	352	414	603	707	1094	540	602	686	1039	935	178	389	317
gene9000	3083	1395	5547	2541	2472	2325	4559	8021	3222	5113	3487	4584	5247	1141	3261	2345
gene9001	5	0	1	2	0	0	1	2	1	2	0	1	8	4	1	6
gene9002	313	206	864	335	226	522	572	924	529	678	365	933	917	196	416	281
gene9003	38	25	115	77	19	67	63	119	75	84	74	65	75	30	58	62
gene9004	0	0	0	7	0	0	0	0	0	0	0	0	0	0	0	0
gene9005	13	12	30	15	38	7	10	65	41	24	13	69	41	4	6	6
gene9006	76	19	129	31	37	76	82	150	71	92	38	180	76	32	124	82
gene9007	4	4	12	2	8	1	4	56	14	17	6	20	10	5	9	3
gene9008	47	14	90	24	13	45	39	62	53	78	24	73	56	21	49	40
gene9009	210	95	449	169	164	197	392	618	262	221	194	509	405	120	164	195
gene9010	4	0	0	0	0	1	0	0	0	0	0	1	0	0	3	0
gene9011	7	13	7	0	8	8	0	28	0	4	9	26	14	1	0	5
gene9012	51	22	68	44	11	11	15	17	13	8	7	17	27	8	19	4
gene9013	28	15	159	67	58	70	109	179	64	42	88	270	74	14	52	58
gene9014	70	12	137	40	47	48	71	63	35	59	37	98	73	33	101	83
gene9015	20	9	13	12	12	42	15	47	25	19	28	34	16	12	29	27
gene9016	0	0	8	2	5	1	2	9	7	0	14	2	6	3	3	3
gene9017	155	51	284	121	114	129	141	338	201	206	247	397	218	50	116	236
gene9018	0	1	0	0	4	0	0	8	3	0	0	2	0	0	0	0
gene9019	10	9	55	7	7	1	1	6	6	5	9	2	5	4	0	1
gene9020	311	103	614	293	153	322	426	507	422	509	334	714	551	86	167	245
gene9021	26	16	39	9	5	18	16	42	37	33	39	34	41	5	17	4
gene9022	122	65	231	85	220	249	419	617	410	389	399	856	451	162	301	168
gene9023	2	1	16	7	5	1	11	11	14	5	10	8	23	4	1	11
gene9024	85	39	220	62	87	110	123	192	143	131	90	247	190	37	74	89
gene9025	2	5	9	0	30	46	24	55	37	82	85	67	305	53	88	107
gene9026	143	101	359	129	107	164	205	394	285	387	200	467	392	103	162	186
gene9027	30	29	75	19	41	34	66	66	43	65	28	35	32	17	30	21
gene9028	44	21	21	32	6	26	29	47	21	29	10	24	29	7	11	8
gene9029	73	59	178	76	77	134	137	264	111	105	159	174	186	32	63	80
gene9030	0	0	0	0	0	1	7	0	0	0	0	0	0	0	0	0
gene9031	1643	643	2977	1368	1248	2050	2631	3962	2563	3368	2317	4661	3603	984	1530	1708
gene9032	54	8	131	45	59	63	126	216	61	100	106	198	205	39	74	59
gene9033	66	55	210	63	66	115	124	269	145	200	136	319	172	30	148	98
gene9034	16	3	1	2	8	6	2	16	6	1	22	54	3	0	12	7
gene9035	11	2	20	6	7	8	15	12	27	7	19	20	41	5	47	6
gene9036	23	6	16	33	26	18	20	52	118	29	32	16	39	13	26	22
gene9037	204	54	358	157	198	260	279	254	201	299	296	428	310	79	181	158
gene9038	1	0	1	0	0	0	0	0	0	0	0	0	0	0	4	0
gene9039	1112	513	1709	678	2270	3054	3684	7891	3400	3822	2943	7512	5971	1420	2762	3187
gene9040	6	4	12	7	8	4	24	67	23	20	16	30	18	18	11	13
gene9041	327	138	406	242	186	404	514	850	237	430	427	800	640	97	291	257
gene9042	324	128	754	325	344	346	449	1018	571	402	427	973	793	154	346	257
gene9043	0	0	7	1	1	0	0	2	1	0	0	3	2	0	0	2
gene9044	30	20	26	29	48	26	16	53	43	35	43	29	72	10	22	28
gene9045	237	149	728	388	303	497	692	800	355	493	448	952	887	229	471	364
gene9046	321	129	831	311	294	304	401	922	408	597	319	785	678	120	304	283
gene9047	23	0	11	10	7	5	10	25	8	5	15	8	52	2	13	2
gene9048	95	43	186	128	46	124	192	159	146	174	146	229	212	29	61	43
gene9049	864	427	1698	776	645	786	1439	2865	1684	1605	1411	2414	1676	471	847	850
gene9050	26	12	52	22	35	41	39	108	47	59	45	64	54	14	23	24
gene9051	15	13	15	24	18	22	19	112	31	45	22	8	16	16	9	7
gene9052	2519	1205	4353	2206	1920	2271	3491	5917	2933	3026	2264	4698	4490	1156	1838	2068
gene9053	303	138	504	251	141	223	481	736	413	364	304	654	714	101	300	192
gene9054	3	3	16	5	0	1	5	19	9	2	2	29	22	3	0	1
gene9055	531	216	997	622	464	702	725	1156	690	969	672	1101	1212	244	729	563
gene9056	59	23	53	50	19	35	78	92	58	48	58	96	31	15	47	48
gene9057	255	103	398	206	105	161	323	425	264	245	261	289	370	58	182	224
gene9058	206	73	457	149	142	185	231	344	319	285	117	392	338	77	206	126
gene9059	478	184	757	396	225	556	659	961	804	637	501	962	1084	212	460	357
gene9060	0	0	0	0	3	0	0	0	0	0	0	0	0	0	0	0
gene9061	9	4	27	3	7	25	15	24	5	5	8	28	21	4	7	3
gene9062	45	35	72	35	38	78	55	89	83	59	72	101	70	13	63	39
gene9063	4	24	102	29	4	11	11	23	7	10	4	4	15	5	15	9
gene9064	166	77	359	159	104	193	234	566	196	234	153	419	291	71	137	117
gene9065	234	89	550	210	206	340	245	629	365	313	244	730	546	78	198	245
gene9066	22	12	73	50	44	58	23	71	57	46	63	62	25	27	39	53
gene9067	2216	1036	3205	1911	1522	2544	2993	4739	2318	3780	2438	4390	3478	899	2307	2016
gene9068	10	24	54	22	25	25	52	22	53	32	36	48	42	19	28	22
gene9069	44	21	40	40	34	44	27	72	48	60	60	142	58	25	20	24
gene9070	46	15	62	47	25	68	58	163	62	130	64	175	128	21	32	36
gene9071	16744	9559	35718	15066	11937	21508	24907	39958	21124	29577	22111	46192	38732	6813	15797	15274
gene9072	0	1	3	4	0	3	0	12	0	7	0	15	4	1	0	5
gene9073	47	33	115	53	66	44	77	85	67	101	82	197	146	33	73	47
gene9074	2020	1186	5285	1622	1864	2371	2348	4765	2496	3107	1895	3999	4173	987	1899	1598
gene9075	416	187	730	363	108	138	173	176	158	134	122	243	288	56	104	131
gene9076	36	34	42	38	14	38	70	48	50	32	64	92	84	35	59	40
gene9077	0	0	1	0	0	8	2	0	11	0	0	4	1	0	0	1
gene9078	25	11	41	28	6	33	33	103	47	50	41	65	70	11	18	30
gene9079	29	11	27	9	27	50	39	55	64	30	19	44	31	2	13	54
gene9080	0	0	23	1	4	0	1	4	0	11	1	1	25	4	0	3
gene9081	42	14	26	33	12	15	10	14	25	18	9	20	13	5	15	5
gene9082	16	6	62	21	22	12	12	71	45	20	34	47	46	19	37	11
gene9083	45	30	102	26	52	33	32	61	46	54	64	125	44	21	42	36
gene9084	1287	546	2550	1147	112	202	241	504	278	333	173	465	366	73	187	137
gene9085	74	32	53	27	28	24	60	89	49	121	59	122	37	30	39	41
gene9086	0	0	10	1	0	1	9	13	1	2	1	0	0	2	0	0
gene9087	132	47	128	85	89	93	110	259	91	154	69	77	141	34	81	82
gene9088	957	355	1413	966	663	750	1178	2283	1369	1537	1205	2059	2360	512	924	987
gene9089	9	1	23	18	0	5	7	6	4	14	0	16	44	14	9	1
gene9090	1	0	0	1	9	3	1	7	2	9	77	0	3	0	2	0
gene9091	356	195	576	261	223	344	559	607	422	573	375	995	582	141	298	292
gene9092	16	13	103	37	34	53	74	113	63	48	33	95	82	21	18	43
gene9093	215	88	384	137	111	310	296	632	212	378	219	369	513	91	214	169
gene9094	2	0	0	3	0	0	0	4	0	1	0	10	1	1	1	5
gene9095	326	108	430	310	226	326	389	951	361	527	368	585	548	157	385	324
gene9096	1027	631	2149	1268	261	491	521	955	548	528	455	995	719	170	384	324
gene9097	1996	792	3345	1694	4310	6876	8209	13307	8165	8744	4111	13928	9926	2304	4563	5317
gene9098	16	2	19	5	6	7	21	18	7	41	28	16	38	8	4	9
gene9099	956	577	2462	1029	676	1151	1410	2548	1431	1424	1013	2823	2252	510	1397	1155
gene9100	296	124	795	327	274	495	469	823	581	552	341	1011	870	188	298	308
gene9101	18556	8089	30213	10260	8772	15597	23881	39331	17953	27169	16942	31737	31532	6844	14072	16083
gene9102	5405	2085	9544	6000	4201	4462	6179	9244	6809	9002	5225	10548	7846	1977	4810	4120
gene9103	0	1	14	9	1	4	0	34	18	0	3	17	1	0	1	11
gene9104	114	53	151	32	12	38	30	52	46	44	16	81	45	6	22	21
gene9105	2	0	0	0	0	0	0	0	0	5	0	0	0	0	0	1
gene9106	78	25	85	77	54	70	115	117	119	133	72	124	170	22	66	36
gene9107	63	27	163	103	68	67	94	235	113	167	119	232	199	64	84	115
gene9108	22	5	41	26	21	7	30	93	11	19	9	27	50	12	21	23
gene9109	6	4	11	5	8	12	18	27	13	6	5	17	24	4	5	8
gene9110	3	0	0	0	1	0	0	0	0	0	0	0	0	0	0	0
gene9111	0	8	4	4	5	9	21	116	43	23	33	31	21	6	11	26
gene9112	1	0	10	5	0	3	0	1	0	0	1	0	0	1	2	1
gene9113	6	1	16	4	0	11	9	26	1	2	3	11	9	0	0	4
gene9114	47	13	108	24	18	16	40	63	50	42	37	50	64	24	17	23
gene9115	14	7	44	11	10	12	25	23	18	8	5	18	29	1	16	12
gene9116	95	43	159	95	18	24	21	37	27	46	29	31	54	2	40	30
gene9117	13	1	28	0	5	8	3	26	0	1	9	6	2	0	4	0
gene9118	5	0	13	3	3	3	6	2	18	8	0	8	3	6	14	0
gene9119	198	93	255	125	193	168	155	572	224	355	218	548	400	73	185	187
gene9120	831	389	1683	826	592	802	1126	2191	1133	1674	875	1614	1803	395	794	639
gene9121	12	12	25	49	24	11	44	41	32	44	17	46	40	4	23	11
gene9122	49	15	78	39	27	56	72	81	77	65	40	95	99	14	42	39
gene9123	749	267	973	473	157	220	237	396	242	348	169	397	305	116	228	242
gene9124	145	78	294	114	59	150	194	321	103	186	139	232	226	53	163	103
gene9125	37	17	138	23	31	30	33	48	49	66	46	87	112	22	23	20
gene9126	158	91	335	111	316	561	830	930	702	946	630	1085	974	210	510	343
gene9127	22	26	84	28	19	63	46	92	24	38	30	52	60	15	21	21
gene9128	4	1	8	0	2	16	2	3	10	20	4	30	10	0	6	2
gene9129	3	2	42	11	5	3	17	8	19	0	1	16	30	0	10	4
gene9130	38	22	63	44	26	44	127	166	69	93	64	234	77	22	69	57
gene9131	73	32	78	35	32	22	51	54	68	97	59	150	91	13	33	47
gene9132	1	0	0	7	1	0	5	0	4	0	1	3	0	0	0	4
gene9133	31	12	64	29	35	38	63	47	62	65	52	117	96	24	97	34
gene9134	0	0	0	0	0	0	1	3	0	0	0	0	0	0	0	1
gene9135	317	264	700	424	285	449	580	970	543	845	625	1150	943	221	501	470
gene9136	15	7	40	26	16	19	24	14	11	45	15	7	18	2	16	11
gene9137	7	3	20	0	2	10	8	11	14	13	21	8	9	4	10	3
gene9138	1707	979	2958	1786	1478	1975	2763	5146	2309	2569	2031	4229	3516	929	1511	1754
gene9139	271	84	536	247	189	132	256	633	303	405	258	516	547	112	202	305
gene9140	94	16	60	44	37	79	23	143	62	49	50	75	166	23	82	50
gene9141	0	5	2	0	16	8	7	16	59	10	32	5	36	0	13	11
gene9142	59	50	222	35	46	118	103	197	78	98	87	200	212	58	79	55
gene9143	0	2	2	5	0	3	0	6	0	19	29	4	7	2	3	2
gene9144	1964	1002	3166	1680	1222	1432	2866	4850	2025	2604	2135	5126	4306	980	2105	2159
gene9145	20	9	47	48	139	88	177	288	91	133	144	138	98	44	89	140
gene9146	116	90	264	118	142	142	197	243	167	211	140	356	272	36	151	144
gene9147	6	9	12	1	1	16	14	6	11	9	34	6	3	1	0	7
gene9148	4	2	4	1	14	12	16	7	6	8	14	16	3	2	22	3
gene9149	689	355	1115	507	588	628	1078	1263	876	1141	694	1362	1804	304	835	669
gene9150	74	38	141	60	60	73	108	155	113	149	54	186	146	29	59	88
gene9151	514	217	833	409	239	478	624	1130	531	615	524	981	839	308	481	349
gene9152	329	111	995	289	514	341	441	889	565	596	565	1172	758	230	366	284
gene9153	2796	1340	4090	1946	2025	2435	2724	5926	3374	3417	2477	4636	5905	1190	1962	2063
gene9154	29	3	107	10	20	15	17	56	41	8	21	45	64	4	44	42
gene9155	137	70	336	115	107	238	232	264	275	257	131	307	269	100	157	139
gene9156	3	16	39	30	8	39	30	18	18	52	27	33	29	7	33	54
gene9157	6	3	14	10	5	0	4	16	4	7	11	20	1	2	8	10
gene9158	15	4	40	23	5	6	4	22	22	16	10	33	11	8	12	9
gene9159	123	46	283	117	104	125	203	456	190	277	166	379	350	45	140	79
gene9160	82	61	116	81	62	154	134	178	150	90	121	220	209	58	120	55
gene9161	44	34	114	45	23	46	29	89	32	54	37	109	33	18	45	42
gene9162	6	4	67	27	18	38	39	31	18	40	22	27	27	13	17	14
gene9163	15	3	10	3	11	16	12	12	2	11	8	57	17	4	13	5
gene9164	78	27	101	19	46	46	59	110	65	69	69	158	152	39	83	44
gene9165	1254	749	2068	1597	1311	1301	2349	3619	1769	2117	2049	2933	3477	699	1790	1276
gene9166	2	3	5	12	16	13	12	25	27	8	13	12	19	8	22	8
gene9167	773	423	1313	723	538	781	739	1907	813	975	779	2224	1752	453	1217	823
gene9168	108	39	265	82	93	288	242	388	174	217	186	236	246	64	162	83
gene9169	137	61	157	110	127	101	170	198	108	225	160	259	281	55	107	121
gene9170	3	4	13	4	7	5	12	6	0	7	6	59	8	3	1	8
gene9171	0	6	19	0	0	0	12	20	3	0	0	0	0	4	2	5
gene9172	341	141	680	290	278	462	515	849	461	748	403	1111	676	214	404	334
gene9173	16	10	7	12	5	23	9	48	26	11	30	54	21	3	10	16
gene9174	18	6	32	13	150	111	154	448	108	125	222	319	38	66	85	34
gene9175	1942	905	3613	1159	1669	2451	2212	4261	2496	3004	2065	4648	3847	1009	1778	1839
gene9176	206	106	543	237	146	265	316	551	278	375	305	506	497	109	319	282
gene9177	37	16	60	34	21	16	34	43	39	112	87	56	39	23	31	35
gene9178	26	5	37	47	23	32	31	152	71	55	32	53	99	2	16	33
gene9179	5	0	0	1	0	3	0	1	0	0	0	0	1	0	2	0
gene9180	123	50	247	99	134	102	155	269	186	178	151	514	261	38	129	107
gene9181	35	16	44	27	29	49	10	82	27	23	42	42	68	12	18	24
gene9182	29	11	71	38	36	85	81	112	56	76	55	140	182	30	29	56
gene9183	762	400	1595	790	553	740	1208	1408	1194	1414	880	2195	1951	309	778	857
gene9184	222	132	833	284	320	299	406	571	295	694	326	746	482	173	349	348
gene9185	977	318	940	710	502	809	914	1933	964	1486	1028	1714	2291	360	859	602
gene9186	494	236	1302	401	430	575	594	1012	793	999	647	1133	1088	238	459	402
gene9187	4	0	13	0	0	1	9	0	0	7	1	0	0	3	0	2
gene9188	162	43	241	108	137	115	171	252	204	183	197	340	359	68	148	103
gene9189	2	3	0	7	2	52	2	0	8	0	0	1	20	1	3	0
gene9190	21	3	61	19	25	7	11	61	34	45	41	98	49	7	23	23
gene9191	0	0	1	0	1	0	0	6	0	2	0	9	3	0	0	1
gene9192	50	15	51	6	13	38	36	43	38	91	23	44	31	12	29	30
gene9193	2	0	7	8	2	12	10	22	5	1	1	14	6	0	7	13
gene9194	3	12	11	2	13	19	1	12	16	9	4	5	23	1	0	4
gene9195	0	2	1	10	1	3	3	9	8	3	0	3	11	2	6	0
gene9196	31	24	219	74	61	110	47	279	93	112	79	108	247	8	67	76
gene9197	183	79	386	194	87	149	128	165	144	143	90	156	171	49	103	62
gene9198	30	5	27	19	24	22	13	57	27	44	21	21	61	8	11	18
gene9199	34	10	34	23	19	19	45	127	45	28	28	75	57	14	40	17
gene9200	1	1	0	3	3	0	2	1	0	1	1	21	4	2	5	1
gene9201	256	108	481	232	265	330	301	574	346	460	280	601	448	118	314	231
gene9202	24	14	46	35	12	35	35	93	69	68	23	47	137	19	20	23
gene9203	281	138	693	219	235	342	385	667	390	420	352	719	659	89	237	375
gene9204	89	55	117	124	119	139	139	252	160	146	159	278	167	34	87	80
gene9205	66	53	141	92	88	105	178	195	126	198	110	283	226	44	114	111
gene9206	105	70	321	60	15	35	33	54	25	37	30	36	51	9	33	40
gene9207	178	73	283	160	100	183	192	426	206	375	249	323	503	92	184	126
gene9208	184	53	293	123	74	168	149	314	124	184	112	394	286	46	149	117
gene9209	31	19	110	29	36	74	101	133	69	62	70	208	87	16	48	50
gene9210	529	181	877	554	426	549	402	1544	634	995	694	1260	1169	252	542	553
gene9211	16	9	8	9	9	10	11	10	2	15	13	25	7	1	18	5
gene9212	34	20	71	42	63	73	51	69	70	41	94	127	92	24	25	44
gene9213	12	2	52	5	6	6	11	43	19	18	15	46	50	0	7	24
gene9214	3	3	5	0	1	10	7	20	13	2	5	19	2	1	10	5
gene9215	1163	547	2518	1209	4180	7134	8334	18426	9999	13726	11545	16051	13573	3548	5895	6356
gene9216	22	2	10	24	2	5	17	35	5	18	16	11	11	6	14	7
gene9217	11	15	17	9	28	19	37	75	17	19	19	10	38	6	19	2
gene9218	0	1	3	0	0	14	0	0	1	2	0	1	2	0	5	2
gene9219	43	16	64	48	38	39	50	106	47	87	46	124	99	15	47	43
gene9220	5	0	5	5	3	3	18	5	8	11	14	42	7	0	1	16
gene9221	89	47	274	105	119	140	138	237	95	258	165	272	262	56	166	114
gene9222	0	0	2	0	1	2	0	2	17	6	0	37	7	0	7	9
gene9223	1	1	6	7	8	2	8	4	0	1	6	0	7	6	2	11
gene9224	924	475	1621	778	532	889	1036	1659	1064	828	1048	1955	1319	344	581	784
gene9225	57	32	128	69	47	92	89	159	95	102	94	173	165	14	88	57
gene9226	13	7	55	32	4	11	8	26	15	32	12	36	59	4	11	23
gene9227	114	55	226	158	30	57	69	90	50	76	56	67	95	13	48	30
gene9228	3211	1475	7740	2826	2417	4041	5221	8293	3786	5564	2853	6904	7188	1782	2853	2480
gene9229	2	6	0	2	6	8	3	1	24	19	7	6	19	12	7	3
gene9230	62	21	65	53	50	60	66	131	96	80	67	88	153	14	26	67
gene9231	609	217	1313	377	506	964	784	1432	997	898	753	1194	1051	396	670	407
gene9232	308	159	551	255	234	281	520	642	401	457	423	521	460	127	391	239
gene9233	248	107	446	170	171	256	322	370	324	343	294	472	364	109	234	175
gene9234	20	12	13	20	5	28	30	36	14	7	14	24	30	9	11	0
gene9235	131	120	315	164	173	231	261	510	288	294	210	241	454	91	150	242
gene9236	74	48	129	83	24	57	73	123	86	169	101	221	152	29	134	80
gene9237	4	2	8	14	0	7	22	25	26	7	10	6	15	2	4	9
gene9238	8099	4482	12386	7079	5932	8618	14914	18697	9426	12055	8647	16971	14027	4183	7431	9464
gene9239	651	433	1902	869	600	793	854	1620	1319	1168	1059	1870	1425	362	711	726
gene9240	8	0	45	11	2	26	7	24	9	15	7	36	27	3	1	16
gene9241	0	1	1	5	2	7	3	7	8	7	3	0	1	0	1	6
gene9242	13	0	15	2	10	8	15	29	31	9	16	31	66	6	7	1
gene9243	1943	772	2935	1517	1349	1756	2701	3708	2102	2783	2033	4604	3123	707	2074	1317
gene9244	161	90	335	150	150	207	187	346	292	230	166	333	322	71	149	131
gene9245	21	7	17	14	10	27	39	21	44	18	17	36	17	15	27	29
gene9246	98	44	210	110	92	224	174	314	214	189	78	321	303	53	63	108
gene9247	4	0	0	0	1	0	0	4	0	1	0	0	0	1	0	4
gene9248	774	378	1139	665	624	758	1237	1969	1029	782	1085	1176	1399	336	808	588
gene9249	35	42	253	83	94	105	108	186	104	103	95	192	236	56	81	81
gene9250	25	11	74	16	94	62	93	57	47	90	116	35	115	18	30	29
gene9251	1009	550	2449	845	901	1474	1599	3117	1073	1455	1290	2775	2953	717	1058	978
gene9252	1036	331	1280	638	686	824	1014	1530	681	1273	1057	1755	1635	276	489	616
gene9253	28	25	96	32	42	21	25	66	19	50	46	82	86	15	19	9
gene9254	56	17	91	38	48	25	42	135	61	86	107	140	74	22	39	50
gene9255	34	17	84	17	31	24	59	48	49	35	48	98	95	14	30	66
gene9256	113	29	234	59	60	61	164	263	94	168	131	174	193	31	89	43
gene9257	0	0	0	2	2	0	0	1	0	0	0	0	2	0	2	0
gene9258	61	23	101	93	61	77	95	226	86	173	84	79	79	20	34	98
gene9259	43	23	94	78	40	97	95	111	107	42	54	131	148	38	84	24
gene9260	113	37	181	82	80	193	143	273	161	220	109	288	236	43	89	97
gene9261	17	1	10	15	9	42	44	58	24	22	27	35	37	12	23	19
gene9262	185	43	293	52	59	95	148	237	140	196	160	248	312	45	142	153
gene9263	13	7	9	8	8	5	6	27	8	28	19	22	26	4	5	6
gene9264	208	131	421	237	141	246	276	455	340	364	287	719	412	95	213	207
gene9265	77	35	88	48	36	31	48	60	77	35	41	138	77	30	39	35
gene9266	143	66	383	173	83	121	227	329	98	244	157	287	261	45	163	190
gene9267	19	6	25	10	24	27	22	54	36	49	24	45	21	12	21	14
gene9268	132	63	146	109	139	152	198	275	157	246	199	299	316	92	97	222
gene9269	645	334	1080	464	617	701	717	1761	1054	894	752	1085	1302	323	706	796
gene9270	219	91	390	187	185	215	237	413	170	358	277	457	321	111	114	190
gene9271	17	9	32	48	9	22	37	30	21	36	16	92	60	7	19	20
gene9272	3	1	10	9	13	0	11	21	1	0	1	10	11	2	15	10
gene9273	1874	1027	4801	1870	1439	2083	3117	5134	2817	3527	2196	3924	4232	1091	2532	1658
gene9274	272	119	455	245	188	289	421	556	334	456	363	745	405	107	217	252
gene9275	861	302	1087	479	212	339	374	763	363	405	309	814	585	156	334	250
gene9276	1	0	0	0	0	0	0	5	0	0	0	0	1	0	0	0
gene9277	7	0	1	0	1	0	0	0	0	0	0	0	9	4	0	1
gene9278	17	13	33	36	32	16	18	100	7	24	30	25	39	16	33	9
gene9279	84	45	134	85	50	138	109	281	124	114	90	268	193	50	102	99
gene9280	10	7	40	18	10	5	3	17	5	3	23	8	32	1	12	12
gene9281	22	13	17	5	4	6	4	23	37	35	13	50	3	4	14	10
gene9282	336	142	635	336	222	342	426	519	386	601	382	798	903	199	368	285
gene9283	33	8	55	9	19	31	17	73	26	82	20	68	57	12	41	62
gene9284	251	138	471	298	304	395	535	840	412	458	369	750	567	135	338	291
gene9285	0	0	29	1	25	4	3	3	13	9	9	19	44	3	0	0
gene9286	0	0	0	0	0	0	0	0	0	0	0	0	0	0	0	0
gene9287	38	16	92	41	40	47	88	86	35	74	74	136	91	10	46	58
gene9288	1	0	7	9	0	0	0	2	16	4	0	15	4	0	4	3
gene9289	844	284	1114	503	349	668	837	1408	629	884	597	1281	1147	221	627	585
gene9290	127	63	196	161	75	172	177	295	182	217	154	305	502	47	115	120
gene9291	68	48	104	61	51	54	75	207	142	105	61	181	153	40	93	49
gene9292	5217	1685	8347	4184	3874	6336	6907	10665	6040	5971	5419	11545	10019	2271	4307	4890
gene9293	11	14	13	5	17	8	9	22	29	12	10	4	8	5	2	11
gene9294	21	3	30	9	7	7	21	22	10	35	6	27	35	5	19	7
gene9295	18	4	60	19	19	25	29	22	12	20	11	46	40	15	28	32
gene9296	3	0	8	2	0	0	2	1	1	3	2	13	17	2	0	1
gene9297	0	0	0	0	0	0	0	0	0	0	0	0	0	0	0	0
gene9298	79	43	200	63	286	477	252	971	662	510	403	1282	621	169	309	231
gene9299	24	22	59	36	5	7	4	13	6	10	2	3	10	7	13	0
gene9300	1	1	3	7	13	2	2	23	13	12	4	9	0	1	10	3
gene9301	15	14	30	22	13	22	40	39	33	27	22	22	58	5	29	14
gene9302	20	15	50	12	12	7	26	111	18	73	25	31	39	8	43	14
gene9303	29	13	99	53	27	36	56	60	37	25	30	61	55	22	43	27
gene9304	20	13	35	18	20	25	17	6	45	26	17	39	37	5	11	14
gene9305	4	5	5	15	0	6	0	3	10	10	10	1	35	3	7	4
gene9306	641	323	1677	947	494	719	1164	1763	1268	1351	902	1830	2422	515	945	710
gene9307	645	261	753	535	395	585	792	1109	700	1304	558	1181	822	188	493	517
gene9308	26	13	20	10	3	17	4	49	16	4	12	24	6	16	11	2
gene9309	4	3	5	2	10	5	0	14	3	0	2	2	12	0	0	2
gene9310	1354	568	1750	1424	1148	1734	1574	3573	2155	2468	1810	3867	2905	605	1200	1417
gene9311	37	32	165	53	64	44	74	191	75	79	25	92	119	27	48	28
gene9312	14	11	27	17	9	5	20	24	13	33	15	17	30	7	14	5
gene9313	30	4	19	14	15	28	30	49	30	23	24	24	36	15	23	19
gene9314	779	259	1366	692	498	667	1046	1732	826	936	943	1656	2055	342	881	689
gene9315	6	6	67	24	14	9	13	9	15	11	10	33	18	13	20	6
gene9316	335	97	688	399	272	354	571	680	569	549	480	748	780	136	379	284
gene9317	636	253	1214	551	513	733	970	1672	842	1372	703	1493	1073	293	756	513
gene9318	1	1	20	7	3	2	26	7	12	12	6	14	69	0	9	6
gene9319	3	0	2	1	6	0	3	15	9	7	4	0	3	0	5	1
gene9320	15	3	20	9	9	23	16	49	35	27	30	46	12	10	5	6
gene9321	210	44	193	87	14	31	30	65	49	51	24	44	34	25	27	7
gene9322	23	14	54	17	31	16	19	33	26	47	28	55	110	14	19	24
gene9323	0	0	1	0	0	2	0	0	0	0	2	0	0	0	0	3
gene9324	515	160	769	289	368	495	550	970	538	763	529	739	638	189	387	363
gene9325	0	0	1	1	0	1	2	3	5	7	14	7	1	0	0	0
gene9326	56	21	115	52	67	29	63	77	55	67	70	177	157	20	32	72
gene9327	1	0	3	11	6	13	45	19	17	19	5	17	5	3	6	9
gene9328	36	28	72	31	10	18	14	30	13	27	15	35	38	3	7	12
gene9329	7	1	25	21	13	17	23	28	18	29	24	41	51	5	19	12
gene9330	806	440	1697	860	595	1282	1444	2379	1249	2280	865	2150	2418	511	967	838
gene9331	80	34	112	69	63	100	125	159	93	108	62	219	173	24	64	72
gene9332	34	10	48	21	17	25	13	87	14	21	54	91	18	14	17	19
gene9333	843	378	1541	1006	621	930	1215	2183	1304	1561	991	2714	2414	466	878	1122
gene9334	5	6	4	5	0	18	2	32	0	1	21	6	37	0	8	9
gene9335	30	14	56	30	43	65	22	78	93	50	31	28	50	10	41	31
gene9336	683	332	1807	554	567	725	978	1619	1267	1007	941	1325	1546	299	712	757
gene9337	79	45	223	106	132	48	172	286	133	121	76	216	203	47	95	59
gene9338	14	2	11	7	4	0	3	4	0	0	1	0	0	0	0	0
gene9339	174	44	194	50	85	122	184	249	110	197	106	243	174	56	88	78
gene9340	4	1	2	4	9	0	0	5	2	0	0	0	0	0	2	6
gene9341	124	35	184	108	57	108	225	202	78	130	98	215	177	45	49	60
gene9342	2270	1136	5051	2383	1638	2674	3020	5820	3173	4476	2875	5605	6592	1246	2213	2354
gene9343	0	0	5	0	1	0	0	4	0	0	3	1	0	0	0	0
gene9344	10	2	0	7	5	102	59	72	163	70	49	56	198	61	104	38
gene9345	252	122	746	239	236	333	468	596	273	469	235	746	753	132	287	249
gene9346	9	4	11	3	2	23	10	21	10	29	26	11	10	10	12	8
gene9347	86	33	139	51	32	55	81	204	84	79	81	108	103	33	50	66
gene9348	15	7	26	8	16	12	23	22	29	33	36	33	20	6	24	21
gene9349	61	51	159	65	58	75	68	125	86	124	59	202	85	59	89	91
gene9350	11	3	0	3	7	11	2	15	22	21	22	6	22	6	21	5
gene9351	3	2	35	2	1	17	14	23	12	2	11	9	29	2	0	12
gene9352	74	65	240	73	82	167	129	289	146	100	83	293	244	61	100	79
gene9353	1075	407	1821	1071	890	1201	1946	2528	1267	1349	1410	2392	2401	779	1114	841
gene9354	50	12	82	46	15	46	43	73	76	13	18	80	44	14	45	46
gene9355	7	14	29	24	7	8	7	11	8	6	9	10	12	2	4	3
gene9356	70	27	65	62	51	31	82	81	56	79	52	127	105	26	26	64
gene9357	96	27	251	74	112	117	155	324	134	232	91	259	325	43	98	77
gene9358	136	62	191	128	89	167	77	191	115	209	162	248	135	41	93	65
gene9359	0	0	1	2	0	7	7	0	0	10	1	10	0	0	0	0
gene9360	34	31	110	81	42	77	88	176	97	67	29	177	72	12	46	60
gene9361	471	205	893	379	397	626	646	739	717	1039	542	1302	1184	280	389	502
gene9362	45	32	96	72	54	72	123	173	114	201	67	192	150	42	69	66
gene9363	55	69	203	54	79	71	126	267	98	188	78	195	255	31	86	97
gene9364	5	4	3	7	2	5	0	9	4	0	8	8	9	5	14	3
gene9365	0	0	0	2	1	2	0	0	4	3	0	0	0	1	0	1
gene9366	52	24	101	45	41	101	124	106	95	92	22	105	129	32	70	57
gene9367	10	13	30	11	10	9	22	69	19	12	23	75	28	17	16	27
gene9368	1160	505	1946	999	818	1491	1281	2759	1603	2018	1237	2789	3062	634	954	1217
gene9369	273	134	486	233	304	257	299	688	276	275	232	648	493	113	243	291
gene9370	134	44	149	124	79	108	170	292	117	195	94	237	142	27	126	108
gene9371	228	85	531	143	198	257	343	486	302	430	277	465	406	100	217	244
gene9372	0	0	0	0	0	4	1	3	0	2	2	4	39	0	0	0
gene9373	5	3	17	10	9	22	12	38	9	5	7	25	3	1	8	2
gene9374	5075	2726	6503	4476	3715	4973	7971	11250	4624	8739	4982	10266	7998	2560	3987	5955
gene9375	740	370	1927	726	464	718	1040	2355	925	1537	920	1554	2185	354	595	709
gene9376	49	26	65	60	41	50	61	78	82	83	67	111	88	31	51	54
gene9377	98	33	202	62	38	59	117	254	93	150	76	178	211	29	44	82
gene9378	437	182	913	407	315	431	480	700	530	486	455	907	716	198	332	398
gene9379	0	0	3	0	1	0	2	0	0	0	0	0	0	0	0	0
gene9380	24	3	19	10	2	18	12	22	26	27	5	39	24	2	14	23
gene9381	0	0	0	0	0	0	0	0	5	0	0	0	0	0	0	0
gene9382	198	70	297	121	120	144	236	529	90	198	223	423	283	77	110	186
gene9383	22	12	37	24	42	60	51	65	32	37	53	80	111	19	33	38
gene9384	281	120	474	240	193	275	393	700	328	384	261	596	423	117	211	321
gene9385	213	121	586	180	239	269	293	551	238	487	361	805	495	150	262	245
gene9386	0	0	0	0	0	0	0	0	0	2	0	0	0	0	0	0
gene9387	218	116	444	186	169	300	309	398	250	350	199	397	602	123	193	323
gene9388	52	51	159	78	39	100	141	164	47	134	90	242	135	25	57	55
gene9389	4	12	43	14	1	3	24	56	11	23	18	35	20	11	7	3
gene9390	724	267	1225	598	669	653	889	1256	906	847	734	1675	1651	256	599	662
gene9391	331	106	515	277	187	256	313	636	346	487	321	767	561	174	204	164
gene9392	2943	1080	4868	2133	2542	3978	3353	7187	3844	4889	3852	6782	6665	1397	3095	2921
gene9393	22	7	67	45	15	49	28	33	42	23	35	62	13	5	12	13
gene9394	0	0	19	0	0	11	6	9	3	5	4	14	5	0	6	2
gene9395	63	27	96	36	43	100	98	99	97	87	55	117	179	27	42	44
gene9396	92	27	118	66	60	83	95	181	68	124	62	203	152	39	45	46
gene9397	24	11	65	20	2	8	10	18	9	3	9	5	20	3	2	6
gene9398	61	9	95	71	7	4	5	14	12	9	5	14	7	1	16	7
gene9399	107	25	133	58	65	99	139	192	90	133	55	131	186	28	73	75
gene9400	0	0	0	1	0	0	4	0	0	0	0	0	0	0	0	0
gene9401	35	25	44	41	48	31	80	103	37	129	50	140	123	31	68	38
gene9402	1635	513	3189	1459	1719	1891	2025	3046	1763	2154	2075	4694	3555	806	1835	1619
gene9403	1889	966	3341	2176	1349	2446	3112	4530	2656	2577	2554	5083	4298	1098	2375	1872
gene9404	5	1	7	3	0	3	7	1	5	13	1	10	4	3	5	3
gene9405	7	1	16	8	12	18	4	8	8	28	11	24	14	2	9	7
gene9406	19	10	52	14	35	17	31	44	28	26	37	41	40	18	28	25
gene9407	8	6	7	7	6	0	2	11	2	14	4	3	21	0	1	0
gene9408	25	11	56	21	18	28	43	54	40	55	23	79	99	9	58	28
gene9409	189	82	497	218	175	213	182	394	143	225	224	340	426	119	141	253
gene9410	133	50	195	149	130	252	257	483	241	246	200	361	223	51	129	167
gene9411	51	26	127	35	62	86	68	99	67	72	76	80	56	15	52	41
gene9412	161	65	184	111	88	98	167	344	164	231	146	292	268	42	182	118
gene9413	0	0	0	1	0	0	0	0	0	1	0	0	0	0	0	0
gene9414	8	8	26	9	11	5	5	40	5	40	12	42	26	1	11	9
gene9415	22	1	16	8	19	8	26	70	65	43	16	11	126	11	10	22
gene9416	14	19	25	19	47	29	25	30	16	36	23	64	37	2	10	17
gene9417	70	16	82	64	45	99	60	98	112	61	58	111	104	30	106	68
gene9418	1	0	0	0	0	0	5	7	4	1	9	0	15	3	12	0
gene9419	8	13	8	11	15	16	37	28	34	7	10	3	12	7	16	2
gene9420	19	10	25	21	8	35	32	44	20	39	24	81	75	5	17	25
gene9421	343	151	735	326	34	80	56	118	64	94	81	118	113	20	35	52
gene9422	1071	551	2761	1293	1120	1692	1935	2984	1648	2205	1293	2819	2707	651	928	1368
gene9423	4	0	2	5	1	2	10	1	0	3	4	1	0	0	1	1
gene9424	0	0	0	0	0	0	0	1	0	0	0	0	0	0	0	0
gene9425	1529	557	2128	1170	882	1331	1398	2960	1332	2673	1496	3547	2303	719	1685	942
gene9426	0	0	0	1	0	0	0	0	0	0	4	0	1	0	0	0
gene9427	3	1	0	0	0	8	0	15	0	6	0	0	0	0	2	0
gene9428	1236	605	3925	1056	1462	1987	2449	4680	1857	2321	2121	4534	3262	815	1531	1697
gene9429	6	0	0	5	0	0	0	0	8	0	1	1	0	3	0	0
gene9430	0	0	5	1	2	27	0	0	0	2	15	44	0	0	7	8
gene9431	0	0	0	0	0	0	0	0	0	0	0	0	0	0	2	1
gene9432	246	129	355	209	147	189	250	471	178	420	219	463	350	129	183	179
gene9433	0	0	0	1	1	1	0	0	0	0	0	0	0	0	0	0
gene9434	42	6	40	27	12	17	14	2	37	31	23	24	73	20	38	15
gene9435	461	196	589	381	300	360	504	1030	746	612	520	920	743	153	544	431
gene9436	65	20	64	48	27	58	46	116	67	87	59	82	128	25	91	31
gene9437	53	36	108	65	83	102	129	227	128	129	73	154	141	26	62	62
gene9438	142	48	339	114	119	172	181	392	164	217	205	254	375	69	142	104
gene9439	56	23	44	33	24	19	58	122	31	23	45	81	81	17	20	25
gene9440	2459	1021	4969	2246	1420	2715	3196	4915	3605	5043	2821	5226	5641	1146	2774	1757
gene9441	34	40	94	64	24	99	72	157	76	92	51	167	65	26	74	65
gene9442	297	115	607	209	213	432	393	606	523	577	352	596	892	176	433	231
gene9443	75	25	116	42	83	78	111	137	52	77	51	181	120	24	51	29
gene9444	190	85	348	293	107	170	235	304	182	267	193	633	277	91	194	233
gene9445	0	0	1	0	3	2	11	1	1	3	5	0	5	0	8	0
gene9446	8	0	1	1	8	7	0	23	12	4	4	1	2	1	5	3
gene9447	0	1	13	0	1	9	6	0	6	0	8	10	1	5	1	11
gene9448	2	1	16	1	4	3	1	10	18	9	8	2	1	0	1	4
gene9449	1	0	2	0	1	4	3	1	2	0	5	13	7	10	2	2
gene9450	73	40	235	50	71	101	107	242	94	207	117	233	142	60	101	97
gene9451	253	155	328	200	180	297	247	400	337	384	241	439	439	68	265	215
gene9452	7	6	24	32	2	3	16	12	5	49	17	51	11	3	5	5
gene9453	721	292	1299	662	480	681	999	1163	676	930	957	1373	1092	399	603	525
gene9454	78	45	199	62	99	100	116	141	114	145	106	310	199	39	89	101
gene9455	13	13	20	23	6	25	49	75	14	24	36	56	39	5	14	6
gene9456	2	2	18	13	7	23	14	27	16	8	11	4	34	12	17	13
gene9457	99	53	121	49	11	31	44	75	32	43	39	39	50	7	34	18
gene9458	156	108	340	175	21	34	49	109	47	54	44	83	89	21	37	39
gene9459	327	130	324	190	221	345	387	537	372	458	228	814	357	157	328	215
gene9460	5	16	28	10	82	63	145	229	156	114	114	229	155	48	103	107
gene9461	21	0	21	21	13	19	27	92	10	31	23	53	54	6	21	10
gene9462	37	13	93	22	28	11	47	67	31	42	34	76	99	14	32	29
gene9463	167	96	333	230	44	40	69	112	83	81	50	137	125	35	64	95
gene9464	0	0	28	11	9	1	18	30	2	11	4	24	15	4	4	13
gene9465	115	45	161	54	44	41	32	96	25	63	48	121	82	12	43	49
gene9466	42	9	41	39	12	21	34	105	13	66	35	83	75	8	51	18
gene9467	11	16	30	20	4	4	4	11	3	11	3	10	2	4	7	3
gene9468	0	0	6	0	0	3	2	1	0	0	0	15	0	0	0	0
gene9469	1265	440	1955	965	2650	6440	8194	14416	6303	7990	6040	10900	9961	2636	3486	4451
gene9470	28	11	27	37	21	45	58	101	51	64	48	132	117	17	39	51
gene9471	15	12	114	18	29	36	56	43	22	35	62	29	52	6	11	21
gene9472	498	218	772	330	275	490	506	947	602	830	477	1335	979	229	377	406
gene9473	460	219	842	272	366	400	548	1282	540	673	497	903	1019	185	309	362
gene9474	4	2	11	5	3	3	7	1	1	11	1	15	15	8	1	4
gene9475	2	1	17	2	5	4	22	8	16	29	1	11	7	8	6	1
gene9476	87	76	364	92	322	340	492	979	557	477	253	817	692	199	239	230
gene9477	299	165	706	324	228	280	398	927	342	357	254	620	639	106	396	325
gene9478	0	2	0	3	1	2	5	1	6	3	0	0	0	0	0	0
gene9479	66	35	166	97	80	55	52	195	78	81	60	179	129	42	94	75
gene9480	15	4	20	9	5	5	1	6	9	11	5	9	1	4	12	3
gene9481	268	109	574	240	138	219	399	432	277	248	279	616	550	140	273	222
gene9482	131	94	232	116	101	111	220	239	220	250	129	314	208	55	113	148
gene9483	0	0	0	0	0	0	0	0	0	0	0	3	0	0	0	0
gene9484	8	4	5	13	0	2	1	1	9	5	4	9	8	1	3	3
gene9485	36	22	66	30	57	18	39	59	31	67	26	81	31	15	28	44
gene9486	9	11	30	2	3	11	38	20	26	14	10	22	29	16	6	16
gene9487	6	14	12	13	20	20	19	39	17	53	11	12	12	17	14	8
gene9488	18	17	88	40	82	189	100	252	204	121	111	357	235	30	125	121
gene9489	325	148	443	294	237	362	455	796	400	504	344	743	526	153	394	362
gene9490	373	282	758	336	441	353	655	1060	660	604	410	1190	757	163	292	480
gene9491	2	3	4	2	3	11	8	28	8	23	0	35	15	2	6	7
gene9492	101	30	116	77	81	74	72	214	129	161	76	296	112	52	79	134
gene9493	188	91	270	209	136	131	219	267	235	342	227	320	271	84	163	199
gene9494	31	10	6	17	4	7	14	50	33	24	23	18	32	4	14	13
gene9495	142	95	245	180	161	221	209	300	212	230	236	321	400	58	123	124
gene9496	9	6	16	11	7	12	12	6	22	7	6	10	31	1	17	15
gene9497	40	33	93	63	45	59	111	126	107	145	51	140	200	43	72	75
gene9498	0	0	0	0	0	0	0	0	0	0	0	0	0	0	0	0
gene9499	77	30	183	48	47	59	115	186	93	74	64	105	185	10	83	61
gene9500	2	0	10	0	4	3	6	0	0	1	2	4	3	1	7	0
gene9501	25	7	33	10	18	34	5	18	20	14	19	67	44	6	3	28
gene9502	0	0	0	0	5	0	2	0	0	0	0	5	0	0	0	0
gene9503	1	1	1	5	9	7	2	1	0	1	3	14	0	0	0	11
gene9504	111	64	142	133	91	156	186	361	118	261	91	231	233	56	92	106
gene9505	2	0	1	2	0	9	8	10	15	10	7	35	20	1	6	5
gene9506	121	40	164	120	88	88	139	292	90	228	110	264	246	74	99	104
gene9507	2	4	6	8	17	2	19	25	33	18	6	10	13	5	6	4
gene9508	25	12	33	22	14	8	46	84	17	16	17	48	51	12	29	24
gene9509	22	4	38	8	27	17	19	95	38	71	30	71	70	10	27	22
gene9510	1	0	14	2	0	0	0	3	0	1	0	2	1	1	0	0
gene9511	5	6	18	2	10	4	3	8	2	6	11	11	3	5	3	0
gene9512	6	0	14	19	10	6	9	36	12	18	8	23	10	5	4	14
gene9513	2	0	5	0	4	4	1	8	0	6	0	5	3	1	17	6
gene9514	8621	3015	16689	8004	15838	25102	23672	37166	22193	28412	19433	41863	44276	8520	17090	15791
gene9515	519	177	593	341	278	368	591	891	606	885	481	923	728	178	382	367
gene9516	71	22	144	62	33	74	107	199	58	109	93	280	252	25	81	55
gene9517	14	16	5	11	9	5	18	53	6	16	1	24	25	1	5	12
gene9518	301	140	498	184	166	235	356	480	208	304	272	511	543	114	309	225
gene9519	17	11	31	22	42	24	137	315	130	39	61	89	167	21	38	57
gene9520	198	85	466	147	166	191	267	453	283	259	206	510	369	115	181	136
gene9521	92	67	428	102	166	104	189	244	163	217	189	190	312	85	93	132
gene9522	7	3	12	3	1	6	7	22	2	5	5	43	20	2	8	10
gene9523	33	18	38	7	23	11	16	30	24	65	17	38	54	23	41	24
gene9524	37	30	124	67	32	45	43	135	105	97	53	105	185	18	57	56
gene9525	14	3	21	5	1	6	12	14	2	8	4	2	12	2	1	2
gene9526	34	3	32	21	19	23	25	39	21	61	24	59	71	5	28	12
gene9527	189	83	274	232	206	188	270	455	248	325	206	385	341	84	156	185
gene9528	0	1	1	1	0	1	1	0	0	23	6	0	1	0	0	0
gene9529	13	6	25	13	13	27	13	64	14	22	38	36	73	15	9	12
gene9530	63	16	113	38	58	43	89	158	90	147	84	202	201	19	75	71
gene9531	20	7	48	31	27	44	60	70	48	51	67	48	67	4	12	35
gene9532	1	0	2	0	3	0	1	0	8	18	1	0	0	0	1	5
gene9533	82	37	99	32	20	18	49	115	50	39	26	50	58	7	19	17
gene9534	24	11	63	2	18	6	11	43	35	25	23	28	50	9	28	13
gene9535	13	0	21	8	14	0	35	12	21	3	10	5	58	4	9	3
gene9536	351	149	654	273	285	305	438	837	263	433	431	803	554	117	267	374
gene9537	181	67	246	157	114	105	238	300	180	216	120	337	265	42	144	92
gene9538	1983	1386	4969	2282	1380	2084	3330	6165	2272	4700	2042	5868	4238	1135	1810	1871
gene9539	152	49	203	70	80	165	189	371	157	164	114	407	164	49	107	121
gene9540	824	367	1783	722	686	711	1508	1772	1081	1283	1182	1883	1947	305	702	685
gene9541	19	17	69	25	17	30	25	28	46	29	61	54	60	12	24	33
gene9542	75	46	165	29	45	55	58	154	128	142	87	78	203	27	51	52
gene9543	54	56	97	56	61	74	78	154	70	98	77	229	159	44	69	42
gene9544	114	48	290	128	96	113	161	336	148	178	104	223	293	62	125	100
gene9545	8	0	1	0	0	0	0	9	0	0	0	0	0	0	1	3
gene9546	85	30	132	64	54	117	95	132	125	169	112	267	162	35	98	73
gene9547	1235	647	2340	1243	867	1135	1657	3376	1858	2348	1198	3549	3468	600	1041	1610
gene9548	845	412	2205	532	545	1275	1199	1980	1071	1259	1114	2488	1556	505	860	895
gene9549	1	6	6	1	3	6	9	32	1	2	1	28	39	1	12	7
gene9550	2	3	9	3	4	10	13	27	10	8	7	43	17	0	11	17
gene9551	177	51	124	74	114	87	109	118	87	249	89	273	323	60	165	102
gene9552	12	2	3	2	1	2	5	19	4	4	2	8	54	0	5	8
gene9553	99	39	93	29	59	40	58	215	116	97	66	200	146	17	49	57
gene9554	0	2	0	0	0	1	0	6	0	0	0	0	0	0	0	0
gene9555	45	10	44	67	42	33	32	67	29	27	58	44	63	8	9	25
gene9556	397	211	764	263	327	365	433	820	479	550	430	1082	712	188	267	378
gene9557	1	0	5	2	9	2	12	43	19	4	21	58	14	0	0	5
gene9558	44	22	93	22	23	90	26	87	68	82	62	77	27	37	48	10
gene9559	0	0	7	0	0	0	0	2	0	0	0	0	0	0	0	0
gene9560	892	584	2039	1146	1844	3830	3524	7916	3675	5159	3877	9450	7018	1359	2297	2420
gene9561	265	164	522	304	252	300	400	445	417	538	262	757	866	170	408	253
gene9562	179	102	324	163	149	316	218	523	332	347	213	397	406	108	207	231
gene9563	57	26	148	97	35	79	112	114	77	131	38	89	122	38	43	59
gene9564	0	0	0	0	1	5	6	10	13	0	0	8	5	0	0	2
gene9565	8	3	13	2	4	11	3	8	8	17	3	21	15	4	0	1
gene9566	79	25	77	69	47	90	69	235	79	176	55	74	157	28	45	62
gene9567	23	5	19	28	72	49	117	175	53	202	198	453	212	101	85	114
gene9568	298	116	331	179	173	240	251	628	271	365	232	567	572	122	183	170
gene9569	48	33	91	43	26	63	73	105	70	91	48	122	92	22	57	48
gene9570	79	37	123	67	43	111	122	157	35	98	114	161	90	52	69	81
gene9571	430	178	546	375	319	365	434	783	426	589	636	1096	909	243	504	434
gene9572	32	19	18	33	11	21	26	88	15	26	16	44	28	23	15	34
gene9573	160	82	459	150	160	248	428	684	369	378	329	575	537	152	264	215
gene9574	1609	903	3802	1216	1447	1624	2432	4627	2350	3013	1917	3719	4649	728	1587	1250
gene9575	0	0	0	0	0	0	0	0	0	0	0	0	0	2	0	0
gene9576	6214	2684	9678	4811	17665	21533	48875	65354	40131	56790	45053	96819	68958	14961	32389	30463
gene9577	521	300	1051	461	3471	5245	6035	12095	5083	9611	5327	6911	10281	2386	4547	4098
gene9578	51	16	114	64	22	24	46	147	58	76	70	86	102	20	41	39
gene9579	7	3	21	24	12	21	17	86	14	18	36	25	4	15	15	26
gene9580	4	5	37	22	7	16	27	25	27	15	21	47	33	6	12	10
gene9581	9	3	12	38	12	22	28	46	28	26	44	122	30	16	17	19
gene9582	57	37	212	65	114	103	62	139	118	127	68	117	221	25	72	87
gene9583	34	19	57	22	47	69	47	120	65	38	60	118	121	17	41	30
gene9584	30	14	56	19	43	44	154	180	65	107	57	43	46	21	25	28
gene9585	38	13	91	53	72	73	45	134	59	93	85	64	100	13	76	59
gene9586	23	18	25	28	6	9	24	27	43	32	33	78	29	18	12	26
gene9587	15	8	32	4	3	37	21	3	5	6	7	45	11	9	12	20
gene9588	2	3	22	2	9	15	15	96	17	39	28	63	46	0	33	10
gene9589	0	0	0	2	0	0	0	0	3	0	0	0	0	0	0	0
gene9590	1101	381	2133	872	259	274	265	437	356	390	312	648	527	138	283	184
gene9591	37	4	54	41	25	27	16	131	60	40	34	55	59	10	17	22
gene9592	382	183	767	365	317	519	542	839	467	869	442	1075	870	201	357	368
gene9593	15	7	14	9	4	6	2	12	5	17	42	11	26	5	18	8
gene9594	103	77	238	158	110	227	164	280	244	287	144	187	195	61	119	68
gene9595	55	10	114	31	31	69	117	124	60	37	70	88	185	21	34	30
gene9596	298	122	376	204	126	171	281	330	309	317	203	617	422	142	258	240
gene9597	47	28	85	21	5	7	13	13	3	10	6	17	18	2	8	5
gene9598	634	350	1557	611	547	1149	962	1463	758	1066	966	1663	1317	370	537	767
gene9599	28	7	66	50	297	230	418	1116	318	403	367	948	556	232	371	380
gene9600	40	12	129	21	50	38	52	74	51	70	70	55	172	6	35	47
gene9601	23	18	134	26	16	23	24	59	68	45	39	69	89	10	24	21
gene9602	576	294	1230	578	1100	1190	1770	3541	1969	2754	1724	3840	4094	598	1700	1037
gene9603	1577	531	2362	1026	866	1641	2412	3428	1498	1630	1522	3522	2651	519	1187	1237
gene9604	266	151	663	211	366	566	532	537	573	608	468	729	743	216	213	182
gene9605	2	0	2	2	1	0	1	3	2	2	10	3	2	0	4	1
gene9606	48	21	64	25	27	28	36	64	42	56	29	57	70	11	43	49
gene9607	22	0	16	12	4	29	6	51	15	5	8	35	26	7	4	6
gene9608	53	15	26	24	19	15	53	60	28	18	14	55	96	10	24	16
gene9609	243	103	456	242	188	457	330	380	289	368	344	659	467	94	294	190
gene9610	15	3	11	14	3	14	10	7	21	29	21	20	21	2	15	5
gene9611	14	1	18	15	21	30	11	31	19	19	27	7	23	2	10	16
gene9612	22	7	40	15	25	26	6	10	3	30	11	53	9	13	54	16
gene9613	2	1	21	4	10	4	5	6	5	1	0	3	0	1	1	2
gene9614	124	54	204	132	107	188	173	247	201	180	108	348	200	42	160	114
gene9615	59	24	77	46	7	3	9	31	24	13	19	34	20	7	5	10
gene9616	42	18	90	18	32	36	29	107	41	62	21	44	65	22	39	25
gene9617	681	411	1569	737	496	733	1224	1659	1189	1048	817	1689	1488	353	715	1027
gene9618	1234	490	2059	1096	793	1381	2039	2164	1434	1447	1463	2916	3016	614	1290	1336
gene9619	103	88	181	95	52	178	197	305	107	93	116	181	201	48	166	111
gene9620	40	14	155	27	30	74	49	110	77	53	32	121	91	27	48	35
gene9621	1	1	4	7	4	3	3	0	2	1	8	2	10	0	0	13
gene9622	20	17	32	42	25	37	23	73	36	105	37	142	89	10	25	32
gene9623	739	213	1317	552	470	633	936	1850	860	1051	1038	1509	1641	302	505	642
gene9624	239	109	466	187	163	280	399	531	222	496	306	496	318	70	222	200
gene9625	0	2	1	0	0	0	0	17	0	0	0	1	1	0	0	0
gene9626	23	24	21	24	11	20	38	63	26	9	12	30	29	15	19	15
gene9627	2296	1245	5348	3407	1536	2628	4637	5825	3906	4940	3205	5904	5236	1445	2931	2751
gene9628	1	0	4	1	2	4	0	1	6	1	0	0	0	0	0	1
gene9629	0	1	7	3	1	1	1	13	4	2	5	13	7	0	12	0
gene9630	518	288	798	475	417	845	560	1022	653	840	512	1243	1447	211	527	359
gene9631	48	24	30	35	40	41	75	97	45	43	47	84	34	21	29	44
gene9632	159	56	451	201	151	186	273	397	204	344	221	372	389	108	204	203
gene9633	9	0	18	7	7	1	21	4	4	20	0	22	16	2	6	4
gene9634	167	106	305	216	164	238	244	385	311	266	345	247	490	79	134	253
gene9635	426	132	945	321	285	483	494	1321	474	793	520	868	832	227	383	318
gene9636	32	14	53	22	43	21	34	94	29	30	49	81	104	12	22	13
gene9637	10	3	21	9	12	18	17	29	15	11	16	12	6	17	8	4
gene9638	21	8	16	16	17	15	19	27	28	13	24	24	24	4	46	13
gene9639	55	6	92	61	13	44	55	66	26	60	25	65	35	11	33	24
gene9640	154	74	324	163	175	183	277	461	240	282	169	346	229	67	206	161
gene9641	0	2	0	0	0	7	2	0	0	0	2	0	0	1	0	0
gene9642	7227	2074	11952	5384	1516	1742	2086	3185	1863	1975	2267	3262	2726	704	1856	1746
gene9643	54	28	146	59	50	38	55	146	55	58	46	158	76	22	30	34
gene9644	3	3	1	3	3	11	4	1	1	3	2	5	3	4	2	4
gene9645	27	22	56	20	15	45	48	68	43	53	44	59	57	17	21	15
gene9646	208	80	504	213	152	262	221	410	243	426	257	735	392	100	274	192
gene9647	7	0	11	8	1	1	9	13	13	9	2	19	1	4	1	5
gene9648	0	0	0	0	0	0	0	5	0	0	0	19	0	0	0	3
gene9649	31	7	52	24	32	37	25	29	15	30	54	66	52	8	28	38
gene9650	254	84	523	169	136	227	241	480	257	475	290	450	494	101	242	209
gene9651	3	0	14	0	4	8	1	15	1	0	2	41	10	0	8	9
gene9652	2	3	1	0	0	1	0	0	1	16	1	5	0	0	1	0
gene9653	438	110	647	313	448	517	374	821	486	632	476	802	715	179	454	278
gene9654	124	62	414	173	297	283	607	672	419	614	502	766	879	131	467	340
gene9655	49	15	43	51	12	54	20	57	38	85	27	54	60	4	22	51
gene9656	9	0	9	0	0	3	0	1	1	0	2	3	8	2	1	0
gene9657	86	23	154	65	50	144	101	117	64	122	63	162	123	26	46	45
gene9658	1	2	5	0	0	3	5	8	0	1	1	6	0	0	11	7
gene9659	123	96	253	130	69	114	154	367	180	192	156	547	399	41	127	120
gene9660	0	0	0	0	6	10	1	0	1	1	5	0	1	0	0	1
gene9661	60	18	104	56	40	29	63	177	79	106	43	123	176	58	80	55
gene9662	28	21	49	34	63	90	195	195	91	179	146	393	170	82	125	49
gene9663	78	22	154	77	38	70	47	151	63	42	105	182	116	27	22	34
gene9664	267	95	517	289	203	317	395	639	318	373	221	648	455	70	221	190
gene9665	41	8	18	40	41	26	55	84	37	42	40	63	68	18	13	28
gene9666	129	40	151	97	50	96	159	319	168	131	109	208	268	62	160	76
gene9667	72	28	103	56	36	98	60	120	76	156	87	150	141	24	61	85
gene9668	20	12	31	16	14	17	32	63	23	15	37	53	41	9	17	12
gene9669	577	208	1037	442	434	644	532	1115	439	772	746	1143	992	289	324	434
gene9670	37	13	38	33	9	39	25	102	48	49	18	120	58	4	21	41
gene9671	468	203	742	390	374	438	433	785	533	781	480	931	856	163	457	371
gene9672	2	1	2	1	1	1	22	7	2	5	7	3	22	0	7	1
gene9673	2	5	1	0	0	1	5	4	1	6	0	0	5	0	1	1
gene9674	157	77	182	159	110	223	278	414	246	272	194	378	387	97	264	190
gene9675	11	1	15	24	21	29	26	7	12	31	21	20	31	11	9	11
gene9676	1097	483	2120	1211	836	1271	1505	3427	1398	1932	1174	2539	2691	688	1248	965
gene9677	16	7	11	4	10	10	4	29	8	18	15	15	8	3	36	16
gene9678	59	29	128	50	70	85	75	171	56	139	148	124	130	68	60	53
gene9679	33	6	38	24	17	40	57	80	47	96	77	103	87	26	27	23
gene9680	224	84	626	316	222	299	383	684	430	394	274	543	545	78	304	335
gene9681	93	67	181	73	97	135	157	196	127	133	125	201	203	73	114	108
gene9682	50	14	78	31	39	48	70	110	69	115	106	124	74	26	36	29
gene9683	21	3	28	15	11	1	20	45	24	39	22	9	15	2	5	8
gene9684	0	0	1	0	0	0	2	0	0	0	1	2	1	0	0	0
gene9685	4	1	8	1	3	3	2	4	0	0	2	9	2	2	2	6
gene9686	3	4	8	5	8	3	34	23	8	26	4	10	32	0	8	3
gene9687	4	0	1	0	1	1	6	0	3	0	1	28	2	0	3	4
gene9688	531	233	779	415	377	505	615	1249	611	835	407	1604	967	241	302	477
gene9689	29	0	39	8	7	1	11	15	10	13	9	51	31	15	37	31
gene9690	3	3	1	0	0	6	0	5	2	12	0	2	9	0	1	8
gene9691	122	36	293	130	92	124	134	420	134	176	73	237	228	51	82	136
gene9692	27	13	63	62	34	39	59	75	70	120	65	121	43	10	29	25
gene9693	134	79	248	106	106	138	206	479	194	222	150	352	326	93	115	194
gene9694	66	22	127	22	59	50	88	178	92	104	78	147	104	18	62	26
gene9695	1270	533	2056	739	848	1211	928	2885	1522	2012	1439	2802	1962	583	940	977
gene9696	21	37	52	31	21	87	64	100	67	65	80	108	66	16	45	31
gene9697	24	8	35	45	23	37	40	56	31	52	14	51	139	9	22	27
gene9698	171	99	320	148	95	160	281	353	201	297	209	372	315	86	213	117
gene9699	171	85	267	146	171	182	205	497	321	284	191	326	269	83	191	188
gene9700	0	0	0	3	0	0	1	0	0	0	2	5	6	0	0	2
gene9701	3	1	9	3	0	4	7	2	1	10	1	25	1	4	2	4
gene9702	68	44	254	70	89	104	128	170	135	158	153	338	192	54	79	106
gene9703	92	82	224	133	100	153	123	251	119	148	185	376	334	77	147	119
gene9704	5	4	15	11	5	7	11	27	5	3	14	12	49	1	7	16
gene9705	296	124	588	233	200	417	397	661	261	444	371	935	622	125	336	320
gene9706	3	2	0	3	6	0	5	13	5	2	7	10	6	2	0	1
gene9707	9680	4466	16428	8226	26531	38233	47882	114183	46719	74886	51665	89719	84112	16638	46734	53034
gene9708	26	11	72	34	28	29	45	86	9	31	26	44	79	20	9	46
gene9709	21	1	3	4	3	3	8	2	3	3	0	6	11	0	1	0
gene9710	117	25	264	50	75	100	129	232	169	174	92	153	251	47	79	139
gene9711	3751	1659	7160	2759	2362	3405	5438	9395	4344	6042	4184	11692	6836	2393	3245	3828
gene9712	78	21	163	32	59	46	104	220	99	61	55	152	100	18	67	45
gene9713	1796	504	2379	1493	3546	4095	6700	8918	5448	7401	5750	10317	10393	2180	5032	4360
gene9714	62	10	85	52	31	47	80	120	46	59	53	140	70	22	52	26
gene9715	2574	1394	4227	2743	1455	3013	3501	6012	3392	4472	2915	4725	7024	1445	2334	1938
gene9716	0	0	0	3	0	0	0	3	2	0	7	0	2	0	5	0
gene9717	0	1	5	7	3	31	20	3	16	35	1	0	109	0	7	6
gene9718	4	7	16	8	8	2	29	19	9	18	17	17	26	5	4	6
gene9719	61	26	141	67	59	65	155	116	134	99	119	166	293	48	112	99
gene9720	6	11	14	15	14	5	14	46	12	18	9	30	32	4	13	16
gene9721	0	0	0	1	0	0	0	2	0	0	0	0	0	0	0	0
gene9722	868	424	1599	764	600	903	984	1969	1637	1023	774	1632	1831	361	792	744
gene9723	10	6	38	15	42	32	24	67	11	108	21	62	71	13	17	58
gene9724	63	23	91	36	32	70	63	172	99	47	56	95	114	21	60	85
gene9725	4302	2115	6260	3996	2663	4260	4167	8434	3795	6511	4006	10383	9450	1714	5153	4807
gene9726	6	1	5	2	0	3	3	12	6	7	11	52	124	0	9	3
gene9727	33	22	52	60	34	44	48	81	63	52	48	63	83	8	25	28
gene9728	36	38	74	35	16	49	38	60	46	90	48	26	47	17	43	16
gene9729	36	24	66	54	42	43	51	85	46	83	61	142	86	27	61	25
gene9730	207	74	456	143	106	176	245	529	172	318	233	426	333	72	175	192
gene9731	24	9	149	25	39	35	67	90	114	98	34	49	68	10	22	22
gene9732	320	127	410	130	115	260	219	318	257	431	198	545	306	97	233	105
gene9733	7	7	43	11	29	7	37	51	30	30	35	75	48	6	30	6
gene9734	6	3	9	1	0	16	1	17	2	10	0	18	4	0	2	8
gene9735	3	3	6	8	4	2	2	1	10	5	3	1	22	2	12	1
gene9736	6	0	2	3	3	6	9	5	7	12	6	16	23	3	3	10
gene9737	300	141	628	191	191	253	378	822	401	522	453	838	631	123	187	257
gene9738	5	2	0	3	1	1	15	10	17	17	6	0	25	1	6	10
gene9739	258	130	309	270	206	284	342	670	453	357	288	684	570	119	312	298
gene9740	156	102	457	184	173	323	276	522	274	443	433	502	510	82	259	193
gene9741	0	5	2	1	2	0	0	0	4	0	0	6	4	1	1	4
gene9742	121	27	160	123	107	157	165	288	86	165	141	221	262	43	134	145
gene9743	84	12	108	81	59	95	102	195	131	89	49	209	142	34	89	38
gene9744	384	145	720	321	332	423	495	1001	449	417	449	814	631	183	318	362
gene9745	11	14	21	13	11	27	22	42	17	32	10	36	37	11	27	24
gene9746	78	26	114	51	57	49	75	145	77	133	67	130	127	31	49	63
gene9747	12	4	20	22	8	9	10	43	7	10	5	49	22	6	8	20
gene9748	5	18	19	26	10	5	27	17	4	15	2	25	18	5	2	5
gene9749	79	42	132	63	74	83	131	187	102	144	82	128	126	23	92	54
gene9750	17	6	19	16	3	6	10	10	32	17	7	13	20	17	16	11
gene9751	381	146	980	375	262	630	588	982	556	607	543	863	649	197	347	429
gene9752	96	40	204	73	63	105	181	269	137	137	165	282	219	42	100	112
gene9753	20	6	21	27	11	16	29	30	27	49	29	54	19	4	9	5
gene9754	40	13	57	56	1	5	17	36	13	16	8	25	12	5	9	9
gene9755	22	11	55	48	26	39	63	71	44	52	46	77	91	6	43	46
gene9756	1	0	1	3	22	5	12	5	4	0	4	23	9	1	2	2
gene9757	64	21	152	60	30	72	69	87	49	88	55	69	113	17	60	20
gene9758	364	219	711	387	342	571	511	1038	679	911	551	1599	991	248	453	408
gene9759	642	241	1068	244	400	666	1004	1173	657	673	763	1314	782	297	549	484
gene9760	765	346	1361	676	537	701	881	1395	935	946	884	1491	1750	310	558	579
gene9761	25	28	27	17	14	41	58	64	55	65	28	89	57	6	15	23
gene9762	12	11	36	17	11	21	22	39	29	40	12	59	73	16	9	31
gene9763	184	94	347	173	133	220	231	477	264	334	180	396	252	108	155	199
gene9764	11	12	12	7	5	6	18	4	23	8	15	13	13	7	6	25
gene9765	352	188	750	236	69	74	84	138	62	111	64	163	154	36	48	72
gene9766	50	29	128	45	56	78	86	172	86	151	117	178	77	30	60	78
gene9767	41	21	87	35	51	49	27	93	24	81	28	93	70	16	73	37
gene9768	7665	3851	12276	7845	6396	9859	10705	21855	7400	10969	9690	19122	16099	3453	7923	7204
gene9769	103	21	107	58	67	65	79	121	86	120	97	142	112	37	39	33
gene9770	121	85	306	123	130	136	237	326	151	246	171	369	246	67	104	201
gene9771	20	4	42	32	24	31	27	37	10	54	15	20	38	3	27	6
gene9772	461	194	900	516	467	410	641	1282	641	767	568	1055	759	206	391	439
gene9773	197	57	220	241	126	169	196	337	247	189	248	388	380	128	290	190
gene9774	223	128	505	197	262	313	210	348	365	424	308	521	664	98	298	211
gene9775	4	7	21	7	7	16	4	0	11	24	25	38	3	2	14	8
gene9776	0	1	15	2	12	13	26	0	62	2	20	40	11	8	23	55
gene9777	35	19	77	14	8	30	76	72	36	44	29	97	28	13	40	30
gene9778	7	0	0	0	7	3	0	0	0	1	1	1	0	3	4	4
gene9779	144	48	226	98	90	164	226	279	222	151	128	183	259	68	137	118
gene9780	6	1	48	1	7	1	13	8	9	4	3	2	20	0	6	0
gene9781	49	39	157	55	33	66	99	107	75	135	50	141	186	38	42	72
gene9782	1112	549	2085	954	621	1696	1515	3088	1149	1931	1087	2496	2415	495	1202	1177
gene9783	124	66	249	139	89	132	291	250	200	210	194	319	254	76	222	166
gene9784	78	28	151	54	112	90	124	179	93	115	58	126	194	31	88	49
gene9785	4	1	22	1	26	8	12	19	12	5	7	20	11	0	3	7
gene9786	690	333	1156	488	360	610	757	1148	929	1157	594	1514	1282	219	589	596
gene9787	1	3	5	6	2	4	0	9	2	0	0	0	0	0	0	0
gene9788	35	5	2	2	2	3	8	3	19	8	0	10	4	1	0	11
gene9789	10	1	13	11	17	11	9	58	9	9	8	35	20	3	18	12
gene9790	7	7	65	21	14	18	15	48	28	16	52	100	24	3	31	24
gene9791	3074	1429	6859	2785	1786	2982	4852	8669	4444	5489	4709	8474	5397	1791	2932	3254
gene9792	7	1	13	1	12	6	4	7	5	1	8	19	5	3	2	13
gene9793	27	17	98	25	17	29	20	41	12	49	11	46	22	11	22	17
gene9794	249	74	357	158	23	51	40	67	42	47	29	71	54	17	29	25
gene9795	57	19	83	22	50	33	66	100	64	136	74	122	190	19	52	41
gene9796	1690	729	3188	1454	1919	2555	2311	5519	3288	4308	2694	5087	3391	1081	1714	1346
gene9797	40	34	158	50	64	93	83	124	49	94	124	149	234	28	53	76
gene9798	98	106	244	133	95	150	276	304	203	333	168	447	325	92	139	204
gene9799	8	3	7	10	2	1	4	8	1	4	4	1	1	0	1	1
gene9800	0	2	12	1	3	0	0	5	0	6	4	4	0	3	0	0
gene9801	113	44	186	94	64	97	187	218	86	110	120	263	163	34	95	83
gene9802	23	23	77	17	12	8	30	27	24	11	25	21	49	11	16	6
gene9803	149	84	218	212	157	277	196	433	260	301	248	245	400	92	156	187
gene9804	145	73	349	130	154	153	190	378	260	317	188	673	241	66	121	153
gene9805	53	24	61	80	23	83	49	143	58	49	60	123	122	34	38	63
gene9806	0	0	0	0	0	0	0	0	0	0	0	0	0	0	0	0
gene9807	401	220	870	420	369	423	642	1185	797	588	477	682	687	153	457	442
gene9808	331	248	1133	396	395	488	754	1177	626	988	595	969	1094	268	640	522
gene9809	255	77	356	202	304	500	864	800	525	531	433	918	924	170	336	320
gene9810	0	0	6	1	4	6	0	3	4	0	5	0	4	3	4	1
gene9811	1004	433	1811	1076	799	1181	1183	1851	1344	1270	984	2077	1598	344	839	933
gene9812	1664	607	2960	1282	1095	1416	2520	3893	2205	2631	1856	4703	3471	798	1837	1463
gene9813	52	28	95	44	34	32	60	88	91	45	52	117	108	25	41	26
gene9814	3	6	10	6	5	21	15	18	11	23	11	48	12	2	5	7
gene9815	18	3	3	6	0	9	3	7	13	2	0	16	4	10	11	4
gene9816	15	18	21	13	14	22	18	29	4	25	6	24	21	3	5	19
gene9817	119	44	182	78	26	44	146	232	85	92	93	160	192	31	78	101
gene9818	1	1	1	4	10	5	8	15	4	17	2	6	53	0	5	9
gene9819	0	0	1	0	0	0	0	0	1	0	0	0	2	1	1	3
gene9820	83	55	215	78	49	130	123	184	154	92	87	180	166	47	47	77
gene9821	1926	821	2752	1540	202	228	272	581	309	345	227	539	364	94	201	126
gene9822	14	7	16	4	11	13	14	44	25	25	20	53	37	0	12	18
gene9823	34	11	52	22	11	23	17	58	32	31	32	72	130	8	13	12
gene9824	15851	9364	39756	20040	16113	22580	28694	54700	26006	24265	25568	49212	33051	10390	25103	20555
gene9825	41	32	96	31	43	54	77	157	52	70	58	85	77	17	20	33
gene9826	17	9	6	12	9	16	25	54	22	36	9	26	28	10	15	14
gene9827	45	21	179	56	65	80	110	156	69	102	70	107	193	44	81	44
gene9828	63	56	224	107	64	84	121	277	138	108	46	199	125	57	132	92
gene9829	69	37	100	106	457	749	707	1521	1166	692	817	1285	1803	299	864	514
gene9830	1354	786	2553	1248	3216	5284	7824	10581	4644	8723	5896	12709	9664	2709	5461	4332
gene9831	335	193	994	486	271	510	652	940	481	717	548	1175	985	172	389	405
gene9832	8	10	3	18	2	8	30	46	5	18	9	38	20	9	13	3
gene9833	26	10	63	28	20	65	76	161	49	47	63	62	105	33	29	28
gene9834	7	1	1	3	2	15	1	2	5	5	5	6	3	6	2	0
gene9835	2038	1038	4099	1785	1730	2674	3590	3433	3510	3473	2317	5403	4778	1010	2367	2498
gene9836	59	32	89	55	260	176	699	582	543	700	335	751	946	226	257	292
gene9837	5365	2046	11032	4768	3984	8112	7889	12885	5427	14471	8627	14588	10982	2290	5417	6131
gene9838	771	316	1847	659	619	785	1456	1933	992	1331	589	1583	1936	309	766	541
gene9839	0	0	14	4	11	10	14	11	12	13	18	1	6	0	6	8
gene9840	52	53	96	29	50	55	110	192	27	70	63	202	159	18	57	32
gene9841	26	1	8	3	3	19	20	11	15	16	1	4	5	3	5	7
gene9842	1334	617	2546	1176	772	1334	1785	3546	1813	1923	1765	2503	2357	524	1315	1284
gene9843	0	0	0	1	3	3	9	15	2	0	0	1	0	0	7	0
gene9844	1454	674	2878	1110	965	1401	2110	3302	2095	2021	1498	3730	3337	551	1340	1357
gene9845	0	0	2	1	0	1	2	0	0	0	0	2	0	0	0	0
gene9846	3	9	18	2	8	1	1	4	6	11	6	14	0	1	0	10
gene9847	156	40	186	104	60	115	151	286	139	165	156	218	204	43	95	127
gene9848	0	0	4	6	2	2	0	1	2	14	1	4	19	0	0	0
gene9849	1581	681	2781	1423	1027	1626	1786	3158	2655	2082	1901	3823	3081	702	1504	1756
gene9850	2	0	4	5	1	0	2	0	8	8	0	42	4	2	5	0
gene9851	0	0	0	0	0	8	0	0	0	0	1	0	0	0	2	0
gene9852	1368	458	2770	1186	207	386	444	807	380	390	379	505	741	127	381	219
gene9853	37	52	109	32	87	59	27	92	60	62	37	90	52	7	25	63
gene9854	30	11	38	6	15	23	6	29	14	30	12	27	17	2	14	22
gene9855	10	15	23	14	14	23	46	77	22	82	28	39	36	4	26	6
gene9856	199	121	404	194	177	270	370	612	386	296	181	473	444	79	176	152
gene9857	185	81	306	203	86	199	268	383	237	359	202	570	431	99	149	139
gene9858	194	64	174	160	107	120	135	292	210	316	168	360	193	53	177	81
gene9859	9	0	0	2	0	0	5	2	1	3	2	24	0	0	6	10
gene9860	1	1	10	1	8	5	10	9	78	23	2	7	35	0	9	3
gene9861	76	31	147	68	62	95	120	184	106	130	99	198	165	42	78	85
gene9862	298	183	659	410	352	300	510	1287	436	647	522	582	857	229	284	392
gene9863	16	24	39	47	31	38	57	61	32	28	37	120	43	12	23	38
gene9864	48	24	80	38	41	57	63	124	54	90	40	144	141	18	51	35
gene9865	179	83	472	182	141	171	295	392	326	285	227	628	358	127	156	206
gene9866	113	37	127	98	62	104	132	218	180	127	94	143	175	70	85	80
gene9867	2	4	17	1	0	5	7	8	7	44	2	24	1	4	11	0
gene9868	486	181	727	305	319	400	481	1151	537	605	397	955	504	145	332	289
gene9869	20	20	26	17	6	4	13	14	0	5	9	28	11	6	4	7
gene9870	4	2	20	13	8	14	16	27	3	7	26	40	17	11	8	19
gene9871	45	31	126	38	51	43	67	140	63	147	131	166	110	35	71	46
gene9872	3	9	45	29	25	37	40	18	15	14	14	27	32	5	35	3
gene9873	134	38	139	60	52	80	100	152	132	136	111	255	146	62	73	74
gene9874	1118	560	1436	951	780	1250	1198	2116	1570	1859	1061	2678	1847	430	1179	823
gene9875	5	7	13	27	56	42	76	139	81	48	92	125	63	18	14	27
gene9876	9	0	0	1	0	0	0	4	0	2	0	3	3	2	0	1
gene9877	1	0	2	0	0	0	0	11	0	0	0	2	0	0	0	0
gene9878	53	14	92	44	34	27	62	76	35	110	55	68	128	21	29	30
gene9879	730	238	1413	803	421	582	909	1571	735	1194	904	1523	1459	311	826	534
gene9880	23	11	56	35	20	25	24	68	20	28	62	73	72	11	9	21
gene9881	181	68	473	232	115	259	230	469	303	413	289	629	540	91	267	172
gene9882	4409	2323	9012	3815	3750	5478	8303	12134	5657	6959	4713	14353	8634	2357	3851	4921
gene9883	1099	482	1844	1093	725	1152	1308	2412	985	1714	1227	2549	2220	665	893	618
gene9884	0	2	1	3	0	0	2	9	4	0	1	1	9	0	0	6
gene9885	92	44	148	106	72	108	165	276	126	121	128	180	194	35	82	128
gene9886	1	3	8	3	0	3	3	3	0	2	2	22	0	3	1	3
gene9887	330	124	585	341	206	374	375	773	513	501	347	731	636	144	356	271
gene9888	2	0	0	4	0	0	14	2	0	0	2	3	0	0	2	0
gene9889	55	13	152	49	36	50	82	153	72	69	46	114	126	33	43	68
gene9890	1	0	0	0	0	1	2	0	0	0	0	0	0	0	0	1
gene9891	167	74	229	153	151	189	228	309	228	253	120	288	334	65	272	135
gene9892	3370	1557	7297	3470	2785	3758	4255	8084	3599	5066	4042	9666	7325	1912	4145	3717
gene9893	40	15	53	46	38	23	47	52	54	61	40	52	77	19	48	24
gene9894	8	7	29	30	6	25	15	28	30	46	22	31	64	11	4	13
gene9895	26	7	16	18	7	18	28	30	9	27	44	41	31	7	21	13
gene9896	0	0	0	1	0	0	38	3	0	0	1	0	0	0	0	1
gene9897	0	3	13	3	7	16	3	23	16	10	18	14	11	0	0	3
gene9898	528	247	1382	406	460	620	771	1174	663	864	599	1408	922	257	538	625
gene9899	72	28	81	80	23	65	60	131	89	60	79	189	105	25	77	50
gene9900	62	32	152	54	68	85	149	108	76	127	85	144	85	39	22	40
gene9901	13	1	21	1	2	0	0	0	0	0	2	1	0	1	3	0
gene9902	274	110	726	277	172	342	466	507	426	536	233	688	752	136	384	250
gene9903	450	179	903	401	2924	3712	5867	6780	4673	5047	4824	7578	6339	1536	3160	2942
gene9904	7	10	23	0	7	7	2	23	5	3	6	6	9	0	2	14
gene9905	1071	467	2168	710	878	1267	1297	2583	1436	1940	1400	3339	2586	584	1373	1032
gene9906	23	5	40	19	11	19	46	56	43	42	25	51	49	22	21	13
gene9907	5	0	1	6	5	3	1	49	11	51	8	34	3	0	7	7
gene9908	129	49	279	98	50	177	184	205	202	226	156	310	316	53	145	87
gene9909	5	0	0	0	0	0	7	2	0	2	0	1	9	2	0	0
gene9910	3	0	3	2	2	7	3	9	4	29	4	5	3	6	4	1
gene9911	21	2	17	15	5	13	15	16	4	7	6	7	9	5	11	14
gene9912	13	5	16	1	6	8	4	6	2	0	1	8	1	0	3	0
gene9913	3	3	26	19	14	16	31	13	25	22	18	23	81	21	6	34
gene9914	7	3	6	1	4	4	12	14	4	17	21	17	7	2	7	6
gene9915	605	383	1121	535	506	842	844	1270	1039	944	665	1480	1203	285	735	531
gene9916	25	17	38	17	17	15	73	52	32	43	41	50	114	24	29	26
gene9917	27	5	6	10	200	280	187	295	234	189	49	147	115	77	107	74
gene9918	4691	2530	9026	3484	3246	5567	5436	11690	5518	6080	6988	13357	9823	2032	3469	4329
gene9919	168	118	260	219	146	213	251	492	346	337	324	560	379	102	215	158
gene9920	19	7	22	19	7	9	11	46	42	14	6	27	54	14	18	7
gene9921	1949	863	2990	1318	1400	1789	2132	4521	2363	3668	3226	3453	5012	968	1326	2004
gene9922	18	8	69	52	23	38	37	62	74	32	53	92	62	9	45	57
gene9923	144	58	359	80	90	163	206	399	128	264	141	265	269	81	87	131
gene9924	17	11	26	21	5	3	3	13	3	7	9	4	2	4	2	0
gene9925	0	1	4	6	1	10	5	10	5	0	2	4	7	13	4	2
gene9926	15	0	2	9	9	20	9	17	6	15	6	9	8	0	8	3
gene9927	72	33	85	74	33	87	100	125	44	143	69	150	72	32	75	70
gene9928	1	0	0	1	2	5	0	0	0	3	3	0	4	1	0	0
gene9929	211	70	518	191	111	224	264	580	296	285	223	351	487	102	217	180
gene9930	228	104	326	187	129	214	276	474	157	387	214	469	486	70	156	152
gene9931	415	197	751	230	259	355	291	773	337	636	347	617	509	150	309	287
gene9932	77	20	63	51	43	56	103	100	98	147	51	171	100	19	43	45
gene9933	2391	1290	6241	2474	2319	2792	2805	6441	2846	5168	3242	4757	6432	1207	3230	2808
gene9934	319	155	683	291	118	130	163	356	162	234	183	291	251	41	152	101
gene9935	172	70	298	149	113	146	178	253	150	174	130	390	304	66	111	142
gene9936	52	47	65	53	56	84	101	256	109	104	76	138	90	26	65	47
gene9937	12	5	11	8	12	18	12	36	14	2	8	76	14	3	6	12
gene9938	829	266	1644	547	440	630	988	1717	653	1079	1049	2049	1723	247	687	546
gene9939	19	12	64	28	7	0	8	14	4	0	9	13	7	3	7	1
gene9940	353	109	416	234	212	385	302	535	360	369	251	704	505	119	404	174
gene9941	12	4	22	9	19	23	22	35	23	32	41	69	80	4	4	3
gene9942	1800	1109	4399	1710	1818	2807	3285	5360	2359	3241	2418	4404	4539	1040	3096	2253
gene9943	136	88	308	133	48	57	92	123	78	62	56	124	114	28	49	32
gene9944	76	34	120	57	57	85	100	96	86	101	78	142	209	41	67	48
gene9945	180	105	427	187	145	288	340	376	330	480	291	525	436	77	235	183
gene9946	290	108	462	194	159	257	287	541	387	366	207	464	378	92	221	199
gene9947	0	3	0	1	0	0	0	0	2	0	3	0	0	5	2	0
gene9948	53	3	83	30	24	50	16	34	52	31	15	57	45	15	32	25
gene9949	7	0	0	14	1	3	2	2	0	2	2	0	1	0	2	0
gene9950	27	2	1	13	8	9	22	28	16	18	22	41	4	7	18	14
gene9951	88	45	147	94	48	84	97	159	93	147	79	242	167	39	68	93
gene9952	412	171	928	282	299	261	721	686	744	459	351	931	623	138	377	379
gene9953	322	116	726	357	464	527	623	931	337	755	407	494	805	150	401	422
gene9954	54	29	98	72	70	87	63	157	108	69	80	151	124	27	41	46
gene9955	212	120	522	189	172	313	424	784	458	273	260	565	730	160	276	285
gene9956	45	43	107	34	17	23	48	52	28	51	32	49	35	15	24	31
gene9957	226	89	422	201	149	297	428	548	261	395	348	516	549	112	233	258
gene9958	2	0	0	0	1	5	2	3	2	1	0	3	13	0	1	1
gene9959	14	3	11	4	0	19	5	1	7	5	13	7	10	4	2	8
gene9960	33	43	99	35	38	49	114	162	38	96	75	52	109	18	47	34
gene9961	15	11	35	18	23	28	36	119	15	41	55	98	53	6	26	62
gene9962	4	0	9	2	0	6	12	21	3	1	19	34	3	0	10	6
gene9963	6	9	5	8	12	4	1	11	4	19	0	27	7	6	17	7
gene9964	2	4	12	3	0	1	9	3	19	8	6	6	11	2	4	9
gene9965	5	7	38	16	15	6	16	53	50	6	24	42	21	8	24	7
gene9966	5	5	2	4	8	5	17	2	6	11	3	45	3	1	13	7
gene9967	811	363	1650	805	787	1096	1356	1632	1235	1084	1115	2357	1576	368	640	703
gene9968	0	0	0	0	4	0	5	2	1	0	0	2	10	0	0	0
gene9969	5	1	6	7	1	10	1	18	29	1	1	24	3	5	1	1
gene9970	9	0	1	3	18	6	3	17	1	9	1	30	10	3	0	2
gene9971	809	343	975	472	531	1049	983	1261	1064	1071	657	1741	1454	275	765	728
gene9972	1	0	0	0	2	0	6	0	5	0	1	9	0	0	0	0
gene9973	80	86	307	96	114	136	244	214	167	232	159	276	157	50	122	139
gene9974	23	12	54	27	147	72	130	218	126	124	157	420	180	21	37	55
gene9975	257	89	377	192	225	209	234	503	291	459	269	440	470	120	319	232
gene9976	55	18	101	23	59	34	38	155	48	73	53	76	128	11	20	40
gene9977	315	206	939	409	277	546	711	1190	540	731	440	944	974	178	507	447
gene9978	11	3	11	6	3	7	4	7	1	7	3	0	17	0	0	3
gene9979	57	52	122	84	22	19	35	48	21	38	26	57	40	14	40	27
gene9980	16	14	11	21	7	9	29	73	16	83	32	92	31	11	16	21
gene9981	1	4	2	2	6	3	5	0	2	4	0	2	7	0	1	0
gene9982	182	38	166	93	89	120	106	372	182	243	148	184	244	69	128	119
gene9983	2055	636	2433	1616	1091	1709	1917	3934	2259	2803	1782	3993	3230	781	1525	2327
gene9984	465	186	874	369	1833	3580	4492	9210	4387	6494	4720	6877	6682	2140	2695	2816
gene9985	269	110	438	187	298	385	326	793	331	539	292	822	506	121	251	283
gene9986	594	204	1046	475	446	711	741	1478	469	1008	665	947	1145	207	479	476
gene9987	744	264	1427	566	599	789	969	1986	1069	943	804	1524	1795	287	789	782
gene9988	1	0	0	6	0	6	1	0	0	0	1	2	0	0	0	0
gene9989	25	11	57	20	25	31	24	48	16	18	14	69	21	12	42	30
gene9990	0	0	20	0	0	0	0	0	0	0	0	0	0	0	0	0
gene9991	53	9	47	35	40	59	87	57	40	73	33	73	109	15	21	24
gene9992	171	116	510	186	209	188	415	485	229	424	384	600	442	108	232	167
gene9993	1392	683	3022	1546	1253	1726	1733	2778	1969	2094	1598	3179	3353	711	2282	1436
gene9994	9	4	25	0	0	7	4	10	13	3	4	25	8	3	6	4
gene9995	0	0	23	3	0	2	6	8	0	4	0	0	7	0	8	0
gene9996	18	5	16	4	0	2	8	4	12	25	28	26	38	3	7	7
gene9997	516	319	1484	472	595	676	794	1185	677	1041	787	1449	1309	323	602	542
gene9998	24550	11721	40756	23417	20273	25811	33719	51362	39294	36710	29265	60399	39397	12417	21474	26439
gene9999	67	38	263	62	70	97	133	189	126	140	127	160	312	54	99	69
gene10000	1247	533	1942	1221	910	1108	1708	2661	1455	1811	1281	1954	2414	512	1127	1245
gene10001	1	0	4	1	2	1	0	0	0	0	0	0	0	1	0	0
gene10002	6	1	5	2	0	2	3	11	6	1	26	29	28	0	14	6
gene10003	24	7	64	14	67	179	97	414	197	231	148	340	452	58	170	86
gene10004	875	252	1406	459	539	705	1054	1467	1146	1083	909	1616	1396	268	669	646
gene10005	3	1	9	3	5	2	1	11	2	2	15	18	16	0	10	12
gene10006	23	11	36	17	22	15	30	68	37	14	24	52	51	13	29	34
gene10007	1994	1230	5027	2075	1910	2650	4137	5437	3300	3707	3058	6230	4385	1366	2864	1927
gene10008	44	31	58	50	47	19	57	100	27	49	97	69	117	16	52	42
gene10009	31	10	46	20	0	8	40	16	5	11	2	38	13	3	6	1
gene10010	140	76	227	101	136	184	226	298	183	241	252	391	303	73	176	182
gene10011	40	18	66	21	28	40	45	84	72	33	49	90	44	16	79	31
gene10012	2149	980	4012	2158	1768	2137	2674	5130	2524	3490	2292	5624	3963	891	2047	1975
gene10013	6	0	15	5	1	2	6	1	1	11	7	20	28	0	2	6
gene10014	764	443	1774	914	677	1108	1203	1971	1332	1757	1048	2706	1716	403	936	942
gene10015	688	192	1240	573	447	658	749	1362	664	1086	773	1312	966	272	658	668
gene10016	20	5	61	11	19	22	33	38	63	26	19	58	39	8	50	36
gene10017	10	0	2	3	1	0	6	4	16	3	15	9	13	3	0	1
gene10018	37	24	76	41	50	54	50	76	71	71	120	153	130	15	27	44
gene10019	116	18	132	50	35	66	87	158	126	145	22	187	111	7	76	57
gene10020	8	1	13	0	1	0	6	13	1	10	1	4	21	1	3	2
gene10021	8	4	30	8	8	15	10	37	11	9	11	17	3	3	3	10
gene10022	33	15	89	37	29	36	29	160	24	28	49	92	16	15	27	12
gene10023	17	6	6	9	7	21	4	13	5	29	15	32	15	7	13	16
gene10024	7	2	14	9	3	7	22	1	4	14	12	19	28	1	12	10
gene10025	63	17	116	44	22	62	58	72	88	92	28	130	67	11	62	57
gene10026	20	6	15	27	9	9	18	24	39	20	29	45	73	9	14	25
gene10027	50	18	57	19	17	28	61	97	72	82	43	153	54	16	42	74
gene10028	36	2	42	32	7	12	35	29	12	10	10	11	29	3	6	8
gene10029	271	197	638	254	253	501	390	1044	538	639	401	723	1045	196	376	369
gene10030	1443	768	2868	1009	1223	1649	1915	4764	2152	2823	1719	3698	3798	629	1507	980
gene10031	1393	608	2452	1213	987	1446	2057	3660	1728	2295	1255	3107	2932	597	1236	1147
gene10032	6	0	1	6	1	2	17	2	17	3	2	8	2	2	1	17
gene10033	56	19	56	23	24	42	60	88	64	38	65	63	70	7	31	48
gene10034	1	0	11	5	0	1	3	1	4	5	7	79	8	0	2	1
gene10035	26	7	5	29	28	40	67	79	49	33	44	64	93	23	30	38
gene10036	2277	1294	5331	2548	1803	2955	2990	5743	2795	5588	2657	4773	5860	1342	2955	2065
gene10037	66	18	61	54	49	81	39	66	40	57	40	146	81	22	58	38
gene10038	151	118	357	128	127	240	229	440	277	277	177	492	374	73	130	150
gene10039	64	44	59	67	41	64	57	204	100	100	108	195	158	18	107	57
gene10040	0	0	0	0	0	1	0	0	0	0	3	0	0	1	0	0
gene10041	588	232	979	552	470	573	832	1060	582	834	445	1524	1406	204	509	515
gene10042	11	3	12	21	13	21	16	40	8	35	7	5	5	6	10	11
gene10043	89	69	302	153	26	37	38	60	60	32	25	61	84	14	28	24
gene10044	4	2	10	4	8	12	22	15	5	5	27	6	32	7	6	10
gene10045	114	41	206	84	119	130	107	267	150	173	140	312	267	50	127	91
gene10046	14	0	2	0	0	0	0	2	0	8	0	0	7	0	0	2
gene10047	21	13	34	27	32	24	25	38	47	57	45	87	17	15	11	6
gene10048	3	6	19	6	1	15	22	28	19	1	14	56	11	1	5	3
gene10049	2	0	5	1	0	2	1	0	1	1	2	1	5	0	2	0
gene10050	6	4	8	6	0	20	15	52	18	9	25	34	32	7	34	26
gene10051	4005	1712	11367	3627	13456	17551	21838	40698	22025	27372	20089	29292	42941	7537	21939	18541
gene10052	1434	602	2482	1084	744	1457	1813	2759	1612	1773	985	3226	2493	553	1634	933
gene10053	0	15	10	7	2	3	8	5	10	13	0	12	5	9	10	8
gene10054	47	18	41	25	32	61	53	80	44	70	34	92	103	15	49	35
gene10055	9	2	4	3	2	2	1	6	0	4	3	2	19	0	3	5
gene10056	45	12	39	23	24	49	28	78	65	52	50	70	37	18	29	22
gene10057	14	10	51	13	14	28	10	35	18	25	13	19	70	5	22	25
gene10058	218	96	399	242	128	181	342	535	196	300	201	513	515	67	190	159
gene10059	172	94	265	147	98	194	286	621	313	204	116	288	430	84	191	127
gene10060	17	1	0	5	1	6	11	7	0	12	0	9	32	1	2	2
gene10061	1516	558	2172	1061	987	1325	1666	2145	1876	1802	1410	3294	2562	612	1449	982
gene10062	635	482	1420	780	1783	1880	2521	5575	3218	3149	3136	4717	5823	910	2713	1948
gene10063	9	4	14	6	1	3	1	2	4	1	7	4	0	0	3	2
gene10064	74	25	122	110	50	85	136	299	109	159	76	148	192	22	93	94
gene10065	16	8	75	17	50	31	44	69	33	58	37	38	66	8	22	11
gene10066	23	13	63	11	38	23	41	71	31	37	16	96	70	25	17	55
gene10067	317	139	795	256	260	468	433	751	377	377	276	595	506	128	302	247
gene10068	6	1	33	13	7	8	15	55	13	24	8	33	23	2	13	5
gene10069	136	64	250	186	64	158	193	275	163	242	161	328	274	45	132	111
gene10070	972	525	2035	1043	1054	1179	1452	2033	1613	2008	1330	2605	2442	415	879	849
gene10071	3	2	10	0	6	0	9	1	3	6	2	24	5	3	14	5
gene10072	25	4	34	14	15	20	40	39	25	21	30	23	20	2	19	12
gene10073	679	255	1567	559	595	790	694	1574	644	1149	670	2089	1236	361	932	668
gene10074	84	38	232	84	82	72	135	410	136	128	78	216	165	62	75	162
gene10075	0	0	0	2	0	0	4	7	1	1	0	23	0	0	1	0
gene10076	47	22	43	31	32	43	35	96	83	33	40	105	53	36	50	54
gene10077	2578	1677	4724	1922	1904	2840	3812	4556	3440	4640	3244	7395	5447	1386	2931	2422
gene10078	18	12	71	7	15	11	46	33	34	25	18	46	33	8	9	17
gene10079	9	3	46	16	4	12	12	28	4	22	28	7	21	9	15	7
gene10080	202	60	218	144	104	186	168	279	172	361	168	256	283	57	111	164
gene10081	5	12	21	10	15	37	56	41	55	14	43	73	16	1	13	19
gene10082	159	138	477	128	170	212	421	514	385	600	196	471	398	97	252	167
gene10083	10	2	24	8	3	1	10	11	2	18	4	9	9	1	3	6
gene10084	100	70	248	117	75	90	122	85	104	126	165	243	203	52	97	94
gene10085	81	30	167	82	68	112	118	302	86	129	107	179	253	36	105	81
gene10086	87	38	134	54	61	82	89	141	98	89	89	161	130	20	77	38
gene10087	12	5	30	8	9	30	23	14	7	5	14	21	5	6	11	7
gene10088	2	5	8	0	0	7	3	1	1	4	1	11	2	4	12	9
gene10089	567	161	1087	492	289	653	754	969	631	832	679	1671	1094	201	486	516
gene10090	33	8	27	36	5	52	36	49	41	19	33	29	55	15	21	2
gene10091	0	0	3	0	1	4	2	5	1	5	0	6	20	0	7	1
gene10092	119	45	257	134	67	153	167	303	179	231	154	305	250	66	118	121
gene10093	86	31	112	52	48	90	104	134	129	158	78	178	234	38	69	56
gene10094	20	8	40	7	24	57	30	46	33	82	29	73	38	6	21	27
gene10095	47	23	64	39	22	54	34	183	37	66	53	137	92	27	63	58
gene10096	678	343	1486	800	571	844	1095	1978	1059	1421	793	1688	1262	312	690	627
gene10097	14	1	8	1	0	2	0	0	0	2	6	12	2	1	0	5
gene10098	41	9	115	17	29	22	33	85	62	51	39	82	60	29	36	40
gene10099	394	205	1217	377	108	179	213	348	174	204	163	367	347	62	170	99
gene10100	493	219	961	507	462	451	646	1442	418	1041	726	1227	946	204	397	457
gene10101	214	111	440	304	191	283	388	592	319	462	263	515	511	99	175	192
gene10102	19	0	4	5	8	1	3	20	1	0	5	1	9	0	0	8
gene10103	131	72	229	117	115	103	169	324	188	320	216	358	246	50	106	133
gene10104	17	14	34	29	24	29	41	78	72	26	35	59	48	27	43	13
gene10105	0	1	0	0	0	2	0	0	11	0	5	0	0	0	0	2
gene10106	0	2	27	4	1	16	5	44	8	7	8	12	16	1	9	6
gene10107	260	131	481	265	219	237	239	554	306	394	251	549	514	172	226	175
gene10108	3	2	3	4	2	5	23	21	22	9	8	13	27	0	17	14
gene10109	95	37	135	57	93	78	78	165	104	110	106	206	209	50	79	88
gene10110	21	9	34	20	45	30	36	85	23	53	49	66	56	33	35	20
gene10111	49	34	129	30	37	47	134	72	76	53	71	141	72	17	31	60
gene10112	31	13	81	14	33	34	78	92	46	47	27	81	83	18	26	47
gene10113	27	0	12	1	3	7	4	23	11	7	6	22	12	3	10	5
gene10114	8	1	3	2	1	1	1	3	4	6	12	3	0	1	1	3
gene10115	114	43	266	72	98	132	150	292	200	215	168	278	259	59	106	114
gene10116	32	38	58	51	355	290	328	318	300	327	338	520	442	180	294	149
gene10117	334	276	598	453	133	220	159	269	154	210	146	306	245	66	154	112
gene10118	177	86	475	162	182	323	231	365	199	395	297	440	284	101	209	161
gene10119	0	4	4	9	13	4	83	53	123	0	38	94	6	9	0	61
gene10120	0	0	0	0	0	0	7	0	0	3	6	0	2	1	0	1
gene10121	0	0	0	0	0	0	0	0	4	0	0	0	0	0	13	0
gene10122	159	124	486	297	39	106	115	207	92	184	116	242	270	67	64	89
gene10123	0	0	1	1	0	2	0	0	2	2	0	4	3	0	0	3
gene10124	3236	1414	3950	2992	823	1327	1791	2849	1654	2366	1422	3224	2266	346	1330	1156
gene10125	2	0	0	0	0	0	4	0	0	0	0	0	0	0	1	0
gene10126	0	0	18	5	4	3	3	1	6	0	3	13	4	2	11	4
gene10127	9563	5550	23542	12789	8707	11049	13645	22334	9926	17940	13220	21922	27399	5481	11321	8608
gene10128	74	64	111	102	76	86	138	182	93	138	104	149	177	49	64	78
gene10129	48	28	62	26	31	62	74	97	59	115	33	130	54	10	44	43
gene10130	2	5	7	4	15	8	11	10	4	10	6	16	2	0	6	1
gene10131	1168	328	1734	1014	805	1063	1383	2134	1283	1392	1610	2568	1690	590	1104	1444
gene10132	17	10	8	20	11	22	25	60	29	34	5	44	13	2	2	11
gene10133	4	7	8	5	14	9	8	9	32	8	9	38	15	5	17	13
gene10134	69	33	208	81	74	96	130	194	94	182	67	296	167	53	97	69
gene10135	919	413	1852	910	802	1197	1157	1639	1572	1666	1115	2516	2570	359	858	785
gene10136	46	9	139	22	4	3	9	13	11	19	9	21	12	2	12	9
gene10137	4	4	2	1	1	0	17	3	8	17	2	0	0	2	1	1
gene10138	22	17	60	27	18	29	21	68	41	28	55	74	78	8	26	29
gene10139	1	0	0	1	3	7	3	5	0	2	16	3	0	1	2	2
gene10140	152	119	393	149	153	262	251	452	342	358	236	585	435	88	205	118
gene10141	2371	1020	3683	3293	1543	2555	2966	6731	3334	3168	3192	5342	4929	897	2304	2059
gene10142	45	25	90	90	27	61	70	112	105	96	78	152	124	27	39	38
gene10143	35	6	67	31	26	44	60	72	42	59	8	49	22	12	27	60
gene10144	190	90	325	188	812	634	904	2217	609	1846	639	1898	1602	395	592	727
gene10145	29	11	30	20	8	19	9	14	11	30	9	61	52	2	32	20
gene10146	0	0	0	0	0	0	0	0	0	6	1	4	0	1	0	1
gene10147	325	173	959	287	320	541	580	970	513	606	391	800	703	149	377	403
gene10148	289	94	414	160	158	175	201	482	257	466	254	464	335	140	205	231
gene10149	0	1	6	0	0	0	0	3	0	0	3	0	0	1	0	0
gene10150	9	0	34	2	12	2	27	10	12	10	29	12	21	4	10	6
gene10151	144	49	190	92	15	24	21	34	24	26	24	48	26	9	13	20
gene10152	776	513	1371	718	505	624	856	1792	1162	1008	962	1968	1509	316	920	677
gene10153	70	42	149	120	80	94	155	195	119	100	114	260	208	24	81	92
gene10154	27	18	95	28	38	30	51	39	29	50	31	92	56	16	29	39
gene10155	114	42	194	80	322	301	332	904	484	466	385	912	806	145	415	361
gene10156	239	124	753	187	197	341	499	784	414	419	293	665	495	97	326	221
gene10157	510	210	1253	318	350	625	670	1154	760	702	764	1536	1011	184	434	325
gene10158	15	9	38	29	9	38	26	42	15	14	26	62	91	11	29	13
gene10159	25	3	14	6	25	20	16	93	30	60	35	55	21	9	22	33
gene10160	76	26	37	52	7	3	8	14	11	7	14	22	15	3	7	7
gene10161	157	62	258	174	345	681	746	1101	734	764	494	857	977	251	581	463
gene10162	21	24	88	18	21	3	38	34	42	57	51	61	61	12	14	19
gene10163	0	1	3	3	0	0	9	1	9	0	10	0	3	0	4	2
gene10164	29	2	17	0	9	17	15	20	7	21	9	73	43	0	35	10
gene10165	111	52	258	135	102	179	247	245	195	187	125	290	191	64	134	96
gene10166	1	2	1	0	2	3	6	1	10	5	1	20	0	0	4	0
gene10167	0	3	7	15	1	17	13	14	2	23	7	7	30	4	13	6
gene10168	1	2	1	0	0	1	0	2	2	0	1	4	0	0	1	1
gene10169	56	25	64	26	54	76	78	102	73	69	43	95	105	9	39	56
gene10170	1	4	7	4	10	6	14	32	1	14	0	48	10	2	11	11
gene10171	49	27	82	31	12	21	43	77	37	68	48	146	127	23	62	29
gene10172	0	0	10	0	0	2	1	0	0	0	3	0	22	2	0	0
gene10173	48	31	92	66	38	48	94	122	106	53	70	101	174	36	26	35
gene10174	68	24	177	64	244	363	542	1299	434	797	631	844	1013	182	302	542
gene10175	210	45	249	189	117	265	195	269	135	305	180	371	265	75	192	141
gene10176	145	86	421	141	112	161	239	491	198	186	142	426	325	80	127	172
gene10177	8	4	10	4	10	17	13	59	18	14	0	47	24	4	14	5
gene10178	663	207	910	521	455	399	1109	1162	648	509	461	1289	1032	228	379	417
gene10179	19	8	14	12	25	68	313	310	108	160	222	172	293	34	208	171
gene10180	107	33	166	88	83	143	173	239	144	211	128	243	158	60	105	87
gene10181	32	17	61	11	13	42	68	77	21	26	42	68	45	11	40	16
gene10182	0	0	13	0	1	8	0	1	3	22	1	5	12	1	1	0
gene10183	375	307	1076	421	426	651	769	1009	639	932	556	1341	836	180	499	393
gene10184	85	15	95	40	26	73	77	63	32	52	84	86	104	24	31	59
gene10185	103	57	423	106	86	143	248	392	216	197	121	328	252	65	119	106
gene10186	31	10	53	31	16	44	37	97	32	17	46	54	73	11	14	21
gene10187	0	0	3	2	9	0	0	0	1	0	2	0	0	3	0	1
gene10188	98	73	248	115	139	127	192	367	206	150	166	384	281	63	153	110
gene10189	29	29	77	46	63	44	80	131	59	51	29	167	95	19	42	34
gene10190	56	31	47	38	36	38	76	123	78	41	35	177	140	24	20	38
gene10191	68	22	51	19	44	59	82	67	74	81	81	117	101	20	38	37
gene10192	457	240	784	446	328	620	675	1221	605	761	441	1121	961	196	498	334
gene10193	30	9	20	30	9	19	34	20	25	14	25	18	46	7	10	22
gene10194	26	15	77	18	25	60	58	81	26	35	32	96	67	15	17	22
gene10195	324	111	484	185	198	246	345	707	343	346	371	510	621	99	382	247
gene10196	101	13	209	85	68	56	74	149	121	193	73	244	188	59	170	117
gene10197	114	78	189	89	73	131	203	432	218	258	77	495	220	58	211	164
gene10198	3	3	19	11	3	4	22	26	9	5	12	11	19	3	0	6
gene10199	24	8	42	22	4	17	47	17	10	54	12	72	28	7	17	4
gene10200	2142	1026	4054	2557	7393	12876	15089	29562	17691	22049	10788	26564	19438	5660	10580	13364
gene10201	2544	1371	5587	2530	2162	3394	4149	5850	3890	3696	2804	6528	6784	1085	1951	2714
gene10202	229	138	515	255	137	194	297	474	246	534	296	521	412	113	359	258
gene10203	84	56	205	83	44	75	44	192	105	111	77	130	103	47	79	43
gene10204	3867	1629	8587	2807	2662	4353	4872	9591	4490	5817	5452	8289	8980	1597	2710	4015
gene10205	98	23	183	49	33	59	95	279	100	166	138	183	173	41	76	89
gene10206	116	54	189	89	88	58	146	243	118	221	140	174	208	66	105	121
gene10207	37	25	78	26	51	55	85	214	112	71	59	75	140	34	36	53
gene10208	6	3	53	15	6	26	12	55	42	32	21	42	34	7	13	19
gene10209	12	9	3	5	81	86	204	176	191	73	25	158	55	13	33	50
gene10210	216	112	522	229	128	233	183	538	264	471	283	576	550	112	246	191
gene10211	374	177	649	353	272	406	481	1105	437	770	545	894	969	134	394	329
gene10212	4066	1716	8021	3004	2711	5742	4792	8753	5281	8184	4509	7947	6938	2078	3646	3848
gene10213	355	172	1091	355	234	564	592	1131	597	609	575	1032	954	248	395	413
gene10214	28	15	67	12	12	14	60	74	19	32	31	38	57	10	27	10
gene10215	74	21	119	40	42	43	86	142	92	161	111	89	100	16	65	40
gene10216	16	4	31	8	19	9	27	96	23	48	28	30	40	17	25	26
gene10217	53	20	37	28	36	57	48	59	73	48	27	74	130	38	36	33
gene10218	29	14	70	10	19	26	32	75	24	18	27	56	22	4	13	31
gene10219	111	78	296	168	133	149	213	326	184	272	207	361	234	65	114	76
gene10220	715	232	1312	688	381	667	798	1432	802	744	648	1659	1062	234	617	596
gene10221	170	66	539	155	176	230	284	525	200	308	159	785	397	101	121	131
gene10222	34	15	36	36	45	35	33	64	35	45	46	82	30	20	24	49
gene10223	9	0	3	2	0	16	9	30	1	16	1	20	4	1	12	3
gene10224	1244	579	2281	1057	1009	1171	1830	3063	1061	1884	1591	2753	2844	479	1151	1127
gene10225	9433	5370	14984	7533	8665	10508	13075	21368	15991	14383	10223	26901	18034	5393	8729	9399
gene10226	247	160	658	331	264	445	458	848	712	514	333	560	661	171	355	326
gene10227	25	17	70	30	14	32	69	95	40	49	24	87	74	27	28	23
gene10228	12	5	14	12	1	3	17	51	14	37	10	38	29	19	9	26
gene10229	83	50	220	105	289	326	477	611	327	458	604	907	637	155	254	269
gene10230	43	16	107	61	23	58	108	112	106	106	65	232	135	15	45	30
gene10231	102	26	84	46	54	60	66	91	46	95	64	127	71	21	43	70
gene10232	19	25	25	3	19	24	12	47	11	29	21	82	52	18	30	30
gene10233	115	76	325	151	149	203	204	382	200	276	205	406	287	99	187	173
gene10234	2421	1085	4810	1904	2061	2994	3686	6056	3379	3866	2839	6133	4999	1348	1996	2377
gene10235	11	6	49	14	17	14	35	27	7	24	19	59	38	5	11	21
gene10236	1133	373	2131	1104	697	1201	1111	2621	1478	1705	1465	2793	2268	383	1119	1084
gene10237	1697	690	3520	1921	1157	1528	2055	3935	2404	2671	1926	3586	3273	685	1196	1545
gene10238	23	20	123	57	13	41	60	134	87	71	90	88	128	17	48	50
gene10239	0	0	1	0	0	13	0	1	0	0	1	0	0	0	0	0
gene10240	48	20	82	34	125	82	150	173	204	274	179	92	141	66	101	155
gene10241	61	33	107	73	48	131	69	205	99	136	124	181	177	32	54	137
gene10242	4	0	1	0	0	14	9	15	3	5	8	29	10	1	3	1
gene10243	897	301	2566	901	525	890	1227	1566	1009	1987	1316	2762	2448	508	1202	899
gene10244	231	96	494	287	161	220	316	577	378	549	288	417	574	152	235	239
gene10245	0	1	5	6	8	12	1	8	3	0	1	22	4	4	12	2
gene10246	0	0	0	0	0	2	5	9	0	2	4	1	0	0	2	0
gene10247	5	10	17	18	12	30	16	54	6	8	6	47	12	6	24	9
gene10248	152	39	222	56	52	108	116	212	106	164	152	236	183	42	86	104
gene10249	277	125	488	303	214	389	215	627	412	432	347	537	560	133	166	181
gene10250	29	10	20	28	24	37	44	45	42	88	26	107	67	23	16	34
gene10251	80	23	154	96	14	30	13	46	20	26	18	66	35	9	13	24
gene10252	0	2	35	9	9	0	5	11	9	4	9	18	0	2	2	4
gene10253	1310	696	2734	1457	1296	1833	2019	3910	1860	2471	1589	3351	2615	590	1109	1533
gene10254	0	3	27	7	101	41	68	44	4	45	53	137	80	19	44	128
gene10255	3	1	47	1	7	26	10	11	14	18	10	29	17	4	7	19
gene10256	8	6	9	13	8	16	8	17	10	13	21	15	16	11	6	14
gene10257	323	137	432	288	244	358	442	808	303	542	539	555	646	146	288	324
gene10258	100	28	204	101	60	146	150	318	130	186	115	160	272	44	134	83
gene10259	123	42	171	76	202	417	373	337	349	582	350	1013	367	122	312	145
gene10260	41	12	37	22	10	39	31	111	34	46	38	129	34	9	25	18
gene10261	2058	1196	5248	2015	1930	2443	3634	4427	3063	4888	2530	4695	5492	974	2479	1700
gene10262	41	12	126	29	31	60	37	76	64	54	67	171	77	27	69	48
gene10263	10	3	22	11	1	6	20	26	28	12	12	23	31	12	19	13
gene10264	259	120	603	183	82	178	166	284	204	226	138	291	238	39	153	112
gene10265	2	1	2	5	1	0	3	6	0	0	2	9	20	1	2	3
gene10266	66	48	109	98	167	323	520	660	626	468	383	555	476	106	291	293
gene10267	30	19	105	55	32	106	127	150	71	98	79	115	146	23	65	73
gene10268	78	29	145	88	164	202	312	242	286	328	166	339	240	71	108	94
gene10269	17133	10653	31372	19839	17093	21018	23739	37666	23860	25466	17502	40696	38101	8732	15942	15217
gene10270	5	3	23	14	12	22	15	31	3	18	28	10	45	4	29	5
gene10271	2692	1268	4219	2047	1687	2432	2752	6819	3292	3216	2622	6048	5661	1210	2300	2492
gene10272	12	7	13	0	10	9	6	23	8	18	6	12	7	2	8	5
gene10273	8	9	20	25	13	23	44	43	28	46	55	55	30	14	23	18
gene10274	0	0	8	0	2	3	1	1	1	0	1	3	0	0	0	0
gene10275	53	14	82	58	18	36	38	70	40	39	52	86	79	18	59	22
gene10276	210	112	469	134	188	240	325	358	299	338	295	423	446	94	191	209
gene10277	34	10	103	36	45	45	33	119	47	67	36	55	84	20	32	35
gene10278	347	211	563	342	287	345	427	918	427	807	401	743	571	180	388	282
gene10279	32	10	73	39	21	74	84	33	46	58	57	100	131	33	31	31
gene10280	0	0	0	2	0	2	18	2	0	0	2	0	0	0	1	0
gene10281	8	7	24	13	4	20	5	28	7	7	12	45	19	3	13	19
gene10282	25	15	15	9	22	9	20	35	36	11	14	11	31	4	4	8
gene10283	3	9	34	7	7	17	12	19	12	27	36	45	33	2	16	19
gene10284	86	31	162	108	55	58	198	174	112	191	89	235	149	21	90	72
gene10285	22	0	39	39	9	45	47	68	16	42	34	69	65	5	24	21
gene10286	9	2	8	34	11	19	27	44	25	22	1	51	66	8	10	21
gene10287	0	0	0	0	0	0	0	0	0	0	0	0	0	0	0	0
gene10288	126	67	334	138	78	132	176	266	184	183	164	283	242	44	173	128
gene10289	0	0	3	0	5	0	0	8	1	0	0	21	14	0	0	0
gene10290	46	25	97	66	21	37	59	166	61	134	84	157	143	28	44	35
gene10291	0	0	0	0	0	0	0	0	0	0	0	0	0	0	2	0
gene10292	5	4	17	0	7	0	7	2	1	2	0	2	15	7	12	11
gene10293	426	304	959	267	86	153	127	308	142	153	147	522	311	75	108	134
gene10294	3	0	5	5	2	0	3	18	0	2	7	10	3	2	3	2
gene10295	454	311	1111	550	376	628	984	1350	661	981	507	1191	1193	271	631	699
gene10296	11	10	65	20	24	17	27	41	17	35	39	34	44	3	39	9
gene10297	36	17	53	10	21	64	47	77	29	55	22	113	101	18	46	31
gene10298	4	1	1	6	16	0	4	2	1	4	20	13	2	1	5	1
gene10299	85	39	193	96	60	49	95	166	119	151	96	214	246	39	65	36
gene10300	152	34	171	85	100	142	221	251	144	266	98	243	198	75	91	87
gene10301	366	171	1013	364	312	462	941	1301	614	1047	545	1046	983	278	587	602
gene10302	189	72	249	183	97	124	242	556	141	224	194	393	260	60	108	108
gene10303	41	28	136	56	52	81	61	113	57	53	74	197	91	36	39	56
gene10304	9985	4303	18588	8684	7297	10351	17159	21784	15600	17024	10473	30777	21866	6428	10354	11983
gene10305	81	48	169	105	527	726	730	1049	876	1042	800	1517	1016	380	716	498
gene10306	571	276	1200	452	545	496	610	1032	608	937	699	1572	1133	228	394	591
gene10307	212	67	375	193	157	217	467	623	238	412	239	670	289	58	173	167
gene10308	763	230	1263	612	563	770	939	1005	710	1288	678	1380	1209	260	514	570
gene10309	57	20	130	49	47	68	82	85	54	85	65	103	149	12	35	30
gene10310	147	125	444	165	176	241	429	471	236	474	165	597	293	64	196	182
gene10311	99	35	194	76	59	87	110	205	104	133	76	229	166	30	68	76
gene10312	37	10	34	15	16	26	11	86	38	48	24	81	40	8	15	27
gene10313	101	19	145	48	4	19	18	53	10	9	7	30	26	6	10	9
gene10314	21	11	23	34	1	19	32	60	18	16	35	67	50	5	12	4
gene10315	26	23	63	30	32	38	39	30	8	46	21	91	99	10	21	15
gene10316	518	193	756	342	345	525	587	731	616	930	427	1091	986	184	341	406
gene10317	103	27	186	80	96	100	183	305	90	144	133	183	171	47	81	112
gene10318	6	5	25	6	4	0	14	57	8	9	4	58	15	12	9	8
gene10319	0	0	0	0	0	2	0	2	0	2	0	0	0	0	0	0
gene10320	106	42	214	93	84	130	114	220	152	136	123	208	186	27	86	77
gene10321	6	0	1	0	0	3	6	2	1	1	1	7	0	3	6	1
gene10322	528	267	811	564	41	109	137	151	141	141	140	217	252	32	142	98
gene10323	31	25	101	76	127	283	220	691	330	323	259	576	320	118	212	153
gene10324	1421	736	2130	1223	975	1624	2492	2533	1751	2504	1689	3248	2810	773	1082	1323
gene10325	255	92	417	202	127	203	269	445	327	230	136	508	428	96	183	171
gene10326	303	96	440	157	186	359	307	477	348	414	288	520	523	161	239	237
gene10327	4	0	8	2	2	5	3	6	6	0	3	6	5	2	4	9
gene10328	0	0	0	3	0	0	0	0	0	1	0	0	0	0	1	0
gene10329	10	19	43	13	16	28	24	73	14	41	30	76	90	22	23	26
gene10330	0	0	0	0	0	0	7	0	0	0	0	0	0	0	0	0
gene10331	5	1	7	0	0	10	20	1	1	9	2	1	23	0	4	9
gene10332	748	595	2092	1013	986	1076	1459	2418	1709	1710	1083	2460	1881	610	1235	1094
gene10333	71	28	102	20	42	81	62	108	82	38	39	68	126	31	31	68
gene10334	273	129	381	187	158	339	305	620	398	394	362	565	482	114	350	250
gene10335	317	150	537	337	1393	2263	2429	5807	2220	3682	2174	5037	4327	926	2371	1632
gene10336	4	1	8	0	0	9	8	0	0	1	3	3	11	0	0	8
gene10337	22	4	30	27	6	43	45	85	35	67	35	88	54	11	7	27
gene10338	19	8	43	17	12	10	30	24	43	38	21	21	36	16	43	31
gene10339	11	10	37	26	33	49	46	46	21	36	59	63	51	11	30	30
gene10340	46	26	106	51	63	52	63	141	86	64	88	119	109	27	50	49
gene10341	58	13	217	43	28	88	131	35	111	55	107	81	143	28	67	31
gene10342	180	74	409	147	254	331	509	558	403	410	401	862	656	213	373	224
gene10343	62	26	132	80	63	139	115	204	142	139	75	254	87	50	95	122
gene10344	59	9	57	19	25	35	18	104	32	58	62	50	97	22	28	12
gene10345	1	0	3	2	3	6	2	4	7	1	0	3	6	1	4	0
gene10346	1	3	0	0	0	0	0	4	4	3	0	0	0	0	0	0
gene10347	22	8	14	17	7	26	20	122	31	57	32	23	17	3	23	37
gene10348	0	0	0	3	0	0	0	0	0	0	0	0	1	0	0	1
gene10349	34	23	133	45	43	108	60	122	64	67	39	155	114	20	41	59
gene10350	1425	821	3528	1952	1306	1751	2579	3490	2237	2972	2032	3820	3202	733	1662	1763
gene10351	47	20	132	30	53	29	41	75	43	78	37	85	77	25	72	33
gene10352	3	5	13	4	13	5	6	28	12	6	12	25	5	2	7	0
gene10353	1	0	3	0	0	0	0	1	0	0	0	2	0	0	0	0
gene10354	161	60	200	165	536	487	975	1100	879	1398	764	1730	978	289	686	470
gene10355	917	510	2414	755	957	1164	1487	2494	1443	1803	1401	2420	2398	426	1120	947
gene10356	42	15	72	68	44	41	53	65	57	70	35	125	104	22	84	48
gene10357	36	17	55	70	28	38	46	96	25	88	41	170	70	18	44	81
gene10358	267	76	499	244	126	341	439	817	325	565	302	664	384	143	294	276
gene10359	5223	2449	10012	4527	3377	5508	7384	10663	6957	8255	7186	11009	9873	1956	4770	4623
gene10360	528	297	974	378	502	610	935	1184	745	708	572	1301	997	224	547	555
gene10361	15	12	63	23	65	56	57	127	19	43	42	60	74	19	58	43
gene10362	36	25	95	33	17	32	50	74	52	68	61	30	58	13	40	35
gene10363	71	27	130	34	45	62	77	158	88	92	55	167	141	28	95	61
gene10364	61	35	142	56	66	100	95	269	75	140	60	162	156	36	60	47
gene10365	81	13	68	64	5	24	22	35	23	13	16	46	22	1	17	12
gene10366	37	12	49	23	38	16	45	95	24	62	41	52	52	9	40	11
gene10367	76	37	141	77	46	106	153	262	257	170	114	239	228	66	68	93
gene10368	86	56	151	127	51	61	123	366	108	179	113	344	242	36	94	53
gene10369	2	1	8	1	1	0	7	1	0	4	0	0	0	1	7	0
gene10370	22	24	56	6	3	4	10	8	10	15	8	15	11	0	4	7
gene10371	7	1	3	1	0	1	3	6	4	0	0	1	23	0	1	1
gene10372	1024	940	3353	1134	1224	1836	2107	3665	2172	2993	1833	3429	3539	871	1686	1275
gene10373	169	119	460	266	181	278	201	563	315	389	282	436	471	79	239	210
gene10374	66	2	52	74	19	43	46	75	56	45	46	89	78	18	40	21
gene10375	19	20	25	30	3	1	6	8	7	3	2	2	10	0	2	5
gene10376	0	1	0	0	0	0	0	0	1	0	2	0	0	0	0	0
gene10377	6	0	5	0	1	0	0	0	0	0	7	0	6	0	0	0
gene10378	61	39	169	75	65	108	131	129	113	196	142	219	143	48	87	79
gene10379	1601	771	4341	1458	1076	2302	2578	3843	2109	3113	1807	4544	3985	829	1999	1256
gene10380	316	149	752	279	341	404	535	635	638	568	360	704	664	172	348	329
gene10381	163	100	306	155	164	236	278	294	179	288	244	412	289	73	196	147
gene10382	5	1	2	3	2	0	8	11	10	12	2	9	0	0	3	4
gene10383	99	22	124	59	33	123	125	108	135	120	81	143	177	47	97	86
gene10384	1147	321	2098	740	689	1139	1085	1937	927	1308	1140	2399	2085	370	838	823
gene10385	23	1	3	6	19	9	22	17	5	18	24	21	14	3	14	4
gene10386	2	1	0	8	3	7	1	8	5	1	26	30	13	5	1	1
gene10387	116	70	191	59	70	84	149	208	86	193	103	195	196	42	124	88
gene10388	13	9	31	16	41	35	25	14	35	29	17	141	9	8	28	40
gene10389	218	78	424	152	108	168	286	458	238	238	188	388	486	54	143	190
gene10390	0	0	1	9	0	0	6	1	0	24	1	5	0	1	3	0
gene10391	66	59	273	121	115	158	161	357	225	154	162	324	227	47	181	148
gene10392	3331	1210	4534	2316	1512	3335	4127	6864	4001	4138	3264	5943	6229	1492	3172	2290
gene10393	5	0	3	2	0	3	1	10	13	7	1	3	8	7	7	1
gene10394	6	8	11	5	2	16	13	16	9	0	4	13	13	3	4	5
gene10395	36	22	96	20	30	19	45	56	30	75	58	62	89	12	32	30
gene10396	1475	805	3618	1381	1546	1562	3355	4172	2218	2647	2228	4428	4447	786	1898	1639
gene10397	11393	4705	15934	9841	6927	9783	14958	23035	10493	14494	11686	22058	14511	4867	10538	9592
gene10398	1301	639	2381	1382	760	1155	1707	2693	1250	1811	1655	2614	2407	618	893	1284
gene10399	137	46	167	89	109	159	189	426	164	138	172	263	197	64	101	105
gene10400	148	69	216	64	54	41	79	139	89	101	79	116	139	31	47	71
gene10401	69	60	199	80	52	132	193	297	199	322	164	236	283	44	146	103
gene10402	14	1	9	2	4	0	3	13	8	19	24	4	14	0	5	1
gene10403	171	76	245	164	169	229	231	472	238	346	195	451	315	112	183	224
gene10404	336	129	695	355	175	344	365	681	509	442	437	766	655	148	295	396
gene10405	531	282	1121	367	476	611	730	1065	720	746	421	1449	954	258	670	397
gene10406	0	1	0	1	2	3	4	1	0	3	6	6	7	0	0	3
gene10407	281	179	536	310	237	194	429	858	343	402	329	727	517	153	324	271
gene10408	16	16	6	6	0	14	3	4	0	12	3	2	5	4	5	7
gene10409	18	14	62	20	54	40	48	64	32	38	18	44	56	9	18	30
gene10410	139	44	220	126	83	155	210	265	164	262	162	198	180	50	94	125
gene10411	325	125	609	239	199	332	434	915	509	498	418	801	695	200	289	362
gene10412	193	102	395	120	125	218	232	293	299	297	274	440	570	104	240	183
gene10413	490	325	825	511	538	712	773	1037	1011	985	787	1693	1685	268	653	695
gene10414	87	61	293	173	309	588	962	1106	627	778	387	1455	1140	312	611	540
gene10415	1140	462	2580	816	752	1093	1608	2340	1450	1962	1386	3732	1924	764	1475	1119
gene10416	325	116	479	289	147	125	233	332	113	195	189	320	324	89	126	112
gene10417	10	3	14	19	1	2	23	21	4	14	23	2	11	1	10	3
gene10418	18	10	78	12	10	7	28	31	30	15	11	36	70	2	34	12
gene10419	123	71	207	82	69	164	188	268	203	161	169	361	372	71	109	152
gene10420	15	8	23	35	8	41	22	9	15	42	12	42	83	31	14	20
gene10421	316	186	738	344	204	421	557	773	462	583	441	957	692	156	416	330
gene10422	66	51	207	125	105	88	190	293	303	318	104	313	268	73	133	82
gene10423	10	2	7	4	2	2	8	59	15	28	5	22	21	3	2	14
gene10424	10	3	29	15	6	16	7	80	15	15	22	15	9	5	5	5
gene10425	1201	622	2087	1331	914	1138	1441	2783	1267	1288	1799	2291	2047	627	1568	1107
gene10426	15	6	8	16	3	15	36	25	5	18	7	147	4	6	4	7
gene10427	125	57	200	71	76	56	148	309	88	219	138	325	267	79	139	76
gene10428	1510	616	2514	1659	1055	1472	3106	3180	1701	3031	1929	3504	3531	644	985	1364
gene10429	1544	518	3042	1985	1173	1956	1979	3971	2243	2047	1894	2859	3175	734	1240	1373
gene10430	9	6	38	10	10	0	53	30	23	19	16	34	70	13	26	13
gene10431	9	2	9	1	8	70	22	133	4	18	71	141	81	12	9	0
gene10432	4902	2625	10052	3820	4179	5740	6077	14705	8089	9974	5239	12567	12340	2754	5462	5298
gene10433	519	245	781	439	364	485	844	1148	682	824	685	884	881	216	655	474
gene10434	3554	1128	5287	2614	2021	3317	4545	6262	3919	4171	4097	7757	6561	1392	3203	2893
gene10435	106	38	165	96	86	118	91	182	147	117	71	169	179	31	63	42
gene10436	31	11	39	11	5	19	18	29	11	42	3	31	49	8	38	23
gene10437	11	8	28	28	7	16	30	12	9	19	13	25	56	1	12	34
gene10438	28	14	60	11	20	17	19	64	7	45	17	82	32	15	23	12
gene10439	20	7	15	19	16	36	49	58	60	25	21	89	63	6	15	20
gene10440	1279	931	3351	1475	1357	1832	2611	3530	2324	2274	1713	4142	3884	616	1697	1341
gene10441	81	36	258	90	66	153	122	242	195	225	169	275	209	50	67	125
gene10442	133	40	171	99	18	15	18	43	35	22	29	40	27	19	16	17
gene10443	0	0	2	0	0	3	0	0	0	0	0	21	0	0	0	0
gene10444	2	2	20	1	16	41	65	191	36	36	26	40	71	18	9	48
gene10445	188	70	235	161	172	192	301	442	243	293	165	602	332	76	168	193
gene10446	97	28	268	103	79	91	136	284	101	208	163	360	185	62	105	150
gene10447	375	204	850	545	348	486	588	1178	646	644	589	1119	738	209	650	399
gene10448	491	332	823	624	554	897	659	1296	901	1099	818	1369	1596	250	779	518
gene10449	36	18	64	39	7	11	29	10	13	30	13	44	15	7	6	6
gene10450	34	25	73	34	19	19	69	113	103	52	49	160	85	26	40	35
gene10451	44	21	53	24	25	89	87	198	75	137	48	104	104	14	43	40
gene10452	9	0	7	1	11	2	2	20	2	5	3	0	0	0	10	3
gene10453	573	184	714	292	304	425	688	880	609	920	669	1301	1045	180	513	553
gene10454	20	1	16	19	2	8	8	28	15	9	12	9	17	3	6	5
gene10455	5	16	35	3	13	12	15	8	6	7	5	62	22	0	7	5
gene10456	0	0	2	1	4	0	4	2	1	6	3	1	0	2	0	0
gene10457	64	18	89	70	71	81	121	77	88	65	61	109	99	22	42	103
gene10458	30	7	13	17	14	3	28	29	8	15	27	47	45	6	0	7
gene10459	105	39	223	57	60	132	93	185	124	115	128	179	211	29	95	122
gene10460	386	211	505	314	241	305	335	567	388	515	385	712	558	136	289	297
gene10461	3	3	35	5	1	1	3	7	13	25	16	55	9	5	8	4
gene10462	0	0	1	0	1	1	2	1	0	0	0	14	0	1	0	0
gene10463	149	66	276	153	99	214	131	382	275	256	142	473	362	59	153	131
gene10464	190	65	359	164	124	157	258	407	255	311	168	310	352	109	137	152
gene10465	22	27	41	36	164	347	389	522	527	421	262	1007	441	152	253	489
gene10466	186	87	377	203	139	213	259	334	194	283	233	361	308	57	200	200
gene10467	32	15	50	24	42	39	30	78	57	53	70	199	88	21	43	32
gene10468	268	161	696	331	304	322	321	793	508	563	386	868	806	123	299	316
gene10469	198	140	456	221	140	342	386	628	456	326	327	496	589	136	275	240
gene10470	1021	302	1799	813	737	925	1553	2532	1167	1736	1178	2320	2524	412	882	907
gene10471	10	5	16	9	5	6	18	8	24	29	20	11	28	1	2	16
gene10472	8	3	14	5	10	32	8	38	39	33	15	55	40	13	15	21
gene10473	37	15	87	65	23	71	51	107	39	96	66	65	100	36	70	61
gene10474	39057	16908	80022	36060	27137	39617	37749	90381	63752	58221	56993	84120	69289	18422	45214	46546
gene10475	527	218	1428	745	536	606	1031	1668	752	1018	738	1591	1463	328	682	644
gene10476	18	9	32	19	19	31	28	88	29	27	55	99	109	15	27	38
gene10477	134	48	80	102	42	55	126	198	56	108	87	145	119	31	62	58
gene10478	1807	739	3599	1556	490	723	969	1611	889	1307	785	1451	1265	307	849	554
gene10479	158	89	448	170	90	216	223	422	318	299	294	420	350	119	256	258
gene10480	45	28	79	48	61	89	80	128	30	69	42	103	163	17	68	30
gene10481	645	251	1413	445	392	616	849	1559	769	889	748	905	1146	254	524	515
gene10482	1933	814	3683	1436	1566	2065	2286	4828	2593	2698	2426	3956	4037	773	1649	1914
gene10483	101	50	135	71	59	100	114	203	121	171	95	162	143	40	124	95
gene10484	982	422	1981	620	780	834	1489	1785	1178	1563	914	1887	1875	437	934	901
gene10485	19	6	48	13	13	15	11	30	36	23	7	30	24	18	4	24
gene10486	1	0	10	11	0	8	8	9	10	0	3	6	30	4	15	0
gene10487	1	3	5	0	2	0	13	7	6	4	1	3	2	4	3	8
gene10488	685	209	1060	453	459	573	727	1337	690	744	588	1230	862	202	598	517
gene10489	35	13	61	23	19	33	50	53	11	40	17	65	32	25	36	6
gene10490	782	370	1152	461	448	898	1128	1992	1008	1219	981	1942	1552	292	816	644
gene10491	14	16	43	10	6	6	24	12	16	36	10	21	55	9	7	6
gene10492	483	176	996	415	414	582	448	1273	591	566	444	1178	801	287	391	421
gene10493	926	348	1841	667	684	1116	1193	1888	1107	1697	806	1891	2221	426	943	837
gene10494	13	1	10	5	4	3	19	20	9	12	7	25	13	4	10	1
gene10495	11	1	16	4	9	3	3	5	1	29	1	9	5	10	6	0
gene10496	822	294	1657	669	582	1026	1076	1724	1231	1235	1209	2335	1541	304	641	660
gene10497	50	26	86	60	33	53	69	91	68	104	108	177	119	26	97	50
gene10498	137	28	293	142	96	97	262	394	105	183	130	398	278	81	102	159
gene10499	12	4	58	20	27	25	19	39	14	40	25	69	35	2	10	20
gene10500	4033	1872	7852	3250	2256	4979	5054	9535	4337	5505	4275	10844	8155	1602	3087	3322
gene10501	4	5	23	14	2	3	5	53	20	19	8	29	52	2	7	6
gene10502	56	11	127	38	7	10	8	21	8	14	11	17	23	2	7	11
gene10503	224	116	774	327	203	341	412	799	378	565	344	636	495	105	365	228
gene10504	169	52	193	91	83	166	211	264	145	154	113	328	260	67	155	123
gene10505	29	17	61	29	10	8	22	32	10	17	16	20	14	6	7	10
gene10506	1	0	0	0	0	0	0	0	1	0	0	0	7	0	0	7
gene10507	147	66	240	89	104	134	205	282	126	196	192	359	237	48	199	141
gene10508	756	249	964	650	723	684	1549	1883	1120	1139	842	1781	1491	332	850	733
gene10509	15	7	50	45	7	30	27	67	23	43	31	102	51	10	37	29
gene10510	2	3	20	0	1	16	6	5	3	19	4	20	3	1	8	6
gene10511	42	31	66	83	71	44	59	107	113	132	77	136	192	33	66	37
gene10512	4	1	4	3	4	4	0	28	1	6	1	7	18	0	1	8
gene10513	399	227	841	496	490	423	519	804	492	643	663	872	1031	163	519	416
gene10514	2	0	3	1	0	0	1	0	0	0	0	0	2	2	2	0
gene10515	0	0	0	0	2	0	0	0	3	23	1	2	2	1	0	0
gene10516	186	75	516	178	843	604	1145	1835	930	1003	689	1611	1077	358	723	660
gene10517	491	218	1025	444	1056	1718	1816	3461	1935	2562	1755	3938	2736	729	1305	1666
gene10518	109	131	442	148	120	192	239	461	286	238	250	370	308	83	211	130
gene10519	44	20	38	21	25	15	21	78	54	66	22	89	36	9	13	39
gene10520	22	17	17	25	16	36	33	60	15	13	12	16	51	3	24	19
gene10521	5	0	2	6	0	1	7	1	7	0	3	5	7	4	5	7
gene10522	195	54	379	153	122	251	310	584	233	321	163	457	347	87	143	173
gene10523	7885	2863	14319	7399	5887	7315	8949	14226	12029	10385	9628	17653	14794	3330	8444	8141
gene10524	166	77	297	152	64	142	116	207	173	159	119	390	185	41	118	87
gene10525	396	292	987	484	428	664	693	1264	613	667	516	1052	926	130	468	636
gene10526	659	276	901	502	395	535	840	1326	783	1073	567	1158	939	275	536	452
gene10527	136	100	351	110	105	181	284	424	263	319	188	450	374	66	151	191
gene10528	52	19	121	39	55	65	76	83	70	84	52	203	83	21	46	26
gene10529	2636	1440	6373	2403	2431	3522	3923	7189	4159	4332	4399	8711	6311	1168	2952	2142
gene10530	4	1	15	7	0	4	10	6	22	7	3	5	18	4	1	0
gene10531	172	32	155	107	196	156	237	208	193	224	154	311	251	44	121	84
gene10532	1105	592	2156	942	930	1346	1710	3458	1388	2056	1092	3603	2674	511	1293	1159
gene10533	2094	841	3985	1538	1320	2048	3167	5505	2075	3099	1839	4165	5458	1109	2274	1783
gene10534	1	1	2	1	0	4	1	5	12	2	4	2	15	4	4	6
gene10535	1	0	2	0	0	1	1	5	13	7	0	1	1	0	0	0
gene10536	23	6	56	32	1	4	3	11	10	14	11	3	13	2	4	3
gene10537	64	17	103	32	31	43	80	123	34	88	92	168	98	47	43	72
gene10538	2576	1223	5929	2493	1654	3200	4494	7037	3948	5177	4018	6241	6640	1686	3321	2664
gene10539	261	126	656	353	281	396	328	731	561	576	437	665	760	170	386	339
gene10540	115	27	83	41	50	67	83	142	91	115	75	119	158	20	57	55
gene10541	0	2	2	2	0	4	0	0	1	1	1	0	1	1	3	3
gene10542	1082	487	1806	1093	896	1183	1230	2488	1550	1628	1499	2132	1904	572	1183	978
gene10543	29	16	39	12	7	28	41	12	3	39	17	53	72	2	33	23
gene10544	0	0	0	2	2	0	8	18	3	16	4	0	4	0	3	0
gene10545	55	23	91	16	80	82	64	112	97	91	65	151	169	29	57	69
gene10546	195	80	415	154	152	253	241	352	275	330	240	429	403	78	235	271
gene10547	69	28	149	51	36	40	95	136	47	81	56	157	124	16	59	64
gene10548	4	4	22	5	6	8	17	9	16	3	7	2	6	8	1	10
gene10549	94	65	152	104	53	56	96	226	116	149	92	254	208	31	70	88
gene10550	0	0	23	6	14	36	40	19	6	127	38	47	30	25	67	15
gene10551	65	30	112	40	55	74	95	153	62	127	53	128	66	24	66	59
gene10552	6	0	20	8	3	12	3	5	0	3	1	2	4	0	8	0
gene10553	3	0	7	0	7	2	5	21	5	0	6	3	10	3	2	0
gene10554	1145	669	3326	1344	1065	1844	1876	4731	1604	2520	2027	3793	3212	584	1318	1476
gene10555	464	145	727	451	193	337	676	751	519	468	484	1054	654	171	344	475
gene10556	26	8	34	16	18	48	18	62	34	9	15	73	89	19	28	13
gene10557	1	0	4	0	2	0	0	0	0	3	0	2	2	0	0	2
gene10558	27	3	33	11	23	26	18	120	35	53	44	37	23	9	16	16
gene10559	469	236	1008	432	381	590	761	1473	605	774	623	1344	1145	275	592	474
gene10560	1046	439	1834	782	2558	3777	4765	10159	4661	4430	3568	7242	6919	1525	3165	3476
gene10561	2	1	0	8	0	5	2	8	3	30	1	2	3	5	5	0
gene10562	4	5	19	20	3	14	21	63	28	3	2	26	9	0	4	16
gene10563	12	10	26	16	10	15	3	8	33	22	18	20	15	3	19	7
gene10564	0	0	1	0	0	1	0	0	0	0	0	0	0	0	5	0
gene10565	83	19	124	52	218	444	686	868	339	656	425	838	914	111	408	418
gene10566	123	21	139	129	6	14	24	38	21	23	16	17	28	9	5	13
gene10567	9	11	51	14	6	11	38	14	21	28	14	21	25	18	12	13
gene10568	553	188	1207	447	509	728	643	1167	667	1239	669	1416	1150	229	735	678
gene10569	49	39	154	92	63	56	171	101	85	121	89	103	157	37	62	53
gene10570	633	311	1180	486	593	777	977	2137	846	1046	839	2103	1504	369	832	627
gene10571	259	119	492	221	52	53	89	133	118	68	62	102	124	19	52	53
gene10572	166	66	277	143	666	1071	1326	2365	1582	1896	907	1888	1452	514	769	993
gene10573	8	1	22	9	11	14	4	6	1	15	14	27	36	2	0	10
gene10574	12	8	15	24	2	20	6	37	25	2	21	19	35	1	9	8
gene10575	13	2	6	4	2	11	18	25	32	20	13	22	2	3	11	4
gene10576	1	0	0	2	0	1	0	0	0	0	0	4	0	0	0	3
gene10577	3	0	14	3	3	5	10	3	6	4	5	0	2	1	1	0
gene10578	13	19	5	25	14	29	16	13	8	14	12	37	38	7	7	10
gene10579	169	110	513	156	104	194	241	491	258	226	248	517	524	105	167	197
gene10580	4	0	0	0	1	3	6	0	31	4	6	4	7	0	2	5
gene10581	0	1	12	3	1	7	6	6	10	5	6	17	1	4	7	1
gene10582	83	58	197	93	44	84	125	218	148	146	132	247	235	41	116	108
gene10583	208	171	435	316	54	106	123	282	179	143	101	214	279	41	125	117
gene10584	202	130	492	181	75	142	188	329	147	229	132	258	191	57	140	109
gene10585	0	4	19	4	16	6	23	24	4	4	15	5	19	1	6	0
gene10586	35	52	66	28	8	8	32	68	14	23	12	25	24	5	8	15
gene10587	24	14	102	43	60	29	49	136	46	38	67	114	71	34	60	57
gene10588	8	1	7	6	12	4	11	30	10	9	15	16	5	1	1	16
gene10589	1677	785	2981	1413	1172	1560	2912	4532	2557	3295	1999	6281	4773	832	1827	1602
gene10590	2118	1120	3673	2046	714	1202	949	1871	1349	1558	1074	2736	1827	512	1256	867
gene10591	146	47	172	86	66	111	191	251	126	219	94	264	215	51	131	90
gene10592	1112	707	1952	1079	1129	1595	2490	2789	1946	2049	1206	4383	2443	603	1068	907
gene10593	0	0	0	0	0	0	0	0	0	0	0	0	0	0	2	0
gene10594	6	6	6	9	9	11	27	65	20	5	6	30	47	3	0	19
gene10595	103	68	330	126	99	175	122	238	197	201	96	333	188	66	186	121
gene10596	22	26	121	34	36	100	74	77	15	77	60	59	44	24	50	35
gene10597	2	3	1	18	7	2	8	7	5	56	8	9	26	1	13	2
gene10598	0	0	5	0	0	0	0	0	0	0	4	3	1	0	0	1
gene10599	9	2	4	1	3	11	13	11	5	0	7	31	10	0	4	2
gene10600	93	47	168	92	59	81	127	233	127	177	143	216	141	56	108	99
gene10601	2047	1020	4922	1958	1973	2654	3602	6111	3602	2935	3111	6468	5057	1103	2196	2633
gene10602	156	86	269	174	33	62	37	108	53	54	52	51	119	20	58	39
gene10603	447	193	725	350	395	408	386	837	659	668	423	945	1069	215	334	448
gene10604	5	4	5	3	9	11	21	25	12	21	8	8	9	2	12	20
gene10605	73	42	141	96	77	100	146	298	89	182	132	341	113	80	97	72
gene10606	1	1	0	0	0	0	0	0	1	2	7	4	0	1	1	0
gene10607	4	6	10	2	5	20	7	20	3	9	21	5	24	3	9	4
gene10608	14	5	23	3	8	5	10	9	8	16	7	5	16	3	9	4
gene10609	122	45	213	77	61	115	147	320	228	180	91	297	214	53	122	126
gene10610	0	0	0	0	0	0	0	0	0	0	0	0	1	0	0	0
gene10611	4	8	17	4	0	0	1	0	2	1	2	0	0	1	0	3
gene10612	161	76	227	113	50	170	202	277	152	192	93	328	308	46	107	126
gene10613	6771	4835	21285	5585	7206	9632	15732	19206	10188	19870	12253	21798	19672	4463	8251	10716
gene10614	11	3	40	15	8	20	15	26	18	30	15	32	19	1	9	15
gene10615	1658	678	2542	1691	176	240	251	439	377	526	233	479	498	132	270	222
gene10616	607	288	1174	666	495	1149	879	1951	762	999	651	1568	1342	292	698	832
gene10617	14	2	15	6	23	8	33	30	7	9	13	7	34	5	22	12
gene10618	4	3	16	15	7	11	4	38	8	27	5	29	26	1	11	12
gene10619	26	9	61	24	28	15	14	122	52	33	42	69	47	5	8	22
gene10620	4	0	2	13	1	2	5	11	4	25	1	10	7	4	14	4
gene10621	425	251	795	291	211	469	584	427	540	584	426	1269	671	169	443	335
gene10622	5	2	4	8	7	10	5	32	10	20	15	3	8	3	6	3
gene10623	6833	2820	14596	7546	5856	4919	8947	16849	9481	9679	8319	14707	16774	2848	8531	6368
gene10624	36	22	121	35	40	43	52	61	39	66	45	51	59	26	35	15
gene10625	633	213	1048	557	489	482	723	1525	656	929	709	1071	1562	404	443	575
gene10626	14	10	30	18	32	43	60	75	16	18	49	98	18	6	15	40
gene10627	442	214	881	575	306	437	803	937	673	558	508	1051	986	198	438	548
gene10628	50	24	117	46	58	51	58	100	85	123	81	78	117	15	52	60
gene10629	9	10	16	11	12	11	23	7	37	19	18	80	34	10	4	11
gene10630	218	89	402	287	270	276	405	489	299	320	229	486	459	157	262	231
gene10631	199	53	276	201	128	143	335	363	181	217	171	346	445	83	155	139
gene10632	5	10	42	4	4	11	9	33	7	27	9	17	15	9	9	4
gene10633	50	43	58	43	56	35	25	86	73	64	39	115	105	32	42	48
gene10634	1095	434	1999	967	853	967	1886	2597	1287	1924	1334	2783	2769	421	974	1273
gene10635	461	210	708	495	348	491	804	879	744	596	460	1211	1218	216	468	429
gene10636	20	12	41	49	12	10	42	81	57	57	31	42	45	13	21	35
gene10637	26	7	24	11	8	29	6	26	26	8	12	62	27	4	5	8
gene10638	1204	571	2778	1619	884	1447	2043	2281	1237	2332	1501	2173	2483	598	1251	1077
gene10639	277	102	484	150	161	222	376	551	316	444	216	679	328	89	186	258
gene10640	2	2	4	22	1	6	9	13	13	4	4	4	7	5	9	1
gene10641	0	0	2	1	0	0	0	7	0	1	0	0	1	0	0	0
gene10642	172	55	227	126	108	170	186	404	271	181	148	181	491	64	185	91
gene10643	24	20	63	26	258	310	239	469	305	270	326	507	491	114	247	194
gene10644	19	12	6	16	39	29	28	47	43	29	20	14	24	28	29	17
gene10645	17	2	45	4	18	21	11	27	30	13	10	31	43	2	0	4
gene10646	20	2	31	20	24	16	22	23	61	28	23	59	35	0	20	25
gene10647	115	54	168	77	76	110	124	206	131	155	104	195	227	45	76	136
gene10648	2310	1115	3520	1686	1782	2652	2739	4204	3045	3612	1915	5759	4719	1058	1774	2406
gene10649	8303	3464	13030	7214	5709	7758	10567	17962	11302	13766	8027	14628	17151	4023	7061	7450
gene10650	33	13	52	23	20	43	36	61	42	33	10	37	47	6	25	48
gene10651	5	6	39	10	11	4	6	8	9	0	18	15	20	5	11	2
gene10652	19	11	18	12	9	40	13	91	18	13	13	30	25	11	10	19
gene10653	3273	1132	4953	2144	1813	3462	5921	6115	4123	5319	3611	6231	6239	1213	2820	2870
gene10654	193	132	489	180	150	178	235	657	307	404	261	578	448	86	251	173
gene10655	78	22	156	73	64	131	112	145	97	144	67	234	117	17	72	65
gene10656	2133	1138	3951	1777	2158	2409	3395	5905	2919	4318	2675	6370	4590	1555	2164	1890
gene10657	23	8	63	22	9	12	19	32	32	45	15	37	63	15	17	32
gene10658	8	1	7	1	0	1	1	2	22	2	15	3	0	2	1	3
gene10659	5	1	9	3	3	12	1	5	5	12	5	12	3	1	6	12
gene10660	7	0	1	0	10	6	5	2	7	4	0	0	8	1	7	1
gene10661	15	13	156	16	12	13	22	44	20	28	19	51	24	10	17	32
gene10662	22	15	27	42	24	20	46	78	9	77	56	84	87	11	18	18
gene10663	70	27	75	39	32	78	88	63	107	93	57	95	90	16	55	44
gene10664	2560	1217	5216	2278	2004	2984	3337	5813	4074	4074	3016	6519	5650	1346	2394	1804
gene10665	2	3	28	5	8	22	11	20	11	8	13	29	31	18	7	11
gene10666	45	23	49	16	37	40	73	65	59	53	50	61	78	31	28	17
gene10667	152	58	227	84	84	188	138	186	150	130	80	261	285	41	106	114
gene10668	2	4	3	4	8	0	0	1	8	3	2	5	5	0	0	1
gene10669	8	10	17	9	10	15	26	76	17	35	13	24	52	1	24	13
gene10670	61	40	85	53	51	90	112	162	71	110	98	76	159	23	104	97
gene10671	8	3	26	1	9	8	7	9	4	29	4	8	9	6	25	0
gene10672	60	58	146	121	184	405	528	614	402	683	303	1026	1275	153	414	319
gene10673	129	47	111	83	91	135	79	195	70	88	110	262	191	54	69	70
gene10674	4	9	17	8	5	24	25	53	27	44	14	44	6	11	17	8
gene10675	234	105	476	171	152	246	414	640	258	309	417	617	483	160	293	260
gene10676	97	42	127	75	51	108	148	162	96	100	117	228	192	49	90	81
gene10677	514	163	971	445	152	140	299	457	170	265	144	329	321	80	158	123
gene10678	3	1	3	18	4	3	21	8	5	8	0	23	19	0	2	0
gene10679	33	23	89	38	18	36	64	98	67	109	73	118	89	12	44	57
gene10680	1131	481	1847	912	634	1273	1245	1845	1565	1721	1007	1612	1894	507	1058	903
gene10681	841	447	1412	842	665	1051	861	1929	1089	1450	1067	1928	1636	454	1134	757
gene10682	21	1	0	11	5	6	1	6	6	1	9	7	10	1	6	9
gene10683	54	36	185	61	49	59	115	141	63	137	92	99	160	56	41	66
gene10684	357	170	423	238	243	196	402	781	388	526	415	669	611	111	277	210
gene10685	47	52	139	78	48	83	61	147	115	124	52	218	83	39	113	65
gene10686	5	4	28	18	11	16	22	16	30	23	19	37	29	8	23	7
gene10687	15	10	18	17	26	20	26	16	2	24	9	38	37	0	4	11
gene10688	82	49	206	104	103	127	151	215	143	159	133	246	239	42	86	108
gene10689	446	187	507	317	122	170	138	242	233	155	118	277	333	67	163	132
gene10690	114	46	139	92	77	128	93	384	167	146	140	295	263	22	109	121
gene10691	0	0	0	0	2	1	2	5	0	10	5	0	5	2	0	0
gene10692	300	130	426	230	34	58	60	101	59	65	71	79	117	20	68	34
gene10693	94	47	144	65	44	92	105	196	112	114	69	234	164	38	82	66
gene10694	1338	732	1869	795	945	1511	2023	3345	1363	1590	1442	2942	2491	665	1501	1295
gene10695	612	333	1101	433	523	595	892	1374	820	853	625	1461	1330	272	787	570
gene10696	2	1	0	0	0	4	2	4	5	1	2	2	1	2	2	1
gene10697	0	0	1	2	0	0	0	0	0	12	6	0	2	1	4	0
gene10698	678	251	1132	601	1492	2728	3266	6745	3033	4101	2876	6896	6218	1430	2515	2686
gene10699	195	101	437	189	164	217	265	345	252	277	202	630	364	73	132	165
gene10700	10	2	9	24	10	5	5	11	1	11	2	5	29	0	12	2
gene10701	0	0	1	0	0	0	4	0	0	1	0	0	0	0	0	0
gene10702	12998	6339	25032	14129	9362	14311	22229	35463	17511	21405	14560	37723	22315	7242	12512	14312
gene10703	16	15	0	1	14	1	4	6	0	1	16	0	22	0	11	5
gene10704	56	17	168	75	33	48	96	140	63	65	71	62	103	20	64	49
gene10705	46	18	64	57	33	34	75	71	83	27	52	107	144	20	87	52
gene10706	25	8	26	6	22	44	30	92	42	24	14	60	53	21	29	19
gene10707	37	16	64	21	33	27	81	74	56	77	39	59	75	20	47	60
gene10708	0	0	2	1	6	4	9	22	0	0	0	0	1	0	0	3
gene10709	14	4	44	12	11	23	35	59	9	30	8	17	31	1	5	34
gene10710	175	83	581	155	153	208	173	293	190	222	174	365	293	72	211	206
gene10711	15	4	22	25	16	7	13	26	7	20	11	12	43	7	8	11
gene10712	0	0	1	0	0	8	0	2	8	6	2	0	12	4	13	2
gene10713	18	4	35	9	1	12	16	11	10	9	11	24	4	3	19	6
gene10714	7	3	30	9	3	22	52	39	21	24	44	23	41	54	10	60
gene10715	35	6	33	21	13	46	7	41	11	33	26	31	39	8	46	5
gene10716	161	77	328	166	38	57	72	136	49	80	47	113	71	19	64	45
gene10717	62	28	138	52	53	65	92	68	79	56	83	116	89	36	43	18
gene10718	1003	370	1718	1003	1092	1219	1835	2909	1738	1763	1322	2471	2207	555	1150	1003
gene10719	53	12	66	39	27	35	41	108	42	113	99	91	74	35	26	55
gene10720	11	11	36	26	7	6	8	13	19	18	4	38	55	6	9	10
gene10721	21	10	55	12	21	6	21	62	39	32	43	25	26	16	4	32
gene10722	3	4	12	3	11	22	20	13	40	27	11	29	78	15	10	23
gene10723	109	26	171	122	105	77	216	190	103	157	123	265	132	41	71	92
gene10724	63	31	50	49	55	63	76	61	60	105	40	144	105	12	66	43
gene10725	949	488	2302	1139	741	918	1195	3006	1411	1509	1378	2899	2620	405	1011	964
gene10726	93	35	186	74	44	135	155	284	80	174	119	332	305	43	90	72
gene10727	93	68	266	121	154	223	450	631	408	454	475	792	480	115	317	232
gene10728	9	4	12	11	3	9	3	9	7	17	17	17	9	2	4	10
gene10729	122	35	173	80	91	143	168	208	95	199	133	207	286	59	106	109
gene10730	39	6	57	5	19	72	38	62	35	41	51	78	131	6	52	19
gene10731	12	3	2	4	5	3	7	4	4	5	7	1	13	0	1	3
gene10732	359	193	845	716	261	448	628	1036	598	604	581	1409	962	238	472	420
gene10733	129	43	146	112	147	145	132	254	168	217	74	254	339	83	120	161
gene10734	23	22	49	15	37	40	51	87	29	61	24	80	74	22	25	25
gene10735	0	0	3	0	0	1	0	0	0	0	0	0	0	0	0	0
gene10736	2061	1298	4167	1833	1383	2126	2748	4530	2712	3351	1971	5708	4813	954	2073	1502
gene10737	55	22	134	38	32	36	82	101	77	65	42	168	87	24	27	35
gene10738	47	27	38	34	15	42	27	116	26	85	84	88	59	20	36	27
gene10739	4	16	18	22	4	17	13	35	23	42	6	46	24	10	10	8
gene10740	1418	816	3005	1359	1225	1895	2393	4535	1844	2751	1486	3575	3490	857	1611	1600
gene10741	98	19	73	38	44	56	46	109	74	59	56	96	107	17	45	35
gene10742	9695	3870	15458	8944	6146	8610	11138	21378	9866	14019	9729	19817	19250	3603	6516	6992
gene10743	22	7	80	14	24	51	37	43	44	42	27	57	51	8	25	19
gene10744	54	30	108	27	57	93	75	129	103	141	52	129	120	36	56	46
gene10745	98	27	177	43	76	121	130	162	107	106	91	113	171	29	56	60
gene10746	1	0	0	5	0	0	1	0	0	1	5	0	3	1	0	2
gene10747	58	37	241	60	15	27	44	69	26	48	21	47	51	5	13	24
gene10748	4	0	6	2	3	2	1	0	1	5	2	1	0	0	1	7
gene10749	175	117	349	212	196	314	266	320	346	283	252	651	583	113	167	206
gene10750	2872	1292	5364	2765	2903	3522	4221	7485	4034	4479	2117	7876	6976	1460	2630	3083
gene10751	628	263	973	557	583	819	1179	1203	775	830	654	1564	1363	380	570	580
gene10752	89	32	136	76	93	80	170	204	196	192	94	242	147	54	129	90
gene10753	1050	514	2141	950	821	1041	1404	2956	1398	1317	1124	2178	2048	469	918	761
gene10754	2	1	0	2	0	2	10	3	4	3	1	18	5	0	1	11
gene10755	27	16	97	43	18	50	69	48	53	48	64	27	56	15	19	23
gene10756	56	49	115	53	42	64	86	165	119	68	69	185	80	30	68	83
gene10757	70	29	199	34	60	69	91	105	72	61	73	172	72	40	39	90
gene10758	136	68	257	155	107	190	278	330	168	232	151	269	222	80	200	127
gene10759	0	0	0	0	0	0	5	2	7	0	0	2	1	0	0	1
gene10760	146	76	329	137	155	266	211	464	217	433	223	322	346	70	236	154
gene10761	11	6	14	8	11	17	21	42	44	32	15	10	30	8	10	27
gene10762	73	35	160	132	53	115	87	157	78	114	58	187	172	51	50	81
gene10763	1	3	7	7	8	0	12	10	7	2	8	11	1	2	10	3
gene10764	1	1	13	8	4	0	8	13	1	13	4	9	5	6	4	7
gene10765	5	4	20	10	15	16	12	41	28	30	7	41	36	13	10	9
gene10766	266	160	537	201	237	328	451	467	390	409	360	576	516	118	345	232
gene10767	64	39	98	56	34	71	47	48	62	92	54	131	137	22	72	51
gene10768	166	71	250	75	17	31	25	57	51	47	43	72	64	20	26	27
gene10769	240	118	367	248	20	39	71	96	59	66	53	118	52	19	42	37
gene10770	1189	661	2308	1352	981	1621	1516	2578	1518	1749	1497	2484	3960	430	1072	1337
gene10771	0	4	15	2	2	6	2	2	1	0	0	0	1	4	0	1
gene10772	0	0	0	6	0	0	0	0	2	3	0	0	0	1	0	0
gene10773	47	20	61	72	9	68	70	68	55	97	41	172	118	16	50	77
gene10774	645	264	973	656	506	623	1037	981	881	800	895	1818	1115	269	619	417
gene10775	56	25	114	34	41	66	73	65	120	97	78	115	108	30	97	56
gene10776	5	8	20	37	17	30	12	46	30	10	39	60	20	5	24	24
gene10777	20	1	57	16	24	41	17	83	44	35	20	17	17	16	29	49
gene10778	8	5	25	5	3	13	8	3	3	11	0	3	8	0	2	4
gene10779	352	156	674	322	211	346	373	878	435	572	499	800	639	161	349	234
gene10780	30	15	20	15	17	49	37	33	41	58	33	61	42	5	25	14
gene10781	5953	3156	12658	7673	4980	7703	8067	17644	9635	9216	9354	16761	12536	3459	5325	7116
gene10782	6434	2829	12384	5086	32050	39603	53893	102079	53416	94809	45128	102809	109132	21090	44319	39195
gene10783	1	1	6	0	2	0	0	24	6	2	3	10	0	0	1	5
gene10784	4	1	16	0	15	9	5	4	8	13	0	8	7	12	10	16
gene10785	227	153	691	294	269	228	431	580	350	408	359	624	625	89	402	204
gene10786	3	2	0	1	1	4	6	13	1	16	4	13	8	2	7	1
gene10787	48	52	100	25	19	17	71	75	22	95	52	91	69	13	50	47
gene10788	771	426	1400	549	675	1172	1286	1524	831	1200	716	1307	1444	292	606	845
gene10789	214	121	578	138	138	207	319	700	292	360	206	462	423	116	214	189
gene10790	58	21	99	54	36	53	42	106	129	49	66	114	53	20	47	34
gene10791	79	44	163	138	63	86	113	225	136	151	145	217	295	27	71	87
gene10792	3	9	19	3	3	12	3	28	15	5	8	37	25	4	32	9
gene10793	7105	2858	12138	4467	4958	6582	6405	11531	7951	9227	6701	15162	12382	2838	5088	5955
gene10794	1101	612	1908	763	792	1440	1651	2039	1405	1479	1358	2587	2217	530	935	980
gene10795	133	48	279	104	70	142	119	414	147	189	153	391	322	83	123	98
gene10796	7	6	25	2	8	14	11	24	18	33	7	23	11	10	7	22
gene10797	23305	9339	40740	19020	14354	23106	20982	55945	29532	43730	24258	55820	42717	12643	28489	23611
gene10798	3	0	9	5	1	11	13	32	23	22	5	3	51	0	6	2
gene10799	3578	2237	6878	4313	3042	4775	7005	11953	5520	7490	5814	11236	10737	2240	5589	3010
gene10800	0	1	0	2	0	3	1	0	0	0	0	1	12	0	0	0
gene10801	2668	1070	5341	2312	2156	2554	4709	5500	2968	5147	2844	8312	5835	1374	3403	2472
gene10802	30	24	121	21	34	39	78	150	47	101	50	164	78	24	54	32
gene10803	69	57	150	55	63	86	206	347	169	95	139	198	335	55	57	137
gene10804	14	8	44	19	15	17	29	88	34	37	22	44	73	17	23	24
gene10805	0	3	4	2	10	6	7	29	9	7	10	23	13	5	0	2
gene10806	57	13	77	53	40	31	21	48	20	73	17	130	71	13	18	36
gene10807	42	20	80	22	47	29	46	69	41	55	65	199	90	20	54	24
gene10808	303	131	785	364	62	57	150	165	141	151	138	247	164	51	113	80
gene10809	44	38	88	54	30	69	78	120	91	56	86	94	81	14	41	51
gene10810	14	7	24	26	16	16	10	37	36	23	12	31	35	19	16	6
gene10811	218	100	423	214	160	322	242	369	193	349	254	594	251	127	139	179
gene10812	1269	430	1530	1023	2319	2973	3897	6460	3715	4386	3359	5597	4747	1037	2607	1964
gene10813	3	0	12	5	4	1	12	3	14	5	8	0	5	0	5	10
gene10814	3	4	16	13	1	12	28	15	19	25	22	35	17	1	32	3
gene10815	316	162	524	424	283	335	397	686	525	537	461	709	686	145	349	322
gene10816	70	46	126	41	50	132	136	180	78	64	72	103	63	51	60	61
gene10817	588	439	1414	585	473	687	961	1268	813	1101	523	1513	1036	340	680	465
gene10818	201	66	403	243	291	451	596	892	489	583	469	841	868	218	577	352
gene10819	20	3	37	17	20	25	21	33	19	51	18	33	30	11	13	15
gene10820	0	0	3	1	0	6	0	2	4	1	0	10	9	0	2	3
gene10821	86	63	113	89	53	96	116	196	143	113	114	150	252	29	78	67
gene10822	72	22	96	60	68	91	108	157	77	153	84	145	90	32	57	72
gene10823	78	27	195	129	80	129	280	272	139	205	64	200	243	58	110	75
gene10824	809	584	1673	646	611	1299	1337	2373	1391	1993	1000	2875	1908	494	1131	1195
gene10825	59	38	189	68	58	119	109	128	107	144	79	120	208	35	55	63
gene10826	15	9	13	1	0	3	17	9	14	12	24	22	5	5	6	7
gene10827	21	2	52	12	6	12	60	49	23	40	32	29	44	6	20	26
gene10828	68	24	153	40	41	73	65	123	77	129	61	185	145	20	28	65
gene10829	799	330	1858	820	588	866	1463	1557	1244	1323	1161	1975	2035	355	1056	1082
gene10830	9	2	13	14	5	9	19	23	31	6	8	33	42	7	10	6
gene10831	10	1	12	0	13	7	15	5	11	12	4	27	9	2	57	14
gene10832	42	18	88	66	30	34	78	169	122	106	54	118	120	32	79	43
gene10833	56	27	105	40	54	48	119	114	79	95	51	134	135	31	69	53
gene10834	18	13	37	19	23	34	18	58	23	28	31	69	6	6	23	29
gene10835	1084	626	1942	937	1004	1759	2062	2989	1669	1933	1680	4163	2856	556	1371	1699
gene10836	8	1	1	1	2	2	0	6	0	0	3	7	8	7	3	1
gene10837	174	80	308	111	121	166	159	298	184	172	144	306	428	112	130	112
gene10838	14	12	5	9	1	13	23	74	20	43	10	17	15	3	18	18
gene10839	3164	1317	5793	2480	2091	3738	4096	9417	4352	5732	4096	6965	5727	1617	2697	3447
gene10840	14	28	93	42	31	37	55	61	53	55	40	126	174	16	42	33
gene10841	40	31	92	89	49	62	99	196	138	89	78	146	103	34	97	64
gene10842	0	0	0	7	1	8	0	1	0	0	1	1	2	0	0	0
gene10843	130	122	172	140	152	163	206	520	228	315	174	342	409	69	183	140
gene10844	9	4	10	2	6	16	1	17	0	3	5	36	11	9	3	9
gene10845	205	85	304	241	32	28	44	106	61	57	38	142	71	20	49	30
gene10846	417	235	742	348	418	392	526	1222	702	572	452	920	947	219	493	551
gene10847	0	0	7	0	0	2	0	5	0	4	1	2	3	0	3	0
gene10848	20	10	49	19	22	24	35	40	28	37	17	104	101	7	24	14
gene10849	10629	6267	39344	16776	14063	19209	24042	34326	18892	27010	16947	41377	30283	7352	20172	19138
gene10850	713	273	1168	432	443	710	1049	1694	1036	1210	540	1229	1004	349	601	657
gene10851	106	51	145	50	64	78	120	138	112	102	99	155	160	75	99	86
gene10852	23	11	32	61	12	61	48	113	48	56	23	58	41	3	13	21
gene10853	112	35	242	97	103	123	127	213	152	178	107	282	238	79	117	144
gene10854	250	78	492	263	144	422	393	643	350	288	286	569	521	177	261	123
gene10855	7	4	32	21	10	10	9	36	5	25	31	10	36	11	3	13
gene10856	0	0	0	6	0	0	5	1	0	0	0	0	0	0	0	0
gene10857	4	4	11	0	2	0	4	3	0	4	3	4	1	0	0	1
gene10858	0	0	0	0	0	1	0	0	0	2	0	0	0	0	0	0
gene10859	202	102	498	192	178	232	243	614	269	197	213	644	384	111	237	219
gene10860	2010	768	3061	1883	1258	1907	1998	3541	1991	2943	2182	3866	3668	933	1731	1619
gene10861	4	2	2	0	2	10	2	0	12	4	10	26	0	3	1	5
gene10862	10	1	7	4	1	5	8	1	5	0	6	8	17	0	13	1
gene10863	180	94	373	108	115	212	185	437	188	369	251	242	371	76	188	150
gene10864	71	16	158	76	73	86	114	152	101	126	85	235	233	39	48	66
gene10865	44	36	144	37	48	68	51	259	82	133	59	121	142	31	58	52
gene10866	0	0	0	2	1	0	1	0	2	0	0	0	3	1	0	1
gene10867	2	0	10	13	2	8	5	3	6	8	0	23	0	7	1	5
gene10868	120	56	278	166	104	91	115	239	181	257	143	207	251	56	206	86
gene10869	34	19	101	30	19	23	103	80	33	70	46	51	42	9	45	37
gene10870	24	4	8	5	27	36	48	81	58	82	62	64	93	36	14	20
gene10871	9	6	59	5	2	25	17	55	15	10	17	42	19	7	31	8
gene10872	274	109	566	220	215	325	433	321	249	368	287	481	539	140	217	169
gene10873	2	4	14	5	1	0	1	2	1	1	1	0	0	0	1	0
gene10874	0	0	2	0	3	6	2	0	1	0	0	0	0	1	0	3
gene10875	187	126	440	179	123	263	218	446	252	312	220	312	431	126	203	293
gene10876	31	12	72	24	10	51	13	104	5	52	8	12	20	14	39	32
gene10877	292	83	374	226	236	246	374	534	278	348	292	404	501	120	262	183
gene10878	2	0	1	9	6	3	2	21	4	27	16	9	0	2	2	5
gene10879	17	3	12	6	6	22	2	19	14	7	7	31	14	6	2	2
gene10880	38	43	138	35	50	91	127	139	106	70	75	190	114	17	75	60
gene10881	0	0	4	2	0	1	1	14	1	5	3	0	6	1	0	0
gene10882	158	99	260	127	92	146	201	321	97	233	168	151	233	66	102	160
gene10883	0	0	0	0	2	4	4	14	3	9	1	10	7	1	2	0
gene10884	42	28	76	34	31	51	56	157	73	113	34	104	45	17	58	31
gene10885	125	42	214	127	79	159	211	357	186	123	93	371	249	53	95	158
gene10886	38	21	63	50	69	199	267	144	160	74	75	563	276	57	160	107
gene10887	116	40	195	97	102	153	138	251	197	268	141	254	281	62	155	155
gene10888	689	481	1642	631	703	716	1065	1993	1219	1249	986	1824	1981	327	823	771
gene10889	80	33	268	50	84	127	174	272	197	205	158	308	281	76	130	89
gene10890	103	47	164	56	79	89	92	188	142	202	158	216	266	25	70	62
gene10891	26	19	47	28	23	25	40	52	44	32	26	41	59	4	20	17
gene10892	8	7	12	5	12	10	11	19	2	10	11	32	16	12	20	6
gene10893	50	32	119	55	61	115	87	172	94	116	78	154	104	27	62	57
gene10894	123	61	239	134	113	161	211	297	242	185	166	472	370	59	183	154
gene10895	14	7	42	30	26	26	57	17	32	26	14	73	20	5	22	18
gene10896	1	1	13	0	2	4	8	11	4	4	28	39	0	0	1	2
gene10897	175	63	363	213	137	179	155	352	290	247	231	553	327	68	150	205
gene10898	2	0	1	4	0	1	15	1	8	9	2	18	4	3	3	7
gene10899	319	137	582	271	223	318	318	416	371	478	440	725	581	198	411	280
gene10900	419	189	585	443	339	372	451	904	500	600	530	956	939	107	371	359
gene10901	219	92	345	113	174	168	258	420	291	372	207	435	503	63	185	154
gene10902	1818	1250	4047	2209	1771	2509	3406	4795	2431	4277	2521	6339	5223	1159	3239	2424
gene10903	0	0	0	0	0	0	0	0	0	0	0	0	0	0	0	0
gene10904	55	43	116	46	18	34	49	80	30	52	35	44	62	16	37	19
gene10905	242	143	545	273	144	257	275	463	391	424	235	502	502	147	235	225
gene10906	1538	638	2641	1403	1448	2111	2289	3151	2080	2260	1389	2802	2868	804	1137	1165
gene10907	14	5	115	14	8	26	57	48	15	75	5	163	54	10	14	22
gene10908	251	97	435	196	144	277	313	637	320	318	236	667	616	80	118	261
gene10909	225	105	244	168	165	230	338	614	346	219	248	466	408	97	265	157
gene10910	111	47	87	40	27	66	76	308	76	92	66	163	187	34	33	68
gene10911	757	365	1467	719	570	647	992	2040	796	946	1151	1655	1808	415	796	874
gene10912	1606	773	3046	1473	893	1609	2931	3679	2671	2900	2029	3219	3243	507	1466	2000
gene10913	6	0	11	3	1	4	1	25	3	4	0	9	13	1	4	4
gene10914	88	24	123	69	8	7	11	31	6	29	8	37	21	5	10	8
gene10915	3	0	15	1	4	0	14	6	4	19	1	1	11	0	1	0
gene10916	68	9	89	47	17	76	82	91	87	52	34	89	87	28	50	36
gene10917	10	0	33	4	3	0	3	21	13	4	7	12	6	0	0	4
gene10918	327	181	733	473	270	500	429	928	367	632	333	1070	860	149	424	339
gene10919	315	139	653	278	165	295	430	674	306	485	451	655	667	112	198	300
gene10920	73	48	166	66	40	27	67	129	54	103	88	142	133	35	46	37
gene10921	1	0	2	4	0	0	13	0	5	0	0	3	14	0	0	1
gene10922	19	15	40	17	14	13	8	43	19	20	14	101	80	8	14	19
gene10923	8	7	7	20	2	0	8	9	2	3	4	5	1	0	6	2
gene10924	204	82	396	182	139	182	204	545	169	315	212	370	379	65	152	178
gene10925	18	13	13	21	12	7	10	23	11	24	29	40	35	22	44	31
gene10926	199	78	499	222	179	248	272	589	238	330	159	362	407	127	136	169
gene10927	17	13	47	4	69	389	321	237	122	179	186	245	242	55	165	111
gene10928	68	22	60	49	30	30	77	142	42	77	22	78	64	17	56	19
gene10929	115	33	305	52	24	42	59	100	34	53	30	31	36	12	32	26
gene10930	0	0	5	9	1	4	1	0	0	0	0	1	3	0	1	0
gene10931	25	4	34	7	1	4	2	7	3	10	1	10	5	2	5	2
gene10932	14	3	45	10	69	171	48	106	79	102	6	84	31	33	20	44
gene10933	115	44	240	133	145	88	279	344	211	145	218	491	274	60	162	140
gene10934	21	10	41	18	22	23	41	38	18	47	22	36	35	9	8	33
gene10935	227	133	445	253	235	257	351	639	355	488	305	665	558	148	184	266
gene10936	4	8	7	2	10	8	9	20	11	19	24	56	22	9	14	8
gene10937	7	0	0	2	0	0	2	0	5	1	0	42	0	4	0	1
gene10938	134	108	363	155	184	278	344	554	248	263	355	438	349	89	184	143
gene10939	86	48	133	64	86	126	167	227	125	159	84	269	204	40	95	92
gene10940	159	62	224	99	96	124	162	299	121	113	139	248	249	50	116	69
gene10941	16	9	42	29	27	31	20	87	19	23	20	43	34	5	16	20
gene10942	39	4	43	11	28	30	19	29	50	35	34	83	78	3	14	24
gene10943	41	36	52	45	24	44	48	98	37	47	65	113	55	9	58	55
gene10944	1139	479	1621	774	887	1038	1426	2342	1270	1684	1207	3203	2614	534	853	856
gene10945	5222	2006	9871	4404	4390	5129	5976	11440	6835	9640	4705	10536	11385	2500	3749	4640
gene10946	1	7	1	6	0	10	17	0	0	15	0	0	2	0	2	7
gene10947	260	140	396	219	252	360	453	684	274	388	253	762	659	67	257	283
gene10948	215	104	368	228	167	281	211	456	299	298	239	390	423	95	195	164
gene10949	10	2	8	3	11	2	6	35	31	25	17	7	9	3	3	7
gene10950	0	2	3	3	4	1	0	4	8	4	2	4	4	1	0	3
gene10951	321	131	571	267	190	270	305	652	346	648	251	733	702	102	347	295
gene10952	632	325	1184	519	659	614	651	1236	1067	919	851	1582	1309	369	673	566
gene10953	19	6	16	23	5	15	11	10	2	17	5	15	10	2	9	20
gene10954	255	63	258	98	146	159	218	360	208	258	115	404	338	51	148	106
gene10955	14	19	54	27	15	37	37	38	41	25	40	48	65	23	46	45
gene10956	814	315	1325	771	497	712	1331	1734	1197	1495	846	2049	1653	385	893	846
gene10957	46	10	36	17	12	29	60	77	49	50	49	85	69	17	16	44
gene10958	0	4	0	4	0	0	3	18	2	0	1	2	8	3	1	1
gene10959	322	98	437	286	223	296	508	466	352	486	228	459	663	116	219	211
gene10960	28	0	21	3	16	12	28	38	8	19	18	41	58	17	32	13
gene10961	106	50	312	121	157	44	121	396	170	180	126	217	267	20	132	110
gene10962	0	2	0	0	3	0	0	0	1	0	7	0	8	0	0	1
gene10963	59	62	220	78	58	163	171	235	87	105	112	226	287	32	105	34
gene10964	3	19	24	8	2	29	10	57	8	30	27	36	28	3	2	1
gene10965	116	40	172	69	5	23	13	36	13	32	23	57	31	7	16	19
gene10966	175	76	479	125	19	40	44	81	48	63	44	85	81	21	33	31
gene10967	105	64	288	117	167	98	193	389	120	133	153	290	377	99	116	109
gene10968	9	0	3	3	1	2	3	13	13	5	7	18	11	2	3	4
gene10969	412	191	572	329	303	339	426	927	356	406	395	806	816	146	391	356
gene10970	15	14	20	13	7	44	19	46	32	35	59	21	66	7	56	18
gene10971	20	22	31	28	26	14	49	83	79	77	33	106	64	10	37	36
gene10972	24	7	29	26	12	20	32	23	25	12	36	58	45	10	32	9
gene10973	484	222	992	408	314	588	648	1072	410	795	587	1318	877	224	413	479
gene10974	1589	632	1953	1459	942	1756	1540	2603	1327	2079	1365	3989	3027	627	1528	1299
gene10975	49	17	118	37	50	65	98	94	47	59	77	152	87	26	70	49
gene10976	186	79	316	157	414	473	908	1652	790	662	647	985	1224	225	359	540
gene10977	256	77	455	292	224	316	346	546	356	498	253	637	575	138	185	262
gene10978	56	19	119	91	27	66	48	113	116	110	59	254	120	27	49	30
gene10979	47	10	42	12	15	29	54	33	49	40	49	81	49	6	63	36
gene10980	302	78	447	269	159	291	384	809	404	351	257	640	586	77	229	243
gene10981	29	2	26	6	12	11	5	5	9	25	6	40	9	2	9	5
gene10982	23	8	25	39	27	50	23	59	71	61	33	73	62	13	31	32
gene10983	25	17	73	49	16	40	35	32	37	91	39	49	59	23	27	41
gene10984	2288	1104	4567	2373	1896	2161	3214	5067	3579	3631	2831	4055	4045	1180	2216	2411
gene10985	5	8	22	19	3	21	19	61	51	54	18	57	40	3	27	17
gene10986	9	2	12	9	1	5	1	31	6	1	2	25	5	6	0	2
gene10987	66	45	141	68	79	127	161	129	140	118	107	222	205	32	88	72
gene10988	16	9	17	14	4	8	24	45	29	28	25	21	20	10	8	15
gene10989	19	10	14	16	13	33	40	85	35	21	39	58	67	17	31	13
gene10990	6110	3898	12613	6399	5305	9073	9651	16446	10114	10440	7850	16194	18760	3122	7586	8140
gene10991	400	178	794	446	440	403	591	859	508	861	547	1093	965	254	427	537
gene10992	43	19	127	80	39	47	110	109	57	70	52	106	73	20	70	63
gene10993	4	2	4	12	4	0	11	28	4	6	9	3	3	5	7	6
gene10994	27	40	92	44	39	52	53	118	74	98	59	236	58	14	69	40
gene10995	243	110	549	267	195	283	330	728	269	554	396	562	452	112	285	253
gene10996	169	95	311	140	34	84	140	267	100	100	76	215	111	49	83	80
gene10997	104	82	284	102	561	726	1090	946	982	848	681	1179	1231	396	537	536
gene10998	63	15	126	151	82	139	158	156	119	162	121	142	287	33	75	98
gene10999	7	3	12	3	0	6	7	10	6	0	4	7	7	1	13	6
gene11000	17	4	48	15	3	8	16	16	14	5	2	19	8	6	8	2
gene11001	4	9	49	8	23	20	15	34	20	24	11	31	15	7	13	11
gene11002	595	277	933	689	317	622	773	1443	751	863	665	1531	1043	316	447	531
gene11003	14	1	2	10	10	2	15	8	9	14	10	11	2	0	8	6
gene11004	4	1	18	14	6	4	6	26	12	5	26	10	41	10	8	1
gene11005	20	13	24	29	17	25	23	56	17	30	32	14	45	9	37	25
gene11006	119	50	173	58	65	86	97	238	77	226	79	351	294	53	144	92
gene11007	0	0	2	0	0	0	0	0	3	0	0	0	0	0	1	0
gene11008	88	33	139	61	51	67	113	161	76	90	109	156	122	38	87	86
gene11009	4765	3448	11934	4753	4515	6448	6262	10902	7382	9326	5899	17161	7971	3014	6638	6099
gene11010	346	183	771	450	250	443	452	756	338	491	354	748	886	155	437	330
gene11011	52	31	178	54	38	81	124	131	71	141	88	110	114	32	88	96
gene11012	509	323	1470	562	646	780	822	1816	935	1097	943	1606	1289	415	780	477
gene11013	0	0	0	0	0	0	0	0	0	0	0	0	1	0	0	1
gene11014	14	5	20	5	7	16	7	20	17	26	6	44	17	7	23	11
gene11015	0	0	1	0	0	0	1	0	0	0	0	0	0	0	0	0
gene11016	174	65	464	174	123	245	214	460	320	240	197	376	352	74	165	159
gene11017	39	22	64	35	47	67	56	88	48	81	39	72	115	40	44	44
gene11018	1	4	8	0	9	0	9	7	0	11	2	2	9	0	0	14
gene11019	92	42	164	87	60	107	157	193	56	126	52	135	106	42	96	52
gene11020	206	83	313	138	34	72	102	190	96	170	109	205	210	36	67	87
gene11021	521	321	1108	544	372	483	685	1305	743	734	1036	1313	1116	188	496	563
gene11022	5	0	4	2	2	7	4	2	2	3	16	20	5	1	4	4
gene11023	116	55	332	75	65	84	166	257	86	129	104	222	132	53	109	76
gene11024	43	16	78	25	21	28	69	141	52	78	25	102	49	14	12	29
gene11025	84	37	157	22	54	72	77	121	102	101	43	223	152	30	60	100
gene11026	259	144	546	247	165	227	401	565	262	485	315	591	506	172	241	221
gene11027	72	33	106	42	5	15	7	21	12	13	15	12	11	4	6	6
gene11028	94	22	103	102	52	84	92	191	92	114	100	241	111	41	92	78
gene11029	12	3	5	5	0	2	2	0	2	18	0	3	0	0	0	1
gene11030	43	13	89	14	47	44	74	78	64	26	32	79	51	7	48	20
gene11031	830	385	1848	669	850	857	1065	1997	1065	1150	715	1235	1860	391	809	707
gene11032	97	67	166	127	85	99	142	285	160	249	134	369	226	90	142	51
gene11033	1	0	17	2	0	0	15	3	0	5	0	1	19	1	6	0
gene11034	6	6	24	10	12	9	19	19	21	11	38	69	30	8	1	16
gene11035	2712	1628	4503	2946	2573	2994	5690	8865	5411	5276	3921	7638	6776	1316	2948	2210
gene11036	182	123	503	292	183	245	429	635	340	388	252	665	575	117	189	312
gene11037	1869	837	3218	1666	1375	2205	2653	4015	2379	4255	2340	5173	4208	933	1759	2411
gene11038	26	11	66	43	32	45	57	98	65	53	59	93	158	12	22	44
gene11039	140	67	247	151	162	88	140	414	186	93	133	282	258	73	114	164
gene11040	398	106	444	238	214	340	478	843	300	446	269	733	443	103	224	303
gene11041	218	110	456	190	167	227	419	688	266	326	341	714	573	151	210	291
gene11042	4297	1253	7078	3434	2609	4266	5850	8034	4243	5788	3936	7816	6620	1485	3785	2679
gene11043	567	255	961	413	403	705	569	1047	544	966	804	1672	827	190	468	485
gene11044	50	7	99	28	18	37	37	88	43	23	35	102	123	5	33	31
gene11045	58	39	195	63	74	110	113	190	106	87	64	268	119	38	101	18
gene11046	60	12	81	45	33	60	111	175	63	77	47	88	88	24	46	45
gene11047	14	4	67	17	17	17	52	61	47	66	36	72	24	22	45	21
gene11048	318	138	638	305	270	431	465	695	365	562	319	738	675	194	313	293
gene11049	21	13	24	6	35	37	109	77	27	44	44	145	146	14	95	45
gene11050	1378	438	1756	784	1749	2520	3640	4792	3294	3603	2008	4718	4686	813	1960	2324
gene11051	14	6	14	11	11	35	23	77	83	25	34	31	73	9	19	28
gene11052	438	158	540	298	250	420	528	727	362	497	287	711	806	167	270	278
gene11053	52	20	114	20	32	47	39	103	76	33	36	73	74	20	47	43
gene11054	153	61	197	109	136	109	142	180	112	206	137	297	301	44	179	90
gene11055	89	12	149	23	52	53	83	121	52	186	58	112	134	37	56	70
gene11056	313	91	717	202	241	278	394	556	379	370	404	635	633	129	253	351
gene11057	16	17	17	5	10	20	17	11	7	18	6	45	33	4	21	11
gene11058	9	9	26	18	17	8	2	51	17	19	5	20	20	2	19	4
gene11059	598	282	1462	850	682	714	840	1660	942	1332	737	2051	1375	217	806	590
gene11060	26	6	6	1	8	23	11	38	24	9	42	55	11	7	9	9
gene11061	117	49	262	97	763	1138	1850	2806	1094	1786	1426	1642	2449	396	819	1013
gene11062	41	27	101	46	39	59	81	94	70	63	75	156	100	29	26	100
gene11063	70	26	171	64	184	270	405	393	298	295	211	475	471	80	251	271
gene11064	544	157	1088	418	326	536	501	1090	489	641	467	1098	886	126	400	347
gene11065	7	0	10	8	0	1	12	11	5	39	1	7	0	6	6	1
gene11066	1214	437	1998	1163	1009	1158	1429	2988	1562	1970	1730	3052	2441	602	922	1232
gene11067	37	29	57	13	456	413	504	1116	564	461	566	1167	736	139	248	329
gene11068	88	36	234	136	45	151	164	170	230	264	146	480	212	63	117	75
gene11069	85	31	135	66	60	140	70	280	112	134	129	149	143	16	81	86
gene11070	3	4	2	1	0	1	29	31	13	46	10	71	13	1	6	28
gene11071	397	150	636	350	218	296	348	889	461	400	354	882	618	186	407	323
gene11072	95	70	236	114	91	187	154	296	200	245	153	181	242	75	165	162
gene11073	652	273	1410	721	593	748	1040	1633	892	1245	704	2087	1628	470	719	764
gene11074	3	0	0	9	0	0	0	0	0	0	0	0	2	2	0	0
gene11075	0	0	0	0	3	3	0	0	0	0	0	1	5	0	0	5
gene11076	89	80	279	82	156	136	171	279	173	254	102	312	245	78	140	94
gene11077	26	9	48	25	35	29	38	36	57	32	25	110	32	17	21	16
gene11078	54	23	108	41	25	61	39	98	37	99	104	131	135	17	43	52
gene11079	185	55	456	204	171	187	342	502	261	308	235	446	425	101	221	110
gene11080	168	50	246	67	88	159	183	301	172	184	138	360	303	45	130	132
gene11081	2	2	0	0	1	0	2	4	0	2	6	0	8	0	1	2
gene11082	165	47	180	85	75	86	186	233	60	104	119	159	109	35	93	88
gene11083	107	71	285	156	58	103	71	129	143	79	58	105	120	18	47	45
gene11084	20	13	51	21	27	39	31	109	46	29	36	77	56	16	23	48
gene11085	2	2	5	1	7	9	0	9	15	1	9	28	13	2	5	10
gene11086	57	13	78	23	52	49	67	140	87	68	32	111	86	20	56	26
gene11087	291	142	450	272	175	301	408	533	340	322	246	437	408	106	343	211
gene11088	55	35	147	35	29	40	66	87	45	68	90	147	190	26	50	22
gene11089	523	358	1068	639	556	656	914	1332	783	851	717	1808	1444	369	577	570
gene11090	0	2	0	1	0	0	0	0	1	0	3	3	6	0	2	4
gene11091	22	3	10	8	12	34	25	16	7	11	6	55	57	3	5	0
gene11092	178	90	236	153	140	196	245	293	273	260	192	453	404	126	146	156
gene11093	0	0	11	2	6	4	7	2	2	1	2	1	3	0	4	0
gene11094	3	1	3	3	0	0	4	14	32	1	1	1	17	0	0	0
gene11095	124	96	286	132	347	462	504	1079	482	857	540	705	769	214	390	435
gene11096	74	36	126	77	66	99	119	129	93	81	116	154	153	23	91	101
gene11097	1656	672	3283	1494	1336	1894	2067	3061	2052	3708	1884	3994	3047	948	1441	1695
gene11098	17	18	21	35	10	33	33	51	13	56	25	142	108	6	49	32
gene11099	141	73	254	250	152	199	270	364	153	229	219	490	333	82	150	140
gene11100	488	127	619	301	248	476	641	901	568	672	428	1366	977	200	376	383
gene11101	0	0	4	1	0	1	2	0	0	0	4	21	3	0	1	3
gene11102	91	48	142	120	59	105	86	224	154	333	146	186	158	70	116	105
gene11103	556	242	1063	465	348	434	873	1197	943	1073	821	834	1159	212	829	565
gene11104	39	16	68	21	25	37	34	56	38	32	30	44	68	13	32	25
gene11105	207	58	493	168	118	196	199	434	252	526	222	291	360	79	276	184
gene11106	15	0	4	5	2	6	3	26	11	1	3	31	17	1	4	11
gene11107	190	87	434	169	125	250	347	476	297	385	280	529	448	118	285	216
gene11108	62	22	152	74	54	60	38	171	76	91	120	174	153	33	53	51
gene11109	7	0	6	7	30	34	7	193	13	48	124	40	18	12	59	35
gene11110	1	2	6	3	9	25	3	4	10	12	2	14	8	2	4	5
gene11111	17	1	17	22	1	6	12	2	17	3	2	9	11	2	5	2
gene11112	233	92	506	273	237	380	349	613	385	553	282	595	372	112	253	259
gene11113	94	29	117	51	39	91	103	255	56	97	115	193	141	53	72	56
gene11114	53	22	152	76	66	72	108	162	63	53	68	176	119	53	56	44
gene11115	512	317	1290	607	4487	5888	6527	12950	5619	10409	6889	14514	12513	2605	7669	5597
gene11116	671	293	1086	476	450	552	781	1259	757	1152	759	1591	1755	321	624	477
gene11117	178	104	420	146	155	214	204	480	206	384	201	530	352	106	174	231
gene11118	25	8	39	20	16	40	6	50	6	10	22	20	21	2	15	11
gene11119	19	3	11	19	7	2	1	13	7	5	9	1	19	2	1	1
gene11120	65	24	100	42	40	55	93	95	66	77	92	147	146	22	62	62
gene11121	84	41	169	82	27	37	66	48	41	23	47	68	35	17	46	32
gene11122	5065	2654	8507	4333	3246	5276	7722	9888	5491	7156	6206	12247	11008	2190	5769	4747
gene11123	1283	627	2254	1422	1812	2589	4596	6760	2976	3705	2886	6686	5008	974	2149	1882
gene11124	22	21	52	31	5	25	15	29	22	22	20	29	73	7	9	27
gene11125	7	4	8	1	5	16	4	3	33	2	22	92	18	4	3	4
gene11126	188	77	411	197	146	217	376	512	340	248	189	392	488	99	225	246
gene11127	3	2	22	10	8	7	20	58	8	21	9	37	45	1	18	28
gene11128	0	0	0	1	1	0	4	4	11	2	0	3	21	5	0	0
gene11129	0	1	0	0	0	1	0	0	0	0	0	0	0	0	0	0
gene11130	32	6	30	11	9	16	35	50	37	75	27	47	86	19	17	26
gene11131	682	378	1527	760	578	684	881	1358	938	1133	952	1563	1309	240	668	862
gene11132	18	7	11	0	27	30	108	51	15	14	16	146	67	23	13	19
gene11133	27	39	55	44	24	55	55	80	73	49	25	142	81	13	16	39
gene11134	27	5	60	22	8	27	26	67	8	10	14	62	19	11	12	23
gene11135	158	91	297	141	90	188	137	286	175	315	170	302	252	67	94	151
gene11136	37	22	116	34	40	40	50	78	45	39	43	113	78	22	60	42
gene11137	0	7	0	3	0	0	0	0	1	2	2	7	0	7	6	1
gene11138	91	67	222	113	117	125	147	277	112	157	192	191	234	45	117	94
gene11139	39	10	82	56	33	70	46	69	42	38	38	78	46	6	25	23
gene11140	24	11	24	11	11	16	45	47	11	11	32	35	13	15	2	35
gene11141	5	4	42	4	1	3	3	5	21	30	2	4	12	2	19	1
gene11142	6	5	29	11	18	7	41	16	21	28	12	47	21	1	8	11
gene11143	8	1	1	0	2	0	1	2	1	0	1	1	4	7	4	6
gene11144	44	17	81	40	29	64	40	119	41	95	42	74	145	20	59	47
gene11145	32	13	59	27	12	22	39	70	43	55	29	76	33	6	42	16
gene11146	49	8	67	56	32	47	35	131	52	100	54	45	79	12	34	43
gene11147	32	9	38	19	21	29	47	33	60	45	14	118	30	16	45	55
gene11148	2	6	10	5	10	18	5	18	14	3	14	19	22	0	2	3
gene11149	11	0	1	2	0	2	15	1	12	4	3	4	0	0	4	0
gene11150	29	7	35	32	168	115	165	465	82	236	196	284	180	62	164	156
gene11151	917	286	1941	756	542	718	1370	1737	1305	1382	966	1589	2029	423	718	655
gene11152	11	12	14	4	12	51	203	159	53	81	94	498	127	49	76	76
gene11153	6	5	6	5	3	5	2	28	5	1	11	9	14	6	0	9
gene11154	1259	573	2111	642	669	1080	1056	2547	998	1787	1134	2171	2269	604	1068	1315
gene11155	33	19	35	32	4	13	15	9	8	7	4	18	13	5	5	3
gene11156	46	15	24	6	24	25	54	30	26	42	29	31	103	13	27	24
gene11157	215	108	520	295	310	434	1008	568	839	662	408	1359	1425	232	366	457
gene11158	15	5	34	15	15	25	43	48	19	19	28	43	25	12	12	25
gene11159	7	10	17	46	15	35	17	65	32	30	18	71	43	7	26	7
gene11160	15	1	21	7	11	5	23	13	9	16	25	38	25	14	15	13
gene11161	214	150	415	150	119	314	287	450	368	398	382	553	453	89	248	258
gene11162	7898	5013	11618	7838	5923	9340	10694	16274	9102	14831	8070	20544	15318	4101	8541	6254
gene11163	1	0	0	5	3	0	14	0	10	8	1	5	1	0	4	2
gene11164	11	5	25	3	4	11	11	38	12	45	9	13	45	3	13	4
gene11165	4	0	5	0	0	2	3	0	1	0	0	0	0	0	0	2
gene11166	588	238	1235	735	477	791	898	1990	880	1118	766	1357	1307	340	792	566
gene11167	0	2	40	2	8	1	6	29	2	1	10	6	24	5	13	13
gene11168	0	1	11	2	0	1	0	0	5	2	0	12	2	0	2	3
gene11169	3	6	8	3	7	6	7	25	9	20	7	19	18	3	12	6
gene11170	4	0	44	0	2	7	11	2	20	14	15	13	13	3	8	9
gene11171	0	0	17	0	0	7	3	6	2	10	1	1	20	3	4	2
gene11172	3	2	4	10	8	6	11	20	24	25	4	40	26	13	4	14
gene11173	95	29	223	104	87	142	205	213	149	140	171	352	196	69	146	63
gene11174	635	334	855	443	479	672	839	1332	591	778	802	1387	1402	214	881	528
gene11175	76	32	68	56	40	76	35	96	45	73	66	164	121	23	72	51
gene11176	20	23	42	16	63	94	109	304	115	248	182	301	448	95	227	79
gene11177	9	10	20	22	19	16	29	106	27	13	30	92	59	20	10	17
gene11178	47	16	100	48	38	29	44	127	52	61	54	61	142	20	27	23
gene11179	32	19	30	45	24	25	24	72	18	61	27	38	76	10	21	26
gene11180	60	39	113	35	22	62	78	156	47	58	15	45	135	15	47	27
gene11181	1	0	16	3	2	2	1	5	3	2	9	9	38	0	7	6
gene11182	29	11	19	22	16	11	36	52	25	22	21	68	26	23	19	19
gene11183	148	66	150	96	26	53	43	74	52	51	41	114	104	20	24	37
gene11184	2	7	2	18	5	0	31	11	7	10	7	30	23	13	16	1
gene11185	89	49	166	115	20	21	52	41	32	26	30	67	63	16	23	23
gene11186	49	30	63	60	44	36	77	91	61	81	62	84	138	26	18	35
gene11187	0	0	0	1	1	1	12	3	0	0	0	0	0	0	0	0
gene11188	5489	2449	9036	4601	939	1114	1828	3307	1747	1666	2030	3636	2470	518	1115	1045
gene11189	90	32	124	21	54	50	118	221	67	108	85	88	119	23	57	64
gene11190	495	147	881	316	505	505	846	1269	640	1081	513	999	981	235	496	518
gene11191	167	83	344	103	104	140	175	416	290	238	357	477	337	80	146	110
gene11192	413	251	661	588	271	584	650	955	739	697	433	1269	1029	296	394	343
gene11193	514	365	1132	679	534	1032	939	1543	939	1007	906	1388	1757	338	534	558
gene11194	36	12	38	13	37	17	54	52	21	30	18	69	31	8	31	18
gene11195	75	66	164	91	85	103	124	266	194	122	199	292	246	49	137	128
gene11196	2	3	2	8	2	0	5	9	14	2	2	11	1	0	2	0
gene11197	2414	988	3560	1694	1522	2198	2815	4242	2548	3670	1877	4075	4774	968	1939	1734
gene11198	1	0	23	5	7	3	11	10	0	3	7	24	0	0	1	2
gene11199	623	147	1006	508	314	440	586	774	523	814	407	1112	848	179	288	460
gene11200	46	22	75	21	7	17	15	22	12	11	15	49	20	7	14	19
gene11201	2297	1079	3771	1584	1614	2972	2919	5739	2923	3128	1950	4728	3497	842	2014	1689
gene11202	472	226	572	510	297	541	654	950	571	608	397	1190	521	244	386	464
gene11203	12	3	27	1	1	7	11	2	11	0	11	27	21	0	1	1
gene11204	242	146	511	183	346	673	501	1169	939	923	533	903	796	238	483	429
gene11205	41	17	58	16	18	27	41	31	75	26	17	96	13	9	27	21
gene11206	107	88	170	92	20	21	38	36	31	32	10	48	53	13	22	12
gene11207	1	0	0	0	8	0	0	12	0	3	0	4	1	0	6	2
gene11208	112	59	281	131	136	143	198	254	171	191	144	356	299	74	137	94
gene11209	47	20	59	32	9	42	102	89	36	78	40	126	148	17	28	41
gene11210	330	158	776	333	291	515	452	704	401	686	497	957	687	152	293	269
gene11211	4	3	2	17	2	7	11	29	12	6	9	17	1	1	3	6
gene11212	213	214	595	303	364	281	491	504	360	518	324	941	755	109	488	325
gene11213	396	333	767	371	71	132	114	175	112	138	102	186	168	33	103	85
gene11214	1345	438	2242	964	172	159	290	612	211	328	211	371	418	90	131	209
gene11215	24	3	17	12	16	43	34	73	21	17	42	59	63	7	15	38
gene11216	50	30	38	15	14	30	34	35	25	45	59	56	88	17	42	14
gene11217	93	27	249	95	15	28	38	76	19	31	42	91	71	4	30	23
gene11218	0	11	19	12	19	7	30	29	15	27	27	22	21	9	20	19
gene11219	84	19	78	45	29	71	61	110	65	54	55	167	90	23	30	37
gene11220	17	2	49	10	12	9	44	99	46	68	18	27	28	10	9	13
gene11221	958	484	1562	779	663	810	1525	2067	1186	1390	1138	2476	1861	424	663	814
gene11222	506	228	768	407	380	564	639	1230	631	831	598	1569	1384	215	448	489
gene11223	16	15	38	28	22	28	53	39	39	24	28	50	72	8	20	7
gene11224	0	0	1	1	0	1	4	22	1	10	2	11	9	4	4	3
gene11225	0	0	4	0	0	0	0	6	0	0	0	0	0	0	0	3
gene11226	72	42	179	88	10	16	10	35	19	24	28	27	16	6	10	21
gene11227	0	0	0	1	1	0	0	0	0	0	0	2	0	0	0	0
gene11228	5	1	2	5	1	23	20	1	7	14	2	4	21	0	2	6
gene11229	1	1	1	3	2	7	25	4	2	19	12	26	5	2	1	4
gene11230	896	469	1439	664	614	1125	1378	2677	1291	1389	1130	2477	1614	402	838	755
gene11231	77	32	171	64	77	56	74	97	112	110	84	172	139	36	68	84
gene11232	598	266	890	525	552	661	664	1280	661	830	553	1079	1294	256	543	746
gene11233	46	27	81	38	53	29	38	143	51	116	33	107	167	14	49	40
gene11234	135	79	243	102	135	156	291	403	213	323	130	362	374	52	159	214
gene11235	31	10	22	8	22	34	27	21	22	12	12	23	63	9	16	6
gene11236	13282	5670	23547	14851	11053	17558	24369	27243	22191	21195	15484	39907	26498	8334	17144	14844
gene11237	70	38	207	69	75	75	187	171	97	160	113	249	189	54	90	126
gene11238	58	34	275	67	59	55	142	202	55	84	75	127	117	52	88	105
gene11239	4708	2173	9876	4493	3908	4839	7697	9415	5552	9293	5269	16408	7071	1818	5857	4733
gene11240	39	7	41	40	23	27	40	110	74	81	46	103	90	26	47	31
gene11241	65	40	122	120	38	113	125	295	143	79	92	134	209	64	101	82
gene11242	335	179	693	413	255	414	499	1056	550	745	307	809	640	196	445	399
gene11243	17	8	13	6	22	5	47	21	13	22	12	60	12	3	39	18
gene11244	19	10	21	10	14	13	11	30	9	37	21	52	37	10	4	5
gene11245	514	255	990	305	350	504	474	1190	654	889	497	1282	977	223	432	337
gene11246	18	11	60	17	12	31	30	65	25	31	18	77	12	3	15	3
gene11247	15	3	51	10	6	9	24	33	18	25	9	24	27	9	28	3
gene11248	15	2	12	0	8	2	5	3	8	6	1	2	0	7	4	9
gene11249	230	107	335	199	212	195	310	409	284	350	253	606	481	66	214	244
gene11250	1	3	7	0	5	1	11	7	0	1	2	3	3	0	0	0
gene11251	0	0	0	0	0	3	0	0	0	0	0	0	0	0	0	2
gene11252	60	29	154	55	56	115	137	197	80	146	92	126	208	14	34	63
gene11253	25	3	30	31	12	20	58	49	39	52	12	28	73	20	26	10
gene11254	0	0	0	0	1	0	0	1	0	0	0	0	0	0	0	0
gene11255	3151	1794	6240	3510	2619	3019	4382	8252	5520	5503	4023	9087	8797	2241	3820	3518
gene11256	8	16	22	22	9	23	49	47	22	38	27	98	35	14	42	19
gene11257	18	5	69	35	40	53	102	153	146	114	84	179	267	26	101	36
gene11258	0	0	1	0	17	32	47	30	4	83	45	82	46	1	53	16
gene11259	87	17	105	73	72	64	69	117	84	72	70	109	157	24	85	73
gene11260	14	10	48	3	16	25	42	53	20	29	15	10	60	5	23	13
gene11261	0	0	7	0	0	0	1	1	0	0	1	0	1	0	0	7
gene11262	513	149	828	562	794	779	1544	2279	1023	1451	921	1784	1343	452	791	859
gene11263	1	1	8	10	14	3	5	8	8	9	1	28	15	1	4	1
gene11264	0	6	3	8	1	15	2	1	7	4	9	1	20	1	4	2
gene11265	832	430	1719	756	277	519	459	953	412	717	562	1061	973	153	432	413
gene11266	4	1	6	1	1	7	2	13	3	2	9	10	0	3	1	1
gene11267	41	6	33	12	6	22	10	48	11	25	11	75	13	10	9	20
gene11268	106	32	121	40	53	61	120	337	64	158	127	175	188	41	72	90
gene11269	181	85	372	184	137	188	338	374	169	216	242	427	278	104	197	223
gene11270	177	135	464	219	209	163	356	583	273	441	168	670	374	105	296	179
gene11271	2	5	29	28	1	8	6	3	7	19	4	9	21	1	1	4
gene11272	14	9	1	8	4	10	4	18	25	2	3	28	33	13	8	8
gene11273	261	157	613	239	31	53	76	113	63	120	44	94	97	31	53	51
gene11274	372	289	742	355	276	497	577	885	456	671	407	1117	913	188	479	409
gene11275	0	0	4	0	2	1	1	1	0	0	0	6	0	0	0	0
gene11276	4270	1927	8216	4420	3162	5076	5456	9713	5758	8278	5455	10918	9541	2385	4391	4578
gene11277	40	24	50	21	37	24	50	80	40	28	23	74	95	16	23	22
gene11278	137	87	352	168	524	515	538	1200	992	876	607	756	879	181	665	471
gene11279	0	1	0	0	0	0	0	0	0	0	0	0	0	0	0	0
gene11280	3	0	3	6	1	8	7	2	10	0	4	18	19	1	4	2
gene11281	190	138	446	244	186	217	252	645	360	377	328	496	550	131	172	219
gene11282	47	19	108	43	36	23	58	61	89	81	40	160	92	23	45	52
gene11283	113	60	282	99	99	111	146	420	109	190	186	162	232	48	97	80
gene11284	40	12	20	29	36	43	82	136	66	86	30	182	103	25	40	31
gene11285	0	0	0	0	0	0	0	8	3	3	3	0	0	2	0	0
gene11286	26	9	18	19	7	23	14	8	21	13	10	58	34	4	21	12
gene11287	42	4	41	6	4	10	18	12	4	47	12	16	66	5	13	4
gene11288	32	11	72	46	37	54	46	129	81	114	58	156	88	19	43	47
gene11289	21	9	67	51	15	52	20	91	23	87	55	65	78	13	36	20
gene11290	34	6	8	2	1	6	3	4	14	1	9	12	5	1	2	1
gene11291	32	14	84	33	14	41	19	113	49	60	43	99	39	15	25	21
gene11292	0	0	0	0	0	0	0	0	0	0	0	0	0	0	1	3
gene11293	0	0	0	0	0	0	0	1	0	0	1	1	0	0	0	0
gene11294	162	72	416	160	79	216	310	595	237	353	179	398	355	74	260	187
gene11295	0	2	3	3	0	0	3	10	1	2	2	18	0	1	1	2
gene11296	5	4	27	12	10	12	6	12	0	1	6	19	19	5	19	4
gene11297	409	143	702	355	312	407	660	874	494	551	385	878	734	164	344	526
gene11298	62	22	178	65	41	36	112	132	112	144	73	118	68	53	61	31
gene11299	7346	3545	16084	7115	6563	8583	10212	20715	11990	12736	8975	18925	13938	4190	7531	6563
gene11300	114	21	79	73	98	58	67	262	155	98	90	190	115	52	61	61
gene11301	73	58	170	86	169	158	162	291	193	183	115	165	237	45	58	148
gene11302	22	9	64	45	27	62	49	58	36	50	36	53	31	17	43	26
gene11303	17	5	38	4	11	7	22	6	10	5	10	13	28	3	11	7
gene11304	0	3	0	0	0	2	2	0	0	0	0	18	3	0	1	2
gene11305	170	83	231	97	76	125	185	167	70	209	155	248	185	25	101	77
gene11306	1300	573	2704	1097	864	1512	2116	2675	1447	2160	1715	3459	2410	689	1303	1102
gene11307	233	112	415	234	176	205	295	595	346	432	228	479	431	106	151	135
gene11308	20	2	52	6	8	12	27	31	20	32	17	39	32	25	0	18
gene11309	1	2	7	0	0	0	0	13	1	4	1	3	0	4	5	11
gene11310	0	0	0	0	0	0	0	0	0	0	0	1	0	0	0	0
gene11311	779	400	1430	722	170	267	245	627	321	336	218	596	356	125	246	208
gene11312	20317	11214	40655	20425	17658	21821	28295	40046	21050	39438	18749	41668	43276	8753	22516	18843
gene11313	14	14	14	10	5	34	20	50	34	54	23	36	64	13	23	4
gene11314	76	65	187	138	62	115	148	216	126	187	77	317	172	46	101	85
gene11315	86	65	208	53	46	142	128	284	142	111	109	96	88	28	146	79
gene11316	1586	805	3607	1428	1559	1592	2963	3703	2749	2284	2191	5853	3814	923	2033	1294
gene11317	6	11	34	18	7	18	40	29	16	22	20	47	21	13	31	15
gene11318	42	9	44	27	3	6	10	47	7	11	31	19	14	8	7	10
gene11319	0	2	0	2	0	1	0	0	0	1	3	0	17	0	0	1
gene11320	9	10	24	18	31	14	25	36	21	31	25	53	52	5	19	5
gene11321	3276	1799	5835	2793	2658	2678	3864	6175	4048	4488	4111	6683	6735	1371	2260	2298
gene11322	141	109	364	246	129	350	261	536	316	476	197	637	429	160	166	268
gene11323	412	288	820	413	422	484	657	888	866	839	629	1448	1004	202	535	543
gene11324	382	170	729	275	238	298	397	1120	510	787	453	850	984	204	264	386
gene11325	11	8	16	28	92	147	287	280	227	319	266	380	435	61	164	197
gene11326	5	3	0	1	0	1	11	4	0	1	2	5	0	4	16	4
gene11327	51	40	117	42	44	41	86	55	101	115	38	111	119	13	64	54
gene11328	84	81	253	142	107	115	109	298	161	164	257	337	412	41	89	87
gene11329	542	290	1160	636	459	737	738	1302	751	900	832	1431	1378	246	675	574
gene11330	1099	784	2362	969	1235	954	1469	1979	1424	1924	1453	2892	2629	429	1104	1217
gene11331	3	4	17	11	9	11	22	1	10	5	14	26	19	14	6	14
gene11332	88	26	209	58	78	57	71	143	115	131	86	93	135	52	38	105
gene11333	5	0	7	14	7	2	5	24	3	2	4	12	15	0	0	3
gene11334	1065	587	1603	1068	2896	4810	6298	8155	4525	5455	6451	9150	7950	1526	5731	4259
gene11335	139	103	339	188	198	139	184	515	262	263	234	379	407	80	133	145
gene11336	70	36	124	53	30	85	106	126	82	76	86	191	122	42	72	45
gene11337	57	33	128	78	24	101	86	90	89	89	80	249	143	63	82	80
gene11338	29	13	17	16	26	27	17	22	20	30	16	36	28	9	23	17
gene11339	0	1	6	1	9	0	1	26	1	14	9	6	7	1	1	1
gene11340	16	8	23	15	12	10	11	31	11	22	26	16	48	3	11	33
gene11341	160	92	447	220	150	260	356	418	271	209	249	450	354	73	174	177
gene11342	31	18	133	44	61	49	49	93	49	109	79	123	94	23	61	80
gene11343	20	2	13	6	4	3	2	18	8	2	8	24	7	2	1	12
gene11344	37	3	19	8	14	38	33	61	25	24	8	54	16	4	10	1
gene11345	8	8	29	19	24	9	5	44	29	20	10	38	57	15	20	37
gene11346	48	23	220	79	63	64	75	130	100	141	58	203	145	36	122	74
gene11347	268	128	454	251	241	250	418	661	266	378	169	633	501	126	202	226
gene11348	19	5	3	6	0	1	15	42	15	3	2	6	17	10	3	6
gene11349	747	381	1592	868	801	864	1184	2446	1137	1418	691	2267	1687	413	630	738
gene11350	29	16	23	29	29	24	46	61	37	103	28	67	27	24	23	36
gene11351	13	3	19	5	3	14	8	10	10	12	11	6	16	2	25	9
gene11352	805	532	1428	724	753	1157	1282	2204	951	1080	892	1929	1379	343	723	810
gene11353	0	0	10	0	0	0	0	0	7	1	0	0	0	0	0	0
gene11354	30	21	12	35	24	41	51	107	36	71	26	23	68	16	35	25
gene11355	18	7	32	24	12	25	8	63	29	28	15	37	53	13	12	14
gene11356	58	30	101	58	46	61	73	148	88	122	70	102	101	23	53	66
gene11357	1735	763	4027	1688	1582	2334	2387	4455	3051	3071	2030	5135	3957	873	1835	1678
gene11358	67	24	264	86	105	118	172	288	206	93	96	247	226	54	106	127
gene11359	7	5	22	6	24	14	54	71	3	21	52	86	11	24	31	25
gene11360	17	8	27	25	22	23	54	30	40	39	48	148	33	6	18	10
gene11361	66	30	130	47	54	58	29	102	37	89	45	107	120	21	51	32
gene11362	165	79	239	148	106	160	155	377	273	243	180	344	406	95	181	216
gene11363	420	224	535	296	461	489	686	1102	685	653	761	1072	1028	208	309	563
gene11364	1	1	0	0	0	0	6	4	0	0	3	3	0	0	4	1
gene11365	17	10	42	18	3	7	20	15	27	31	28	28	9	11	19	18
gene11366	61	50	184	102	67	53	63	183	104	141	77	114	191	38	81	75
gene11367	0	0	2	3	3	0	23	0	0	12	10	0	4	1	3	0
gene11368	120	35	115	79	52	129	165	190	141	155	58	206	220	14	118	81
gene11369	83	45	221	48	88	148	161	163	118	174	118	368	237	31	83	92
gene11370	0	6	0	0	0	0	0	0	0	0	1	0	0	0	0	0
gene11371	60	49	172	42	80	121	140	212	145	170	112	193	270	56	93	97
gene11372	172	81	381	170	137	200	252	547	277	340	250	246	353	144	140	142
gene11373	213	100	260	171	162	196	178	466	232	341	245	521	271	97	162	188
gene11374	1832	863	4679	1689	1198	2368	2868	4269	2372	3063	2273	5481	2973	1200	2222	1683
gene11375	356	165	497	356	281	456	481	735	536	493	466	610	727	147	451	351
gene11376	549	296	1003	455	305	521	509	1105	554	906	515	1145	888	242	380	470
gene11377	15	15	30	26	28	22	23	68	49	38	23	62	37	13	31	39
gene11378	5	2	2	3	5	4	13	22	10	10	0	7	7	0	2	6
gene11379	2	0	13	3	8	22	7	3	2	18	2	4	1	0	7	8
gene11380	11	0	0	5	6	2	3	3	3	2	1	6	1	4	0	8
gene11381	14	0	15	9	7	3	28	6	11	3	3	17	19	2	8	5
gene11382	285	152	504	194	203	313	452	644	491	507	345	538	683	147	376	371
gene11383	14	9	20	11	9	26	32	53	10	46	9	41	5	3	18	5
gene11384	113	32	145	149	110	134	108	426	112	167	140	195	211	72	105	126
gene11385	82	13	67	50	32	43	85	101	88	60	71	149	116	29	59	73
gene11386	0	0	0	0	0	0	0	0	0	0	1	1	3	0	0	0
gene11387	227	112	331	164	120	185	235	354	151	275	274	465	352	58	220	164
gene11388	22	7	16	3	13	18	8	80	22	30	34	28	35	8	11	19
gene11389	0	0	0	0	0	0	0	0	0	0	0	0	0	0	0	0
gene11390	21	7	52	14	20	44	9	33	12	35	21	52	58	12	22	16
gene11391	0	1	0	1	6	13	3	17	3	3	11	3	3	2	1	14
gene11392	0	2	0	0	0	0	0	2	0	0	2	0	0	0	0	2
gene11393	157	69	360	101	174	140	216	286	226	180	283	394	437	86	109	131
gene11394	5	7	14	7	11	4	5	11	7	1	13	45	16	1	4	9
gene11395	24	24	70	13	12	20	11	37	22	37	22	24	35	7	12	16
gene11396	66	49	66	54	36	43	98	137	58	84	106	79	136	22	84	51
gene11397	48	25	122	32	39	56	58	102	58	84	58	82	93	19	40	44
gene11398	3137	1270	6382	3256	2312	3845	3720	8129	4006	5407	4179	8144	6279	1870	3444	3688
gene11399	197	82	259	122	137	187	247	370	183	280	189	319	424	72	168	135
gene11400	160	93	476	247	234	223	282	601	317	212	202	363	554	120	289	182
gene11401	50	27	125	61	35	67	60	241	85	121	19	109	66	28	48	48
gene11402	335	262	953	515	109	196	192	439	216	240	187	393	369	68	124	236
gene11403	151	96	327	137	148	161	197	496	281	279	200	265	462	98	169	123
gene11404	584	301	1459	648	330	715	868	1217	832	1050	620	1951	1556	267	646	518
gene11405	12	5	23	20	35	27	20	40	11	18	4	16	43	10	27	8
gene11406	33	14	156	24	39	43	71	116	65	99	90	114	62	26	63	53
gene11407	63	39	146	91	66	105	114	194	108	163	94	287	218	41	59	60
gene11408	11	7	26	8	7	6	20	31	14	21	3	15	6	8	6	2
gene11409	1439	721	3389	1693	232	280	549	637	332	358	384	605	590	99	375	326
gene11410	115	73	173	89	125	40	124	204	157	148	168	183	295	47	88	120
gene11411	5	7	31	6	16	12	12	28	30	34	26	24	47	5	3	26
gene11412	69	36	194	97	68	43	83	235	119	144	117	206	179	37	94	50
gene11413	67	34	168	93	61	121	108	211	94	110	93	137	215	37	60	55
gene11414	31	15	51	24	10	19	26	44	31	22	38	54	27	9	14	7
gene11415	74	20	82	40	42	46	74	206	38	56	63	58	127	18	65	41
gene11416	0	3	1	6	18	0	1	24	2	4	9	15	4	0	5	27
gene11417	8	1	0	7	0	1	9	16	3	3	0	22	2	3	19	1
gene11418	40	15	69	29	20	45	32	93	14	54	27	54	66	9	50	24
gene11419	50	12	64	49	49	64	81	153	61	121	50	159	103	22	75	51
gene11420	63	13	96	57	49	69	72	102	37	145	45	134	137	28	43	38
gene11421	0	2	0	0	0	0	2	0	0	10	2	2	0	0	2	0
gene11422	412	162	813	375	255	439	408	918	536	739	425	1128	725	216	318	364
gene11423	52	23	128	42	45	85	126	166	96	188	93	123	131	25	55	82
gene11424	7	3	57	8	32	56	8	80	25	22	53	208	46	9	31	27
gene11425	339	205	723	309	277	379	497	1127	346	590	399	977	692	231	400	412
gene11426	313	119	495	231	183	154	525	626	317	458	295	759	731	149	276	259
gene11427	22	14	60	21	16	48	22	75	27	117	56	169	44	9	47	44
gene11428	12	20	46	17	7	7	4	18	2	12	4	10	5	0	5	4
gene11429	8	4	49	17	2	6	16	34	10	15	18	24	24	1	4	3
gene11430	1	10	6	8	2	1	10	3	11	0	0	4	7	2	1	4
gene11431	1490	714	3738	1665	207	218	230	651	334	527	343	576	469	125	303	333
gene11432	1276	446	2363	848	814	1187	1563	2652	1451	1693	1730	2949	1759	609	940	943
gene11433	33	21	62	22	39	50	60	159	67	112	175	138	143	25	62	57
gene11434	20	10	70	11	8	34	25	32	19	18	26	51	54	10	40	15
gene11435	11	1	11	5	0	5	1	0	2	8	1	4	6	2	1	5
gene11436	17	2	3	2	0	12	9	19	13	8	2	11	9	2	7	3
gene11437	17	5	26	16	47	23	34	62	27	46	24	15	3	10	15	21
gene11438	242	174	387	237	225	228	387	470	344	340	399	675	506	130	231	233
gene11439	29	6	49	14	2	3	26	14	2	23	10	16	22	6	18	7
gene11440	679	314	1395	696	596	977	984	1714	877	1069	850	1866	1491	453	567	763
gene11441	3	1	2	3	4	3	5	5	6	0	0	28	20	0	8	4
gene11442	632	203	1099	432	586	512	804	1169	814	1145	554	1486	1263	333	625	415
gene11443	14	5	7	15	9	17	2	13	20	9	8	10	21	8	8	9
gene11444	26	12	64	24	12	45	76	155	32	54	16	62	55	12	44	31
gene11445	4320	2311	11213	4859	2979	4086	6951	12934	7126	6617	6603	11601	10821	2229	5022	5745
gene11446	18	26	148	52	27	28	64	66	33	41	83	47	83	9	30	32
gene11447	50	27	67	23	46	73	87	128	64	54	57	135	121	20	53	27
gene11448	0	0	0	5	0	0	1	0	0	0	0	0	1	0	8	1
gene11449	114	21	157	74	28	87	74	136	132	115	81	218	78	29	75	57
gene11450	125	57	208	151	104	105	118	225	186	208	66	389	208	51	108	125
gene11451	44	18	91	47	56	46	57	77	52	42	41	60	88	8	16	36
gene11452	3874	1963	6519	3226	8407	14972	17659	28047	12477	20280	13636	39511	19450	5234	8637	12618
gene11453	75	37	130	27	41	61	84	96	35	109	64	162	116	23	57	51
gene11454	1326	670	2456	1368	798	1453	1270	3420	1470	2468	1618	3531	2780	689	1571	1477
gene11455	487	208	1014	390	195	450	487	1212	616	731	630	1066	822	184	422	448
gene11456	95	59	258	73	141	127	192	271	172	154	59	207	272	47	109	121
gene11457	119	60	314	96	100	132	106	167	83	184	131	263	273	76	106	127
gene11458	19	10	34	8	15	11	22	25	27	36	6	32	14	9	12	18
gene11459	119	70	205	65	87	90	114	268	134	197	135	292	145	46	141	96
gene11460	9	0	0	3	2	0	2	0	0	6	0	7	1	1	0	3
gene11461	18	6	15	18	6	25	23	39	25	9	10	18	30	7	25	15
gene11462	50	45	121	84	79	62	111	222	120	110	128	271	163	34	53	67
gene11463	173	48	262	106	171	119	176	353	159	257	179	484	318	94	72	116
gene11464	91	25	76	25	257	304	414	798	167	462	259	648	624	210	143	422
gene11465	7	1	8	0	5	13	18	0	5	5	9	1	0	0	1	2
gene11466	1	3	9	3	32	19	18	88	45	4	49	21	36	25	5	41
gene11467	23	12	23	12	23	36	21	16	11	17	15	22	11	6	14	3
gene11468	39	24	139	51	78	55	51	126	67	85	58	110	103	31	63	45
gene11469	103	51	217	83	93	170	205	461	186	262	138	333	207	46	163	142
gene11470	461	139	682	652	407	497	544	991	555	1131	533	1115	806	235	300	423
gene11471	772	301	1339	686	550	521	893	1206	764	995	710	1548	941	380	704	632
gene11472	435	142	979	382	279	341	486	751	444	461	412	812	834	169	299	279
gene11473	22	15	54	23	32	19	69	36	29	43	18	118	31	30	7	14
gene11474	12	2	21	15	1	2	5	2	5	9	1	6	3	4	2	4
gene11475	3	0	3	1	0	1	3	1	5	1	16	12	12	0	0	5
gene11476	1	0	0	3	3	0	0	0	0	0	0	0	0	0	3	3
gene11477	472	240	591	519	353	516	756	952	443	652	596	1120	1115	204	405	465
gene11478	376	143	901	247	255	366	552	956	429	476	392	847	726	115	225	347
gene11479	31	27	83	51	47	68	99	157	81	128	83	142	81	59	77	66
gene11480	24	17	45	15	33	69	49	38	26	35	43	89	108	12	30	38
gene11481	686	456	1804	790	697	851	1480	1970	1365	1542	1073	2107	1788	564	1241	877
gene11482	20	13	22	23	8	20	30	40	47	26	30	68	68	20	30	16
gene11483	1743	762	4664	1644	228	411	505	754	367	511	405	913	846	130	331	439
gene11484	16	13	46	19	9	11	9	32	13	39	22	20	43	14	3	34
gene11485	1501	645	2412	1074	846	1577	1753	2571	1798	2063	1360	2440	2446	570	1207	959
gene11486	18	2	29	7	25	10	25	40	25	5	12	14	35	8	18	18
gene11487	2170	1072	5299	2020	803	1229	1478	2054	1039	1445	1062	1913	2425	409	942	889
gene11488	12	18	41	30	19	31	48	43	5	20	12	45	46	8	39	12
gene11489	12	5	22	4	12	6	16	43	4	9	15	6	23	6	5	16
gene11490	1783	1076	3288	2181	3666	4135	4382	8863	4659	6310	5438	9953	11048	1471	4289	4508
gene11491	0	0	0	1	0	1	0	0	1	0	0	2	0	0	1	0
gene11492	30	6	28	25	12	48	48	50	31	52	13	84	36	4	23	20
gene11493	50	12	86	65	19	30	59	56	50	45	57	166	107	10	39	62
gene11494	212	63	390	166	281	222	411	582	282	307	247	518	383	156	226	233
gene11495	275	127	701	376	268	373	299	810	379	529	412	584	584	126	315	351
gene11496	10	0	3	2	14	7	4	141	14	4	0	35	2	1	0	6
gene11497	157	71	267	126	333	592	914	1696	600	549	450	1142	821	232	630	536
gene11498	1404	957	3099	1365	1303	1929	2191	3511	1548	2634	2006	4208	3949	606	1762	1611
gene11499	243	149	443	286	885	1624	1615	2416	1548	1849	1333	2314	1681	438	1779	814
gene11500	36	16	142	73	40	82	91	169	103	123	72	102	59	33	56	59
gene11501	2	2	4	2	29	33	17	131	16	18	44	0	21	9	16	40
gene11502	48	19	172	67	87	53	70	65	59	90	92	128	173	20	86	56
gene11503	223	47	310	141	106	155	192	452	161	233	134	358	351	75	187	144
gene11504	18	23	64	12	7	13	14	16	10	24	12	21	23	3	22	14
gene11505	42	23	125	51	47	27	31	88	78	58	58	144	149	22	46	17
gene11506	21	9	20	12	11	16	19	25	20	24	43	25	35	2	12	8
gene11507	11	2	61	5	7	10	8	29	16	26	8	1	44	6	6	6
gene11508	12	10	7	15	19	7	6	31	10	26	7	13	15	12	7	14
gene11509	93	43	281	59	63	85	98	223	113	162	147	127	100	63	113	62
gene11510	1	0	5	9	0	6	0	7	2	2	1	4	4	0	4	1
gene11511	13	12	72	24	71	31	70	46	50	120	30	91	35	13	34	25
gene11512	35	22	5	17	17	23	23	33	15	4	25	37	27	0	24	8
gene11513	27	17	67	18	16	14	9	44	17	19	17	22	17	3	14	14
gene11514	45	13	63	43	16	28	51	80	33	83	48	142	85	15	21	51
gene11515	22	14	65	23	14	38	41	57	51	15	25	82	41	12	24	16
gene11516	757	503	1455	852	925	1124	1281	2603	1118	1168	1331	2116	1200	413	1138	1008
gene11517	25	14	32	46	31	47	56	51	60	45	37	131	62	15	55	24
gene11518	3	2	0	1	0	2	0	1	0	12	0	2	12	0	2	2
gene11519	4484	2072	10012	3393	2887	5345	6321	12042	5726	6629	4883	9026	11041	1755	3533	3989
gene11520	585	281	1012	462	342	573	571	1030	700	891	583	1031	706	320	422	298
gene11521	3	0	4	12	2	1	0	5	4	3	21	8	18	2	2	8
gene11522	539	269	1067	592	500	810	1196	1332	772	1026	693	1341	1380	257	577	513
gene11523	1040	388	1298	637	622	751	1121	1383	806	1236	1037	1858	1933	348	756	738
gene11524	1611	714	2414	1094	296	414	561	872	377	567	476	840	705	125	278	301
gene11525	18	4	27	15	4	16	6	22	8	7	14	12	11	5	8	10
gene11526	26	8	47	22	18	23	43	92	44	91	37	81	36	12	20	43
gene11527	2	6	33	7	6	11	34	12	9	11	26	13	11	8	12	4
gene11528	0	9	9	5	8	6	25	38	5	2	2	31	9	9	7	2
gene11529	2	3	0	7	0	9	2	3	0	5	2	7	2	0	16	2
gene11530	28	29	53	45	37	71	55	117	65	65	37	89	99	31	56	37
gene11531	37	37	97	31	20	32	47	89	46	46	33	107	113	7	54	24
gene11532	1539	673	2943	1024	930	2278	2733	4075	2105	2610	2005	4596	3086	783	2087	1283
gene11533	2211	587	2979	1522	1327	2310	3018	3219	2460	1901	1471	4082	3332	619	1972	1506
gene11534	617	399	1036	677	664	863	878	1787	701	893	686	1627	1312	324	698	648
gene11535	0	0	5	2	0	0	0	11	0	0	0	0	0	0	1	1
gene11536	36	15	67	24	58	79	79	283	84	100	51	259	197	29	41	137
gene11537	529	275	948	474	356	600	657	1510	723	943	535	1543	1489	253	573	693
gene11538	72	21	117	110	57	50	58	174	93	150	80	217	122	36	77	48
gene11539	228	105	622	158	182	293	302	601	269	329	221	512	671	107	298	155
gene11540	0	1	1	0	0	0	0	0	0	0	0	0	0	0	0	0
gene11541	16	14	12	12	11	9	48	16	29	66	7	41	23	4	7	23
gene11542	8	10	9	4	12	4	12	6	17	18	2	29	4	0	5	10
gene11543	1754	916	3383	2305	1255	1443	2630	3166	2000	1913	2193	4430	3690	994	1713	1371
gene11544	10	3	5	12	2	14	9	25	2	4	10	12	3	1	19	2
gene11545	1	0	0	0	0	0	0	1	0	0	0	0	1	1	0	0
gene11546	30	13	42	19	110	102	170	154	106	115	87	278	116	26	48	98
gene11547	5	2	6	10	14	5	13	30	1	7	9	10	14	3	3	4
gene11548	0	0	0	0	0	0	0	0	0	0	5	0	0	0	0	0
gene11549	55	16	30	18	31	31	61	48	62	34	34	42	52	4	25	18
gene11550	186	60	238	160	71	194	194	456	337	258	173	325	259	67	182	136
gene11551	12	20	38	21	13	25	32	102	49	24	29	59	38	3	12	20
gene11552	36020	16471	44610	29276	21897	30545	53309	67424	36138	40943	35447	66600	70798	14325	25178	28993
gene11553	337	170	600	274	205	310	381	615	398	497	446	640	709	138	333	315
gene11554	98	27	189	86	41	123	107	136	73	232	98	155	154	30	61	73
gene11555	34	25	51	24	26	54	64	53	50	48	51	38	126	27	24	45
gene11556	484	247	1627	737	499	711	1032	1290	1012	1227	901	1236	1624	326	629	629
gene11557	113	38	229	92	72	97	82	269	149	183	125	177	229	58	140	101
gene11558	165	73	323	119	122	202	255	329	267	192	173	390	387	69	173	212
gene11559	1000	390	2053	992	644	924	1308	1830	1437	1130	1345	2099	2184	373	1070	829
gene11560	150	78	426	140	104	192	151	398	206	242	219	345	235	76	132	138
gene11561	1	0	0	1	3	0	7	1	0	9	6	38	7	0	9	1
gene11562	277	120	596	235	221	316	411	547	425	391	328	1095	594	155	234	273
gene11563	579	300	864	496	389	628	748	970	831	1021	630	1493	1166	227	524	619
gene11564	170	47	277	151	127	243	228	344	125	202	221	341	269	98	134	166
gene11565	25	27	81	31	16	43	43	90	41	38	30	72	110	15	41	49
gene11566	23	22	41	14	14	35	26	56	40	37	11	80	66	7	8	37
gene11567	116	42	183	113	98	124	158	158	102	153	93	221	171	64	107	81
gene11568	741	427	1388	514	678	1108	1442	2000	971	1284	783	1711	1292	315	662	761
gene11569	1	3	1	4	3	13	1	2	0	0	1	13	6	1	3	0
gene11570	5	2	13	3	5	2	0	10	1	4	7	7	0	5	0	2
gene11571	446	189	967	513	479	541	790	1400	659	653	755	1302	1471	227	489	476
gene11572	37	52	109	64	44	49	111	166	146	128	67	171	159	19	80	65
gene11573	791	345	1527	781	578	808	1111	2016	936	1435	1025	2166	1661	357	771	930
gene11574	119	46	243	145	89	146	198	316	197	163	131	219	239	60	146	145
gene11575	125	78	178	140	100	126	211	253	254	195	177	239	194	58	97	126
gene11576	1136	607	2760	1103	928	2023	2241	3025	1924	2221	1671	2893	2999	687	1036	1189
gene11577	133	45	190	83	108	85	217	331	168	140	187	225	241	42	87	150
gene11578	465	252	1206	442	394	617	1058	1107	695	765	723	1330	1127	264	578	648
gene11579	1387	621	2412	1196	865	1476	1543	3576	1311	2759	1821	2631	2385	521	1248	1693
gene11580	0	7	11	2	4	17	18	12	1	14	6	18	5	2	7	13
gene11581	10	8	14	10	8	11	26	38	11	2	5	32	31	5	20	5
gene11582	178	123	411	213	139	228	254	474	300	371	282	612	406	134	166	172
gene11583	3	1	2	3	0	3	2	2	0	1	1	1	2	1	1	1
gene11584	2	4	3	20	2	6	3	18	9	4	2	10	35	2	10	0
gene11585	168	73	313	157	68	196	169	263	156	282	184	340	403	73	105	174
gene11586	36	26	149	45	34	87	66	62	63	70	85	244	186	33	74	40
gene11587	1	4	1	8	4	0	1	0	1	18	2	10	0	0	2	2
gene11588	22	15	29	42	18	16	48	12	33	23	13	34	27	5	14	19
gene11589	1	0	13	7	7	6	1	6	3	6	1	5	13	6	0	0
gene11590	384	145	769	424	292	540	403	886	569	595	424	1009	976	213	381	260
gene11591	806	483	1600	782	520	772	1004	2221	880	1396	1348	2135	1585	320	748	683
gene11592	2	1	3	0	4	0	0	5	0	0	6	0	1	2	0	0
gene11593	6	5	16	7	6	6	19	66	5	28	5	31	11	13	3	6
gene11594	21	13	47	43	20	33	53	58	52	33	42	47	74	17	21	26
gene11595	551	252	893	464	283	421	621	1080	742	571	430	775	757	237	494	512
gene11596	0	0	10	2	1	4	0	0	0	3	5	1	1	1	2	7
gene11597	14	4	18	6	11	31	9	20	28	3	13	24	18	1	13	6
gene11598	7087	2932	10769	4817	6269	8158	5734	15564	7285	9541	7265	13538	12081	2034	6686	6682
gene11599	189	84	502	126	136	298	278	472	200	230	207	420	352	96	253	143
gene11600	30	10	113	42	23	20	65	118	43	102	43	125	48	17	53	41
gene11601	31	5	25	31	22	22	31	54	21	15	27	69	47	6	43	22
gene11602	558	283	1634	521	544	794	838	2086	666	1109	777	1723	1263	346	754	593
gene11603	419	263	884	475	383	511	607	1291	774	895	344	1525	993	284	427	414
gene11604	1788	745	3837	1706	1675	2278	3037	4794	2532	2640	2495	4618	3247	828	2315	1653
gene11605	132	43	215	92	100	80	79	283	147	177	103	277	144	45	95	112
gene11606	39	17	72	37	27	24	40	62	33	29	26	93	50	27	25	18
gene11607	2159	989	4143	2335	1912	2725	2934	5686	3064	2922	2330	6014	5150	1156	2471	2850
gene11608	17	6	28	12	7	19	2	32	8	40	4	26	23	8	8	3
gene11609	93	45	169	60	68	52	88	169	112	69	131	148	125	17	91	67
gene11610	29	3	35	12	8	11	31	27	25	26	10	9	33	6	38	8
gene11611	45	44	184	51	58	93	73	127	74	105	91	124	111	33	63	54
gene11612	10	14	44	2	5	13	10	11	2	22	6	27	11	7	10	8
gene11613	914	450	1709	1021	708	1134	1489	2578	1776	1966	1295	2782	1700	670	993	1235
gene11614	0	0	0	0	0	0	0	0	0	0	0	0	0	0	0	0
gene11615	14	10	63	21	5	25	22	32	28	9	13	36	13	18	11	3
gene11616	71	16	215	60	59	102	64	160	132	84	81	186	75	37	53	70
gene11617	13	1	23	8	14	2	10	18	22	11	8	22	14	0	6	10
gene11618	1	0	1	4	5	3	8	10	2	4	1	38	41	1	2	1
gene11619	0	0	1	0	0	0	1	1	0	0	4	0	0	0	1	0
gene11620	0	0	0	0	0	0	0	0	0	0	0	2	0	0	0	2
gene11621	2077	529	3543	1755	1055	1527	2797	4410	2622	3135	2091	5055	4530	880	1621	1630
gene11622	52	39	25	11	49	40	30	125	25	60	22	101	21	23	36	10
gene11623	86	25	86	62	65	19	45	153	56	141	54	203	88	26	80	54
gene11624	161	117	530	228	220	302	183	703	217	410	280	675	297	131	165	185
gene11625	101	36	82	94	61	57	58	128	91	134	61	168	104	41	75	25
gene11626	21	11	14	13	23	4	38	24	14	18	13	43	29	23	12	9
gene11627	8	5	26	7	8	5	11	35	1	23	7	25	8	3	5	11
gene11628	4	0	0	0	0	0	1	7	0	0	2	0	0	0	3	0
gene11629	7	6	10	19	10	17	17	18	24	5	18	24	23	4	3	5
gene11630	51	34	84	40	40	95	81	115	140	123	74	195	157	35	98	67
gene11631	139	64	261	107	113	114	232	343	231	174	143	309	155	81	230	143
gene11632	203	73	408	178	140	160	300	456	252	362	238	294	444	61	212	237
gene11633	148	99	261	268	126	200	271	313	346	326	187	380	503	84	209	150
gene11634	34	7	108	56	19	27	22	92	28	46	19	35	66	7	9	18
gene11635	24	0	24	11	5	28	24	34	15	15	2	70	98	6	12	17
gene11636	136	67	271	87	117	219	272	452	169	270	136	381	413	76	154	202
gene11637	377	201	965	344	326	425	362	984	706	554	445	815	825	205	406	498
gene11638	29	8	42	11	15	28	27	32	21	15	24	64	90	14	10	12
gene11639	56	28	86	61	7	61	25	116	34	63	19	119	58	22	53	50
gene11640	353	164	823	417	383	457	641	1010	699	860	533	1290	813	257	518	425
gene11641	143	71	481	134	114	270	399	521	306	268	255	401	495	76	124	165
gene11642	2	0	1	4	0	1	1	0	2	5	0	7	14	0	0	1
gene11643	331	177	604	329	414	400	363	786	665	518	348	820	733	152	436	418
gene11644	73	50	112	77	63	117	100	163	75	76	113	241	130	37	54	69
gene11645	1	0	1	0	0	0	0	0	1	0	0	0	0	1	0	0
gene11646	31	19	83	43	28	53	58	116	46	46	50	114	81	31	44	60
gene11647	25	10	68	16	29	32	42	54	55	22	18	85	54	9	19	5
gene11648	326	158	694	297	315	416	529	791	337	457	430	971	464	161	294	292
gene11649	0	0	0	0	0	0	1	1	1	0	0	0	0	0	0	0
gene11650	17	5	8	42	7	10	12	13	18	18	11	27	9	7	8	4
gene11651	20	6	12	8	6	29	2	46	17	32	12	31	46	1	7	15
gene11652	21	17	90	74	41	13	38	81	60	57	47	113	73	19	79	22
gene11653	74	8	172	46	39	61	96	186	108	75	102	155	213	21	37	74
gene11654	22	18	68	35	21	32	33	78	36	31	26	99	39	16	52	18
gene11655	3380	1555	9071	4026	3182	4418	5997	7516	6039	6120	4294	12647	7412	1381	4180	3091
gene11656	6	5	41	19	12	12	33	15	11	10	0	23	8	6	6	18
gene11657	38	19	77	22	18	47	32	59	50	84	35	59	108	11	33	16
gene11658	116	50	295	107	262	544	631	883	570	465	465	559	670	202	300	256
gene11659	147	89	518	175	124	173	243	404	262	247	236	540	534	76	176	216
gene11660	77	46	171	80	79	118	129	315	144	140	78	122	206	38	119	133
gene11661	113	70	148	107	94	96	170	272	147	291	101	124	397	74	96	82
gene11662	26	2	51	16	12	23	28	60	45	82	38	65	94	23	38	19
gene11663	1164	536	2128	1048	1149	1396	1818	3659	1793	2204	1388	3301	3099	533	1441	1450
gene11664	243	163	613	215	254	314	457	687	319	559	365	783	618	126	284	281
gene11665	3	0	8	2	0	8	0	0	0	0	0	0	0	1	2	3
gene11666	5764	2798	7910	4427	2904	4128	5652	9769	6333	7139	4249	9777	9045	2793	4755	4512
gene11667	1	0	0	1	10	1	0	10	7	17	0	1	1	0	0	0
gene11668	55	43	84	37	57	34	124	169	105	114	69	194	195	35	83	84
gene11669	13	7	11	10	2	21	19	18	10	24	12	30	12	5	15	8
gene11670	72	34	57	60	44	61	99	149	86	113	48	179	106	28	66	48
gene11671	99	81	219	129	121	133	185	311	190	274	147	303	228	58	125	181
gene11672	92	35	241	56	40	162	119	255	114	165	80	288	132	43	139	74
gene11673	24	17	37	33	60	29	80	70	71	49	53	175	129	16	45	62
gene11674	3	0	3	2	5	0	2	0	2	1	4	1	2	0	1	0
gene11675	84	11	87	26	46	42	38	97	82	77	75	48	107	24	35	58
gene11676	65	38	119	49	48	93	113	220	71	106	110	110	112	22	103	38
gene11677	377	205	571	252	274	358	611	1039	510	565	335	486	697	123	384	260
gene11678	0	0	0	1	0	0	0	0	0	0	0	0	11	0	0	0
gene11679	23	15	16	42	12	17	13	26	28	11	13	44	50	4	31	21
gene11680	75	27	114	49	203	284	357	699	380	329	407	424	365	88	288	170
gene11681	69	64	185	81	98	57	130	309	118	170	127	141	268	58	107	86
gene11682	6	0	21	3	1	4	0	4	4	2	2	6	9	2	0	14
gene11683	85	40	69	59	7	15	27	55	16	45	25	33	36	8	14	31
gene11684	210	112	305	207	400	623	618	1135	784	1024	403	916	792	202	677	408
gene11685	83	31	148	91	338	388	431	1050	562	586	298	804	874	209	506	448
gene11686	273	154	327	258	179	306	366	350	396	333	289	624	736	141	296	337
gene11687	24	23	51	22	2	1	12	9	10	4	6	16	11	3	3	3
gene11688	8	1	18	5	0	21	10	7	10	2	3	13	35	5	3	4
gene11689	48	19	127	29	276	237	351	914	656	248	434	813	1038	210	248	264
gene11690	2	0	21	8	7	4	9	6	13	6	3	39	19	3	6	11
gene11691	75	39	148	68	25	107	61	232	88	106	62	73	144	30	44	39
gene11692	143	40	254	82	79	90	110	226	132	157	118	220	259	52	128	112
gene11693	2	0	0	5	8	0	4	1	3	24	2	26	12	0	0	3
gene11694	32	9	24	46	39	70	34	50	85	50	53	130	87	9	38	48
gene11695	107	65	181	124	97	122	220	335	142	245	149	307	270	57	107	137
gene11696	0	0	1	3	3	3	5	34	11	11	0	7	11	2	0	0
gene11697	208	88	390	210	137	160	373	359	271	419	221	598	448	83	222	260
gene11698	2274	1212	5337	2633	1598	2427	3133	6954	2823	5454	3006	5901	6430	1436	2056	2534
gene11699	0	0	0	0	0	0	0	0	0	0	0	1	0	0	0	0
gene11700	129	45	206	113	96	145	109	213	169	119	135	209	155	52	123	124
gene11701	23	12	46	35	8	4	6	16	12	12	7	7	3	4	3	9
gene11702	0	0	0	1	0	1	1	8	0	0	1	3	0	0	1	2
gene11703	50	16	76	58	30	52	68	32	29	74	78	100	74	35	57	62
gene11704	6	5	9	10	42	8	49	43	59	27	39	57	40	7	10	65
gene11705	10	4	27	9	1	1	4	22	0	1	0	0	0	4	1	0
gene11706	57	38	110	85	31	56	122	130	113	108	82	148	74	24	40	52
gene11707	9	7	2	3	0	9	4	19	2	21	3	6	1	1	7	4
gene11708	3110	1274	4746	2771	6542	7970	13100	21083	18685	14159	11397	24800	23967	4712	8111	8789
gene11709	75	30	178	101	62	73	183	210	138	65	112	126	203	50	79	69
gene11710	343	200	806	346	261	473	448	746	363	583	468	793	798	193	491	469
gene11711	176	84	392	154	121	147	365	423	269	169	262	441	504	152	247	188
gene11712	276	106	642	236	188	281	325	640	331	349	297	583	479	120	189	250
gene11713	145	42	316	151	90	131	252	307	240	209	107	333	298	59	100	127
gene11714	2218	1014	3908	2487	1303	1980	3454	4337	3710	4833	3669	4948	5032	1007	2169	2419
gene11715	34	22	36	34	22	21	41	59	43	57	25	56	53	12	30	25
gene11716	49	22	92	20	24	31	61	99	18	41	30	64	65	12	27	23
gene11717	6	5	12	3	2	9	8	21	15	12	11	28	6	4	6	3
gene11718	3	1	15	10	6	2	3	4	5	4	4	0	5	2	3	11
gene11719	1	1	0	5	0	0	1	0	0	0	3	0	0	0	0	0
gene11720	0	0	0	0	0	0	1	0	0	0	0	0	2	0	0	0
gene11721	63	45	210	126	48	62	140	148	70	75	131	373	165	71	122	75
gene11722	6	0	4	0	0	0	10	7	1	2	2	0	1	0	2	0
gene11723	30	23	60	13	29	50	32	75	26	48	20	66	95	7	39	21
gene11724	0	3	5	3	9	5	8	11	0	1	0	3	10	0	5	4
gene11725	20	4	64	16	6	23	14	48	26	25	3	28	35	4	13	26
gene11726	64	39	273	54	53	161	178	150	97	107	93	216	197	44	88	115
gene11727	9	3	25	4	9	14	18	20	15	8	16	23	41	3	2	10
gene11728	3	0	4	1	0	0	0	0	0	7	0	19	0	0	0	3
gene11729	37	13	31	34	36	30	93	123	57	112	27	25	158	8	89	13
gene11730	0	0	15	1	0	0	0	1	2	9	0	0	2	0	0	0
gene11731	47	18	30	21	31	9	23	12	22	23	10	27	17	7	12	10
gene11732	214	106	322	212	134	239	315	466	198	334	230	461	422	86	217	228
gene11733	181	99	345	158	122	122	245	423	221	304	285	460	360	72	129	169
gene11734	0	2	4	6	0	1	0	0	3	0	4	8	4	0	3	0
gene11735	191	70	302	146	134	174	162	404	203	214	100	369	347	83	148	94
gene11736	1632	749	4239	1822	5593	5490	9087	13301	7471	9002	5418	15767	8135	2809	5136	3902
gene11737	804	447	1347	740	624	1042	1411	2391	1362	1263	981	1406	2064	410	600	736
gene11738	14	3	27	11	31	16	14	79	50	40	41	40	32	3	25	16
gene11739	63	22	102	38	50	89	80	112	113	90	44	123	180	28	103	75
gene11740	878	372	1374	898	511	776	949	2302	1054	1092	877	1594	1483	368	716	489
gene11741	0	3	2	1	1	3	0	22	0	0	5	0	0	0	2	0
gene11742	46	21	167	76	7	8	4	22	11	17	13	41	37	7	13	12
gene11743	1	0	29	9	0	0	2	4	0	5	2	26	32	3	6	3
gene11744	5	0	50	4	6	13	12	36	19	16	4	64	22	6	13	17
gene11745	158	78	367	206	129	358	247	489	294	445	241	479	529	86	213	167
gene11746	8	5	54	19	22	39	29	40	48	54	9	56	46	6	30	17
gene11747	102	25	166	102	51	45	58	101	113	113	96	242	155	42	85	56
gene11748	41	18	59	26	17	24	26	54	20	35	51	72	49	20	23	26
gene11749	28	14	51	23	1	9	5	15	8	4	9	15	5	0	4	10
gene11750	30	21	58	24	25	22	60	51	38	14	26	40	58	16	32	13
gene11751	290	117	504	175	238	272	233	437	423	364	298	582	662	128	341	311
gene11752	311	188	750	479	233	347	470	830	427	572	311	569	769	136	339	344
gene11753	506	233	951	489	325	543	765	1173	510	969	824	1244	1141	273	510	505
gene11754	130	43	241	80	156	149	215	235	185	231	142	307	331	58	146	95
gene11755	18	11	39	16	9	9	25	25	16	6	37	45	51	6	12	15
gene11756	1	1	6	0	0	1	2	1	0	12	0	22	0	0	0	0
gene11757	0	1	0	3	1	8	5	9	4	8	0	3	2	2	0	1
gene11758	2	3	7	2	1	12	11	18	0	7	14	1	4	7	6	10
gene11759	21	13	45	7	8	16	31	64	13	27	7	31	25	9	14	13
gene11760	3	0	24	6	6	3	12	27	3	11	12	26	20	7	2	6
gene11761	104	56	146	112	75	110	110	352	166	186	62	231	224	22	92	100
gene11762	84	26	95	92	58	81	67	92	75	111	96	165	137	43	96	61
gene11763	170	74	205	176	133	125	280	557	254	260	294	451	274	73	258	178
gene11764	39	12	78	82	44	32	96	190	76	99	39	180	90	26	66	54
gene11765	220	105	424	173	114	222	270	316	236	428	256	478	370	76	189	256
gene11766	216	65	321	155	109	231	230	316	196	349	269	483	332	79	230	98
gene11767	114	37	145	79	99	116	87	299	96	100	91	221	232	39	62	85
gene11768	84	18	162	29	56	88	138	188	81	103	75	135	175	28	68	37
gene11769	657	267	1156	645	469	753	723	1352	814	860	624	1193	1271	361	613	486
gene11770	6	1	15	7	13	2	0	7	7	4	0	13	12	0	10	1
gene11771	44	4	39	11	12	28	15	26	24	29	42	69	49	12	14	19
gene11772	54	36	202	48	38	59	63	172	77	105	77	155	110	25	84	53
gene11773	73	51	153	64	39	145	114	173	141	148	87	117	168	51	91	110
gene11774	174	57	230	131	112	98	141	198	214	161	189	422	243	76	55	96
gene11775	23	11	29	34	10	24	78	55	27	48	11	16	62	10	18	29
gene11776	17	12	20	2	8	25	16	44	25	21	9	107	11	24	29	23
gene11777	0	0	0	1	0	0	0	0	0	0	0	0	0	0	0	0
gene11778	1	0	1	1	3	11	2	17	0	2	18	4	2	0	2	0
gene11779	490	187	672	431	367	453	460	854	445	613	430	811	849	145	430	362
gene11780	11	5	36	9	9	4	26	18	25	21	18	57	25	4	4	14
gene11781	16	20	41	20	3	4	2	10	11	9	3	22	8	2	8	1
gene11782	2012	619	3706	1909	1427	1917	2036	4259	1635	3421	1939	3524	3464	871	2167	1587
gene11783	0	0	0	0	1	0	0	0	0	1	0	0	1	1	0	0
gene11784	74	36	221	82	54	109	187	213	116	129	113	130	201	33	94	92
gene11785	170	29	196	83	89	129	109	265	219	252	137	301	243	53	79	86
gene11786	2	12	10	4	2	19	3	39	3	34	1	24	34	0	7	14
gene11787	480	293	1145	468	374	520	848	1585	906	1338	787	1228	1264	256	688	847
gene11788	99	72	238	72	109	273	378	731	197	353	268	479	827	98	152	247
gene11789	68	38	88	70	38	85	93	259	78	64	157	174	168	32	93	42
gene11790	522	284	1244	595	625	605	992	1321	937	1165	938	1625	1250	408	636	497
gene11791	34	14	84	23	50	75	78	142	84	109	58	255	154	25	35	65
gene11792	717	282	1024	591	428	685	887	1276	788	1396	738	2147	1839	377	713	591
gene11793	9	5	20	10	4	12	16	18	16	5	4	14	3	9	13	5
gene11794	2	0	1	1	6	1	5	8	17	1	5	2	1	2	6	18
gene11795	1611	689	2009	1314	862	1578	1903	3991	2113	2883	1322	3117	3208	725	1449	1491
gene11796	45	50	139	60	55	123	59	119	100	174	68	151	103	39	97	101
gene11797	0	3	0	0	0	0	1	2	0	2	0	5	0	0	0	1
gene11798	0	0	2	0	0	0	10	2	0	0	3	1	0	1	1	0
gene11799	2014	669	3463	1406	257	362	394	1031	401	602	374	853	749	136	328	339
gene11800	61	8	59	27	37	43	68	44	43	39	60	109	64	13	50	28
gene11801	0	1	0	0	1	1	8	3	9	2	0	6	0	2	3	2
gene11802	76	23	221	46	50	74	165	105	132	91	100	156	123	29	61	86
gene11803	17	4	56	15	27	30	47	32	18	54	32	34	12	15	8	10
gene11804	36	11	84	22	16	38	72	42	23	51	34	26	90	30	68	44
gene11805	6	0	7	1	0	4	13	12	7	10	3	11	12	2	4	2
gene11806	35	17	145	40	21	61	29	167	65	59	48	74	88	21	49	59
gene11807	2	15	20	35	14	30	34	38	30	31	8	45	39	6	25	11
gene11808	350	194	712	251	228	253	515	801	546	701	414	802	579	162	408	343
gene11809	378	140	673	210	260	297	418	933	555	398	342	805	684	138	449	254
gene11810	1	2	7	0	1	4	3	0	2	1	5	0	4	0	0	0
gene11811	0	2	1	0	0	0	2	10	1	0	1	0	0	0	0	0
gene11812	307	127	527	220	222	333	356	847	397	290	348	734	480	118	316	187
gene11813	55	19	94	47	43	77	115	263	66	86	70	145	64	20	66	24
gene11814	1698	671	4564	2392	1632	2199	2439	4348	2762	2882	2925	5074	4455	1239	2399	1647
gene11815	60	19	52	28	19	49	52	48	65	73	60	108	73	17	44	23
gene11816	73	42	194	78	71	92	154	270	126	144	85	120	307	52	112	100
gene11817	3	2	10	12	7	7	17	10	10	19	3	13	30	12	8	5
gene11818	327	128	584	261	474	539	799	1599	498	919	648	1283	1061	257	806	429
gene11819	91	39	128	84	56	51	132	134	101	117	106	117	95	43	68	63
gene11820	17	1	45	4	3	6	0	0	1	1	1	16	14	2	0	0
gene11821	21	12	18	2	6	23	13	16	5	13	14	34	45	6	34	8
gene11822	15	3	10	2	14	15	5	45	7	6	2	10	26	4	7	11
gene11823	68	34	109	84	49	89	132	194	125	76	104	143	199	33	39	50
gene11824	1	0	0	6	47	15	1	3	23	31	39	8	38	1	17	2
gene11825	2	1	0	0	0	1	0	0	3	2	0	0	0	0	0	0
gene11826	2	4	2	3	4	2	9	11	8	4	16	11	5	3	1	3
gene11827	40	31	94	13	22	28	49	49	24	50	26	106	57	21	47	31
gene11828	47	15	69	42	44	58	83	184	65	131	34	119	119	28	31	62
gene11829	22	6	12	8	6	3	12	7	12	26	14	13	16	4	1	7
gene11830	90	34	114	86	293	568	438	726	513	675	548	623	809	196	626	323
gene11831	31	10	48	9	4	2	15	12	11	3	12	28	12	1	3	8
gene11832	34	25	82	44	13	17	67	85	50	63	25	133	55	9	40	32
gene11833	644	362	875	565	422	730	774	1707	693	1320	841	1938	1425	299	745	423
gene11834	13	10	7	2	8	9	6	29	22	34	9	35	17	7	3	34
gene11835	9	6	12	15	14	6	25	39	10	20	5	25	14	6	10	25
gene11836	107	39	196	86	62	110	88	240	75	111	120	212	305	31	108	68
gene11837	10	5	36	24	17	33	36	116	41	52	53	70	54	15	28	23
gene11838	1	0	0	0	0	4	0	3	2	10	0	73	3	1	5	1
gene11839	16	17	15	23	22	14	15	37	21	5	23	38	29	17	20	10
gene11840	4	0	5	0	0	5	7	16	3	5	2	1	0	2	0	0
gene11841	73	43	149	42	48	78	66	156	67	161	100	174	131	37	90	49
gene11842	441	183	608	336	316	300	601	729	543	1022	446	808	564	155	374	390
gene11843	0	4	0	5	4	2	0	0	2	0	11	2	0	0	9	0
gene11844	24	17	78	11	22	14	14	85	61	55	18	49	51	10	62	16
gene11845	18	2	24	20	15	14	43	27	20	30	19	65	28	6	14	25
gene11846	21	14	13	36	21	17	57	110	43	23	61	70	79	14	38	31
gene11847	114	33	197	72	58	95	135	236	185	139	162	180	221	38	108	129
gene11848	21	20	71	27	29	24	48	112	44	36	53	101	57	14	23	47
gene11849	743	297	1364	824	558	1087	924	2161	859	1053	928	1805	1956	387	538	747
gene11850	6	1	6	1	5	7	14	5	7	13	15	5	0	3	7	4
gene11851	13	8	11	14	4	9	24	52	11	13	19	62	26	3	0	5
gene11852	380	144	889	282	316	419	516	966	477	801	434	858	788	213	517	498
gene11853	12	14	31	8	43	24	23	64	33	59	39	20	75	12	15	3
gene11854	93	24	98	114	77	75	131	137	88	145	50	210	211	37	59	76
gene11855	297	101	467	186	35	36	54	107	49	83	38	121	68	10	39	49
gene11856	53	50	175	73	72	92	156	147	137	167	105	163	145	49	40	75
gene11857	736	329	1149	702	483	906	945	1632	1142	854	686	1464	1437	291	599	846
gene11858	6	2	1	2	1	3	2	10	2	5	7	0	1	2	15	1
gene11859	34	19	61	34	14	79	35	67	54	67	30	45	45	27	52	38
gene11860	3	2	7	6	1	29	4	9	20	13	5	22	5	1	10	15
gene11861	23	10	28	11	23	7	47	14	40	48	10	37	46	10	15	9
gene11862	99	53	284	149	86	130	167	260	182	163	152	328	353	47	129	182
gene11863	0	2	1	2	2	2	9	12	6	0	1	4	11	1	3	6
gene11864	216	141	306	178	142	315	278	438	347	422	293	601	404	105	187	163
gene11865	0	0	15	18	2	15	3	8	2	1	4	10	14	0	2	0
gene11866	136	32	226	112	91	137	190	288	251	137	191	322	273	60	115	115
gene11867	681	326	1595	592	623	621	941	1722	921	1311	625	1754	1512	309	813	564
gene11868	211	97	233	181	123	207	190	328	229	225	155	684	396	121	232	181
gene11869	159	114	428	171	164	171	340	458	373	489	185	517	532	160	183	283
gene11870	0	0	13	2	2	9	4	0	5	2	2	6	15	0	0	2
gene11871	66	21	88	58	54	69	55	87	74	123	76	145	162	28	58	38
gene11872	15527	9926	38432	17375	14486	17913	26519	34951	25988	23035	20499	49548	47472	9689	18893	20994
gene11873	20	32	122	35	37	22	65	60	36	85	36	68	68	21	58	76
gene11874	3	15	4	5	9	85	18	90	34	84	22	45	76	13	48	55
gene11875	2	2	20	5	10	3	1	14	9	12	9	4	11	4	1	10
gene11876	92	63	282	123	72	114	142	404	155	216	199	378	209	39	99	159
gene11877	207	79	363	159	122	223	170	411	218	358	240	414	450	70	162	206
gene11878	92	54	248	96	70	184	135	305	164	170	145	321	250	71	63	129
gene11879	1711	858	1977	1129	941	1221	1971	4126	1470	2324	1489	3543	2724	671	1220	1103
gene11880	338	152	646	318	183	309	307	639	420	511	278	785	702	132	268	369
gene11881	39	22	40	34	28	56	31	143	48	27	71	111	105	25	20	41
gene11882	7	0	11	1	1	6	0	1	7	2	1	0	0	0	1	7
gene11883	0	0	0	2	0	0	0	2	1	0	0	0	14	0	0	0
gene11884	332	154	567	363	301	492	541	927	463	780	378	1299	832	213	380	384
gene11885	10	8	22	1	8	11	12	23	13	15	24	68	23	8	16	7
gene11886	24	5	22	9	1	5	6	18	4	2	12	7	2	3	1	8
gene11887	122	48	203	110	97	119	120	267	135	202	132	308	391	71	154	137
gene11888	4	15	25	3	5	1	3	11	13	11	11	27	39	3	0	5
gene11889	0	0	0	0	0	0	0	0	0	2	0	0	0	0	0	0
gene11890	420	230	697	371	309	537	464	924	824	627	636	1241	887	249	372	377
gene11891	1242	603	2427	1182	1141	1547	1689	2567	1525	1718	1413	2357	2523	478	1161	1067
gene11892	236	158	531	216	249	164	446	663	288	555	391	731	257	139	200	269
gene11893	22	5	28	16	3	7	9	11	12	8	10	43	19	3	12	7
gene11894	159	50	314	109	103	171	237	362	180	175	139	461	379	50	165	171
gene11895	366	110	720	268	304	290	572	767	370	505	308	791	714	161	334	263
gene11896	45	24	90	25	64	44	88	110	38	49	49	127	78	33	42	24
gene11897	7	2	7	8	1	4	5	15	0	8	4	7	4	0	5	4
gene11898	157	57	326	146	78	138	214	265	191	268	152	471	139	63	120	138
gene11899	10	9	18	15	3	3	5	31	7	9	13	10	12	9	0	6
gene11900	144	88	204	85	115	168	222	391	186	257	219	448	336	58	158	86
gene11901	11	0	4	5	3	1	14	7	2	11	11	77	15	0	3	0
gene11902	14	3	33	19	13	9	13	15	19	11	7	24	31	2	7	7
gene11903	8	5	22	12	2	11	11	7	14	3	26	26	12	5	1	5
gene11904	831	467	1413	804	137	213	276	524	209	271	266	479	369	101	152	228
gene11905	153	47	97	143	106	97	131	267	203	92	86	258	288	56	96	71
gene11906	160	191	436	237	178	318	386	457	411	407	182	671	554	155	211	194
gene11907	0	4	0	1	1	5	3	9	5	0	14	3	3	0	1	2
gene11908	4560	3512	9972	5871	5531	6621	9524	16628	10679	11161	8107	14992	15798	3653	6231	6042
gene11909	2	5	20	8	3	6	10	18	9	18	11	11	11	2	5	8
gene11910	110	75	192	113	131	191	163	412	216	216	114	377	338	50	94	83
gene11911	39	17	39	32	38	75	95	84	95	72	46	161	129	37	76	57
gene11912	713	326	1613	626	665	1042	1018	1568	774	1231	944	2027	2011	381	709	713
gene11913	370	214	567	377	265	441	476	613	559	798	349	1120	901	208	429	458
gene11914	56	17	144	24	17	49	52	80	62	64	47	75	71	22	38	37
gene11915	28	19	21	23	15	43	19	72	55	51	79	134	53	21	9	21
gene11916	21	6	47	39	50	56	29	197	37	87	46	76	96	39	29	29
gene11917	5494	2329	8888	4429	4535	3813	6884	12888	5867	8027	5591	13516	11319	2379	4091	6043
gene11918	203	124	458	149	141	283	410	554	209	581	355	745	366	101	161	192
gene11919	0	0	0	1	0	0	3	1	0	0	0	0	0	0	0	0
gene11920	100	64	214	136	294	378	394	1631	436	612	563	1013	836	213	409	297
gene11921	0	3	4	0	0	6	0	0	0	0	2	1	0	0	5	1
gene11922	91	18	91	60	48	47	63	166	39	62	78	162	131	39	46	48
gene11923	25891	11129	45081	14865	17666	20932	37299	60624	30245	34099	20231	55892	58571	13760	27136	22455
gene11924	686	428	1649	863	623	837	1094	1944	1115	1226	789	1719	1836	314	776	513
gene11925	1	1	2	4	3	6	0	7	0	1	7	2	9	1	5	0
gene11926	144	49	185	107	129	208	160	395	164	259	172	286	282	77	125	119
gene11927	31	5	37	12	14	19	10	63	11	37	5	60	47	6	6	20
gene11928	0	2	0	0	0	0	2	0	1	0	0	0	0	0	0	2
gene11929	9241	3821	18114	8133	7171	9449	15800	23885	11616	18636	14606	30770	26876	5634	10917	9880
gene11930	269	169	386	216	184	364	307	540	278	510	332	570	542	71	256	255
gene11931	0	0	0	0	0	4	0	4	0	0	0	0	6	0	0	0
gene11932	0	3	0	0	2	0	0	7	0	1	2	0	0	1	0	5
gene11933	60	30	117	40	57	98	104	161	145	108	48	230	113	56	57	64
gene11934	51	40	87	69	46	56	132	192	93	143	59	164	190	11	61	56
gene11935	33	11	79	35	18	19	47	63	44	61	28	82	77	15	36	37
gene11936	2985	1254	4259	2288	1893	2764	2943	6235	3264	3370	2608	5505	5014	1036	2167	2475
gene11937	1178	520	2789	1063	1036	1384	1487	3095	1649	2268	1216	3044	2516	799	1358	1173
gene11938	4	2	5	1	7	7	1	19	0	0	8	2	5	2	2	0
gene11939	202	56	295	183	129	187	278	391	211	245	311	344	242	88	175	206
gene11940	5	6	27	3	25	180	137	118	121	92	124	89	101	30	132	81
gene11941	4	2	3	12	7	6	11	11	5	10	2	10	1	1	1	19
gene11942	25	5	32	11	1	10	6	4	4	11	5	21	9	2	12	4
gene11943	0	0	2	1	0	3	1	0	1	0	0	1	0	0	0	1
gene11944	1	0	3	0	0	0	2	1	0	3	0	3	1	0	1	0
gene11945	0	0	0	0	0	0	1	1	0	0	1	0	0	0	7	0
gene11946	14	9	41	15	9	24	37	26	41	53	17	99	18	2	13	21
gene11947	83	35	80	60	33	61	118	172	15	118	56	133	90	22	49	47
gene11948	97	38	177	102	52	49	102	201	109	109	70	191	172	35	43	95
gene11949	5805	2177	9818	5449	4310	5744	8704	10841	6468	6973	5415	11421	10750	2725	5810	3727
gene11950	4	5	26	6	5	10	28	26	28	4	2	18	22	2	9	10
gene11951	5607	1538	9097	5040	3359	6898	5044	13574	5404	9439	6316	10784	10046	2320	5149	3951
gene11952	129	85	358	164	89	94	130	154	151	170	124	145	216	42	149	91
gene11953	4	5	3	0	17	11	5	4	2	15	5	32	6	1	5	4
gene11954	257	159	671	199	236	256	439	659	426	324	352	706	576	114	285	322
gene11955	539	188	601	376	336	385	628	946	573	569	385	1250	1100	201	453	498
gene11956	1755	1173	5348	2508	1805	4408	3919	6693	3156	3916	2928	6343	4239	1260	2358	2112
gene11957	5	6	13	0	1	13	13	21	45	13	10	34	5	6	24	6
gene11958	2241	887	4633	1593	1894	2150	2625	5198	2792	4961	2443	4334	4459	1064	2279	1680
gene11959	109	48	235	72	9	22	23	37	31	20	21	66	35	1	17	9
gene11960	6	0	8	7	10	2	8	14	13	18	5	33	14	6	9	11
gene11961	6	4	44	15	18	23	15	36	12	25	17	23	30	4	8	31
gene11962	61	22	98	35	6	6	13	21	15	18	4	11	34	2	9	10
gene11963	260	129	592	288	203	219	403	751	522	376	298	731	674	177	298	251
gene11964	40	5	61	44	33	31	103	62	54	69	21	86	88	19	23	10
gene11965	324	117	454	267	1282	1666	2265	1470	2190	1848	1644	3634	2416	792	1163	1392
gene11966	51	14	76	41	24	37	26	99	32	86	52	85	92	27	26	22
gene11967	4457	2581	10275	4279	4251	7621	10449	11073	9652	8493	7627	13635	12236	3424	5393	5970
gene11968	1181	604	2967	849	978	1634	1564	2328	2118	2127	1350	2499	2875	672	1454	1481
gene11969	732	346	1567	815	531	796	1066	1671	951	957	533	1802	1915	481	690	725
gene11970	3	5	35	5	21	17	34	22	24	19	16	17	18	6	11	18
gene11971	5	11	6	7	25	5	4	68	15	40	7	37	36	6	3	9
gene11972	17	9	81	27	10	11	38	96	31	31	37	39	75	9	17	29
gene11973	19	10	82	18	29	15	22	34	33	13	17	28	21	1	44	35
gene11974	61	28	111	72	11	85	79	92	74	95	65	168	96	32	49	65
gene11975	339	121	658	299	294	365	507	607	319	578	452	749	661	153	210	299
gene11976	774	484	1374	784	503	901	1308	1976	1267	1248	1190	1874	1500	447	790	670
gene11977	396	158	596	213	224	477	358	707	451	542	420	839	564	158	400	363
gene11978	33	3	26	16	21	15	17	56	19	16	3	18	33	4	17	17
gene11979	948	474	1928	845	958	792	1237	2244	885	1440	894	1806	1865	376	835	870
gene11980	1101	668	3129	980	1135	1618	1896	2018	2066	2185	1724	3293	2746	855	1234	1025
gene11981	0	4	10	0	2	0	6	0	2	4	2	1	2	0	22	6
gene11982	12	1	1	8	4	1	0	28	9	29	12	20	12	4	6	6
gene11983	7	0	8	11	2	3	9	15	3	1	15	43	27	1	5	0
gene11984	76	64	159	120	34	37	63	127	59	72	68	120	141	21	45	67
gene11985	1	2	0	1	1	1	3	0	0	1	1	2	7	0	0	0
gene11986	12	9	5	10	8	21	16	66	7	41	13	30	20	16	7	10
gene11987	30	7	52	26	15	18	15	47	20	26	7	102	32	5	8	13
gene11988	49	17	70	26	27	38	57	156	54	82	76	98	76	28	30	24
gene11989	25	15	75	13	13	16	22	53	30	20	12	30	29	2	17	11
gene11990	771	248	1054	609	528	946	1080	1563	1063	1171	727	1807	1464	340	459	563
gene11991	38	20	80	19	41	23	37	59	31	68	58	85	27	9	22	43
gene11992	1729	717	2628	1313	1318	1495	2026	4352	2136	2822	1711	4079	3341	665	1533	1631
gene11993	359	165	820	386	363	380	539	896	547	570	405	1000	1077	213	306	351
gene11994	2114	781	3633	1886	1601	2701	3140	5641	3639	3488	2080	3936	4509	911	1804	2409
gene11995	695	402	1183	762	776	1050	1005	1926	995	1180	1397	2365	1314	425	892	1265
gene11996	377	138	680	166	196	326	393	675	374	595	250	560	717	142	328	253
gene11997	5	1	26	4	1	5	20	10	22	23	4	10	20	5	2	12
gene11998	82	24	117	69	54	35	83	91	48	154	63	73	102	24	34	46
gene11999	5	4	6	7	2	4	3	19	7	5	2	30	2	6	6	10
gene12000	3	1	0	0	0	0	1	1	0	2	0	9	0	0	1	1
gene12001	44	16	119	28	42	38	37	60	78	55	72	121	115	19	46	38
gene12002	467	162	923	460	245	444	473	997	428	737	655	832	1006	184	445	312
gene12003	1312	549	2564	1228	1231	1437	2460	3144	1971	1932	1707	3111	2524	742	1754	1580
gene12004	91	33	262	83	74	87	155	210	221	154	183	360	231	58	119	123
gene12005	409	133	368	194	1405	1507	1287	3388	2463	2686	1466	3079	3646	704	1833	1685
gene12006	588	266	1323	508	498	788	858	1443	1219	854	761	1183	1494	240	549	719
gene12007	61	53	220	78	126	162	154	337	161	296	137	246	336	55	62	106
gene12008	45	32	75	46	62	46	79	96	45	96	54	103	154	37	42	71
gene12009	0	3	22	13	44	42	28	1	38	37	9	59	104	3	56	33
gene12010	213	151	441	263	147	236	493	526	317	400	241	645	527	104	189	201
gene12011	4	8	26	11	15	6	11	15	19	20	17	24	16	4	16	14
gene12012	689	291	1019	681	531	624	771	1571	622	1085	845	1382	1664	324	487	487
gene12013	0	7	0	7	2	2	6	0	8	6	15	1	14	2	1	13
gene12014	22	8	40	27	3	14	9	12	25	21	8	11	25	3	5	6
gene12015	15	2	7	2	1	1	2	0	4	3	4	52	8	2	12	1
gene12016	48	35	121	73	52	141	78	164	99	175	83	128	189	33	84	92
gene12017	161	62	422	154	105	280	160	443	189	359	167	386	359	68	150	185
gene12018	1	0	0	3	0	6	2	12	3	1	6	14	1	1	4	1
gene12019	156	82	332	145	100	188	141	322	219	347	148	364	245	79	184	92
gene12020	612	263	1109	529	538	650	753	1529	665	1166	740	1547	1279	258	666	593
gene12021	350	124	1007	290	408	825	1168	2071	1018	1273	1135	1177	1641	387	1023	820
gene12022	184	72	385	191	129	162	246	325	266	303	166	587	390	102	182	101
gene12023	0	0	0	0	0	1	0	0	0	0	0	0	0	0	0	0
gene12024	1	0	0	0	0	0	8	0	0	0	0	7	0	0	0	0
gene12025	366	181	595	270	183	410	324	587	503	429	434	692	671	114	211	276
gene12026	113	20	162	45	64	121	62	166	57	91	93	156	108	38	68	67
gene12027	17	7	27	8	17	32	32	66	15	23	27	40	38	6	12	12
gene12028	74	57	140	70	76	85	70	188	150	136	82	131	227	42	91	55
gene12029	1304	461	1807	910	752	831	1685	1991	1191	1498	1201	2036	2166	408	1243	805
gene12030	50	38	151	89	138	164	276	327	294	345	270	459	275	60	139	193
gene12031	4	15	25	6	7	5	31	9	4	22	5	26	11	9	9	3
gene12032	35	33	129	43	68	72	57	165	99	92	62	116	160	24	35	42
gene12033	49	17	61	27	32	24	58	89	37	61	57	90	101	21	28	39
gene12034	57	42	136	48	30	26	53	51	18	30	21	58	44	19	39	38
gene12035	92	49	198	78	43	147	108	316	151	122	100	318	323	60	96	86
gene12036	92	25	178	69	73	150	93	153	138	101	136	161	170	31	65	83
gene12037	368	188	1018	282	275	321	443	647	450	554	331	1083	637	173	498	389
gene12038	12	16	18	8	9	20	36	102	54	61	27	44	52	12	36	28
gene12039	47	16	23	15	13	15	36	69	9	18	29	56	30	8	52	11
gene12040	76	43	227	89	90	114	125	213	159	88	68	262	209	48	66	91
gene12041	6	9	63	8	8	7	3	13	9	27	4	14	27	6	21	10
gene12042	9	16	47	8	24	41	22	68	40	57	26	50	24	7	9	22
gene12043	631	297	1250	685	579	760	817	1392	854	980	602	1576	1117	322	621	601
gene12044	347	154	765	346	194	353	421	854	587	584	387	771	880	164	496	360
gene12045	1946	869	2986	1510	1498	1476	1895	4438	1683	1769	1634	4328	3244	756	1406	1527
gene12046	226	121	456	151	284	227	379	728	276	421	270	413	450	118	183	240
gene12047	130	82	257	133	148	164	212	416	214	310	206	324	406	63	164	184
gene12048	1	3	0	5	0	4	5	3	2	2	2	38	15	2	0	0
gene12049	72	32	132	59	48	67	153	195	44	147	49	149	90	18	46	36
gene12050	13	0	13	3	1	7	7	28	2	6	27	25	10	2	1	4
gene12051	3	4	23	11	0	7	17	13	6	4	19	0	47	2	10	13
gene12052	369	224	634	277	417	443	514	1043	406	547	552	699	843	128	372	361
gene12053	911	360	1622	680	403	828	1227	2209	1146	1063	1028	2261	1707	382	1025	822
gene12054	135	65	276	132	76	214	316	307	177	342	111	530	306	74	162	86
gene12055	6232	2302	13750	5855	4419	7008	7522	16209	6503	9084	5334	13398	10986	2055	5819	4637
gene12056	158	79	243	126	73	167	188	404	164	190	115	259	110	60	111	100
gene12057	146	105	304	156	203	182	236	400	234	387	225	608	343	77	162	133
gene12058	40	13	126	58	43	18	41	41	37	38	22	73	42	8	42	24
gene12059	1	0	9	0	1	7	0	0	0	0	2	0	6	0	0	0
gene12060	19	21	52	9	20	22	20	95	25	46	25	62	68	7	40	7
gene12061	7	5	35	6	11	24	13	7	20	42	13	26	21	6	28	10
gene12062	127	62	344	112	178	221	274	385	206	397	200	466	378	80	143	238
gene12063	8	2	3	4	1	9	2	22	8	11	13	43	7	3	8	4
gene12064	167	96	455	173	172	284	373	476	312	455	267	725	468	140	163	244
gene12065	12	11	20	5	13	14	25	11	30	13	17	19	13	9	24	3
gene12066	58	14	51	9	30	13	44	73	30	43	8	65	42	13	23	20
gene12067	1206	382	2149	738	908	1118	1182	2803	1469	1459	1196	2101	2064	404	924	875
gene12068	1	1	5	4	2	0	4	24	3	5	1	10	13	1	1	6
gene12069	10	4	11	11	5	7	8	18	20	5	6	6	25	8	15	28
gene12070	9	16	32	28	27	40	28	11	46	19	10	60	21	8	40	3
gene12071	350	157	573	232	231	400	433	856	280	397	255	640	734	148	295	278
gene12072	153	65	357	118	102	147	196	297	190	166	162	312	204	45	157	90
gene12073	119	33	165	81	87	162	123	438	169	168	151	248	211	56	101	159
gene12074	5	2	1	3	5	2	2	1	4	0	0	5	0	7	2	0
gene12075	97	37	144	93	81	83	127	207	119	171	109	184	191	60	89	128
gene12076	22	1	17	13	4	4	7	18	10	4	7	2	26	1	4	2
gene12077	2	0	8	0	0	0	0	0	1	0	1	2	0	0	0	0
gene12078	47	28	72	28	29	35	92	133	56	50	31	112	107	13	28	11
gene12079	48	11	49	34	24	20	28	57	15	42	43	104	22	11	13	14
gene12080	176	84	479	176	128	261	260	469	309	288	208	384	240	44	134	184
gene12081	11	3	4	0	0	11	2	0	5	2	2	6	67	1	6	3
gene12082	2757	1247	4024	2084	1607	2735	2996	6931	3165	3858	2523	6802	6524	1471	2275	1898
gene12083	3	0	2	4	6	2	6	3	2	13	0	10	9	6	0	2
gene12084	46	18	57	42	109	407	237	523	440	258	119	624	389	112	176	333
gene12085	1	7	47	4	0	2	5	14	5	2	5	6	4	2	6	2
gene12086	6156	2338	9532	5161	3627	7021	6629	12702	8869	9185	5462	12661	11477	2272	4961	4677
gene12087	1151	473	2151	639	856	1443	1119	2424	1438	1880	1464	2976	1856	410	938	761
gene12088	37	5	63	21	44	80	30	95	44	37	42	77	56	10	22	46
gene12089	100	73	98	53	113	144	138	153	84	208	139	336	226	63	107	80
gene12090	92	32	66	18	24	59	52	122	57	59	46	97	191	21	53	81
gene12091	53	35	119	110	61	83	183	248	253	199	80	197	230	51	121	59
gene12092	208	99	283	273	63	104	88	160	91	86	107	217	121	34	104	87
gene12093	152	96	352	156	108	138	214	437	267	172	301	361	253	75	103	124
gene12094	670	359	1318	510	626	774	1156	1898	761	899	805	1323	1204	403	583	498
gene12095	95	69	84	129	41	132	125	263	102	112	78	200	144	33	98	76
gene12096	1	0	0	0	3	0	6	3	2	2	1	3	0	1	1	1
gene12097	27	14	41	14	20	15	23	116	48	18	30	43	52	25	38	31
gene12098	6172	2643	12817	4174	5098	6251	4983	9167	5109	9459	7005	14851	10896	1683	6684	4964
gene12099	39	7	24	6	9	11	12	27	15	20	16	52	25	8	14	9
gene12100	9	0	31	2	10	5	1	11	10	5	4	26	3	2	5	4
gene12101	2	2	7	2	2	2	4	17	0	3	13	12	1	0	5	2
gene12102	2142	1317	3435	2444	1524	2289	3885	6843	2653	3532	2467	5811	5353	1255	2118	2545
gene12103	16	6	42	28	19	15	21	46	26	38	14	24	15	5	25	21
gene12104	2	0	0	3	0	0	0	0	0	0	5	0	1	0	3	0
gene12105	12532	5820	20417	9241	9740	15271	13831	30527	14368	21225	13852	27165	29606	6286	11662	10462
gene12106	51	30	93	35	39	77	101	274	122	90	86	92	174	30	62	51
gene12107	453	170	595	435	295	393	462	948	564	598	431	1178	925	184	286	375
gene12108	538	312	1336	481	337	554	736	1394	507	942	509	1020	1199	263	630	512
gene12109	70	55	182	111	81	144	191	304	123	170	133	287	205	40	129	124
gene12110	99	109	188	102	64	85	164	216	216	159	115	254	250	75	126	159
gene12111	133	83	356	147	91	182	176	249	175	210	137	411	379	55	111	88
gene12112	212	92	288	263	503	567	701	2404	811	977	606	1017	837	274	512	505
gene12113	57	21	124	43	34	64	45	72	86	35	51	93	118	16	54	38
gene12114	240	175	575	373	306	280	527	918	378	532	287	584	1066	168	313	274
gene12115	10	0	10	12	7	16	6	3	20	17	11	9	13	7	5	5
gene12116	82	28	73	25	131	199	336	459	199	203	292	604	449	78	256	151
gene12117	10	2	12	4	10	1	2	46	9	1	7	19	7	2	11	9
gene12118	12	9	39	17	15	6	33	43	31	18	36	69	25	7	4	27
gene12119	94	36	230	63	65	74	95	142	89	116	104	161	145	29	42	71
gene12120	1	0	1	5	0	0	14	6	12	26	7	4	1	1	14	9
gene12121	2	1	8	8	8	14	1	44	14	15	15	13	20	2	7	10
gene12122	112898	51757	170925	78460	87170	138353	180583	244433	145037	170651	117069	258690	186689	44079	129302	113222
gene12123	29	22	51	48	20	57	17	63	31	39	38	78	62	3	72	30
gene12124	450	244	906	534	390	806	730	1120	742	647	483	1173	1237	281	496	576
gene12125	82	20	85	55	38	49	40	61	41	75	34	182	116	12	71	87
gene12126	7	4	16	15	9	18	11	13	20	4	7	41	21	1	10	3
gene12127	1935	1037	4376	2714	1553	2517	2710	5393	2748	3916	2368	4751	4332	963	2264	2038
gene12128	13	15	63	11	10	14	30	20	11	36	17	52	41	7	11	12
gene12129	792	586	1622	1328	803	1352	1319	2425	1084	2034	1570	3002	2368	389	1113	931
gene12130	13	3	8	3	8	9	19	31	9	1	14	17	17	6	21	10
gene12131	4	6	19	11	14	25	22	19	7	11	19	28	14	13	10	19
gene12132	74	34	244	69	91	176	289	529	225	323	298	408	529	117	189	255
gene12133	39	37	72	29	56	49	71	111	45	54	53	145	79	33	92	51
gene12134	47	16	82	30	25	46	132	138	66	91	35	122	131	14	29	62
gene12135	11	6	49	26	12	34	35	49	29	13	11	53	49	19	17	19
gene12136	7	12	22	22	18	19	25	41	20	56	24	39	29	7	22	23
gene12137	1084	438	2392	1062	873	1291	1636	2645	1702	1891	1293	2676	2588	582	1037	1041
gene12138	3084	1281	6197	3380	2736	3392	4798	10329	5550	6847	3500	8261	9094	1947	3674	4131
gene12139	5	0	9	3	3	2	3	2	8	2	2	31	9	3	1	11
gene12140	0	0	1	0	0	0	0	0	0	1	0	0	0	0	0	0
gene12141	201	159	434	234	230	400	366	565	574	533	386	938	757	136	356	296
gene12142	17	3	11	5	0	13	7	6	2	12	12	9	0	4	14	12
gene12143	768	374	1493	700	447	842	994	1461	1013	1107	777	2109	1681	424	589	502
gene12144	0	0	0	0	0	0	0	0	0	0	0	0	0	0	1	0
gene12145	286	105	396	277	161	423	488	563	265	452	292	699	593	98	296	282
gene12146	136	39	171	90	88	160	131	321	150	143	119	191	234	31	91	102
gene12147	98	31	172	69	50	149	156	171	153	174	97	283	196	70	93	116
gene12148	394	135	706	302	1146	2574	2787	4304	1950	2762	1685	4083	3627	760	2005	1764
gene12149	380	156	752	266	362	477	614	960	469	688	507	994	815	183	449	417
gene12150	4	0	18	0	2	0	0	5	4	4	4	9	3	1	2	3
gene12151	6	5	33	5	6	11	13	18	17	15	12	17	12	0	0	19
gene12152	841	402	2314	627	727	875	995	1814	1341	1106	1062	2359	1769	416	820	927
gene12153	0	2	5	0	0	10	11	0	0	0	1	0	0	0	0	0
gene12154	52	32	132	35	41	81	152	158	73	86	81	320	187	13	52	46
gene12155	1063	364	2203	815	929	916	1369	2305	1028	1346	1306	2125	2283	489	748	889
gene12156	34	23	25	28	21	52	29	47	47	62	46	78	59	12	28	64
gene12157	30	27	83	57	63	91	89	232	84	77	67	180	126	32	39	72
gene12158	566	312	998	544	519	580	835	1702	607	884	628	1248	1083	314	517	378
gene12159	0	1	4	4	0	0	1	1	0	0	1	0	0	0	2	2
gene12160	144	97	181	190	105	173	309	267	175	272	193	291	278	80	190	116
gene12161	246	154	489	224	240	325	422	581	408	293	302	614	494	122	324	265
gene12162	9	5	2	20	11	6	16	22	11	6	8	34	11	8	3	4
gene12163	23	4	21	21	5	19	34	65	31	45	15	45	27	5	11	25
gene12164	1	3	15	3	1	21	12	2	1	12	0	6	3	1	2	0
gene12165	139	65	208	126	108	154	212	285	99	219	88	302	256	30	133	153
gene12166	208	119	430	193	231	204	252	669	222	406	291	662	548	103	213	239
gene12167	553	157	1029	385	385	638	817	1604	565	837	650	1784	843	197	587	539
gene12168	61	28	143	34	50	72	104	149	99	123	71	180	165	37	42	51
gene12169	82	25	76	31	34	59	60	74	54	84	79	149	121	29	41	30
gene12170	18	10	41	33	22	13	21	36	24	18	43	55	59	7	16	20
gene12171	0	0	0	0	0	0	0	7	0	0	0	0	0	0	0	0
gene12172	47	21	132	46	136	61	271	205	147	174	167	305	202	37	114	106
gene12173	146	40	258	115	57	31	69	83	61	81	52	100	58	23	50	40
gene12174	251	130	465	276	29	20	48	83	49	46	39	73	81	13	32	21
gene12175	51	23	187	76	66	68	63	281	103	102	109	141	162	31	62	61
gene12176	84	52	201	127	61	132	190	163	134	123	83	407	191	77	97	93
gene12177	19	4	31	6	12	12	28	51	11	32	10	23	63	10	4	10
gene12178	7	6	7	9	1	3	18	29	15	3	3	5	10	1	16	1
gene12179	30	19	88	32	30	51	51	169	54	67	63	102	68	26	46	62
gene12180	409	295	864	401	437	469	667	1011	680	921	509	1263	904	237	384	417
gene12181	153	136	438	205	31	36	67	145	59	106	32	117	91	20	45	50
gene12182	0	0	0	2	0	0	0	0	0	0	0	0	0	0	0	0
gene12183	9	5	11	6	6	3	5	10	29	8	5	6	20	1	9	4
gene12184	25	20	71	33	51	20	31	29	39	45	59	66	98	6	33	13
gene12185	12	7	31	15	5	19	4	27	49	30	4	15	22	4	23	23
gene12186	0	3	1	1	0	1	2	12	2	2	1	1	6	1	5	0
gene12187	12	11	49	30	28	46	40	46	63	34	12	26	75	10	42	15
gene12188	32	8	43	30	15	23	30	114	61	61	11	92	41	14	19	35
gene12189	73	34	233	50	224	365	537	938	316	329	377	815	983	113	251	376
gene12190	120	66	165	95	100	124	245	170	125	167	122	290	197	49	157	149
gene12191	311	80	742	196	34	47	87	108	51	78	71	155	89	22	52	66
gene12192	11581	6963	30848	12408	11732	18575	24705	32227	17878	17519	14133	35677	24833	7908	16650	10467
gene12193	10	0	15	7	6	12	3	19	18	2	3	8	8	5	1	0
gene12194	92	60	153	59	58	79	112	195	107	181	63	191	129	39	96	46
gene12195	82	14	109	64	37	56	63	145	71	88	103	162	145	21	56	70
gene12196	104	25	114	48	72	37	47	156	90	64	99	218	156	17	62	48
gene12197	100	16	97	105	57	117	171	254	121	139	115	272	189	56	94	72
gene12198	3945	2585	10082	4234	3471	6301	7568	11933	4549	8818	4886	10498	8085	1801	4537	5859
gene12199	2	0	4	1	1	2	6	0	0	0	2	3	11	1	0	0
gene12200	138	55	131	99	76	97	137	229	101	187	120	382	227	47	56	105
gene12201	26	14	62	25	47	42	75	89	124	103	59	206	84	23	65	118
gene12202	7832	3788	15608	7364	6411	6681	9324	22341	14579	11056	12121	20890	19037	3510	5979	9014
gene12203	18	4	16	13	4	9	10	26	35	9	19	61	44	15	12	3
gene12204	11	5	22	13	13	21	15	22	12	15	19	42	43	6	6	25
gene12205	0	2	1	3	1	2	2	8	1	2	2	12	0	2	2	17
gene12206	0	2	0	0	0	0	1	1	0	2	1	0	0	0	0	0
gene12207	62	15	47	23	21	33	46	16	43	17	18	73	59	8	68	50
gene12208	46	30	150	53	53	61	89	79	124	91	64	123	117	18	64	65
gene12209	7	9	39	19	3	1	21	51	3	7	20	52	17	2	7	7
gene12210	195	129	415	163	144	210	226	541	193	314	277	407	360	58	195	132
gene12211	0	0	4	4	3	17	1	25	0	25	3	17	3	4	0	5
gene12212	913	474	2037	1074	760	1104	999	2583	1168	1732	1210	2804	2737	404	914	859
gene12213	16	1	10	0	1	3	7	7	7	8	6	13	12	6	2	9
gene12214	32	15	116	33	15	31	36	93	52	60	27	17	77	20	39	36
gene12215	0	0	0	4	0	1	2	0	0	0	0	0	0	0	0	0
gene12216	4819	2643	8733	4027	3885	6870	7860	11321	8473	9366	4727	12140	9405	1873	5504	4025
gene12217	490	277	1244	392	393	580	472	1207	600	737	674	1433	1267	247	419	464
gene12218	35	29	29	12	20	13	30	82	43	55	39	79	21	17	15	31
gene12219	176	68	487	202	125	227	339	481	302	398	235	491	547	95	228	220
gene12220	22	13	128	58	38	88	66	256	98	130	126	158	293	54	92	51
gene12221	40	43	99	54	42	73	63	115	84	82	69	137	135	34	95	27
gene12222	65	21	83	45	71	58	46	139	132	129	77	140	177	25	63	86
gene12223	0	2	13	12	23	31	65	196	26	26	12	64	8	26	123	23
gene12224	4	0	2	3	0	7	0	2	0	0	1	0	4	0	0	2
gene12225	4	7	61	10	19	16	6	12	30	34	38	35	19	10	9	19
gene12226	1766	797	2843	1419	1006	1451	2170	2943	1944	2862	1762	3961	3191	807	1688	1702
gene12227	563	235	809	395	276	512	603	990	643	798	427	1061	1071	234	387	446
gene12228	2103	831	3451	1592	1617	1682	2829	5656	2883	2928	2608	4219	4547	662	1983	1667
gene12229	16	3	42	11	19	32	24	47	16	15	11	28	29	21	4	29
gene12230	20	9	9	6	1	23	13	23	12	3	18	23	12	4	27	4
gene12231	170	36	181	70	81	79	115	352	121	227	147	200	202	44	116	134
gene12232	2	3	1	2	6	0	0	24	9	20	12	3	3	2	4	12
gene12233	356	234	894	449	397	502	666	1422	710	1145	732	1086	1504	352	568	594
gene12234	0	0	0	1	0	1	2	4	0	1	0	0	0	0	4	0
gene12235	1025	398	2144	823	369	580	686	924	529	937	744	1754	972	190	603	469
gene12236	0	0	0	0	0	0	1	2	0	0	1	0	0	2	0	0
gene12237	2	2	23	12	12	14	12	1	5	14	10	11	17	3	20	18
gene12238	44	9	39	27	38	23	91	133	23	56	70	113	78	10	27	26
gene12239	237	157	458	265	21	31	44	76	37	48	48	71	86	15	40	29
gene12240	1080	474	1734	840	1116	1686	1537	2460	1440	2207	1463	2868	2324	481	1303	928
gene12241	2	1	25	10	2	0	0	0	0	0	0	0	4	0	0	1
gene12242	1	0	19	4	2	2	10	13	0	2	0	8	5	0	0	2
gene12243	82	24	104	58	28	40	63	154	70	64	96	168	61	40	26	52
gene12244	541	383	1620	752	861	1328	1634	2128	1401	1678	2033	2047	2941	624	1184	1261
gene12245	19	10	3	26	19	6	10	17	37	13	19	6	17	5	23	13
gene12246	155	42	186	116	98	172	186	382	191	112	171	237	249	64	90	215
gene12247	0	0	7	0	0	0	1	2	0	0	0	0	0	0	0	0
gene12248	11	5	1	2	2	1	10	8	13	17	4	0	12	1	12	0
gene12249	986	427	1840	789	727	1223	1229	2086	1507	1668	1114	2404	1777	435	848	953
gene12250	1589	673	3328	1468	1408	1591	2116	3412	2350	2569	2240	4238	3736	685	1443	1753
gene12251	92	23	130	65	43	117	132	235	103	144	125	220	271	39	62	70
gene12252	208	66	326	295	179	273	320	351	217	288	123	441	482	91	158	129
gene12253	255	109	465	233	239	230	348	597	360	456	281	732	451	141	134	292
gene12254	6560	3893	17366	5675	3740	7621	9832	12517	10681	11865	7372	18277	17626	3731	6465	6487
gene12255	973	392	2122	955	234	303	434	780	477	536	328	589	813	196	338	259
gene12256	30	18	82	26	31	43	36	95	80	38	68	106	57	19	43	33
gene12257	9	3	2	0	3	6	5	3	0	6	3	8	0	1	4	0
gene12258	2	2	0	2	23	3	27	51	47	41	5	12	15	4	13	2
gene12259	577	269	1426	801	592	753	955	1490	878	1162	844	1644	1398	461	538	691
gene12260	153	57	263	75	129	229	198	241	120	159	109	353	234	57	119	169
gene12261	1	10	15	0	4	7	10	17	13	17	5	28	31	1	4	9
gene12262	0	2	18	0	0	0	1	8	0	0	1	3	0	0	0	0
gene12263	32	35	30	33	14	65	49	70	60	48	54	104	68	15	37	32
gene12264	0	1	2	2	6	1	1	1	0	19	1	0	30	0	0	1
gene12265	8	2	30	15	8	11	3	32	67	17	16	18	29	6	40	22
gene12266	82	18	47	21	33	61	82	144	72	87	41	138	128	40	50	30
gene12267	65	51	285	85	120	89	207	297	107	153	116	279	275	70	98	97
gene12268	14	12	43	20	16	34	46	37	60	34	23	63	32	10	25	14
gene12269	97	32	112	62	16	12	10	26	10	18	13	33	35	6	11	18
gene12270	127	82	323	119	134	88	149	284	187	157	149	222	291	38	114	136
gene12271	8588	4213	11913	4487	6001	7732	10207	16562	9402	15800	7061	18891	17630	3710	6697	7967
gene12272	252	97	355	228	751	1417	2018	3643	1250	2514	1581	3687	3249	491	1355	1812
gene12273	549	335	1281	509	254	256	627	757	496	405	387	743	556	118	341	308
gene12274	1423	717	2656	1079	884	1070	1783	3219	1672	1979	1485	3509	2902	913	941	1339
gene12275	7	5	6	4	1	4	8	1	1	13	3	13	8	4	28	0
gene12276	392	141	720	287	231	445	531	851	620	581	511	1040	733	161	384	421
gene12277	441	282	1093	479	556	534	1066	1525	673	975	435	1228	1293	420	640	590
gene12278	224	109	469	182	100	315	271	352	313	337	123	647	453	83	239	164
gene12279	86	65	75	83	68	82	168	184	70	190	129	117	203	36	88	65
gene12280	0	0	0	3	0	1	0	4	1	10	0	0	0	0	2	0
gene12281	60	26	76	35	44	66	119	122	81	90	76	154	68	15	97	32
gene12282	41	50	161	70	63	109	114	205	88	255	134	203	145	50	52	83
gene12283	308	313	748	408	340	575	687	971	610	845	413	966	865	273	474	428
gene12284	22	14	66	58	22	46	55	91	76	118	42	88	98	20	69	44
gene12285	613	212	721	466	370	483	452	1289	758	738	510	1017	892	195	473	490
gene12286	27	27	105	54	33	37	100	129	46	54	57	107	88	14	27	33
gene12287	3	3	16	3	4	18	6	23	6	29	11	15	61	4	7	17
gene12288	3	0	0	9	0	3	1	10	6	0	0	10	3	1	0	0
gene12289	51	20	70	57	173	152	330	404	169	278	144	222	228	109	179	120
gene12290	1106	541	2415	1032	224	269	374	581	380	396	319	564	522	93	264	190
gene12291	89	23	157	85	28	71	85	161	70	132	86	195	40	13	61	60
gene12292	213	84	384	148	109	293	179	473	292	272	164	539	477	78	226	156
gene12293	63	28	90	77	26	101	62	121	53	104	35	105	93	16	45	98
gene12294	13	37	82	26	10	69	53	101	63	47	78	70	81	20	34	25
gene12295	0	0	3	0	6	5	2	12	0	6	3	1	6	0	2	0
gene12296	42	6	54	16	11	20	53	71	30	33	27	78	10	4	27	22
gene12297	18	8	21	12	15	31	12	67	38	44	20	35	38	20	20	19
gene12298	39	2	21	21	8	38	30	73	34	13	9	31	49	3	11	18
gene12299	21	20	43	34	34	44	62	25	42	72	53	45	63	10	28	56
gene12300	6	2	7	2	5	4	4	0	16	10	2	8	16	1	1	3
gene12301	26	19	73	15	3	10	15	53	9	29	7	10	19	14	17	17
gene12302	348	235	776	367	354	622	687	1196	569	661	445	1173	841	212	516	337
gene12303	85	30	120	46	74	65	130	239	76	71	68	192	129	30	42	87
gene12304	8	0	25	0	1	0	3	5	10	9	1	2	10	3	4	4
gene12305	82	61	154	75	61	118	167	288	100	141	137	207	283	50	102	125
gene12306	2250	911	3942	1969	483	754	731	1078	1083	1052	709	1474	1780	320	670	714
gene12307	674	243	917	517	447	791	896	1281	695	650	603	1307	1047	221	384	504
gene12308	48	36	147	72	53	48	43	64	71	73	81	97	79	39	44	30
gene12309	39	23	167	104	58	91	226	399	183	385	75	368	317	57	147	101
gene12310	3	2	11	3	4	1	13	21	4	4	2	24	25	0	10	0
gene12311	63	21	48	52	42	60	83	199	118	74	60	95	180	27	50	40
gene12312	6	3	3	15	4	1	3	7	4	0	1	6	0	1	0	4
gene12313	136	33	148	47	74	163	221	418	185	323	201	576	380	143	260	149
gene12314	28	13	76	6	33	42	65	112	71	68	35	132	88	9	93	53
gene12315	21	14	65	22	5	32	25	77	43	67	16	82	40	3	22	10
gene12316	1	6	0	7	1	2	6	4	3	8	5	0	1	0	5	2
gene12317	313	129	552	266	210	286	333	816	405	421	260	440	697	141	290	271
gene12318	121	75	313	201	89	277	298	363	278	268	286	462	429	81	198	146
gene12319	0	2	0	1	0	5	1	25	5	5	4	2	3	1	10	1
gene12320	2	2	5	8	14	40	9	30	19	5	6	23	3	0	23	5
gene12321	1094	480	1694	823	742	881	1382	2119	1218	2119	971	3060	1954	583	1021	913
gene12322	9	0	0	0	0	0	0	0	0	1	0	5	0	0	0	0
gene12323	1746	920	3579	1909	1093	1933	3054	4177	2256	3327	2462	3901	3574	802	1685	1339
gene12324	126	64	189	141	118	134	236	316	162	176	176	423	285	97	124	234
gene12325	4234	1829	5865	3328	3593	4712	6491	11654	6253	5130	5500	11015	10591	1991	3991	3135
gene12326	133	148	362	119	146	236	291	493	403	251	305	560	429	72	153	174
gene12327	62	33	178	79	42	80	133	205	89	119	79	186	180	36	84	59
gene12328	10	6	9	1	0	7	1	9	1	4	4	4	1	0	2	5
gene12329	29	37	86	36	48	39	79	58	70	51	28	107	82	12	28	35
gene12330	22	7	72	23	23	25	22	39	45	61	39	50	85	9	22	17
gene12331	2901	1814	6217	3477	2723	4677	6225	9531	4792	6442	3724	9667	8114	1776	4020	3712
gene12332	1	0	5	1	7	1	14	20	5	8	3	8	10	0	0	4
gene12333	4	3	17	4	6	15	8	2	3	13	4	1	9	0	4	2
gene12334	40	11	27	9	8	16	22	38	16	40	21	37	102	13	21	15
gene12335	40	22	166	42	22	80	117	161	73	88	39	208	87	18	36	74
gene12336	112	44	280	69	64	101	127	377	198	68	139	236	178	41	64	86
gene12337	1615	814	3178	1396	1456	1506	2517	4166	2676	3115	2123	4719	3845	838	1445	1560
gene12338	5	13	61	7	30	24	19	48	14	24	12	16	25	7	5	8
gene12339	33	58	108	56	69	121	104	159	82	87	74	226	189	42	53	74
gene12340	24	4	50	22	83	106	51	346	180	98	193	387	149	36	277	90
gene12341	13	8	35	13	14	14	12	28	6	6	5	55	22	4	12	4
gene12342	0	0	2	0	3	0	0	0	0	1	0	0	0	0	1	0
gene12343	47	4	78	47	20	41	49	82	27	56	62	42	82	9	32	23
gene12344	3823	2724	9324	5282	4357	5679	8173	14747	8339	8372	7495	11455	13050	2974	6498	8121
gene12345	741	304	1838	783	762	903	912	1837	916	1002	729	1485	1916	426	732	701
gene12346	6	6	17	0	6	6	6	7	7	3	5	1	4	0	0	11
gene12347	721	232	956	460	515	589	759	782	807	713	741	1506	942	197	503	567
gene12348	45	26	89	43	5	16	14	32	16	39	13	23	34	11	25	30
gene12349	68	25	93	90	56	122	120	289	114	125	91	198	157	44	78	69
gene12350	3	2	8	2	5	0	0	0	1	0	0	4	1	0	0	2
gene12351	73	51	164	132	60	120	189	315	217	226	151	257	186	34	101	90
gene12352	28	10	58	63	23	33	46	96	33	27	25	45	48	16	39	15
gene12353	291	133	507	193	211	389	377	935	428	536	294	791	679	150	282	261
gene12354	0	4	1	2	2	4	11	30	5	17	4	9	4	0	5	0
gene12355	15	2	19	14	9	14	6	14	9	13	10	48	23	9	4	3
gene12356	26	14	91	31	87	126	267	317	234	239	180	526	393	64	274	57
gene12357	701	262	1008	477	745	601	983	1461	756	601	562	1352	1190	236	546	558
gene12358	259	141	338	187	229	185	419	490	268	468	250	696	353	115	229	284
gene12359	0	0	0	2	0	3	0	0	0	17	0	8	2	0	1	0
gene12360	74	23	169	43	43	44	55	112	47	63	30	130	158	25	48	50
gene12361	16	4	46	19	18	35	71	72	47	48	42	23	94	8	21	23
gene12362	81	30	227	90	55	124	148	227	120	174	111	324	311	53	75	97
gene12363	1142	517	2021	936	572	1060	1101	2816	970	1622	1177	2920	1618	519	1040	786
gene12364	7	0	10	2	4	5	2	4	1	3	1	9	2	2	0	1
gene12365	30	14	125	36	9	34	81	127	58	55	57	88	40	23	11	74
gene12366	26	6	104	39	18	41	18	43	36	14	30	68	65	14	17	17
gene12367	27	7	67	23	22	18	46	130	20	37	38	139	89	11	44	18
gene12368	25	23	108	37	74	35	91	82	64	35	85	99	75	7	30	25
gene12369	0	1	6	3	12	3	7	1	18	23	6	38	27	3	17	17
gene12370	6	4	12	1	6	10	8	27	13	7	10	2	23	8	19	3
gene12371	49	20	44	22	46	66	58	78	68	83	61	76	149	23	37	51
gene12372	174	62	354	116	229	335	363	555	482	287	320	646	726	120	284	324
gene12373	29	4	22	10	15	29	19	33	28	5	20	24	68	4	11	6
gene12374	55	7	31	24	19	23	49	49	39	34	23	57	62	18	12	24
gene12375	8	0	2	0	0	5	8	2	0	0	0	0	3	0	7	1
gene12376	0	0	2	1	0	0	27	4	0	0	31	2	13	0	9	0
gene12377	1	0	0	0	3	6	9	0	21	8	0	6	2	0	3	9
gene12378	90	42	146	136	15	17	19	34	35	12	13	50	31	7	8	19
gene12379	101	17	90	61	57	61	86	135	58	87	69	133	125	14	49	51
gene12380	461	190	1019	582	1654	2253	2629	5734	2599	2849	2231	4896	4485	1047	1904	1689
gene12381	169	67	451	138	165	177	388	549	249	419	295	622	310	77	173	287
gene12382	112	24	203	118	52	79	107	165	104	198	109	157	184	48	92	91
gene12383	121	93	252	212	177	189	324	404	240	279	194	446	329	82	146	176
gene12384	115	51	153	74	77	97	73	289	84	143	55	188	204	28	89	89
gene12385	18	23	18	3	28	18	16	47	32	72	3	43	36	16	19	20
gene12386	70	48	152	35	44	65	90	109	101	126	72	192	187	38	70	68
gene12387	384	195	597	326	223	428	574	1130	537	586	580	760	877	122	261	302
gene12388	1570	476	3096	1142	1328	1296	2110	2717	1973	2538	1696	2463	2874	589	1694	1583
gene12389	23	8	86	19	15	37	37	85	30	50	50	95	89	24	18	36
gene12390	23	6	4	2	5	18	5	33	25	29	10	29	60	9	22	11
gene12391	14	4	9	5	4	7	5	23	28	8	4	23	18	8	2	1
gene12392	0	1	12	1	0	1	3	14	1	1	1	6	0	0	3	2
gene12393	45	15	37	33	33	48	68	175	31	53	72	103	111	35	42	13
gene12394	913	589	2082	722	800	1225	1032	2618	1613	1254	1138	2396	2081	485	1152	737
gene12395	612	257	1030	302	381	587	834	1132	684	677	711	1149	786	188	472	369
gene12396	20	18	45	21	41	21	61	92	22	18	53	74	31	18	46	24
gene12397	3	0	24	2	10	4	8	13	9	0	1	0	15	1	0	0
gene12398	41	31	140	42	34	67	113	101	74	53	59	200	182	26	66	29
gene12399	137	38	181	101	53	49	71	145	87	73	40	176	84	36	43	75
gene12400	91	37	157	38	56	95	95	93	57	90	78	130	99	48	93	55
gene12401	41	11	141	46	34	41	99	139	39	100	52	98	96	22	20	35
gene12402	11	13	54	11	36	1	19	65	19	77	21	79	60	14	18	13
gene12403	93	37	262	93	108	196	280	185	140	209	158	323	279	82	126	215
gene12404	893	477	1507	1070	719	1381	1312	2429	1205	1170	1185	1851	1681	381	803	1115
gene12405	0	1	0	1	0	6	0	3	4	6	0	0	16	2	3	8
gene12406	4332	1799	9399	3799	3515	4747	4393	11751	5734	8740	5281	11683	10729	1983	4146	3661
gene12407	84	41	205	65	63	105	202	183	160	163	124	143	281	57	121	87
gene12408	91	47	202	102	94	58	90	268	107	151	84	306	183	48	130	68
gene12409	7	3	9	6	7	0	0	1	4	13	0	0	0	2	0	3
gene12410	0	1	0	6	0	0	1	1	1	0	0	0	1	0	0	1
gene12411	96	26	193	74	63	113	128	218	122	98	106	266	212	55	94	89
gene12412	8	7	9	14	3	19	22	13	4	15	19	6	10	6	32	9
gene12413	47	23	112	56	5	9	8	11	7	6	11	14	10	1	8	2
gene12414	12	14	66	18	22	18	23	73	40	56	31	81	75	14	22	13
gene12415	146	49	252	74	82	92	155	191	146	172	143	235	223	51	58	141
gene12416	545	255	867	360	478	626	542	1123	642	836	517	1625	1148	232	550	664
gene12417	129	47	354	131	92	120	163	179	170	208	81	208	205	55	70	93
gene12418	0	0	0	0	0	0	0	1	1	0	1	9	0	0	0	0
gene12419	241	84	530	286	212	236	321	602	366	451	321	771	646	125	277	269
gene12420	0	1	1	1	9	5	6	9	2	4	0	3	10	0	10	12
gene12421	118	37	221	78	82	143	185	219	125	166	94	289	196	35	155	99
gene12422	58	24	156	24	104	147	127	228	145	144	103	536	308	51	137	145
gene12423	26	13	20	13	22	20	28	84	39	54	14	42	45	7	18	10
gene12424	0	4	14	11	11	5	6	18	8	19	2	1	6	2	3	1
gene12425	18	6	41	13	77	162	249	384	245	332	240	442	438	119	44	175
gene12426	233	144	548	218	184	273	230	521	336	349	390	746	619	124	240	198
gene12427	51	40	54	24	39	111	102	84	148	153	80	349	154	37	81	31
gene12428	0	0	13	0	7	2	6	5	2	1	1	11	19	1	2	1
gene12429	1575	630	3060	1364	1283	1630	2276	3754	1907	2067	1752	3306	3648	584	1392	1655
gene12430	3469	1523	5220	2679	1803	4038	3723	5739	3530	4603	3539	5641	5985	1100	2795	2762
gene12431	9	9	4	8	2	15	4	23	5	25	11	4	50	0	2	2
gene12432	19	1	23	19	24	25	42	27	46	26	26	103	58	13	15	25
gene12433	8	9	14	2	2	12	12	29	11	15	9	24	11	3	17	6
gene12434	66	41	101	57	68	30	120	90	71	114	67	116	65	43	66	42
gene12435	8	1	18	16	5	21	3	11	15	5	5	36	17	1	2	13
gene12436	87	31	255	135	96	105	151	245	156	202	196	242	269	74	102	106
gene12437	114	68	155	93	72	106	158	317	123	197	104	268	163	82	122	79
gene12438	3927	2612	6771	4082	2219	4386	5659	8390	3168	6975	4583	8285	6993	1675	4641	4274
gene12439	85	37	92	102	81	173	314	414	184	249	190	256	249	103	168	95
gene12440	9	8	20	21	9	14	41	38	36	43	27	55	32	7	19	9
gene12441	1132	434	2039	1099	875	957	1669	3396	1222	1549	1167	2195	2636	503	1356	960
gene12442	21	11	48	41	13	59	43	74	59	76	31	63	81	15	60	23
gene12443	1	2	0	6	0	2	5	5	2	1	0	16	1	1	0	3
gene12444	30	8	43	24	17	13	37	31	39	33	13	49	18	8	21	12
gene12445	134	65	271	137	100	146	148	255	155	283	153	337	412	50	100	85
gene12446	18	9	24	14	24	42	53	83	49	27	39	91	54	15	20	42
gene12447	105	42	144	48	10	22	20	22	17	16	13	40	27	5	8	9
gene12448	41	37	142	88	36	113	145	229	110	233	105	217	196	21	77	87
gene12449	42	24	72	46	31	38	72	91	35	37	27	99	53	19	21	12
gene12450	11	2	12	7	9	13	19	50	9	18	17	17	37	1	9	20
gene12451	77	24	123	39	31	48	80	108	127	94	93	107	63	31	46	50
gene12452	183	89	413	129	157	147	227	331	230	294	224	481	560	60	213	181
gene12453	20	22	52	32	25	19	19	36	18	73	34	62	50	12	34	35
gene12454	257	83	512	182	131	235	373	493	211	223	194	645	384	105	351	123
gene12455	46	25	98	37	34	59	54	83	83	91	36	89	138	24	63	77
gene12456	19	5	35	9	16	8	39	28	22	7	13	23	30	4	5	21
gene12457	18556	6045	36885	14478	15251	18309	25341	45708	25547	30461	19749	41531	32222	7453	17438	15078
gene12458	2	0	2	2	1	8	2	4	3	2	1	20	3	1	5	3
gene12459	68	52	170	77	53	109	150	195	134	201	192	182	144	36	91	90
gene12460	114	97	251	125	155	136	166	413	263	273	156	143	250	55	165	179
gene12461	180	85	371	144	173	203	319	400	393	241	263	474	396	116	134	215
gene12462	950	447	1777	959	733	1169	1567	1618	1679	1412	1472	1958	2146	531	1028	1005
gene12463	10	1	6	6	18	7	1	37	12	16	4	13	7	2	6	9
gene12464	78	25	234	51	38	78	82	199	74	82	116	268	121	23	101	62
gene12465	20	8	36	21	5	15	8	77	9	28	30	67	50	5	7	20
gene12466	239	83	242	242	165	152	303	364	284	344	154	292	385	121	199	192
gene12467	20	9	56	14	5	6	20	25	16	18	7	17	18	15	16	15
gene12468	460	237	968	582	314	542	628	1031	454	691	634	1170	659	315	440	421
gene12469	1	0	12	0	0	0	3	0	2	4	4	2	1	0	1	0
gene12470	33	5	56	28	26	8	10	58	21	25	15	18	28	8	20	18
gene12471	273	146	561	296	217	241	336	522	463	478	265	654	557	134	252	183
gene12472	101	71	202	49	63	69	142	266	156	127	88	323	199	37	115	71
gene12473	7	5	15	6	12	15	7	26	2	6	4	28	15	4	9	9
gene12474	44	10	88	26	15	31	28	52	52	58	38	98	41	15	20	29
gene12475	0	1	6	0	0	1	1	0	4	6	10	0	3	0	0	0
gene12476	0	6	12	2	3	0	5	28	5	3	1	3	7	1	11	5
gene12477	746	341	1653	780	466	1119	1256	2164	1383	1459	1012	1883	1903	409	612	867
gene12478	1038	449	1391	821	707	1172	1586	2071	1391	1231	1128	1858	1840	393	1032	943
gene12479	475	248	609	355	291	544	446	988	542	742	470	1081	1117	202	353	613
gene12480	0	0	0	4	0	0	0	0	5	0	3	16	0	0	0	0
gene12481	13	7	31	21	9	12	27	34	15	20	10	27	34	10	9	20
gene12482	735	360	1640	1028	761	949	1297	2199	1067	1809	867	2310	1255	402	878	808
gene12483	86	50	228	86	76	92	123	210	83	127	84	155	159	48	71	73
gene12484	6311	2403	15396	6845	3938	7179	7157	13928	7820	10237	6546	15764	12447	2879	5207	6502
gene12485	155	76	446	176	145	190	313	342	219	198	278	375	330	62	165	139
gene12486	243	74	468	176	122	264	278	445	365	319	254	427	592	87	243	192
gene12487	0	1	3	0	1	0	0	3	2	0	1	1	0	0	0	1
gene12488	12	6	17	5	0	3	6	10	15	11	21	5	1	1	17	4
gene12489	17	5	21	0	14	5	14	6	9	11	10	47	26	5	1	5
gene12490	27	15	17	11	35	46	43	48	55	33	17	92	104	20	36	21
gene12491	6	5	24	9	12	31	18	26	6	4	6	45	10	6	8	14
gene12492	68	16	82	43	61	39	106	121	89	54	53	172	138	35	69	36
gene12493	9	6	51	15	9	13	6	82	14	56	23	38	46	6	8	5
gene12494	4	6	17	3	1	7	26	11	16	20	31	30	49	3	2	11
gene12495	25	14	33	23	25	25	55	51	49	53	33	87	31	6	19	20
gene12496	4	0	1	0	0	0	0	0	0	0	0	2	3	2	1	0
gene12497	9242	4062	20462	11062	6169	14019	17952	19445	15678	15701	11846	18381	22313	5838	7673	8085
gene12498	53	26	103	25	27	84	58	75	37	38	77	88	92	9	38	22
gene12499	56	26	142	65	34	50	67	176	76	99	26	111	151	15	57	45
gene12500	8	6	38	17	1	13	37	18	12	31	16	41	30	8	18	13
gene12501	26	11	45	24	15	16	59	76	39	35	15	136	31	7	25	33
gene12502	526	213	859	467	413	734	966	1283	769	1103	636	1176	977	246	328	539
gene12503	1	0	0	0	2	3	0	5	1	0	5	0	0	0	5	0
gene12504	746	340	1117	583	615	761	854	1351	694	1184	701	1196	1346	279	670	632
gene12505	0	0	0	0	1	3	0	5	3	0	0	0	0	0	0	0
gene12506	0	0	1	2	0	4	4	12	4	4	12	0	5	0	2	0
gene12507	2	1	13	4	0	0	1	5	18	8	3	7	0	0	0	4
gene12508	1	2	1	1	3	2	14	4	0	3	1	0	3	2	7	0
gene12509	125	50	201	146	435	1054	1117	1127	1114	1238	444	1270	1376	311	586	597
gene12510	64	59	151	70	58	77	85	266	103	123	81	319	133	16	59	60
gene12511	88	30	180	82	91	133	102	387	178	140	101	200	238	53	113	109
gene12512	19	12	22	9	20	29	61	58	48	61	28	78	38	14	27	18
gene12513	66	20	65	45	14	84	89	140	50	97	60	151	149	41	27	81
gene12514	95	36	172	85	102	111	215	298	129	141	135	213	226	75	91	114
gene12515	108	50	172	59	48	120	121	165	163	173	99	228	211	40	103	87
gene12516	455	142	591	369	2780	2407	2003	6756	3026	3397	3256	3703	6806	961	2806	2196
gene12517	0	0	3	1	2	15	6	6	8	3	1	20	34	0	5	2
gene12518	2	0	4	5	0	0	0	0	1	0	0	0	2	0	0	0
gene12519	21	12	117	45	5	21	16	45	17	35	15	37	27	9	16	26
gene12520	75	23	174	75	65	63	111	145	61	162	67	178	127	23	63	72
gene12521	72	29	126	65	49	69	73	170	40	151	48	140	131	31	72	113
gene12522	340	156	436	183	178	207	403	434	390	352	283	514	524	79	205	335
gene12523	2812	1295	6972	2512	2279	3805	6315	8469	4830	4157	4477	8960	5741	1718	2863	3227
gene12524	74	23	103	92	50	52	109	173	54	147	133	254	168	27	60	113
gene12525	33	11	43	41	16	43	32	55	17	20	37	77	53	6	31	34
gene12526	106	54	250	138	92	96	78	231	125	159	104	331	316	40	104	147
gene12527	2	2	2	5	6	6	1	11	4	4	0	12	10	1	4	0
gene12528	36	10	46	28	71	201	212	226	142	240	153	323	317	132	75	108
gene12529	16	10	53	55	32	41	38	57	40	55	64	132	124	27	47	27
gene12530	59	16	81	61	24	38	54	92	51	52	67	98	92	23	30	35
gene12531	77	24	146	61	12	14	14	26	17	13	10	22	24	10	7	17
gene12532	18	22	51	37	28	38	27	53	39	39	25	170	48	6	42	30
gene12533	44	34	195	45	37	102	186	172	91	63	141	156	174	44	86	71
gene12534	1	0	8	0	1	3	0	2	0	0	6	0	0	0	0	1
gene12535	104	26	91	56	40	89	75	188	95	103	60	191	123	34	76	85
gene12536	132	123	520	238	243	223	394	687	277	499	287	581	529	139	265	245
gene12537	33	28	82	93	129	151	200	417	113	296	157	327	398	52	280	76
gene12538	78	50	215	80	62	88	139	323	118	140	96	237	152	56	74	94
gene12539	3357	1227	5464	3197	17134	19735	28366	41241	22973	28513	25809	56088	38256	7978	14839	22156
gene12540	39	39	90	27	37	30	49	112	58	45	48	82	67	15	72	37
gene12541	41	11	40	7	9	29	19	47	22	13	35	40	38	13	30	24
gene12542	5134	3016	11281	4086	3357	4422	5548	13489	5490	7780	6026	12778	8505	2962	4272	5190
gene12543	103	60	169	113	81	93	158	320	210	158	132	362	198	65	93	101
gene12544	756	451	1499	695	653	1132	1347	2170	1439	1377	971	2188	2385	392	998	929
gene12545	1005	481	2005	722	553	999	1395	3071	1151	1777	1036	2057	1698	545	763	705
gene12546	3	6	4	5	10	14	13	21	12	27	12	6	27	4	18	9
gene12547	5	2	4	1	5	1	5	3	6	30	0	23	0	2	4	5
gene12548	560	205	1084	433	349	463	449	1514	785	890	514	744	951	258	300	476
gene12549	17	6	63	14	22	26	18	50	43	37	39	76	83	8	30	19
gene12550	318	110	441	259	256	340	597	701	474	387	364	926	658	164	306	294
gene12551	488	337	1291	425	180	278	446	483	316	461	262	809	700	105	237	311
gene12552	90	59	184	113	88	108	148	281	81	158	160	218	147	50	91	127
gene12553	117	51	235	137	100	175	229	242	179	235	131	305	288	65	109	126
gene12554	30	8	23	22	15	17	20	58	15	53	32	54	49	3	18	8
gene12555	6	9	34	6	0	3	4	15	5	48	3	30	14	7	6	14
gene12556	183	76	282	133	154	175	172	333	148	268	123	376	266	65	95	136
gene12557	19	5	24	4	8	1	29	20	11	23	14	31	2	4	7	2
gene12558	10040	4918	19074	8781	6839	12157	12597	31438	13951	17342	10588	26865	17873	4589	13930	8165
gene12559	1389	492	1947	1199	1163	1302	2152	2763	1311	2070	1389	2678	2772	634	1455	944
gene12560	3	3	8	24	14	5	7	7	16	9	22	4	49	4	9	5
gene12561	159	49	155	87	48	55	123	206	145	140	77	198	193	56	129	104
gene12562	67	11	114	16	28	55	93	143	49	51	31	89	78	11	50	13
gene12563	1586	681	3237	1592	1688	1854	2521	4586	2251	2914	2351	3756	3945	900	1982	1584
gene12564	764	390	1849	779	2904	3251	3278	6454	3695	5526	3215	8358	6051	1260	3362	2547
gene12565	41	16	78	29	174	186	248	421	209	174	302	288	533	139	85	233
gene12566	39	33	113	42	4	11	11	27	9	10	9	28	6	5	7	6
gene12567	63	10	60	15	48	56	51	47	58	44	30	97	84	21	20	17
gene12568	0	0	0	0	0	0	0	0	0	4	0	0	2	0	0	0
gene12569	81	28	127	63	35	63	78	147	79	69	55	111	136	42	63	80
gene12570	10	10	72	3	14	24	39	76	9	18	30	25	30	6	37	22
gene12571	35	9	29	28	11	17	28	75	43	12	17	25	27	6	12	27
gene12572	7	3	47	8	4	6	49	12	33	13	16	66	8	0	8	12
gene12573	293	162	487	387	239	539	331	540	332	380	401	601	597	127	254	158
gene12574	191	131	485	244	234	244	328	494	404	210	260	657	468	165	284	186
gene12575	2	0	2	0	0	5	0	26	5	64	8	24	4	5	0	7
gene12576	13	14	42	12	62	45	149	152	172	138	116	248	177	23	86	33
gene12577	76	37	103	73	32	113	102	142	95	134	40	332	95	20	71	68
gene12578	526	406	1031	721	400	951	1033	2059	1192	1606	1013	1865	1606	417	882	639
gene12579	2649	1105	4857	2391	2109	2782	3436	7261	3425	4027	3866	5391	6250	998	2400	2579
gene12580	8	1	26	3	1	0	4	3	4	10	2	0	3	1	0	0
gene12581	11	8	39	12	13	17	38	79	41	13	7	35	50	13	3	14
gene12582	0	1	60	12	15	8	25	2	11	8	8	14	11	5	14	11
gene12583	41	9	61	11	14	32	45	75	57	77	45	48	117	13	17	33
gene12584	7692	3565	13987	8806	6193	9724	12818	16890	12120	12892	9090	17224	20039	4595	7406	6834
gene12585	366	131	540	416	259	286	416	739	447	851	482	840	712	188	374	304
gene12586	63	21	68	50	51	72	61	116	43	108	57	114	126	28	31	36
gene12587	27	20	42	24	31	41	54	78	73	44	54	37	64	14	25	20
gene12588	3261	1213	4744	2882	2434	3382	4524	5478	3974	5380	3841	5782	6850	1382	2808	3503
gene12589	2995	1202	3650	1643	2025	1895	3248	5324	3544	2971	2646	4281	4272	1307	3078	2579
gene12590	21	20	74	34	29	40	66	153	35	112	85	151	132	12	42	38
gene12591	129	92	206	140	163	122	215	382	195	252	126	373	300	73	136	212
gene12592	29	31	179	67	37	104	79	183	101	81	65	204	185	34	74	60
gene12593	291	103	453	260	130	302	356	460	199	645	224	761	607	92	220	199
gene12594	236	79	366	75	171	197	253	313	225	213	173	601	285	96	134	178
gene12595	20	25	52	25	16	35	45	79	59	22	35	39	58	10	30	19
gene12596	40	29	77	19	47	54	48	47	36	12	21	174	49	14	40	37
gene12597	33	3	28	23	7	2	24	28	5	28	18	27	7	2	5	13
gene12598	1748	782	4352	2007	1787	2374	2230	4927	2853	3202	3217	5944	5472	1016	1952	2498
gene12599	5	1	9	3	1	4	1	17	1	27	1	14	3	0	8	0
gene12600	56	29	140	81	34	40	45	74	60	49	30	52	85	10	33	14
gene12601	0	2	1	2	14	4	12	10	6	13	3	11	1	1	12	11
gene12602	1997	734	2835	1548	1311	1835	2769	4360	2643	2267	2210	4553	4050	969	1792	1860
gene12603	54	30	86	33	427	514	750	807	595	738	598	577	640	168	358	179
gene12604	879	419	1996	759	901	889	1226	1404	1218	1422	1165	2736	1807	494	791	733
gene12605	623	359	1622	766	400	563	895	1177	1143	899	703	1756	1403	359	667	660
gene12606	86	28	144	36	136	145	156	284	266	239	218	434	392	89	261	144
gene12607	4	0	0	4	3	2	2	3	13	7	8	13	12	0	2	0
gene12608	4	0	1	2	0	0	2	0	0	0	0	0	0	0	0	0
gene12609	936	304	1635	669	652	847	1387	2353	1291	1798	736	2096	1810	385	702	661
gene12610	100	35	155	64	52	74	155	204	155	226	165	329	269	23	75	106
gene12611	1	0	0	9	1	0	0	0	0	17	13	0	0	2	1	1
gene12612	36	7	21	6	12	31	24	58	36	10	21	50	16	8	11	31
gene12613	44	21	72	47	8	12	13	19	19	6	16	25	23	4	6	12
gene12614	12	3	24	15	11	12	52	8	88	36	4	32	11	11	17	13
gene12615	20	7	12	8	10	22	12	5	26	26	7	55	11	6	5	22
gene12616	31	24	77	50	22	37	92	89	76	70	36	106	65	22	52	66
gene12617	112	56	236	69	87	101	140	201	110	161	103	238	277	25	106	90
gene12618	6	0	10	8	3	3	2	19	2	4	0	8	11	6	1	0
gene12619	2	0	0	10	1	20	20	38	16	4	0	6	1	1	8	2
gene12620	30	54	132	52	47	54	55	90	78	103	34	111	97	15	33	56
gene12621	5781	1767	7328	4563	2544	4873	5006	8262	5692	7739	3854	11806	11414	1870	3342	3787
gene12622	58	28	108	111	60	58	82	128	67	105	99	252	204	27	86	70
gene12623	132	40	162	112	75	105	193	313	133	175	144	246	224	58	152	158
gene12624	315	167	727	263	295	336	400	675	395	484	425	750	428	177	275	288
gene12625	0	0	0	6	0	0	0	0	2	0	0	0	0	0	0	0
gene12626	45	31	80	65	51	91	94	190	100	97	69	140	106	14	54	63
gene12627	0	0	0	0	0	0	0	1	0	0	0	0	0	0	1	0
gene12628	6	7	9	2	0	8	6	20	14	51	6	5	4	1	4	4
gene12629	33	3	58	13	19	30	29	34	26	8	45	86	26	9	17	16
gene12630	41	38	85	68	51	39	76	139	77	58	84	131	59	17	71	66
gene12631	7	8	3	0	8	8	10	44	6	50	20	80	51	3	45	13
gene12632	1143	587	2220	1355	1330	1780	1696	3172	1814	2050	1871	3776	3494	733	1976	1585
gene12633	294	131	515	204	194	374	350	860	308	370	267	682	512	71	267	252
gene12634	1854	731	3298	1433	321	299	377	683	324	457	313	712	539	103	271	306
gene12635	45	10	27	29	29	17	48	76	42	40	48	99	67	17	30	20
gene12636	1194	634	2483	1312	1277	1584	2085	3183	1521	1586	1563	3011	2567	649	1158	1042
gene12637	0	2	11	6	5	3	10	3	9	32	2	2	6	1	2	1
gene12638	14	5	14	17	18	27	53	38	13	23	22	39	30	11	15	9
gene12639	57	36	176	57	38	84	100	177	106	101	44	179	156	44	80	66
gene12640	883	388	1403	659	552	1122	1009	2130	1336	1674	861	2134	1490	369	1170	799
gene12641	21	8	48	16	34	51	18	44	37	32	27	55	41	7	23	31
gene12642	7	3	5	6	1	6	20	7	3	0	0	17	1	5	0	10
gene12643	79	40	117	51	68	101	161	264	111	138	78	244	187	35	86	83
gene12644	87	49	246	122	31	62	74	183	50	105	40	87	66	29	63	53
gene12645	0	1	16	3	7	1	13	16	27	3	1	4	23	1	3	3
gene12646	383	213	842	390	380	568	768	1113	619	797	534	1208	1190	213	478	472
gene12647	31	2	37	18	37	25	44	97	38	20	35	30	49	25	36	11
gene12648	58	24	113	67	50	76	83	85	58	137	110	121	111	48	28	50
gene12649	1334	534	3043	1386	816	1786	1924	2919	1910	1998	1550	3268	2623	635	1209	1248
gene12650	107	57	294	102	118	104	160	398	142	171	141	271	211	39	86	110
gene12651	103	48	136	82	71	66	104	136	78	232	115	180	150	40	87	59
gene12652	171	69	346	134	135	196	261	413	230	213	146	455	328	92	221	188
gene12653	3	0	3	1	5	1	3	2	10	8	4	5	7	1	2	3
gene12654	84	25	122	70	55	85	63	114	58	58	74	209	189	25	66	59
gene12655	149	69	245	173	123	179	255	280	212	215	155	403	391	53	177	189
gene12656	423	130	785	201	252	508	506	935	457	703	495	748	1034	123	323	337
gene12657	13	4	18	9	13	17	16	26	3	16	13	26	34	14	19	9
gene12658	18	5	16	22	10	1	5	14	0	20	5	21	15	11	3	9
gene12659	5	10	29	19	8	3	21	25	14	3	4	3	29	8	5	15
gene12660	503	221	951	412	263	559	605	930	546	489	628	1252	1145	248	583	307
gene12661	16	4	65	7	3	0	10	11	9	11	10	14	11	1	0	7
gene12662	2	3	1	5	0	3	8	2	3	2	0	6	3	1	2	0
gene12663	5	6	17	11	9	21	17	4	21	9	10	10	41	1	10	5
gene12664	22	4	15	9	21	3	12	15	33	46	14	39	47	10	13	14
gene12665	10	1	11	5	4	0	2	5	10	8	9	16	5	8	8	3
gene12666	15	13	83	21	12	39	45	45	29	29	14	106	82	14	32	43
gene12667	40	21	76	53	48	84	58	95	62	24	42	103	61	35	32	47
gene12668	5	0	16	5	3	0	10	59	5	28	5	5	19	3	0	2
gene12669	5	17	17	14	14	5	8	25	25	14	15	19	34	3	29	22
gene12670	6	2	24	10	10	15	22	23	20	31	6	19	29	5	6	12
gene12671	71	21	154	35	31	27	83	124	99	89	53	129	111	21	45	70
gene12672	74	30	58	57	48	87	110	130	51	68	57	150	69	32	33	50
gene12673	4	1	2	3	3	4	0	0	0	1	1	7	6	1	0	7
gene12674	33	30	102	33	30	40	48	135	49	135	73	135	77	15	51	59
gene12675	1	0	0	0	0	0	0	4	1	1	0	0	4	0	0	0
gene12676	285	156	506	210	32	69	78	162	95	99	77	108	125	32	82	63
gene12677	329	148	509	260	915	1224	1680	3645	1796	2687	1280	4094	2395	489	813	1063
gene12678	1086	473	1286	1072	404	544	744	1057	550	640	445	740	904	200	407	359
gene12679	1379	623	2746	1220	1115	2003	1502	3292	1740	2582	1675	3510	3224	571	1450	1184
gene12680	188	117	359	201	137	287	274	289	262	361	206	258	543	83	234	152
gene12681	148	69	202	127	120	128	300	420	195	184	115	401	250	62	212	68
gene12682	12	3	19	15	16	25	22	38	32	32	4	61	17	15	17	20
gene12683	1	0	1	0	2	0	2	23	0	0	1	3	1	1	1	0
gene12684	0	2	0	0	0	0	0	0	0	4	0	0	0	0	0	0
gene12685	1081	367	2578	759	882	826	1485	2186	1230	1425	993	3061	1688	359	1123	835
gene12686	9	0	1	5	1	2	3	1	3	8	4	0	1	1	5	7
gene12687	289	106	440	194	159	288	250	513	393	473	250	582	420	88	273	239
gene12688	185	108	487	249	286	279	461	565	321	605	371	494	493	140	258	187
gene12689	11	1	2	5	7	1	1	1	17	12	5	37	2	2	10	9
gene12690	0	0	2	0	4	1	0	2	2	5	0	6	0	1	1	1
gene12691	30	9	52	28	25	33	13	35	22	57	30	62	37	18	23	14
gene12692	96	64	230	103	113	160	159	406	235	113	187	303	334	51	118	94
gene12693	28	8	16	13	8	23	23	29	21	20	31	26	6	3	10	35
gene12694	11	3	0	4	2	3	5	10	4	6	1	0	1	0	1	1
gene12695	0	0	0	0	0	7	10	5	4	2	2	2	8	3	0	3
gene12696	0	5	0	0	1	5	6	0	2	0	0	20	6	3	1	0
gene12697	7	4	11	9	2	1	0	1	2	0	1	9	1	0	2	5
gene12698	1445	888	2527	1665	933	1968	2296	3796	1702	2874	1048	3760	3249	500	1247	1349
gene12699	3145	1769	6719	3459	2552	4754	4333	7556	4578	6521	4248	8680	6482	1685	3576	4001
gene12700	2	0	7	3	0	0	0	10	1	0	3	27	5	6	2	3
gene12701	128	60	180	122	80	139	138	299	136	153	120	330	350	80	122	138
gene12702	2371	886	4130	2014	1636	2577	3241	4145	3402	3191	2325	4458	3585	1093	2251	2464
gene12703	70	14	51	47	29	18	33	93	50	37	58	45	70	22	18	40
gene12704	270	114	567	293	177	277	259	692	297	423	272	614	568	87	212	219
gene12705	5	4	6	20	8	10	10	13	10	22	8	60	24	3	14	25
gene12706	26	14	33	46	14	21	33	51	26	52	47	48	64	20	23	33
gene12707	2	8	5	15	4	8	41	22	7	6	1	8	15	4	7	33
gene12708	102	56	134	83	117	67	88	196	185	149	77	123	180	57	85	70
gene12709	634	205	818	455	336	520	790	1052	730	882	607	1348	1134	244	641	390
gene12710	3	0	4	0	0	0	3	13	3	0	0	2	1	3	1	0
gene12711	15	4	22	1	11	15	10	23	5	4	7	9	4	3	6	10
gene12712	0	0	9	0	0	0	0	1	0	9	0	0	0	0	0	2
gene12713	1	0	0	0	3	0	0	0	0	0	0	0	0	2	0	0
gene12714	117	71	269	138	123	150	145	365	220	199	159	288	287	48	116	145
gene12715	54	12	77	61	36	71	47	111	57	73	69	130	156	22	77	20
gene12716	705	251	1191	325	457	632	624	1323	657	856	645	1064	1459	246	569	518
gene12717	387	191	599	231	234	390	496	805	382	451	308	625	804	166	311	312
gene12718	0	0	0	0	3	0	0	5	12	0	0	4	10	0	2	7
gene12719	14	3	10	3	4	0	15	28	8	1	2	11	13	3	4	2
gene12720	4	0	4	0	3	1	0	0	3	2	0	8	11	3	0	4
gene12721	3	1	11	2	8	16	6	15	20	25	11	11	8	4	8	12
gene12722	9	0	13	15	1	11	0	6	5	7	6	19	2	0	6	5
gene12723	98	12	76	34	38	70	65	178	53	41	44	165	90	13	30	57
gene12724	7	5	20	19	18	23	8	72	21	75	22	19	30	10	9	13
gene12725	114	35	131	124	40	91	57	207	78	124	66	163	159	35	68	75
gene12726	70	26	144	81	64	102	98	165	118	131	98	119	225	24	76	72
gene12727	236	153	493	204	195	254	429	764	370	361	409	655	371	142	290	194
gene12728	0	1	0	2	0	2	13	0	7	0	0	6	2	3	2	0
gene12729	51	36	157	37	35	60	75	100	90	91	60	172	106	33	62	38
gene12730	429	190	864	282	297	460	429	810	601	652	508	735	872	216	300	280
gene12731	0	1	3	0	1	1	0	2	0	0	0	0	1	0	0	0
gene12732	7	1	1	6	5	7	4	23	0	8	0	28	13	7	0	7
gene12733	9	0	2	0	1	4	13	16	10	30	12	2	3	10	3	0
gene12734	434	262	613	318	413	537	649	1146	498	811	445	1258	1237	175	660	476
gene12735	236	107	366	260	168	244	377	678	304	464	416	622	550	99	317	256
gene12736	1101	476	2762	1286	1035	1150	1888	3236	1459	2333	1819	3845	3061	421	1173	1317
gene12737	6	0	0	1	11	0	1	1	2	0	2	9	0	1	5	2
gene12738	17	10	68	36	38	15	61	77	31	39	18	49	91	11	26	15
gene12739	213	104	186	119	153	136	201	450	332	342	149	291	419	94	108	136
gene12740	122	54	214	184	122	143	182	469	218	192	192	260	377	73	166	134
gene12741	16	12	8	32	15	13	5	61	11	36	7	57	45	1	25	6
gene12742	3	1	3	5	8	3	0	2	2	5	20	23	5	1	2	1
gene12743	1	0	5	2	0	6	4	2	3	1	2	8	7	1	4	0
gene12744	9	7	21	6	6	12	2	25	7	16	4	18	19	2	0	5
gene12745	0	2	0	0	1	0	0	2	0	0	0	0	0	0	0	0
gene12746	1	2	2	0	0	24	0	6	6	1	1	0	19	1	0	1
gene12747	12417	6826	32235	14604	12924	17321	21995	59182	24593	33797	22045	42243	35057	8357	20598	21409
gene12748	16	13	33	38	33	38	33	16	7	31	37	86	41	19	54	10
gene12749	3	4	13	8	6	0	18	20	11	5	4	5	3	11	5	1
gene12750	104	8	111	22	29	83	48	74	30	76	42	173	82	42	44	36
gene12751	51	43	95	32	35	72	94	177	108	109	29	86	152	14	48	47
gene12752	22	4	8	7	5	14	4	20	14	6	3	41	4	7	4	5
gene12753	4	0	10	3	8	3	11	14	3	7	5	12	31	6	5	4
gene12754	124	65	219	107	106	124	135	218	203	227	143	262	182	35	134	87
gene12755	685	334	1627	572	647	755	911	1324	917	906	755	1578	1420	381	1083	591
gene12756	11	9	11	1	1	9	1	4	18	7	1	22	7	0	2	5
gene12757	287	104	446	166	173	275	317	372	258	371	266	377	443	108	220	215
gene12758	46	24	119	49	21	91	93	144	64	91	69	192	132	33	45	39
gene12759	15	4	37	28	12	46	27	51	21	41	23	55	35	18	11	16
gene12760	205	125	355	174	112	322	296	421	181	282	200	515	435	109	138	138
gene12761	420	181	1094	453	295	419	585	720	480	638	443	1253	737	185	536	389
gene12762	678	331	1135	773	634	769	1033	2195	902	1153	1103	1644	1403	372	674	756
gene12763	16	8	19	14	11	3	27	3	2	34	22	16	11	5	8	3
gene12764	26	9	74	30	13	10	11	14	8	9	12	14	8	4	7	8
gene12765	240	93	390	254	153	303	285	531	449	411	286	335	479	88	179	286
gene12766	5	3	19	3	13	17	3	14	10	2	2	63	24	2	6	9
gene12767	76	40	151	94	39	61	128	145	88	172	101	221	91	46	96	28
gene12768	45	12	50	26	37	81	55	155	106	82	51	125	54	22	35	51
gene12769	128	29	234	67	111	87	148	240	153	231	90	239	207	45	69	108
gene12770	1191	490	1645	757	938	1184	910	2779	1378	1317	805	2539	2451	584	1105	972
gene12771	442	225	823	455	439	616	805	1354	738	982	678	1260	1026	222	404	456
gene12772	61	17	90	58	50	44	84	123	83	128	53	137	105	25	57	50
gene12773	55	27	136	81	69	83	78	159	61	91	86	174	87	27	112	40
gene12774	3	1	2	7	1	3	7	0	6	1	6	6	0	4	4	2
gene12775	65	47	84	26	35	55	90	176	63	162	102	93	122	43	66	87
gene12776	68	37	264	118	63	124	166	258	231	199	110	273	140	28	102	115
gene12777	6	3	23	16	6	41	19	26	11	15	3	13	42	12	12	16
gene12778	1083	854	2936	1337	841	1621	2708	3930	1969	2680	1962	3695	2914	832	1437	1479
gene12779	285	153	688	348	226	352	398	938	324	502	325	887	484	145	296	371
gene12780	6	0	11	9	0	5	4	5	1	4	0	3	7	1	2	2
gene12781	75	42	140	51	63	96	87	171	105	105	119	162	151	60	102	74
gene12782	45	26	72	40	27	51	63	55	59	56	33	116	63	49	44	37
gene12783	25	2	12	0	6	9	2	6	22	3	0	29	14	1	10	13
gene12784	166	71	205	81	92	219	290	300	297	292	206	323	268	85	117	194
gene12785	647	341	1201	541	563	619	994	1592	859	759	866	1920	1510	351	561	515
gene12786	2030	922	2448	1248	1290	1902	2601	3212	1941	2092	1761	3607	3953	922	1257	1261
gene12787	33	21	96	54	33	33	50	231	44	56	54	76	65	25	71	30
gene12788	1250	683	2674	1211	999	1494	1320	3665	1721	3123	1784	2456	2915	693	1577	1069
gene12789	2	0	1	1	5	9	1	12	7	12	0	17	15	2	7	7
gene12790	1	0	0	1	0	0	1	11	0	0	0	0	1	0	0	0
gene12791	94	44	218	161	86	119	160	261	240	250	171	330	272	61	160	88
gene12792	19	9	24	13	49	94	95	309	175	255	115	213	256	26	109	84
gene12793	1828	1100	4644	2167	1801	2233	3551	5595	3036	4290	2749	5441	3359	913	1784	1797
gene12794	380	291	1166	460	400	658	888	1047	822	638	802	923	1073	216	371	381
gene12795	64	43	180	53	53	61	61	206	76	72	91	130	189	25	96	69
gene12796	0	0	20	2	0	1	0	12	0	0	0	0	0	0	0	0
gene12797	3	4	6	3	11	14	9	39	22	11	20	22	15	2	3	21
gene12798	7	12	19	9	4	8	12	30	2	17	2	39	18	1	3	33
gene12799	667	335	1242	841	2265	4343	4600	7462	4565	4565	3609	7563	6623	1424	3172	3584
gene12800	114	45	184	87	60	48	92	324	163	158	115	348	196	50	137	59
gene12801	1167	615	1899	942	805	977	1764	2800	1355	2030	1120	2339	2319	518	882	972
gene12802	2	0	0	0	1	0	2	1	0	0	0	2	0	3	0	0
gene12803	84	65	242	117	81	147	146	313	212	179	136	404	270	59	83	119
gene12804	23	9	77	17	7	10	32	64	28	41	21	56	70	11	42	41
gene12805	46	18	69	48	20	55	28	101	57	64	43	161	107	28	29	44
gene12806	255	85	526	256	208	233	406	536	288	458	241	635	281	79	153	241
gene12807	0	1	1	1	4	0	0	11	1	5	11	7	7	0	0	3
gene12808	69	23	106	53	44	60	129	74	88	96	74	147	96	33	43	41
gene12809	59	21	193	74	186	219	245	336	148	269	145	409	352	83	151	112
gene12810	305	62	502	277	169	329	323	856	308	389	223	604	588	184	317	271
gene12811	96	43	160	124	57	148	80	228	83	133	101	229	222	55	90	75
gene12812	35	12	44	15	19	26	27	58	23	34	12	67	53	15	35	22
gene12813	2	2	33	0	2	1	4	11	7	2	19	17	17	3	4	2
gene12814	1434	587	2638	843	1098	1353	1394	2903	1525	1756	1745	2443	2970	651	1482	1365
gene12815	12	8	13	9	172	69	160	539	114	398	180	180	315	47	329	66
gene12816	65	26	70	55	28	39	77	128	64	87	71	230	105	31	58	39
gene12817	9	7	25	13	23	7	10	77	14	17	9	55	23	12	10	35
gene12818	60	24	112	31	37	64	71	99	54	60	47	85	64	9	47	49
gene12819	198	80	276	180	1631	1419	1587	2940	2486	2590	1558	2601	3673	893	1169	1885
gene12820	116	34	154	114	12	17	39	61	24	43	40	42	24	10	10	28
gene12821	7	7	21	10	13	18	5	54	32	45	17	21	55	12	14	11
gene12822	5	7	8	1	7	9	8	5	6	17	11	11	23	5	5	7
gene12823	23	15	9	11	13	13	24	20	13	18	5	89	16	7	15	8
gene12824	16	15	25	16	12	23	40	17	39	15	5	25	26	8	5	24
gene12825	44	7	114	47	27	58	34	124	44	34	41	131	77	16	34	48
gene12826	77	22	76	31	31	45	70	145	36	77	42	120	140	14	68	27
gene12827	7	3	6	1	2	2	7	34	7	2	1	7	8	0	4	8
gene12828	0	0	0	0	0	0	0	0	0	9	0	1	0	0	0	0
gene12829	64	22	108	38	71	111	133	121	91	108	94	231	186	23	92	61
gene12830	14	2	30	17	1	27	24	40	25	6	33	14	50	3	10	11
gene12831	1084	397	2667	1010	688	1114	1186	1696	1255	1004	984	2691	2095	461	846	937
gene12832	6	6	47	13	1	9	19	11	12	28	18	13	26	7	11	5
gene12833	761	290	1292	529	672	795	967	1383	1057	1214	794	1940	1390	385	808	975
gene12834	0	0	0	0	0	0	0	0	0	2	0	0	0	0	0	4
gene12835	2	0	0	1	1	49	13	43	0	36	12	4	47	9	8	4
gene12836	7	3	16	8	8	12	20	12	22	22	6	1	27	0	13	17
gene12837	140	63	293	92	112	192	209	261	166	265	234	467	312	65	149	179
gene12838	25	5	51	22	11	30	44	63	16	28	26	72	62	7	30	23
gene12839	430	232	856	305	537	373	584	938	485	605	533	1321	1083	267	471	544
gene12840	303	243	621	251	247	347	345	809	400	560	363	850	512	135	346	245
gene12841	118	26	141	86	50	79	169	206	54	135	108	177	170	31	105	63
gene12842	234	85	831	277	151	244	532	941	380	608	437	782	650	176	331	262
gene12843	4	1	0	2	14	21	14	66	22	17	22	11	4	2	16	10
gene12844	84	17	161	31	78	54	135	202	116	167	57	170	239	33	73	82
gene12845	92	26	120	57	61	84	99	160	60	110	94	140	112	44	33	83
gene12846	766	326	1018	756	539	549	746	1134	681	990	575	1305	1144	401	446	586
gene12847	0	0	2	0	0	0	0	0	5	10	3	0	1	0	0	0
gene12848	0	2	0	0	0	0	3	0	2	0	0	0	1	0	0	0
gene12849	2586	1075	5069	2550	1991	2824	3517	5762	2259	4274	2806	6377	5668	1386	2361	1769
gene12850	471	167	1096	474	376	576	771	895	723	953	652	1225	989	283	457	370
gene12851	157	49	166	110	104	89	173	392	143	208	146	191	340	53	164	101
gene12852	127	66	164	85	81	105	171	241	104	225	133	248	170	40	136	124
gene12853	41	29	69	42	40	65	92	121	81	104	79	110	128	20	47	59
gene12854	14	6	26	29	11	8	12	23	13	64	12	13	45	13	5	21
gene12855	408	167	491	320	298	383	553	699	452	495	437	1166	947	183	289	325
gene12856	3	7	6	0	0	0	0	5	3	0	2	29	15	2	5	4
gene12857	15	5	43	33	12	24	48	68	15	54	16	18	30	29	8	21
gene12858	501	363	1108	806	649	654	804	1558	1059	1075	604	1429	1256	261	755	529
gene12859	531	179	1205	360	505	619	790	1562	815	1025	664	932	1063	295	595	636
gene12860	19	11	36	25	16	20	34	20	6	49	45	80	45	16	28	40
gene12861	159	54	342	100	125	171	171	352	192	206	87	308	192	54	111	126
gene12862	12	4	24	9	13	7	22	29	10	41	8	31	74	2	12	24
gene12863	264	144	552	228	352	398	489	631	423	732	299	1077	646	147	388	400
gene12864	2597	1217	4670	1779	9010	19436	15847	32421	15306	22177	18189	36421	34715	6378	10386	13724
gene12865	29	10	65	25	20	16	83	29	51	59	35	56	79	2	19	25
gene12866	15	17	40	54	25	10	29	63	16	47	41	51	46	8	27	26
gene12867	1844	992	4564	2319	1027	1945	2867	5718	3014	3595	2458	6012	5096	1099	2906	2348
gene12868	31	18	76	23	53	30	79	118	38	49	25	134	62	25	24	29
gene12869	26	13	49	50	34	27	20	85	38	33	41	95	104	30	68	36
gene12870	80	19	143	67	56	97	102	107	110	133	124	221	188	27	108	96
gene12871	77	31	127	55	46	61	83	107	59	99	53	157	89	31	55	63
gene12872	0	0	0	0	0	0	0	0	0	0	0	0	0	1	0	0
gene12873	0	0	0	0	0	0	0	6	0	0	0	4	1	2	0	0
gene12874	25	5	29	11	12	9	9	6	3	9	12	14	20	4	6	4
gene12875	294	121	515	203	191	239	282	702	257	239	401	766	462	118	288	254
gene12876	542	289	1273	603	445	562	1193	1384	709	1030	579	1512	1454	246	858	570
gene12877	20	1	26	9	0	5	1	7	4	6	3	3	4	0	2	2
gene12878	393	200	817	360	269	461	649	894	554	703	473	1247	730	171	440	596
gene12879	412	111	572	277	132	348	417	742	448	525	370	915	704	106	239	262
gene12880	17	5	4	13	56	18	63	165	46	72	261	258	244	20	90	111
gene12881	292	108	551	232	129	220	287	665	371	434	348	777	578	107	323	264
gene12882	9	4	20	9	5	1	11	12	20	13	25	37	37	9	9	7
gene12883	125	55	152	64	63	167	137	369	187	301	305	577	611	82	210	230
gene12884	6	14	15	3	23	11	33	30	11	15	9	50	39	5	16	29
gene12885	11	5	41	22	14	13	34	29	3	31	3	21	21	15	12	19
gene12886	238	103	347	206	202	257	269	540	339	318	242	558	383	94	207	199
gene12887	21	15	79	29	18	35	35	90	35	41	43	55	54	16	31	18
gene12888	6	4	21	7	6	8	32	24	4	20	29	46	45	1	8	4
gene12889	715	277	1502	746	435	848	1236	1424	1225	1404	699	1721	1260	448	1224	725
gene12890	99	39	229	42	193	300	443	677	460	563	321	836	725	127	174	436
gene12891	8	4	14	9	7	22	22	23	3	42	12	19	14	3	4	8
gene12892	14	8	25	30	24	32	39	27	14	36	14	15	35	6	9	6
gene12893	2	2	18	5	5	7	5	4	5	3	2	4	2	16	8	15
gene12894	79	20	117	49	52	59	49	170	89	130	55	134	150	40	62	60
gene12895	188	75	421	145	90	172	199	397	254	255	166	364	162	81	119	131
gene12896	40	16	37	21	20	30	56	88	43	99	51	33	55	42	40	33
gene12897	96	29	172	62	81	94	151	192	67	206	77	127	175	40	38	79
gene12898	93	79	232	48	41	144	150	231	197	156	124	231	143	43	87	91
gene12899	7	0	30	10	5	18	15	18	17	12	26	92	8	5	12	14
gene12900	885	497	1691	1105	5296	6887	6974	14642	8115	10919	6580	16725	10706	1973	5389	7864
gene12901	339	149	535	216	288	296	330	918	331	372	371	804	633	138	268	440
gene12902	6915	3206	16269	6444	6458	7854	9135	18583	10741	13504	9413	17222	13203	3692	6821	7384
gene12903	11	2	56	2	10	19	2	39	10	3	7	10	5	1	15	7
gene12904	24	3	106	36	31	77	34	41	32	74	45	128	112	21	40	44
gene12905	56	17	112	99	53	49	37	152	117	103	42	231	143	36	66	67
gene12906	1	1	1	11	1	0	8	5	4	1	2	13	2	0	3	0
gene12907	35	9	42	29	17	10	51	32	22	31	24	38	54	4	22	12
gene12908	101	37	152	57	86	69	84	205	107	139	103	308	195	50	76	70
gene12909	18	3	25	14	18	19	28	14	6	15	22	63	36	6	28	9
gene12910	74	47	128	101	56	80	110	171	81	199	83	142	178	61	102	74
gene12911	34	16	92	29	26	67	61	67	84	56	57	85	49	28	31	59
gene12912	74	136	259	194	131	208	295	563	245	308	189	443	499	119	195	208
gene12913	1	0	0	2	0	1	2	0	0	1	0	2	3	3	5	0
gene12914	208	103	594	255	51	97	113	151	132	81	62	123	111	34	58	59
gene12915	107	66	132	53	45	108	108	219	85	111	116	285	135	42	67	83
gene12916	1	6	4	9	13	10	7	30	32	12	10	21	3	4	6	2
gene12917	0	0	5	0	0	0	1	2	0	2	0	0	0	0	5	0
gene12918	112	47	104	47	49	92	119	147	123	149	107	140	151	31	55	73
gene12919	328	156	647	328	290	477	555	722	650	752	501	1171	669	181	272	465
gene12920	11	1	3	3	2	10	6	21	22	12	8	26	15	11	0	10
gene12921	34	15	69	64	22	31	114	43	43	55	67	91	122	24	57	34
gene12922	328	145	635	339	176	365	424	590	321	408	536	854	469	139	271	184
gene12923	14	33	88	22	10	46	33	88	59	44	41	81	79	15	10	45
gene12924	4	5	4	12	15	7	5	2	1	20	5	23	41	4	1	1
gene12925	22	9	6	7	7	16	18	31	26	29	22	20	17	10	23	13
gene12926	1980	934	4282	2151	1806	2697	3305	6077	2474	5257	2357	4612	3700	953	1442	2396
gene12927	6815	3772	10984	5102	1433	2160	2006	4199	1814	2623	1467	4025	2795	674	1785	1846
gene12928	13	0	35	7	74	58	80	137	8	110	171	251	81	61	86	45
gene12929	8	5	8	6	4	7	16	56	7	5	2	4	9	10	4	8
gene12930	240	153	558	235	188	289	490	557	497	513	322	842	659	116	328	301
gene12931	1	0	1	3	2	0	0	0	0	11	0	2	0	0	2	0
gene12932	3	8	8	12	0	0	2	2	7	1	1	6	1	1	1	0
gene12933	51	22	59	50	62	39	53	49	44	90	52	127	96	22	31	33
gene12934	1078	385	1367	640	2317	3529	2715	5146	2457	4224	3111	5911	4498	872	2813	2539
gene12935	51	15	143	44	35	55	54	113	83	57	36	146	122	26	69	19
gene12936	428	226	687	433	225	500	461	943	555	760	352	964	1163	221	236	401
gene12937	8	11	12	12	8	50	33	23	5	17	7	43	23	7	12	13
gene12938	232	98	450	121	285	305	426	591	534	377	278	668	625	169	241	254
gene12939	3	3	22	5	3	1	3	4	24	23	3	17	6	20	9	3
gene12940	191	72	244	102	49	42	52	65	41	62	42	94	73	28	50	55
gene12941	1	2	3	0	6	10	0	8	2	0	1	5	5	0	1	0
gene12942	1	1	0	0	0	0	4	27	0	0	0	3	1	0	0	4
gene12943	84	23	149	44	45	93	101	68	135	130	79	296	148	43	84	82
gene12944	20	30	71	31	14	15	33	54	12	24	42	101	53	15	25	29
gene12945	2	3	27	27	11	3	12	47	19	22	5	70	9	10	5	14
gene12946	3	1	4	2	9	6	2	5	16	1	11	7	5	3	1	0
gene12947	0	0	15	24	8	5	24	53	0	1	3	15	4	1	4	9
gene12948	361	119	531	296	301	339	463	769	386	580	414	935	676	137	308	306
gene12949	217	176	671	275	235	307	417	689	313	534	365	865	459	159	336	249
gene12950	418	236	769	297	147	172	282	520	229	255	236	503	386	122	163	220
gene12951	55	41	190	97	36	58	151	173	115	172	94	173	148	25	80	66
gene12952	343	102	434	278	181	272	346	350	379	432	275	723	544	108	263	221
gene12953	78	48	80	51	35	67	116	132	86	123	170	117	170	29	76	47
gene12954	83	13	66	96	56	50	79	113	48	76	65	115	118	34	50	42
gene12955	15	2	35	9	8	8	18	24	34	21	19	23	13	6	8	8
gene12956	3	8	3	6	0	1	4	8	0	3	0	1	0	3	3	1
gene12957	234	109	520	191	163	264	599	622	404	515	302	642	783	102	303	271
gene12958	9	4	6	3	1	10	1	16	2	9	12	2	41	6	21	2
gene12959	9	4	4	10	8	9	8	19	6	9	21	17	24	6	21	29
gene12960	5	2	22	10	1	4	10	27	2	20	7	11	18	7	7	15
gene12961	11	2	43	19	17	16	16	39	22	19	21	18	11	8	33	7
gene12962	8469	4576	20630	9517	7778	9587	14922	17417	13355	15346	10172	23452	20085	5076	8994	9744
gene12963	1351	645	2961	1028	346	660	607	1023	683	879	503	1183	822	217	509	616
gene12964	33	8	35	27	19	43	44	75	10	27	34	91	26	7	8	22
gene12965	25	2	11	16	8	15	13	28	30	24	39	36	44	12	31	32
gene12966	3	0	17	3	25	10	15	23	6	3	9	47	35	2	9	5
gene12967	7	8	43	31	14	10	28	68	64	56	10	37	72	1	5	36
gene12968	12	13	16	19	35	4	39	42	14	75	27	52	28	16	18	34
gene12969	2	2	4	1	8	9	14	18	11	15	17	4	16	1	5	22
gene12970	25	19	74	78	18	57	52	195	103	95	46	91	89	39	61	40
gene12971	0	0	2	0	0	3	0	0	2	0	0	0	16	0	0	1
gene12972	3	5	26	8	6	2	18	35	6	4	5	7	40	5	10	16
gene12973	843	397	1589	1032	663	1130	1068	2636	1395	1672	943	3166	2166	543	852	952
gene12974	120	77	249	128	129	144	180	417	149	225	176	406	364	79	174	145
gene12975	1266	534	2315	1026	1172	1479	2151	2678	1735	1919	1629	3333	3101	451	1301	1333
gene12976	1004	463	1477	938	600	1118	1251	1916	1360	1788	1264	2348	2952	551	1054	1165
gene12977	433	237	718	460	373	646	714	953	646	906	595	860	831	250	718	502
gene12978	5	5	17	0	4	34	15	38	27	28	18	19	31	5	19	26
gene12979	98	61	209	58	392	391	653	492	335	723	384	974	521	98	314	412
gene12980	15	4	46	14	90	88	84	102	220	247	263	379	165	35	102	37
gene12981	43	10	78	21	28	26	47	90	32	73	40	83	86	21	37	29
gene12982	9	5	10	17	158	89	104	126	188	89	79	151	85	18	66	52
gene12983	0	7	19	7	9	3	11	23	9	2	6	9	9	4	4	4
gene12984	32	15	39	27	13	23	23	22	19	17	26	48	20	7	20	11
gene12985	1	0	9	1	1	0	2	1	0	4	13	7	12	3	0	0
gene12986	81	51	191	127	29	73	38	89	81	56	46	136	87	19	25	50
gene12987	31	4	71	16	10	7	48	31	43	31	20	102	44	1	25	5
gene12988	39	4	26	14	37	35	13	112	50	62	32	90	90	16	45	26
gene12989	248	137	314	206	166	265	359	616	239	365	356	640	588	105	339	227
gene12990	547	306	1109	574	535	726	937	1627	811	1350	966	1650	1513	407	596	623
gene12991	13	8	24	21	60	111	251	544	167	163	88	236	116	71	57	73
gene12992	0	2	0	0	0	1	0	8	23	2	0	0	0	1	1	0
gene12993	3137	1612	6840	2706	10690	14927	18552	37652	16171	18389	13421	31897	28096	8221	12241	8331
gene12994	723	296	1507	705	498	701	763	1417	737	1050	636	1929	1265	265	693	628
gene12995	12	4	6	6	2	5	10	0	1	6	0	18	15	2	12	5
gene12996	293	173	543	204	221	252	338	597	327	331	310	507	754	168	297	289
gene12997	5	9	23	1	14	12	7	18	16	15	7	32	7	11	4	18
gene12998	738	320	1557	929	457	765	1080	1612	1142	989	824	2326	1714	269	789	993
gene12999	3	5	1	1	2	2	2	14	15	0	1	2	2	0	3	9
gene13000	147	53	151	127	69	171	124	398	159	238	200	486	281	72	83	167
gene13001	16	10	46	12	35	81	127	167	64	163	162	167	231	34	178	123
gene13002	572	233	910	421	366	559	735	1386	387	592	627	1031	1137	252	400	374
gene13003	1182	729	2200	850	203	314	361	738	390	440	357	694	423	110	227	269
gene13004	39	3	27	21	13	9	29	44	42	22	16	56	48	16	15	19
gene13005	2827	1212	6384	2042	2059	2505	4935	6832	3017	4208	2671	6257	5779	1447	3076	2355
gene13006	167	94	327	220	170	292	207	416	300	360	202	454	431	64	165	172
gene13007	248	120	689	338	315	462	441	702	396	514	415	971	671	105	288	244
gene13008	337	167	638	296	1137	1478	1505	2737	1849	1875	1629	3581	2425	579	1961	1454
gene13009	0	0	0	2	0	0	0	2	0	0	0	0	0	0	0	0
gene13010	14	4	8	21	56	8	73	8	117	84	34	27	91	46	0	71
gene13011	414	178	824	497	384	531	880	1049	705	810	672	1390	1219	276	375	407
gene13012	1081	473	1845	720	645	1028	1573	2128	1331	1430	1287	2223	1859	364	1132	1000
gene13013	1017	529	2666	1281	633	1444	1895	1969	1575	2212	1481	2918	2659	352	1289	873
gene13014	503	337	1134	514	367	652	1127	1177	648	948	603	1594	1085	284	621	673
gene13015	209	129	435	200	160	258	409	488	283	410	176	529	451	119	207	165
gene13016	17	13	49	16	13	36	32	140	31	101	60	21	69	17	48	13
gene13017	271	147	386	212	170	281	346	440	305	291	262	649	483	114	251	313
gene13018	56	16	143	31	40	36	38	129	38	71	36	108	90	11	51	29
gene13019	51	27	94	53	172	157	314	460	420	341	161	618	571	155	209	235
gene13020	60	29	150	66	24	53	74	157	78	114	55	178	159	19	32	40
gene13021	15	28	176	49	36	48	74	135	73	89	66	113	73	24	35	62
gene13022	119	45	150	85	54	86	130	222	87	101	111	149	185	76	91	85
gene13023	380	148	752	304	259	343	419	702	321	500	320	848	805	117	325	255
gene13024	866	502	2066	1022	880	1170	1380	2891	1140	1439	897	3006	2797	751	1242	1213
gene13025	76	33	144	74	16	19	30	31	22	29	16	57	57	12	19	23
gene13026	1	0	0	0	2	4	6	0	2	1	1	1	0	0	5	0
gene13027	273	128	437	326	137	279	339	450	274	476	272	607	611	131	248	288
gene13028	83	59	186	70	109	91	130	308	119	160	101	263	135	46	124	113
gene13029	42	24	108	33	35	53	74	95	45	44	54	65	43	15	25	26
gene13030	54	24	127	47	71	46	60	259	71	92	63	197	207	33	47	64
gene13031	93	38	155	65	53	48	106	222	106	129	85	163	179	30	100	55
gene13032	13	0	4	1	3	1	2	10	0	7	4	3	16	1	0	2
gene13033	271	102	560	242	176	454	390	791	543	358	391	712	721	152	280	294
gene13034	39	22	72	37	10	40	72	85	26	45	49	67	70	22	10	15
gene13035	163	73	336	123	104	171	229	412	239	314	197	475	409	74	210	171
gene13036	10	4	26	12	6	6	21	6	4	16	17	27	9	14	9	14
gene13037	127	62	118	98	19	18	30	51	34	53	26	71	42	5	30	34
gene13038	19	9	22	8	11	17	16	12	7	18	15	42	10	1	18	32
gene13039	166	41	225	169	130	204	231	389	197	247	141	312	382	78	130	199
gene13040	175	111	369	139	497	1054	1101	2159	1063	1094	1197	2227	1591	456	957	1084
gene13041	590	302	1051	777	420	628	996	1496	724	1198	736	1787	1255	300	741	790
gene13042	655	247	1504	657	529	911	737	1501	1154	1279	860	1884	1520	344	558	771
gene13043	10432	3923	22124	10146	7792	13150	20546	21464	15915	18127	12185	29377	20283	4127	8196	8757
gene13044	308	95	536	170	38	95	58	94	54	123	60	87	71	34	64	38
gene13045	1413	442	2414	738	653	1570	1431	3160	1549	1572	1052	3438	1957	500	1054	1249
gene13046	18	27	106	34	35	74	123	161	56	76	49	77	65	34	44	82
gene13047	338	165	976	310	294	409	459	897	457	543	280	1113	873	211	368	350
gene13048	1	0	1	1	0	23	48	0	5	8	15	35	19	2	17	60
gene13049	17	2	0	0	0	3	0	1	3	0	2	0	2	1	3	2
gene13050	1	0	14	4	0	1	3	3	10	6	3	6	5	1	0	0
gene13051	708	351	1715	731	110	155	263	385	196	176	223	378	334	96	170	189
gene13052	473	168	675	235	872	1181	1544	3458	2195	3269	1089	3773	2734	648	1320	1673
gene13053	20	8	68	15	24	37	33	57	27	59	17	9	23	16	28	25
gene13054	34	15	77	33	49	22	37	99	59	87	66	62	95	30	42	51
gene13055	19	9	23	5	16	32	21	9	43	29	22	47	29	6	33	22
gene13056	0	1	0	0	1	1	1	2	3	2	1	0	4	1	0	3
gene13057	1	0	16	0	2	0	0	1	4	5	1	0	5	0	3	0
gene13058	1684	498	1947	1018	678	1124	1833	2871	1503	2401	1246	2819	3416	619	924	1050
gene13059	246	80	329	218	122	184	388	534	222	247	194	457	323	74	196	165
gene13060	0	0	5	0	1	0	1	3	9	4	3	0	0	6	1	3
gene13061	1050	364	2142	727	377	489	468	878	655	700	540	1269	670	228	437	436
gene13062	24	10	36	3	6	17	21	29	21	9	9	39	50	6	21	8
gene13063	9	14	50	3	9	29	7	17	5	14	11	14	57	9	19	7
gene13064	2	0	0	0	0	0	0	1	0	0	0	0	1	0	0	0
gene13065	1159	517	2397	972	337	361	527	870	541	533	313	1133	768	156	366	333
gene13066	31	7	67	34	25	24	71	128	50	104	25	113	109	24	19	96
gene13067	178	69	239	147	97	209	224	398	208	300	220	307	377	101	209	136
gene13068	4389	1886	7355	3648	3065	3524	3813	9087	4620	6129	3435	10816	8061	1827	2726	3257
gene13069	38	18	92	45	66	40	111	217	67	105	62	107	89	32	52	49
gene13070	25	3	19	8	12	23	15	23	9	54	14	17	16	8	12	4
gene13071	1311	315	2187	1042	603	1191	1181	2828	1440	1838	1087	2324	2317	503	922	931
gene13072	17	11	29	14	29	11	18	53	9	8	56	42	73	5	12	20
gene13073	1063	394	1567	535	629	988	1315	2145	801	1136	1283	1750	1919	479	1085	815
gene13074	12	0	31	1	0	6	0	13	4	1	4	3	20	4	1	4
gene13075	79	19	55	52	13	15	25	47	16	14	17	31	13	13	11	9
gene13076	300	150	651	259	205	275	475	581	429	514	328	540	637	151	269	276
gene13077	18	14	32	21	69	53	43	196	35	43	42	124	152	17	30	88
gene13078	2368	848	3300	1819	1249	2393	3078	4440	2192	4538	2813	5564	4339	807	2088	2073
gene13079	2819	1407	5313	3397	2193	2997	4675	5941	4835	5665	4005	7903	6773	1531	3418	2724
gene13080	43	23	129	89	70	53	93	193	57	155	109	142	155	31	51	54
gene13081	7	3	6	4	5	0	6	12	8	24	9	35	9	2	15	3
gene13082	15	2	11	21	13	23	11	88	26	15	22	74	63	2	23	12
gene13083	359	202	944	325	218	335	572	1076	475	464	479	862	760	204	330	365
gene13084	24	19	21	26	13	65	47	138	43	70	81	134	117	41	35	33
gene13085	2	1	7	5	5	4	5	7	9	2	5	6	16	2	21	3
gene13086	1	4	1	4	4	5	1	5	6	1	1	5	6	0	4	1
gene13087	4114	1699	6574	3639	720	1061	933	2118	1139	1443	837	2879	2098	466	985	1090
gene13088	2131	1299	4415	2051	1819	2652	3194	6634	2838	4842	1968	5182	3876	1167	2353	2876
gene13089	3	1	0	0	0	8	1	2	0	0	4	3	9	0	0	0
gene13090	11	11	9	11	18	5	10	18	21	7	7	43	36	5	13	5
gene13091	64	6	59	18	21	20	16	22	58	18	25	51	33	2	36	11
gene13092	5	2	14	6	1	2	5	0	1	13	1	0	14	9	5	6
gene13093	6	17	28	9	8	9	45	36	26	47	24	40	25	16	39	19
gene13094	3735	1899	10560	4706	3664	4421	5897	11254	5910	6398	4714	8586	8480	2413	5309	4482
gene13095	3	12	5	9	5	8	6	3	10	3	12	8	0	8	3	7
gene13096	3	1	0	1	0	2	0	2	7	3	4	7	0	1	1	2
gene13097	12	13	27	8	9	16	28	41	37	33	10	31	31	10	47	15
gene13098	3185	1444	4801	2269	1644	3331	3533	5685	4071	3654	3107	5550	4993	1037	3652	2636
gene13099	48	20	108	15	44	36	48	56	30	51	70	63	66	25	19	48
gene13100	2	0	23	3	2	8	13	17	2	9	14	10	16	2	2	4
gene13101	43	30	46	28	14	21	26	83	12	20	33	22	66	4	32	18
gene13102	13	7	9	4	13	1	2	6	1	5	1	5	1	1	3	5
gene13103	21	1	26	19	4	9	23	39	25	18	9	30	29	3	16	12
gene13104	6	3	8	9	7	9	7	31	6	10	11	43	7	3	4	1
gene13105	98	60	136	96	104	50	168	240	110	195	75	249	92	44	80	101
gene13106	102	86	332	166	182	116	145	360	172	247	149	347	218	55	120	128
gene13107	46	16	93	13	36	28	74	80	46	62	26	128	86	23	32	57
gene13108	39	3	22	36	15	18	55	37	25	27	54	56	57	7	8	11
gene13109	0	0	2	15	1	0	5	1	1	2	0	4	6	0	3	0
gene13110	24	14	95	51	29	81	51	52	81	86	48	99	135	35	41	35
gene13111	0	0	0	0	0	2	0	2	0	9	0	4	0	0	0	5
gene13112	45	32	55	15	10	29	30	64	38	30	45	69	70	3	25	19
gene13113	2	0	10	0	0	6	2	13	6	0	1	1	12	0	3	1
gene13114	17	5	17	14	54	19	15	45	80	58	66	148	47	41	5	13
gene13115	756	359	1492	669	512	776	929	1608	1176	1088	703	1572	1814	480	887	644
gene13116	306	204	818	298	265	463	519	1012	701	622	405	761	736	226	428	292
gene13117	47	4	44	14	12	33	41	56	44	43	14	58	79	8	36	35
gene13118	761	348	1524	982	666	987	1165	1578	1166	1577	1272	2110	1705	429	822	921
gene13119	129	92	304	196	151	231	193	559	238	381	250	307	363	105	162	175
gene13120	17	11	35	8	3	4	2	12	10	4	12	19	6	3	5	4
gene13121	108	51	273	69	85	119	148	449	139	240	168	178	221	51	93	171
gene13122	41363	15370	60844	27957	27196	47173	52068	86367	41459	64065	54222	66852	76779	17249	44420	42752
gene13123	215	122	575	235	117	163	410	678	286	451	293	590	480	96	213	258
gene13124	198	106	505	192	222	232	508	877	315	311	475	672	561	150	273	280
gene13125	19	3	27	4	5	6	21	26	17	3	6	10	7	7	5	12
gene13126	4856	2866	16254	6619	4024	6305	10960	16124	8487	10650	9144	15359	11343	3192	6104	4428
gene13127	3	0	6	1	0	0	0	1	1	1	0	14	0	0	0	2
gene13128	82	26	104	58	37	53	43	128	42	86	51	89	88	18	57	45
gene13129	302	116	555	283	255	311	483	645	353	393	302	750	460	103	318	247
gene13130	1527	531	2183	1383	428	612	805	1443	837	879	553	1322	1441	369	722	485
gene13131	613	456	1319	729	560	862	1093	1334	1017	1042	1010	1449	1629	327	838	702
gene13132	86	52	197	108	57	86	95	175	69	161	97	255	163	46	100	68
gene13133	356	277	739	310	246	459	707	877	513	914	454	1281	939	213	518	468
gene13134	89	14	133	78	65	95	81	134	52	155	65	252	119	28	83	40
gene13135	465	171	879	394	298	330	435	781	414	710	330	721	522	133	243	439
gene13136	0	0	3	2	4	0	0	20	4	3	0	0	0	0	0	0
gene13137	0	0	1	1	0	0	2	5	1	1	1	13	5	0	1	4
gene13138	109	39	168	72	51	119	119	109	111	138	61	156	141	47	93	75
gene13139	119	62	199	104	104	143	180	306	167	170	82	177	410	58	179	72
gene13140	29	10	34	14	8	9	21	36	11	25	13	34	10	5	5	12
gene13141	77	46	264	110	43	120	83	268	106	205	96	182	240	30	93	111
gene13142	2	16	22	16	6	11	9	70	7	15	7	5	29	1	13	16
gene13143	44	7	64	44	50	39	47	90	40	35	39	116	64	13	35	20
gene13144	31	15	46	34	35	27	41	90	23	51	32	80	63	17	16	11
gene13145	3	0	5	0	0	6	10	0	1	7	0	0	0	0	5	1
gene13146	109	50	182	68	119	187	143	294	181	198	116	202	202	83	123	121
gene13147	2491	1214	5481	2510	2694	2998	2732	6254	2808	4492	2082	6124	5977	1103	2747	1966
gene13148	2896	1152	5367	3208	2636	4231	3970	4427	4021	3480	3752	6224	5136	1187	3230	2491
gene13149	80	49	143	46	77	91	184	159	70	226	83	247	304	27	117	69
gene13150	22	5	16	13	9	30	31	54	30	52	13	35	41	2	35	13
gene13151	2311	1358	6257	2156	1142	1215	1424	1769	1693	1813	1068	3180	2517	414	914	980
gene13152	183	107	370	107	155	256	225	449	169	251	236	704	540	99	158	210
gene13153	23	9	14	21	39	188	216	232	184	299	257	613	363	127	73	128
gene13154	0	0	0	0	0	0	0	0	0	0	0	0	0	0	1	0
gene13155	23	14	25	30	25	14	33	38	52	57	28	112	64	16	29	42
gene13156	2706	1590	5501	2902	2353	3437	4928	8238	4577	5886	3472	6719	6984	1040	3886	2252
gene13157	22	12	22	33	13	29	27	37	15	49	23	90	32	15	22	44
gene13158	3	1	0	3	0	7	0	16	0	0	1	0	1	0	0	0
gene13159	5	0	25	4	5	5	13	19	8	12	3	17	19	7	4	9
gene13160	14	3	13	1	1	7	9	9	5	7	12	5	11	1	5	8
gene13161	105	39	148	83	10	19	27	60	30	35	40	66	50	4	32	35
gene13162	6	1	2	13	2	5	4	3	2	10	1	6	14	3	5	0
gene13163	11	2	13	3	1	1	0	8	2	7	1	4	1	0	4	6
gene13164	134	45	198	152	116	148	159	216	151	131	108	283	277	78	109	118
gene13165	11	4	13	3	1	6	3	8	8	2	4	35	5	0	4	6
gene13166	12075	6410	25275	10592	10456	20420	17154	35416	13875	19480	15717	28088	26305	7961	12095	9730
gene13167	886	319	1227	779	600	794	1291	2231	914	1128	934	1762	1387	263	964	522
gene13168	4	1	16	1	2	2	12	2	13	9	4	4	4	0	14	5
gene13169	23	8	49	17	19	35	23	126	23	53	27	69	40	8	26	10
gene13170	291	87	413	337	640	1259	1496	2283	1384	1676	875	2198	2235	409	809	731
gene13171	35	1	49	10	10	11	7	11	21	9	9	21	9	3	7	16
gene13172	17	20	20	13	8	7	11	33	12	15	16	11	14	3	27	7
gene13173	20	1	22	2	119	49	118	12	81	94	57	193	167	44	157	33
gene13174	315	206	665	425	250	369	380	741	417	575	383	809	661	230	321	408
gene13175	2	1	18	6	1	4	9	35	1	0	0	1	0	1	8	1
gene13176	36	15	63	44	21	17	45	56	70	40	21	47	87	14	35	15
gene13177	5	6	23	3	1	7	13	2	8	0	1	11	28	2	3	4
gene13178	2913	1637	6860	2932	2544	3551	4008	6226	4118	5370	4354	7922	6520	1261	2645	2672
gene13179	75	28	108	58	44	55	84	111	123	88	94	125	205	18	88	80
gene13180	236	160	572	212	236	344	359	738	335	573	288	444	615	109	237	376
gene13181	9	7	20	2	15	16	25	9	5	32	10	17	3	4	4	5
gene13182	3	0	2	0	7	5	2	20	4	8	2	8	0	6	0	0
gene13183	1999	1052	4604	2267	1834	2310	3930	5998	4066	3807	3512	5908	5263	1141	2111	2825
gene13184	35	16	77	7	32	11	67	67	62	61	40	54	49	14	54	41
gene13185	269	101	632	152	291	349	417	589	318	701	383	797	495	167	275	275
gene13186	108	60	224	104	108	163	184	334	157	166	94	222	264	59	135	135
gene13187	38	5	17	19	17	17	33	22	6	12	35	45	27	1	10	0
gene13188	83	63	142	135	46	148	154	296	157	200	119	373	279	35	185	141
gene13189	583	307	1269	481	429	820	786	1541	768	669	490	1348	1309	235	657	408
gene13190	229	135	571	316	265	309	483	702	531	623	361	1150	709	177	402	374
gene13191	3	1	4	1	0	0	0	21	1	5	0	40	5	1	2	4
gene13192	5	0	0	7	0	2	3	6	8	2	1	14	0	3	7	2
gene13193	12	9	16	7	2	4	5	15	5	4	14	10	5	3	3	2
gene13194	13	14	37	14	7	20	18	30	14	33	39	38	69	8	14	12
gene13195	154	58	288	131	105	156	151	387	115	281	108	254	312	54	144	97
gene13196	34	7	17	27	22	9	20	62	39	27	43	69	64	16	30	20
gene13197	54	19	93	18	17	39	34	57	26	34	42	64	73	29	61	36
gene13198	406	239	951	417	332	563	692	1096	560	748	561	741	984	254	434	379
gene13199	92	24	122	56	72	87	116	201	62	110	62	252	198	52	91	73
gene13200	0	0	0	0	2	0	21	0	0	1	0	9	6	0	0	0
gene13201	139	110	302	110	121	204	241	472	144	239	183	354	361	91	151	153
gene13202	93	56	166	67	88	170	246	217	128	298	129	365	227	77	140	116
gene13203	20	13	37	17	27	29	40	49	45	48	43	49	115	10	22	4
gene13204	62	31	218	73	66	142	96	192	153	122	94	125	211	28	101	60
gene13205	117	46	192	123	86	134	171	226	199	169	239	320	293	57	110	112
gene13206	34	10	87	27	36	10	54	61	44	25	16	69	82	17	29	28
gene13207	6	5	17	8	11	6	6	32	5	1	7	31	8	13	0	13
gene13208	1202	602	2660	1330	1208	1523	1973	3494	1255	1882	1199	3617	2632	597	1327	1042
gene13209	50	29	139	45	51	65	141	124	94	129	59	142	113	22	59	67
gene13210	44	21	69	30	9	8	10	21	20	11	10	12	37	5	22	10
gene13211	349	158	564	264	231	374	349	629	425	528	362	750	829	141	298	367
gene13212	21	4	55	7	6	6	40	29	18	26	5	41	5	3	10	15
gene13213	1118	552	1501	755	828	1061	1182	2020	1037	1590	981	2366	2010	491	910	786
gene13214	775	383	1372	747	551	685	985	1342	884	1036	641	1591	1205	281	725	643
gene13215	599	406	1355	705	514	707	830	1114	817	941	593	1824	1087	354	807	737
gene13216	177	54	271	195	118	138	201	300	182	349	196	543	430	93	116	94
gene13217	346	174	663	311	257	417	492	1036	509	404	322	722	550	162	278	340
gene13218	32	23	82	35	34	41	65	96	69	54	42	93	112	15	49	46
gene13219	682	302	1638	655	437	899	1108	1749	1474	1126	1166	2145	1946	339	860	680
gene13220	0	0	0	0	1	0	2	0	2	0	0	0	0	0	2	2
gene13221	837	422	1631	767	665	949	1138	1482	975	1311	835	1580	1668	381	755	617
gene13222	9237	5853	18802	6731	6771	10017	11262	27871	12391	14001	12505	24813	22141	3889	11414	9631
gene13223	0	0	4	3	1	0	1	0	0	5	2	13	0	1	0	0
gene13224	631	241	926	622	582	503	778	1273	491	835	557	1444	1153	243	456	510
gene13225	8	8	14	22	9	13	35	9	26	9	8	23	20	8	10	6
gene13226	8	9	50	32	167	246	250	343	206	293	132	296	271	115	178	191
gene13227	0	0	1	0	0	0	0	0	1	0	1	0	0	0	0	0
gene13228	25	15	66	29	18	33	54	63	42	33	26	41	64	20	38	48
gene13229	0	0	0	0	0	5	0	12	0	0	8	14	0	0	0	0
gene13230	12	5	8	2	15	8	3	43	22	7	7	20	9	4	5	3
gene13231	59	19	41	21	12	27	49	75	20	41	32	85	72	27	41	32
gene13232	338	180	527	363	224	413	533	851	511	630	544	704	866	164	293	371
gene13233	664	265	1307	429	574	698	1106	1846	646	968	798	1117	1356	372	455	544
gene13234	67	35	115	67	78	47	110	131	77	77	92	127	163	28	67	38
gene13235	3353	1891	6971	3840	2660	5341	7569	10841	5463	6707	4625	9171	6733	2178	3529	3341
gene13236	172	126	375	187	234	283	312	723	240	386	240	516	507	158	266	178
gene13237	168	74	340	174	157	216	329	398	279	317	205	631	526	106	178	263
gene13238	474	202	1005	294	372	531	771	1413	499	695	562	960	911	212	579	367
gene13239	99	45	246	123	93	53	189	165	155	89	117	281	233	61	89	79
gene13240	28	9	48	15	8	32	44	76	58	74	56	36	46	14	11	20
gene13241	4	2	0	0	3	0	1	0	4	3	0	3	4	0	0	2
gene13242	16	8	15	15	5	7	7	28	4	11	8	14	20	2	7	9
gene13243	5	0	0	0	1	0	0	0	0	4	0	0	1	0	0	0
gene13244	0	1	1	2	1	5	11	0	2	0	20	5	6	0	1	7
gene13245	5550	3861	14364	6536	32574	40206	46824	75274	54104	64942	48586	104941	96245	19516	41136	40228
gene13246	29	8	28	30	11	29	15	48	26	23	37	84	49	5	10	31
gene13247	59	29	121	59	47	58	34	143	92	82	50	92	234	20	46	58
gene13248	29	3	38	20	11	32	12	45	52	65	44	51	27	16	48	23
gene13249	662	256	1401	573	623	797	870	2060	1167	1074	1115	1736	1579	256	577	690
gene13250	8	5	32	15	2	5	4	7	4	9	4	41	12	0	7	17
gene13251	499	201	1177	414	266	429	614	1026	534	710	427	1104	937	245	405	279
gene13252	1162	756	2396	1134	743	1385	1775	3514	1416	1613	974	2763	2439	581	1175	963
gene13253	567	202	1333	521	379	434	701	881	551	674	570	1248	1283	273	534	502
gene13254	700	374	2041	682	576	1064	911	1691	995	1186	1330	1596	1710	341	671	830
gene13255	181	65	210	152	94	162	263	246	191	199	169	463	244	55	178	135
gene13256	61	17	71	57	31	53	24	64	40	66	30	77	85	12	52	18
gene13257	191	86	344	180	152	230	281	417	323	252	264	446	557	104	211	151
gene13258	510	137	477	360	244	479	545	1083	685	412	328	1086	718	145	356	405
gene13259	477	212	846	382	370	514	498	872	709	764	499	1001	1163	225	327	405
gene13260	1323	600	2078	1246	494	659	849	1223	687	1002	568	1560	1049	298	518	610
gene13261	0	0	7	0	3	0	6	0	0	9	0	6	1	1	0	0
gene13262	179	68	246	113	13	30	30	80	38	34	27	58	71	19	29	29
gene13263	5	1	22	16	14	13	8	31	13	13	20	10	14	5	5	25
gene13264	5	4	3	4	9	8	16	7	6	22	15	15	9	3	9	0
gene13265	263	107	314	333	422	676	631	1633	714	844	747	1229	1923	313	644	516
gene13266	601	280	704	418	268	467	728	1294	841	778	529	982	1154	209	561	421
gene13267	13	12	118	21	16	16	56	161	48	29	30	51	37	12	41	46
gene13268	7	13	11	15	9	8	10	41	9	9	11	58	20	1	8	28
gene13269	0	1	0	0	0	0	0	0	0	0	0	0	0	0	0	0
gene13270	2680	1656	8142	2980	2661	3802	3807	8005	3476	5911	4260	7717	7424	1696	3740	4028
gene13271	97	28	156	76	49	90	119	150	138	133	38	211	151	38	59	83
gene13272	29	4	34	21	16	18	21	66	15	33	33	29	33	11	18	11
gene13273	49	13	35	40	42	25	83	125	72	65	49	154	91	34	28	53
gene13274	2925	1477	5841	2964	2492	4025	4204	8334	4462	6294	4286	8590	6814	1596	3724	2950
gene13275	12	1	6	0	1	0	0	0	0	10	0	12	12	0	0	0
gene13276	74	28	133	94	58	43	119	131	78	96	65	99	157	22	69	41
gene13277	794	373	1571	506	654	985	944	1824	928	1322	705	1985	1512	370	709	720
gene13278	9	6	22	11	33	15	22	35	50	16	12	3	14	3	12	32
gene13279	1	0	1	0	4	0	1	0	0	1	0	1	0	0	0	0
gene13280	4679	2126	8365	4588	3370	6674	5735	15498	5395	10149	5108	11878	10249	2463	5685	3818
gene13281	159	74	292	125	304	654	524	667	343	664	414	882	739	204	462	340
gene13282	0	1	4	0	7	4	10	59	2	3	17	22	7	3	4	2
gene13283	200	87	339	147	218	241	257	556	246	244	271	427	577	113	184	183
gene13284	7	0	16	8	2	0	1	3	6	3	1	3	0	0	1	2
gene13285	272	151	625	336	171	319	423	792	527	490	492	679	685	105	284	280
gene13286	4	3	5	14	2	3	13	14	17	7	2	8	10	3	7	3
gene13287	80	28	85	62	54	52	102	199	106	76	52	86	144	29	31	62
gene13288	81	32	70	28	43	12	60	105	64	87	50	97	64	25	36	43
gene13289	121	71	209	104	103	145	159	298	172	183	187	336	219	41	144	78
gene13290	1780	925	2164	1201	1035	1532	1920	3081	1983	2632	2523	4589	2481	966	1570	1216
gene13291	2	0	2	9	0	3	1	4	1	17	9	1	24	3	4	3
gene13292	5	1	19	1	11	6	30	18	3	1	8	10	18	3	11	18
gene13293	17	6	40	7	1	11	0	4	1	9	3	4	8	2	11	6
gene13294	69	40	227	73	124	105	130	231	115	160	133	250	191	49	68	120
gene13295	6	4	20	4	0	13	6	18	3	3	18	9	6	2	7	5
gene13296	0	10	1	0	11	19	3	1	0	10	8	19	2	2	7	7
gene13297	2103	1445	5012	2757	1943	2281	3308	6770	3078	4108	3267	7322	4991	1292	2872	2491
gene13298	4	2	8	1	5	3	3	10	2	9	2	0	4	0	4	0
gene13299	0	2	0	2	0	1	1	38	1	0	3	8	4	4	9	2
gene13300	82	29	33	53	19	34	49	115	44	68	29	84	95	21	31	30
gene13301	1711	677	3147	1459	1102	1652	2135	2456	1655	2495	1965	3821	2447	644	1613	1586
gene13302	7	0	11	0	0	0	6	1	0	1	2	9	14	0	2	0
gene13303	20	10	22	37	38	23	56	76	42	31	28	44	43	14	7	10
gene13304	71	75	114	71	113	68	85	179	145	105	96	272	219	41	118	59
gene13305	664	272	1351	664	436	866	666	1529	817	935	953	1549	1450	370	928	702
gene13306	101	50	101	40	58	86	133	150	89	126	67	212	105	33	78	94
gene13307	3	2	9	10	6	11	9	12	6	13	9	10	18	8	12	9
gene13308	162	82	283	112	226	303	403	505	345	458	260	586	538	99	266	293
gene13309	77	21	196	48	106	282	174	495	194	288	214	639	278	76	219	131
gene13310	264	136	559	312	326	256	512	580	526	419	462	661	574	182	274	320
gene13311	271	129	489	223	189	344	507	662	477	569	333	624	524	171	316	330
gene13312	153	101	304	138	102	173	244	392	311	263	150	292	354	75	126	134
gene13313	11	10	36	4	5	37	7	28	28	26	7	60	13	8	28	21
gene13314	653	258	1043	536	371	667	724	1108	566	932	640	1574	1165	299	486	563
gene13315	33	14	75	10	5	14	8	18	12	16	8	9	14	4	15	4
gene13316	0	0	1	0	2	0	0	0	0	0	1	0	5	0	0	0
gene13317	34	20	59	27	30	51	43	89	33	29	33	71	52	7	39	29
gene13318	6167	2753	11946	6012	4805	5310	10386	11972	7207	10811	8100	13552	15180	2822	6095	5302
gene13319	662	587	1805	886	610	776	1051	1523	1083	1302	1177	1562	1486	321	987	871
gene13320	506	244	1006	350	375	447	720	1138	560	737	627	1395	1198	252	510	511
gene13321	292	123	457	316	241	373	403	603	388	555	347	500	680	126	422	259
gene13322	55	24	60	44	70	197	343	302	335	231	87	316	318	31	156	181
gene13323	27	9	119	55	22	33	47	23	36	37	63	105	95	27	27	27
gene13324	0	0	20	3	0	1	2	12	2	3	7	5	8	1	1	4
gene13325	303	162	749	362	282	355	616	980	396	635	536	1275	868	137	370	333
gene13326	11	2	5	11	5	6	8	9	17	29	4	6	9	6	0	10
gene13327	451	149	811	350	320	352	398	1095	496	680	463	1202	784	177	336	393
gene13328	6566	2625	11705	5611	4511	6362	7718	17988	10109	11322	6006	18189	11491	3003	7837	7414
gene13329	0	0	0	0	0	2	6	14	0	4	11	2	3	0	8	0
gene13330	0	1	3	0	0	54	1	0	7	6	2	28	26	0	0	29
gene13331	54	36	88	58	25	66	27	125	85	88	140	242	96	33	108	74
gene13332	13	0	6	0	1	0	2	4	0	5	1	1	1	1	5	0
gene13333	14	3	12	10	12	4	9	17	12	28	2	22	16	0	6	8
gene13334	10	15	11	21	7	11	11	11	1	20	18	31	13	2	6	6
gene13335	1795	1088	4141	1862	1596	2577	3612	4558	3108	2935	3022	5715	4135	803	1772	1899
gene13336	13	13	32	10	5	6	28	30	13	23	18	31	32	3	21	31
gene13337	12	2	8	7	9	9	13	47	7	28	2	21	17	7	13	23
gene13338	442	118	1024	282	225	358	547	841	614	739	426	904	774	150	296	366
gene13339	18	7	99	20	2	10	7	9	8	8	2	7	7	2	5	4
gene13340	5	0	0	0	0	0	1	0	0	0	0	0	0	0	0	0
gene13341	77	46	96	34	42	61	109	264	94	187	86	215	222	34	90	31
gene13342	414	159	844	388	33	57	89	107	68	92	68	135	108	40	51	43
gene13343	68	31	124	51	29	78	90	204	113	104	78	213	271	30	69	70
gene13344	60	29	128	73	57	98	77	133	93	86	81	128	73	12	32	42
gene13345	1009	609	2641	1396	994	1727	1608	2634	1542	1938	1212	2592	2972	721	1266	1100
gene13346	55	22	66	40	54	15	35	125	40	50	19	80	44	24	43	24
gene13347	9	2	4	6	16	14	31	13	1	12	2	8	1	4	0	3
gene13348	25	4	19	19	19	12	23	20	13	46	33	27	36	0	5	21
gene13349	2	1	0	0	0	0	0	0	1	0	0	0	2	0	0	0
gene13350	33	18	49	67	54	36	64	69	22	80	18	121	63	27	53	31
gene13351	26	17	38	50	33	35	27	91	45	45	53	56	57	33	29	50
gene13352	84	51	206	118	88	98	135	241	106	119	68	281	215	40	72	134
gene13353	44	25	105	32	38	36	73	118	56	95	46	173	113	32	85	60
gene13354	193	91	342	136	113	147	295	359	197	217	157	337	404	104	157	102
gene13355	179	71	344	185	165	231	157	479	262	234	298	351	556	73	184	236
gene13356	1	0	0	0	0	3	0	4	0	0	4	2	0	2	0	0
gene13357	184	73	260	63	308	566	382	1441	550	736	458	741	823	235	526	649
gene13358	127	81	384	207	176	186	248	469	143	322	237	313	340	71	211	128
gene13359	589	313	869	496	65	66	93	209	105	137	65	171	164	36	79	77
gene13360	29	4	28	1	7	14	11	38	9	54	14	41	26	10	15	23
gene13361	38	27	96	55	61	90	65	105	96	79	72	128	99	21	103	52
gene13362	200	108	545	179	135	241	293	536	248	354	283	465	358	69	244	161
gene13363	404	168	593	420	248	462	366	764	338	486	468	842	586	153	396	356
gene13364	3	5	53	22	24	42	24	51	35	15	16	53	81	10	10	11
gene13365	242	160	491	391	254	282	361	617	274	401	230	580	483	156	300	225
gene13366	39	19	41	47	41	39	62	80	37	68	35	106	88	7	72	27
gene13367	87	37	140	55	14	15	24	39	22	11	12	37	33	11	13	28
gene13368	50	8	43	21	26	27	43	59	47	26	39	82	68	15	6	22
gene13369	207	132	461	251	198	253	412	477	303	442	356	659	297	118	344	280
gene13370	156	73	407	165	111	239	371	462	207	387	206	543	326	104	153	240
gene13371	251	151	579	246	240	262	364	584	278	449	328	530	527	102	286	286
gene13372	65	20	95	14	45	91	64	61	75	93	34	102	85	27	34	48
gene13373	93	20	244	68	100	85	141	189	93	126	69	156	216	39	55	79
gene13374	96	62	181	138	94	132	165	262	335	289	166	345	348	105	169	107
gene13375	56	10	70	32	54	56	64	92	16	77	64	135	98	13	33	56
gene13376	1	1	10	4	12	27	12	16	5	3	7	1	8	5	6	18
gene13377	17616	7865	30104	15794	11924	23331	24514	39457	25454	22940	26102	46020	46693	7637	15356	15458
gene13378	236	183	573	276	23	39	58	118	58	69	67	76	102	20	58	35
gene13379	12	6	44	12	15	10	30	25	26	58	31	22	33	17	7	22
gene13380	14	4	68	6	12	18	24	60	5	16	41	25	22	6	13	9
gene13381	1	2	0	1	4	0	13	6	4	0	0	3	0	0	0	2
gene13382	19	0	33	3	2	8	32	35	22	13	6	2	36	5	30	21
gene13383	4	0	22	2	2	9	13	47	26	31	6	15	14	3	12	21
gene13384	11	2	3	3	1	0	1	9	2	1	1	0	3	0	5	0
gene13385	0	4	4	0	2	0	2	1	1	1	12	0	20	5	0	4
gene13386	9	4	13	11	7	17	12	5	9	31	5	13	18	1	14	22
gene13387	569	316	1094	551	568	710	898	1581	1025	1107	994	1763	1147	440	612	640
gene13388	242	122	452	234	215	226	249	696	341	369	281	510	371	116	285	238
gene13389	34173	13116	40473	25827	19550	42983	40349	77093	39398	41858	32194	85598	56638	12091	35208	24109
gene13390	7	2	18	20	10	4	23	44	13	24	23	12	22	9	13	37
gene13391	115	49	252	135	147	210	201	348	158	250	170	328	341	47	155	111
gene13392	124	62	199	61	19	16	37	46	45	22	25	57	26	6	22	23
gene13393	4	6	4	2	3	15	2	10	14	4	2	5	6	3	0	7
gene13394	9	1	9	10	3	4	8	9	32	10	20	49	6	1	11	6
gene13395	29	3	32	13	6	48	32	31	37	57	18	43	22	17	13	15
gene13396	5	0	13	3	3	9	32	36	11	23	0	15	26	6	2	18
gene13397	3650	1425	4716	1974	1888	3105	4941	6751	3483	5310	3127	8150	5063	1273	2633	2712
gene13398	11	5	26	1	6	3	3	3	7	5	5	9	5	2	2	0
gene13399	2	1	29	8	2	0	0	9	2	0	0	3	4	1	5	2
gene13400	0	0	5	1	1	0	0	0	6	1	0	3	2	0	0	0
gene13401	9	0	23	13	5	3	22	23	30	20	9	12	37	9	5	20
gene13402	4	6	31	19	8	21	13	22	10	10	13	25	33	2	16	26
gene13403	15	5	58	22	28	33	31	58	44	45	57	82	57	24	38	17
gene13404	21	13	41	23	23	24	22	58	39	60	23	57	41	5	34	15
gene13405	56	15	24	69	27	64	71	316	111	78	51	120	163	25	65	47
gene13406	148	68	370	197	147	226	182	361	285	247	191	566	429	69	134	145
gene13407	32	12	88	28	31	45	57	68	64	77	60	102	96	19	63	41
gene13408	10	6	12	3	9	5	17	10	5	17	15	20	16	4	0	17
gene13409	40	17	33	11	14	55	22	54	57	61	25	102	72	13	24	24
gene13410	1650	756	3415	1166	1403	1969	2419	4065	2548	2116	1853	3566	4040	647	1677	1712
gene13411	8	19	52	58	72	48	36	31	25	36	47	68	43	13	16	33
gene13412	57	34	74	47	8	22	13	33	19	23	6	25	14	10	7	18
gene13413	3131	2087	6074	3623	2887	4362	5150	9141	5801	6107	5032	9963	7498	2173	3178	3547
gene13414	6	6	57	17	19	8	28	49	12	17	22	33	10	4	24	14
gene13415	1	0	0	3	3	0	2	7	0	9	2	4	2	0	0	0
gene13416	188	82	375	172	150	203	257	372	173	308	232	412	442	78	154	218
gene13417	64	27	56	52	30	28	61	147	78	68	47	205	77	24	34	34
gene13418	123	80	343	109	112	146	118	289	148	235	126	277	323	42	129	108
gene13419	60	32	114	66	52	78	65	217	93	185	159	181	169	26	132	73
gene13420	244	100	431	165	37	37	43	59	53	47	75	82	85	22	33	43
gene13421	11	17	37	9	11	45	36	53	23	26	23	29	14	8	20	22
gene13422	13	11	45	42	16	18	14	71	21	59	26	42	49	6	20	39
gene13423	53	5	90	27	32	21	50	31	37	46	34	169	116	14	46	21
gene13424	57	19	41	32	66	97	71	207	72	124	88	123	225	28	49	81
gene13425	15	6	6	4	13	5	34	33	34	42	10	52	29	9	7	13
gene13426	2708	1203	5242	2687	2988	4098	5173	12145	4833	6354	4723	12358	10119	1888	3496	4359
gene13427	17288	9925	28756	19994	14575	20320	24820	53252	30532	30797	17407	39194	49951	8792	23007	17975
gene13428	71	11	95	37	44	14	51	140	49	18	6	75	56	13	26	35
gene13429	11	10	21	7	10	10	40	45	13	46	18	65	22	5	11	8
gene13430	66	55	197	59	43	68	138	198	121	134	107	99	158	32	78	52
gene13431	3859	1446	5347	2512	2555	2749	3843	8496	4458	4897	3480	9185	6106	1704	3749	3131
gene13432	9	1	35	5	7	3	6	8	8	7	9	23	41	3	14	8
gene13433	0	0	0	0	0	0	3	0	0	0	0	0	0	0	1	4
gene13434	24	43	75	24	45	16	32	76	60	72	56	68	47	13	33	1
gene13435	2269	1414	6596	2983	11087	20873	23492	40609	19194	22184	16587	31134	26328	6856	16759	16384
gene13436	78	28	208	65	83	90	92	207	112	185	112	201	208	37	65	52
gene13437	344	136	579	306	275	309	290	934	601	559	412	822	749	154	371	313
gene13438	4	2	25	5	10	2	4	18	5	27	11	9	17	0	9	4
gene13439	10	3	6	1	1	17	6	45	1	11	9	40	35	2	17	1
gene13440	22	6	40	16	14	12	33	60	10	17	14	15	26	12	7	25
gene13441	97	47	155	91	91	139	100	199	146	182	73	194	173	31	58	81
gene13442	5	6	35	4	8	23	29	26	32	28	11	44	17	10	13	11
gene13443	60	33	91	61	26	56	48	119	58	99	41	140	157	20	59	57
gene13444	1041	449	2249	743	1092	1270	1698	2664	1672	2233	1130	2552	2442	532	1055	1046
gene13445	20	5	20	13	25	51	47	90	20	47	33	83	20	13	4	12
gene13446	75	31	109	72	58	92	88	137	71	93	47	127	134	13	61	42
gene13447	5	0	0	5	0	0	0	3	0	0	0	6	0	0	0	0
gene13448	84	36	79	68	43	66	41	112	56	79	54	245	114	8	48	44
gene13449	26	8	34	39	10	23	81	84	30	44	61	83	52	24	19	31
gene13450	12	4	44	11	29	18	56	80	33	39	30	50	49	14	23	16
gene13451	4	3	3	2	22	4	1	14	15	43	9	59	14	6	26	11
gene13452	14	3	32	9	67	63	30	421	146	316	218	182	203	55	92	45
gene13453	18	6	54	8	11	22	28	33	17	12	13	40	24	5	42	3
gene13454	0	0	0	4	0	0	1	0	0	3	2	1	0	0	3	0
gene13455	22	18	26	5	20	20	20	71	44	43	29	59	10	4	10	24
gene13456	15	5	59	20	17	16	42	57	26	22	31	50	57	6	17	29
gene13457	47	13	50	28	35	13	32	58	39	63	36	42	109	10	14	50
gene13458	149	54	316	150	88	173	113	375	200	235	174	448	316	70	82	173
gene13459	179	61	288	113	121	169	228	364	206	195	200	247	274	107	172	137
gene13460	1568	701	2243	1709	1083	2172	2545	4495	1923	3060	2074	4671	3422	876	1208	1535
gene13461	40	22	143	23	30	87	77	122	35	62	79	101	100	31	74	70
gene13462	94	57	185	76	450	426	743	874	475	729	550	1244	1218	146	591	602
gene13463	16	6	17	6	5	2	14	18	1	16	6	7	10	10	7	16
gene13464	58	33	123	76	36	51	89	213	50	97	111	104	77	27	56	57
gene13465	13	3	7	4	4	14	11	24	1	2	7	2	15	3	12	13
gene13466	42	31	121	84	169	165	201	386	132	241	127	384	391	32	178	109
gene13467	50	9	31	32	21	49	106	91	32	88	55	130	92	15	24	26
gene13468	10	1	31	15	2	5	10	11	16	4	7	47	10	0	8	3
gene13469	27	8	29	3	3	9	59	37	15	47	22	41	52	3	19	5
gene13470	192	148	468	213	135	300	359	516	294	412	271	718	400	91	170	350
gene13471	357	174	776	410	416	536	753	914	522	573	532	984	924	217	534	392
gene13472	0	0	0	0	0	1	0	0	0	0	0	0	6	0	0	0
gene13473	8	8	0	1	15	7	0	1	1	3	1	10	0	0	2	6
gene13474	61	28	133	43	25	61	69	89	51	108	43	143	56	11	52	50
gene13475	8	0	4	2	1	0	5	1	1	13	0	3	11	1	0	0
gene13476	88	36	83	63	43	69	98	151	61	135	66	142	155	25	96	39
gene13477	27	8	38	32	24	42	12	66	48	23	12	54	62	6	23	5
gene13478	2	2	5	15	0	14	11	23	13	2	3	3	1	0	1	11
gene13479	292	102	538	283	239	472	547	581	406	550	313	611	730	209	322	288
gene13480	3	14	9	4	5	2	4	30	21	2	5	11	35	8	4	2
gene13481	427	286	801	506	466	525	706	1315	718	923	770	1207	1003	194	576	499
gene13482	38	11	79	46	34	38	84	69	74	49	34	113	99	20	39	19
gene13483	38	21	72	11	17	36	67	65	70	70	46	90	44	24	43	60
gene13484	182	103	197	148	114	187	234	387	124	297	171	312	277	65	154	194
gene13485	738	322	1211	652	664	902	1104	1865	827	1195	754	1945	1553	369	700	927
gene13486	41	23	25	23	7	34	45	94	45	48	30	53	48	6	16	20
gene13487	15	10	23	15	4	4	8	12	7	2	4	14	12	3	7	2
gene13488	433	275	881	400	384	516	692	960	452	839	671	1170	723	200	433	426
gene13489	3	2	26	8	6	9	21	15	7	13	13	14	15	2	17	15
gene13490	71	41	198	132	54	141	142	188	203	137	119	264	239	72	90	103
gene13491	222	72	234	234	153	230	253	421	284	351	236	622	509	71	182	198
gene13492	60	39	118	52	18	18	30	64	32	30	21	43	42	15	19	23
gene13493	40	9	72	35	29	23	47	95	40	31	67	139	49	9	27	34
gene13494	9495	4318	28591	8825	8391	8010	17154	25696	18659	18040	15211	19372	20167	5405	12231	9233
gene13495	709	333	643	397	861	871	1513	2248	1000	1370	784	2939	1771	597	1051	1195
gene13496	160	52	326	97	128	149	190	203	149	264	138	483	361	60	110	77
gene13497	118	77	366	110	126	110	249	208	221	127	165	359	420	58	209	152
gene13498	36	17	90	27	37	42	28	48	61	53	34	82	67	19	39	39
gene13499	1771	921	4048	1747	1367	1799	2541	4909	2594	2368	1695	4270	3427	957	1989	1713
gene13500	568	282	936	391	545	565	671	1361	522	890	642	916	1054	313	527	396
gene13501	250	135	472	258	157	291	440	675	359	342	282	679	616	94	216	302
gene13502	1	5	12	5	1	19	1	12	3	20	1	15	8	9	3	1
gene13503	28	7	89	55	20	39	48	89	43	78	35	98	55	11	42	27
gene13504	16	23	82	30	79	40	57	90	33	63	54	90	55	11	43	32
gene13505	48	19	96	59	38	50	112	218	86	101	87	121	172	28	96	52
gene13506	71	58	238	129	114	182	192	258	172	222	163	163	281	87	170	128
gene13507	0	0	0	0	0	0	0	0	0	0	0	0	0	0	0	0
gene13508	41	34	160	96	72	81	157	223	110	151	120	255	211	48	114	117
gene13509	13	7	35	29	19	39	47	53	17	38	45	43	49	3	40	13
gene13510	0	2	17	9	4	12	1	19	2	11	0	12	10	2	8	3
gene13511	100	51	190	77	114	223	245	702	315	244	286	567	452	115	407	187
gene13512	95	52	269	160	67	101	148	343	115	265	139	382	222	49	81	103
gene13513	4814	2212	7952	3933	3090	3477	6341	10714	5072	7347	5143	13214	8731	1886	5868	4271
gene13514	93	55	150	84	71	96	92	199	64	134	125	145	163	34	74	61
gene13515	3	4	19	0	5	18	20	32	17	9	32	8	31	9	9	3
gene13516	82	72	241	83	77	85	161	141	150	172	71	297	202	58	106	103
gene13517	42	13	54	18	23	19	42	88	56	22	43	104	44	13	34	26
gene13518	39	45	137	69	61	97	86	132	100	113	96	278	120	38	109	90
gene13519	163	86	471	239	203	232	376	424	231	312	303	607	409	120	170	208
gene13520	272	118	447	245	266	377	472	642	360	367	241	598	489	108	260	183
gene13521	0	0	0	0	0	0	0	0	0	0	0	0	0	0	0	0
gene13522	5	6	31	7	20	47	16	6	2	13	36	25	29	3	12	10
gene13523	56	24	107	68	47	97	104	78	58	80	61	120	110	33	79	49
gene13524	77	59	89	74	51	104	122	255	77	51	90	156	233	35	139	58
gene13525	1	0	0	0	0	0	0	0	0	0	0	0	0	0	1	0
gene13526	0	0	0	0	1	2	0	0	0	0	3	0	1	0	0	0
gene13527	0	0	5	0	0	0	0	1	0	0	0	0	0	0	0	0
gene13528	271	75	369	152	245	505	554	806	306	347	514	572	683	179	301	399
gene13529	21	20	135	38	41	53	72	60	52	63	37	69	85	16	16	28
gene13530	5	5	9	3	6	16	11	10	0	17	2	2	5	3	2	10
gene13531	1728	838	3793	1346	1965	2263	3002	3603	2615	3084	2703	5856	4315	777	1739	1883
gene13532	25	46	80	50	13	48	50	96	38	72	32	98	85	20	31	31
gene13533	55	20	175	51	50	84	90	195	66	130	79	155	62	41	64	47
gene13534	0	0	0	0	0	1	0	9	8	15	9	0	5	5	2	1
gene13535	20	26	48	25	4	14	12	12	13	9	12	8	19	5	5	12
gene13536	67	23	143	55	60	77	84	240	129	134	94	173	174	53	89	86
gene13537	2	4	16	1	5	17	9	43	8	2	11	25	20	2	0	7
gene13538	5483	2133	9299	4550	4050	5459	5936	12728	6925	7658	6996	13457	8253	2574	4263	4558
gene13539	32	2	25	28	13	12	19	19	10	24	18	27	19	6	18	7
gene13540	86	59	207	51	62	185	152	176	133	141	131	275	161	57	35	80
gene13541	62	47	171	77	65	80	127	294	131	126	141	219	152	34	80	75
gene13542	75	64	308	122	86	126	288	216	140	182	148	335	205	40	157	110
gene13543	99	55	183	113	131	135	164	175	174	166	150	246	334	60	133	153
gene13544	485	280	997	552	356	589	637	1007	508	1001	635	1195	1206	248	552	473
gene13545	2207	1141	3874	2607	2046	2776	3414	7670	3203	4217	2834	7789	3387	1136	2018	2311
gene13546	78	78	155	93	53	93	138	193	138	107	94	147	195	36	108	132
gene13547	18	10	23	11	16	19	15	35	8	9	15	28	52	7	10	6
gene13548	81	56	214	113	80	122	88	253	173	186	115	126	162	34	110	126
gene13549	148	97	325	192	188	232	279	366	206	292	263	460	246	129	150	228
gene13550	30	20	79	55	28	32	57	167	49	39	41	108	186	24	52	51
gene13551	74	23	94	58	56	101	130	128	110	71	63	164	94	47	82	113
gene13552	18	18	53	28	13	47	33	84	43	49	44	142	47	8	37	25
gene13553	39	30	113	19	70	19	65	104	44	81	83	113	132	24	75	40
gene13554	116	51	216	94	121	141	261	289	160	252	205	326	264	77	124	157
gene13555	15	4	23	24	15	6	10	26	23	25	36	33	42	5	5	18
gene13556	13	4	6	8	13	14	27	8	3	11	8	0	0	2	2	2
gene13557	4	1	16	4	3	2	6	7	11	3	6	2	3	2	4	4
gene13558	358	183	540	331	268	384	450	632	315	341	272	1147	775	107	366	218
gene13559	23	15	79	23	41	31	17	96	23	33	18	84	32	18	9	29
gene13560	43	44	125	33	82	72	84	150	53	92	50	110	111	18	72	30
gene13561	33	20	40	10	19	46	9	82	37	42	28	69	78	14	26	17
gene13562	43	17	143	51	210	248	433	346	339	287	147	407	417	75	123	187
gene13563	22	17	97	7	36	28	13	30	25	19	22	62	37	27	26	3
gene13564	0	0	6	2	0	0	0	2	1	6	0	0	14	0	1	0
gene13565	0	0	0	0	0	0	0	7	0	0	0	0	0	0	5	0
gene13566	1400	750	3015	1207	1073	1294	1918	3978	1864	2029	1940	3308	2766	657	1014	1577
gene13567	1019	461	1580	946	627	961	1194	2010	1469	1554	1187	2112	2131	397	1160	968
gene13568	155346	62746	273061	114074	119123	171389	133558	379479	185821	236347	183885	325408	268300	60882	163634	170182
gene13569	793	356	1121	449	456	486	772	1459	819	708	640	1945	1112	325	658	522
gene13570	4	3	0	0	12	2	1	14	0	0	2	20	0	0	4	0
gene13571	15	5	26	11	116	37	211	133	108	250	66	35	74	25	17	161
gene13572	0	0	0	0	0	0	3	0	0	0	0	0	0	0	0	0
gene13573	44	40	104	63	37	44	68	217	115	117	70	162	146	46	54	49
gene13574	22	29	24	21	27	8	47	85	26	31	13	47	54	6	32	30
gene13575	74	38	109	67	27	98	96	176	142	80	98	151	119	22	60	74
gene13576	178	56	447	127	221	226	170	505	218	229	216	258	497	68	132	214
gene13577	1082	407	1822	915	886	1593	1389	2255	1431	1678	1097	1961	2329	500	882	738
gene13578	443	119	732	348	1777	2253	1360	2968	2389	3514	2122	4537	4454	1012	2381	1904
gene13579	60	38	147	18	68	96	136	210	132	294	74	212	247	80	75	93
gene13580	90	44	225	118	86	143	111	205	177	246	88	314	241	67	129	109
gene13581	79	37	67	78	72	101	220	229	81	81	140	103	157	47	71	119
gene13582	104	49	164	116	69	132	344	165	155	201	126	272	249	38	116	110
gene13583	49	10	69	24	60	125	158	246	229	168	236	249	130	83	241	186
gene13584	23	4	30	18	2	16	13	32	8	21	15	53	32	3	7	32
gene13585	11	2	3	5	15	23	45	141	46	13	22	78	52	3	13	7
gene13586	406	159	733	477	51	139	120	267	155	155	76	272	290	77	113	99
gene13587	4	0	36	14	7	5	2	24	17	11	6	19	9	4	7	8
gene13588	1121	390	1849	965	758	987	887	1747	1121	1239	755	1777	1925	429	955	747
gene13589	472	257	1243	557	377	502	902	1149	773	585	807	1300	1122	283	575	487
gene13590	18	1	4	4	0	5	10	25	3	28	12	5	1	2	35	6
gene13591	0	0	2	4	7	1	3	10	7	2	0	3	18	1	0	0
gene13592	3	2	6	5	0	0	2	0	3	0	0	10	2	1	5	1
gene13593	0	0	0	0	1	2	1	13	0	0	1	12	0	0	10	1
gene13594	23	6	5	10	11	4	8	7	2	31	2	19	22	2	1	16
gene13595	59	58	228	93	64	70	78	138	122	101	148	194	238	58	62	46
gene13596	10	2	5	0	7	8	2	5	3	51	14	19	6	0	4	14
gene13597	13	6	26	3	15	20	32	46	7	12	6	35	25	3	29	17
gene13598	0	1	1	4	3	10	11	11	3	1	6	11	35	0	4	26
gene13599	74	17	153	48	29	92	74	189	79	108	39	172	192	15	44	58
gene13600	168	103	165	79	94	206	241	237	177	190	176	330	344	87	140	107
gene13601	28	7	10	14	34	88	174	137	62	154	82	132	80	60	48	40
gene13602	6	0	33	4	0	0	2	0	3	1	3	5	2	4	1	0
gene13603	0	0	0	0	0	3	0	5	0	0	3	6	0	0	1	8
gene13604	0	3	0	0	5	0	11	0	8	3	4	0	0	0	0	2
gene13605	5	7	37	3	15	14	12	74	14	21	42	50	30	14	6	13
gene13606	146	42	290	138	68	148	157	343	147	226	188	384	146	51	138	153
gene13607	6	1	17	6	15	3	10	34	7	19	13	23	54	3	7	1
gene13608	18	2	12	11	22	5	24	18	35	17	31	20	20	9	13	2
gene13609	33	7	39	41	3	8	6	10	8	13	9	10	8	1	5	3
gene13610	77	34	101	35	35	66	103	233	118	119	65	195	167	17	46	40
gene13611	225	143	527	323	212	300	415	644	538	410	366	566	908	75	350	327
gene13612	2540	1306	5383	2532	2232	3051	3291	6463	3292	4213	3604	6832	7662	1182	3218	3715
gene13613	11	4	31	2	26	11	26	15	21	6	6	35	26	2	5	1
gene13614	13	6	10	7	4	16	25	9	20	12	29	18	30	3	19	9
gene13615	5	1	37	27	21	22	26	44	15	10	23	40	6	15	29	12
gene13616	68	23	106	47	10	9	17	13	8	12	6	19	19	3	10	10
gene13617	18	21	62	39	26	59	28	51	36	47	33	70	34	12	43	50
gene13618	68	41	88	58	129	170	302	335	324	362	161	416	388	113	123	206
gene13619	622	482	1515	809	654	1101	1546	2264	1513	1516	1124	2375	3137	485	1058	764
gene13620	0	0	11	0	0	0	4	1	3	0	2	24	0	0	1	1
gene13621	0	3	31	4	1	9	10	1	2	2	3	10	3	0	7	9
gene13622	1	0	1	6	0	4	15	17	15	4	0	12	12	1	3	2
gene13623	1660	478	2228	1328	1384	1432	1988	3436	2175	2434	2195	3220	3360	581	1400	1347
gene13624	0	0	0	0	0	0	0	0	5	1	0	0	0	1	3	0
gene13625	475	219	1037	375	265	495	753	895	698	701	695	983	1047	264	466	426
gene13626	40	24	119	47	79	173	245	610	351	292	164	533	401	97	253	169
gene13627	23	4	44	29	15	33	61	35	14	31	14	53	27	12	23	20
gene13628	50	16	174	39	15	15	9	22	14	30	44	28	32	6	15	10
gene13629	112	51	285	173	91	141	206	376	192	263	139	470	251	70	155	155
gene13630	668	283	1126	757	710	890	1231	1281	1246	1437	829	2455	1485	393	888	690
gene13631	193	156	478	274	225	376	471	657	438	644	346	885	825	183	315	293
gene13632	521	247	763	265	294	390	676	1009	625	592	315	616	875	150	399	505
gene13633	277	86	297	216	137	199	314	351	271	285	240	544	541	73	238	163
gene13634	769	393	1523	672	568	799	822	1412	967	1161	948	1624	1265	331	607	685
gene13635	5	0	11	8	16	20	6	16	1	10	1	2	19	2	3	0
gene13636	1058	470	2156	755	745	1418	1676	2271	1331	2096	1532	3096	2817	495	1179	1055
gene13637	306	234	595	331	132	249	313	518	282	425	300	392	473	107	282	199
gene13638	6	0	6	10	0	4	6	19	4	19	23	21	6	10	1	4
gene13639	210	111	474	108	149	170	382	391	196	294	306	380	441	82	212	160
gene13640	0	0	2	4	0	4	7	1	1	1	2	0	11	3	4	0
gene13641	89	36	114	47	41	47	99	151	125	115	126	170	219	24	73	36
gene13642	0	2	2	2	0	3	5	1	0	7	0	0	1	3	2	0
gene13643	32	14	60	33	32	48	63	37	71	91	49	116	107	20	54	62
gene13644	53	34	141	69	39	92	82	126	99	142	100	91	67	41	80	9
gene13645	137	35	250	125	85	146	160	349	152	166	137	215	286	59	64	139
gene13646	13	0	4	0	1	1	1	1	11	18	1	1	2	1	2	4
gene13647	4	5	8	29	3	5	5	10	11	5	10	21	12	3	4	41
gene13648	90	21	212	53	95	112	144	227	186	106	110	242	211	54	133	138
gene13649	6	2	33	20	16	53	27	41	36	48	15	35	47	0	12	34
gene13650	10	4	18	13	6	8	7	24	20	11	5	1	4	0	7	12
gene13651	501	248	962	391	488	469	463	891	615	922	546	656	879	171	440	365
gene13652	196	83	405	275	117	252	347	310	262	209	201	352	441	97	280	246
gene13653	293	156	605	321	232	309	408	491	471	340	243	687	508	192	327	192
gene13654	193	85	257	217	115	194	211	437	193	207	178	464	308	46	180	118
gene13655	141	40	134	110	346	506	376	528	462	655	412	1126	606	170	454	403
gene13656	186	111	364	177	277	398	331	814	218	372	380	645	426	96	217	206
gene13657	48	21	57	38	50	32	84	83	58	26	63	139	120	33	54	40
gene13658	35	8	47	15	38	21	50	61	40	29	44	59	74	12	25	13
gene13659	178	139	577	257	156	270	348	617	315	460	282	690	509	97	189	244
gene13660	0	0	1	1	0	0	0	0	3	1	0	0	5	0	0	0
gene13661	28	13	61	7	25	18	38	44	43	33	32	75	71	20	17	26
gene13662	6	1	16	2	10	16	6	39	3	12	12	22	15	6	12	8
gene13663	0	0	13	8	12	12	6	18	1	0	0	11	0	0	12	2
gene13664	701	241	1252	580	343	615	925	1199	821	872	832	1484	917	368	577	462
gene13665	25	5	68	30	5	10	6	15	6	6	7	12	2	6	8	6
gene13666	24	5	27	0	4	1	1	6	16	19	5	46	20	2	0	12
gene13667	170	68	234	127	81	219	196	305	193	315	152	343	306	56	151	126
gene13668	53	42	82	76	34	90	82	207	84	95	89	149	141	37	107	66
gene13669	43	22	42	15	34	27	31	30	27	26	39	69	55	12	28	16
gene13670	4	1	58	7	6	10	10	38	22	4	26	34	14	1	16	6
gene13671	86	59	205	120	119	137	182	305	200	177	103	265	175	61	119	169
gene13672	9	3	5	2	8	5	0	14	8	6	6	8	3	0	5	9
gene13673	4	0	0	6	1	4	7	8	14	1	4	6	4	3	0	11
gene13674	2	5	6	5	8	15	3	18	20	3	16	27	11	10	1	6
gene13675	0	0	1	0	0	1	0	34	0	2	0	0	2	0	1	0
gene13676	4	16	9	18	11	8	9	16	5	15	4	32	37	3	17	8
gene13677	6	0	23	0	4	2	17	51	0	28	9	21	12	1	6	14
gene13678	6	0	30	15	22	33	54	44	57	50	7	75	102	6	24	7
gene13679	42	18	79	36	9	6	12	12	12	25	11	26	17	9	10	10
gene13680	189	64	386	156	159	193	303	394	226	191	170	488	456	75	174	190
gene13681	73	45	204	64	84	113	126	228	93	169	148	130	147	55	84	80
gene13682	515	243	944	446	611	1067	1384	2285	1369	1035	1075	1891	2083	399	824	824
gene13683	714	284	1343	739	588	773	1069	1758	961	961	568	1717	1335	301	530	460
gene13684	5	1	17	7	1	0	0	3	3	2	0	0	3	0	0	1
gene13685	1	0	1	4	0	1	10	1	8	2	1	7	4	6	9	1
gene13686	373	152	311	194	110	246	344	487	420	332	275	546	413	128	136	259
gene13687	553	248	1098	470	457	476	725	1239	609	992	681	1571	977	231	605	625
gene13688	0	1	0	0	0	0	3	5	8	3	0	15	24	1	0	3
gene13689	220	82	292	141	143	162	291	361	232	294	128	350	323	75	200	162
gene13690	812	377	1574	967	577	734	1264	2010	960	1137	847	1835	2229	435	993	824
gene13691	475	207	717	295	329	336	625	750	396	739	397	1129	804	191	392	388
gene13692	2	4	1	3	5	4	0	11	2	15	7	6	6	0	9	14
gene13693	91	63	154	89	65	116	87	148	124	186	104	287	199	53	113	92
gene13694	21	29	67	29	38	34	41	118	43	40	39	105	53	32	36	51
gene13695	0	0	0	0	0	4	2	0	0	0	0	2	9	1	3	1
gene13696	18	4	33	31	8	29	26	57	16	13	12	61	38	0	27	7
gene13697	15	34	27	24	11	38	55	52	62	38	45	80	49	11	24	33
gene13698	1	0	0	2	0	1	1	0	1	8	1	24	1	1	6	3
gene13699	117	36	177	100	80	118	132	233	210	158	109	284	294	32	86	90
gene13700	3	2	22	3	0	5	2	0	2	0	0	6	0	2	0	0
gene13701	2	1	18	9	3	0	15	73	8	16	0	13	0	5	2	14
gene13702	4	1	24	12	12	6	9	44	15	6	7	24	6	2	2	7
gene13703	29	12	45	21	17	25	26	42	21	39	60	91	88	9	24	25
gene13704	0	0	0	3	0	0	7	0	0	0	0	0	1	0	0	0
gene13705	19	15	31	12	11	20	20	82	45	27	27	29	23	9	17	12
gene13706	130	38	206	109	143	103	160	228	124	191	152	320	252	49	143	103
gene13707	0	0	0	0	2	0	0	0	0	1	0	0	0	0	7	0
gene13708	148	113	318	165	171	167	365	419	193	330	242	472	368	97	188	185
gene13709	89	46	244	112	88	72	103	133	85	92	118	194	153	37	79	49
gene13710	0	0	1	1	0	0	0	1	0	1	0	2	13	0	3	0
gene13711	6	6	54	10	14	39	39	34	55	60	14	75	27	5	26	11
gene13712	230	126	427	233	232	291	280	638	383	480	285	737	536	113	263	298
gene13713	18	5	13	8	0	3	4	4	13	15	1	4	12	2	14	6
gene13714	58	42	150	92	94	69	128	221	147	171	118	247	193	40	89	69
gene13715	92	41	132	84	70	101	150	198	113	127	161	292	238	54	138	85
gene13716	122	84	178	149	108	118	95	239	156	214	135	223	180	47	144	182
gene13717	78	35	92	49	18	67	87	144	75	126	57	210	73	25	80	63
gene13718	34	16	64	30	41	24	38	109	30	35	36	49	55	15	24	18
gene13719	0	0	0	0	0	0	0	0	0	1	0	0	0	0	0	0
gene13720	0	0	1	0	0	0	0	1	0	0	0	0	0	0	0	0
gene13721	0	4	3	0	0	0	1	1	3	0	18	13	14	1	3	16
gene13722	103	40	220	134	62	80	103	326	112	202	142	190	269	76	144	107
gene13723	7	6	16	4	0	6	9	3	1	17	1	10	13	1	2	6
gene13724	32	24	34	28	11	51	76	136	46	39	26	79	63	15	33	49
gene13725	49	32	145	64	52	71	82	189	117	105	64	177	104	49	82	44
gene13726	72	30	100	64	32	51	65	135	65	115	84	258	146	37	79	76
gene13727	16	15	31	19	19	17	13	32	14	4	13	21	9	2	17	15
gene13728	4	0	0	0	0	2	22	11	14	0	2	2	5	0	6	1
gene13729	52	27	34	9	15	32	40	16	53	26	61	42	102	14	30	42
gene13730	86	47	219	109	60	127	130	179	137	171	90	251	230	25	99	79
gene13731	1070	398	2264	922	562	899	1577	2106	902	1697	1067	1983	2127	504	908	1139
gene13732	343	231	690	217	332	322	567	834	611	527	347	927	632	195	496	243
gene13733	22215	11954	41510	20001	67487	99705	138420	190983	104431	160857	93560	195996	149948	43605	86919	104523
gene13734	934	474	1982	850	1118	1686	2501	5028	2308	3445	2096	4424	4051	722	1297	1483
gene13735	10	14	36	16	11	13	44	32	26	33	30	32	60	3	22	31
gene13736	103	52	114	68	39	80	121	220	108	156	81	211	169	25	110	102
gene13737	0	0	0	0	1	0	0	2	11	0	0	0	1	0	0	0
gene13738	22	14	29	27	20	21	43	74	56	37	48	82	86	18	19	19
gene13739	270	204	728	301	303	422	576	639	559	704	340	874	761	187	296	304
gene13740	25	10	48	39	9	30	37	47	40	44	11	50	54	26	31	35
gene13741	15	7	43	11	13	17	2	12	6	14	4	12	10	3	11	6
gene13742	70	54	198	112	81	151	220	293	171	151	99	237	227	45	70	82
gene13743	1	0	4	2	0	3	0	0	1	4	2	0	2	1	0	2
gene13744	60	22	63	43	37	47	55	55	56	73	41	87	33	16	28	51
gene13745	0	1	0	1	0	0	0	0	5	0	14	0	0	3	0	2
gene13746	13	19	6	17	8	19	18	53	36	20	23	36	19	17	16	9
gene13747	25	27	51	22	14	54	69	30	70	43	50	116	54	11	26	30
gene13748	35	12	34	17	9	18	18	37	63	25	10	16	34	7	26	25
gene13749	17	9	75	33	18	29	41	68	48	22	29	64	112	16	34	27
gene13750	1	0	2	0	0	0	1	3	2	0	0	10	9	4	2	0
gene13751	26	9	20	16	4	9	10	13	12	6	10	17	11	1	3	5
gene13752	18	4	23	26	24	84	15	55	23	32	4	52	25	10	14	40
gene13753	26	25	28	19	18	20	34	61	44	49	27	44	77	7	35	62
gene13754	26	6	126	28	62	69	99	304	93	181	67	271	404	26	180	65
gene13755	4	0	2	2	5	0	11	2	13	17	2	16	6	11	3	1
gene13756	819	353	1402	680	671	829	824	1903	1609	1250	867	1634	970	405	925	810
gene13757	76	37	256	69	56	79	147	226	114	237	120	168	209	37	83	98
gene13758	147	76	314	157	140	166	334	494	236	217	187	669	288	88	164	186
gene13759	307	124	808	250	216	422	438	748	376	367	465	732	708	161	400	299
gene13760	554	232	901	369	389	653	663	996	906	688	446	1374	1019	204	567	525
gene13761	0	0	0	0	0	1	0	0	0	0	0	0	0	0	0	0
gene13762	26	16	86	21	58	45	29	141	55	43	28	124	108	13	50	28
gene13763	3	0	5	1	0	0	1	0	1	5	1	0	0	1	2	1
gene13764	6	9	8	18	0	0	3	5	0	7	1	3	1	1	4	2
gene13765	691	430	1361	814	613	986	1014	1485	1013	963	931	1698	1504	286	828	744
gene13766	6	0	9	7	15	7	8	20	3	1	12	3	17	3	4	3
gene13767	110	87	284	114	105	133	216	424	177	163	168	676	420	75	146	113
gene13768	37	5	28	17	19	8	13	32	24	19	6	55	37	9	13	24
gene13769	0	0	1	1	0	0	1	0	4	1	1	0	7	1	0	10
gene13770	3	1	1	2	3	0	5	6	6	1	2	1	0	3	0	0
gene13771	37	2	28	15	1	2	2	6	1	2	2	4	13	2	4	5
gene13772	32	6	45	22	24	44	42	68	38	27	21	45	54	7	17	35
gene13773	22	5	91	29	41	40	38	112	42	61	61	119	92	23	54	19
gene13774	0	4	2	5	0	0	0	1	1	2	8	10	0	0	0	0
gene13775	0	1	7	9	1	1	5	11	0	8	3	9	4	2	3	8
gene13776	32	19	82	45	15	34	58	109	28	68	50	82	145	31	45	20
gene13777	515	163	1002	557	338	540	473	1028	485	810	541	1243	816	315	441	482
gene13778	1	1	0	4	1	0	10	0	11	0	5	8	6	2	5	3
gene13779	30	3	48	14	53	41	22	50	28	48	42	84	51	22	31	18
gene13780	26	6	67	17	8	19	12	37	34	21	23	17	34	13	22	15
gene13781	3	1	0	3	0	1	15	9	4	9	2	0	5	0	2	0
gene13782	363	124	710	269	1725	2212	2245	4555	3053	3258	2824	4671	3632	1026	1522	1681
gene13783	35	2	15	1	20	10	19	39	11	32	6	23	31	2	3	23
gene13784	2	1	2	0	5	0	5	3	9	16	2	7	8	8	2	0
gene13785	1145	567	2496	1002	988	1392	1441	3030	1405	2294	1746	2729	2498	535	1151	967
gene13786	127	65	117	68	81	213	80	211	128	97	52	278	130	30	91	65
gene13787	61	43	184	60	61	67	79	129	78	86	70	84	196	37	67	70
gene13788	29	10	59	39	31	25	19	28	37	37	22	53	35	8	20	49
gene13789	7	2	33	9	5	0	8	19	6	1	9	4	10	3	12	5
gene13790	5	0	13	15	2	2	5	0	2	2	1	0	14	3	0	1
gene13791	14	8	31	25	5	3	4	7	4	6	4	10	6	0	4	2
gene13792	63	27	60	52	38	59	59	115	77	72	86	97	101	15	54	23
gene13793	25	9	40	8	12	11	27	40	35	22	3	33	57	7	10	7
gene13794	63	15	93	36	61	18	49	111	47	39	36	102	74	15	12	84
gene13795	261	103	546	369	163	220	300	353	238	281	196	447	256	109	153	170
gene13796	44	11	54	52	24	40	31	81	35	35	37	100	45	17	20	44
gene13797	121	77	514	162	251	195	306	423	348	339	244	528	518	71	231	279
gene13798	1754	1026	3680	1558	1224	1675	1955	3798	2679	2898	1790	5124	3665	862	1602	1465
gene13799	75	36	266	71	78	73	156	216	89	195	96	164	226	31	54	76
gene13800	11	4	1	1	5	4	4	10	16	4	2	5	10	1	10	0
gene13801	285	223	450	189	216	500	528	571	423	372	340	696	585	136	336	267
gene13802	5	7	26	15	2	12	7	11	4	10	12	30	6	8	3	7
gene13803	9	1	1	0	0	1	0	0	0	1	0	2	0	0	0	0
gene13804	154	79	243	193	24	30	43	88	48	55	34	75	46	12	26	25
gene13805	183	106	288	177	185	299	227	388	223	384	267	432	401	94	188	233
gene13806	2	0	0	2	0	8	0	0	0	0	0	0	0	0	0	1
gene13807	6	3	34	6	6	21	21	9	17	14	14	7	6	3	2	22
gene13808	27	8	33	19	14	37	34	58	30	17	44	35	83	13	36	30
gene13809	95	76	292	107	346	347	686	1135	447	519	545	908	579	173	451	334
gene13810	1174	524	2514	943	855	1461	1433	2733	1847	1710	1335	4005	1869	590	1289	1244
gene13811	185	133	332	178	177	172	257	570	293	364	501	564	345	179	234	250
gene13812	75	28	139	49	31	99	110	230	58	72	94	109	72	21	51	58
gene13813	12	6	23	0	6	16	8	39	18	25	13	14	51	2	19	8
gene13814	120	91	322	207	143	174	265	331	203	297	284	439	570	89	186	166
gene13815	105	44	219	82	66	129	275	320	174	196	113	226	169	47	89	112
gene13816	9	1	6	1	2	0	9	5	11	9	13	1	19	3	0	1
gene13817	260	153	306	253	138	281	351	533	271	408	276	794	818	155	232	285
gene13818	68	36	107	50	43	65	66	147	76	37	73	93	146	14	68	29
gene13819	719	243	1211	611	495	699	652	1426	900	1077	843	1639	1260	224	764	460
gene13820	83	44	120	99	52	99	111	212	128	171	126	171	159	62	89	83
gene13821	12	11	31	22	13	14	17	35	63	42	29	55	48	15	13	15
gene13822	95	53	235	53	87	120	160	308	156	143	184	414	194	44	99	152
gene13823	92	15	138	44	59	88	85	96	74	121	54	119	110	25	67	29
gene13824	9	20	19	5	5	8	34	14	14	16	29	19	45	5	12	12
gene13825	8	5	31	27	6	14	24	36	31	39	8	20	18	0	14	2
gene13826	25	24	81	16	19	30	47	45	52	81	40	85	76	23	31	46
gene13827	2	0	11	3	10	4	0	0	13	27	4	4	2	22	2	4
gene13828	0	0	0	0	0	0	0	2	0	4	0	0	0	0	0	0
gene13829	40	18	30	27	36	53	85	83	66	69	47	31	60	33	45	41
gene13830	12	5	48	2	6	19	9	10	16	3	10	14	65	3	5	4
gene13831	0	3	6	0	0	4	2	11	2	0	5	0	0	7	2	5
gene13832	433	380	873	435	387	559	529	1560	752	1099	697	1263	1040	335	459	616
gene13833	408	217	558	360	371	481	628	950	476	537	424	1027	976	239	416	338
gene13834	3	4	29	9	4	4	9	32	26	40	11	17	37	1	27	18
gene13835	4	0	25	8	10	11	1	35	9	23	1	10	15	2	2	2
gene13836	7	3	13	4	0	2	3	46	5	0	6	2	0	2	1	0
gene13837	1369	628	2937	1347	919	2122	2393	2722	1874	2221	1538	2444	1762	640	1015	1497
gene13838	1306	838	2959	1707	1011	1817	1666	2954	1708	2787	1390	3834	3376	738	1488	1228
gene13839	178	77	274	157	92	158	265	307	166	267	150	407	366	64	86	104
gene13840	8	7	14	29	21	39	29	25	24	31	18	45	126	11	28	23
gene13841	155	58	262	89	116	145	215	354	187	230	116	289	290	42	110	145
gene13842	7	17	23	37	23	14	13	65	25	9	30	64	39	13	14	15
gene13843	70	42	181	66	51	119	174	244	85	106	89	249	181	43	120	34
gene13844	5	0	9	0	6	4	0	0	0	0	0	0	0	1	0	0
gene13845	88	40	232	108	60	73	203	186	81	179	178	156	151	46	58	106
gene13846	10	5	24	15	3	29	19	9	10	19	12	35	39	2	6	2
gene13847	127	98	319	97	133	204	163	333	234	260	146	406	348	77	221	163
gene13848	103	68	377	178	181	207	177	385	376	377	235	579	378	141	169	177
gene13849	174	57	215	148	104	122	142	330	210	277	195	295	373	57	135	134
gene13850	442	134	690	354	2366	4891	3584	6906	2761	6769	3444	7337	6618	1728	3767	4426
gene13851	8	17	43	20	45	66	50	110	110	82	13	91	176	8	40	50
gene13852	20934	10775	40320	20897	2596	3342	4358	7503	5039	6426	3760	9220	6863	1815	3846	3040
gene13853	43	23	142	45	34	51	46	153	61	67	42	117	120	6	46	30
gene13854	375	218	974	368	304	532	657	792	602	678	684	1078	973	167	437	490
gene13855	155	127	262	126	83	216	357	474	222	385	164	444	361	67	235	126
gene13856	20	4	10	14	10	19	19	32	23	38	9	28	75	5	7	16
gene13857	138	47	432	159	112	101	217	361	285	249	63	341	339	71	106	182
gene13858	117	59	255	138	111	145	196	310	199	217	119	384	154	71	138	89
gene13859	11	5	25	9	9	14	9	42	20	4	8	99	14	0	7	6
gene13860	105	49	109	28	25	32	91	167	79	101	60	156	124	25	128	26
gene13861	523	258	1483	473	182	281	270	383	248	373	196	380	415	77	160	165
gene13862	2	0	1	1	0	0	0	0	0	4	2	5	1	0	0	0
gene13863	788	202	1342	642	575	779	1281	1441	908	1491	861	1570	972	280	602	621
gene13864	337	124	710	252	217	341	510	732	322	472	261	592	591	120	307	287
gene13865	21	15	49	38	36	39	80	113	42	71	56	138	49	18	22	69
gene13866	15	18	57	41	42	64	92	41	52	126	33	148	81	31	14	53
gene13867	13	3	19	20	2	7	7	7	7	8	6	19	13	2	4	2
gene13868	2	2	18	0	1	2	10	4	30	7	4	9	18	1	4	3
gene13869	23	15	29	23	30	22	34	87	45	43	26	38	46	10	9	19
gene13870	13	6	50	37	18	15	46	70	32	24	32	65	88	4	32	31
gene13871	409	255	618	292	321	560	529	977	586	813	431	1240	841	272	338	542
gene13872	29	17	96	20	29	51	33	56	39	29	42	110	26	5	11	20
gene13873	0	3	5	1	1	2	17	33	0	22	0	0	1	5	0	1
gene13874	1017	454	1463	1074	711	1424	1355	3271	1444	1517	1149	2439	1541	457	917	761
gene13875	20	15	117	35	30	52	42	104	88	90	73	77	135	13	26	15
gene13876	457	175	749	376	258	566	598	814	610	793	521	954	839	181	334	448
gene13877	0	0	0	0	0	0	0	0	0	0	4	0	0	0	0	0
gene13878	472	304	1486	676	431	696	893	1550	895	1385	1002	1585	1566	310	841	803
gene13879	2	2	23	2	7	25	18	20	3	6	3	16	17	2	5	8
gene13880	68	16	51	38	22	82	126	112	76	131	81	176	106	20	62	33
gene13881	671	530	1588	812	718	1044	830	2002	1122	1320	1321	2267	2716	548	819	895
gene13882	51	28	115	128	62	69	61	143	71	74	48	182	200	25	43	72
gene13883	20	5	12	1	2	9	12	8	11	1	1	33	3	3	5	3
gene13884	12	4	5	10	15	2	2	4	26	24	0	28	7	4	6	12
gene13885	3	0	2	0	2	0	0	2	1	1	4	0	6	2	0	0
gene13886	161	54	191	133	143	167	216	226	95	194	121	335	208	29	149	128
gene13887	1	4	0	1	8	9	11	8	1	6	0	9	6	0	4	1
gene13888	0	0	37	0	0	0	0	0	0	0	0	0	0	0	1	2
gene13889	12711	5684	24241	11320	8722	14760	13875	27524	14374	22501	14565	39526	31353	6349	14710	11699
gene13890	1573	893	3535	1636	1687	2000	1895	4973	1947	3248	1796	4353	4119	940	2029	1787
gene13891	8315	3102	14885	5933	6004	6845	8449	14176	10103	11739	6245	17712	11627	4543	8078	5671
gene13892	2069	1120	3859	1681	1684	2464	3019	4274	2724	2901	2518	3979	5102	1025	2042	2085
gene13893	3	1	12	10	6	0	6	28	5	0	4	2	1	9	4	6
gene13894	241	177	504	322	215	213	447	699	329	447	257	618	610	126	287	219
gene13895	9	2	36	11	12	11	22	7	25	18	17	12	22	9	7	23
gene13896	2742	1225	6352	3685	2165	3736	4833	5847	3702	4415	4634	7412	7792	1393	2553	2340
gene13897	35	11	39	7	14	23	24	22	21	30	14	28	55	13	31	17
gene13898	188	100	645	167	187	353	266	681	382	434	305	629	397	127	290	262
gene13899	9	11	21	3	5	1	2	9	15	7	10	29	16	2	6	4
gene13900	24	7	35	32	16	24	13	20	18	12	10	19	36	9	19	6
gene13901	430	234	965	488	470	601	594	758	592	763	681	1271	1026	240	389	357
gene13902	6	11	45	11	13	9	15	40	13	40	37	31	43	15	7	33
gene13903	210	91	492	174	227	311	281	845	265	355	242	669	499	129	253	180
gene13904	14	4	19	37	24	27	8	45	38	40	32	28	71	8	34	19
gene13905	1	1	0	1	9	6	4	24	4	2	5	9	12	0	10	15
gene13906	130	77	272	128	103	118	175	352	162	325	245	367	368	115	106	153
gene13907	918	360	1504	608	826	1201	1564	2041	1317	1565	1105	2380	1707	356	1074	863
gene13908	144	52	249	104	115	153	150	312	133	191	157	277	220	63	77	105
gene13909	164	111	440	138	116	162	152	223	174	227	123	463	289	54	134	95
gene13910	16	3	2	2	6	40	9	12	50	15	20	115	66	16	35	16
gene13911	26	5	38	26	8	42	18	39	15	26	4	51	73	5	7	17
gene13912	8	0	7	0	2	1	12	9	1	6	7	9	4	0	6	2
gene13913	123	88	372	200	103	125	250	247	272	309	152	454	358	66	143	122
gene13914	607	269	1082	514	170	167	314	448	282	294	182	488	493	71	244	157
gene13915	16	7	43	19	12	25	65	31	25	24	26	12	41	13	35	21
gene13916	10900	5921	19448	6758	2711	5557	5336	12356	5966	6437	5521	9428	9392	1703	4020	3789
gene13917	22	18	57	15	34	9	29	73	28	41	28	80	70	2	25	40
gene13918	23	7	11	19	2	28	9	28	5	25	9	26	30	10	9	3
gene13919	656	287	1138	387	532	524	952	1206	1141	1020	590	1133	1339	337	500	552
gene13920	80	11	233	62	80	100	107	204	119	117	121	124	100	32	98	63
gene13921	4811	2264	9655	3870	3063	5426	5606	11730	5799	6748	4083	9004	10531	2059	4986	3128
gene13922	32	18	80	51	30	70	65	69	70	77	30	151	121	28	36	51
gene13923	244	119	453	273	189	236	335	575	282	464	283	636	456	159	297	198
gene13924	576	335	1328	589	554	881	892	1850	693	838	761	1659	1339	239	648	612
gene13925	1057	590	1887	837	856	972	1212	2221	1185	2129	1164	2427	2303	409	790	990
gene13926	34	17	58	40	30	33	97	80	79	56	66	77	71	24	51	40
gene13927	124	97	272	160	141	176	173	348	127	220	111	263	318	65	95	169
gene13928	323	156	661	273	162	187	349	406	209	364	252	398	427	61	208	155
gene13929	20	13	69	22	5	15	12	15	15	10	7	6	5	6	11	10
gene13930	20	14	22	25	23	39	36	27	67	51	8	62	72	15	24	17
gene13931	53	46	214	104	46	37	59	172	45	92	29	66	78	6	37	48
gene13932	354	186	814	279	412	665	412	1070	558	588	509	1136	582	187	429	350
gene13933	0	0	1	5	0	0	0	1	0	6	0	0	7	1	1	0
gene13934	78	39	140	90	96	85	140	194	129	114	101	229	161	47	86	68
gene13935	16	23	107	7	22	30	55	52	61	49	29	79	40	13	53	18
gene13936	2	7	2	17	8	17	11	44	1	17	1	42	34	8	0	3
gene13937	63	23	82	52	31	33	102	91	56	121	46	104	198	16	64	29
gene13938	143	86	342	110	132	148	189	279	169	272	126	628	294	65	172	145
gene13939	127	81	216	198	121	134	196	191	232	223	155	261	258	75	142	207
gene13940	249	111	552	233	263	448	322	597	390	635	287	662	537	113	281	211
gene13941	13	17	47	25	53	23	19	43	19	23	27	52	100	6	55	8
gene13942	3	4	16	0	7	8	0	3	8	6	4	13	16	2	2	9
gene13943	0	3	4	2	2	3	0	7	0	13	11	4	29	0	6	2
gene13944	18	11	19	13	10	34	23	41	45	54	10	64	40	9	18	19
gene13945	100	29	113	84	78	98	219	249	127	107	108	261	216	27	70	145
gene13946	65	24	119	36	60	45	97	137	74	154	97	101	158	15	74	74
gene13947	66	43	109	42	66	93	76	189	110	112	60	180	106	28	84	42
gene13948	182	95	456	164	137	261	407	469	239	357	186	488	487	89	195	207
gene13949	24	14	90	44	27	39	57	88	58	95	33	173	68	15	44	40
gene13950	797	407	1385	680	601	790	1073	1609	1048	1074	545	2299	1510	422	835	581
gene13951	18	5	28	8	8	20	18	39	13	37	29	31	11	9	30	27
gene13952	10	6	37	18	21	24	25	76	26	38	18	70	74	5	29	21
gene13953	260	155	663	246	231	211	359	880	363	423	369	697	589	120	275	294
gene13954	7	14	22	27	2	3	3	9	0	5	8	1	8	2	7	8
gene13955	18	4	26	12	19	12	31	21	16	22	8	22	38	9	11	6
gene13956	1	0	2	0	3	3	1	5	1	3	0	9	4	1	0	2
gene13957	36	1	61	12	20	7	41	30	19	46	10	47	27	11	20	8
gene13958	6	1	3	7	0	0	1	0	1	2	1	6	13	1	0	9
gene13959	106	53	200	65	76	72	98	288	137	144	119	314	236	60	158	175
gene13960	28	13	27	20	11	19	26	60	8	61	34	59	32	12	22	26
gene13961	0	4	2	0	1	1	2	0	8	0	1	5	1	5	4	2
gene13962	71	32	218	75	63	100	89	212	125	146	103	272	238	53	112	157
gene13963	905	428	2204	1105	687	1128	1958	2344	1424	1535	1441	3042	2391	485	1061	983
gene13964	61	16	45	49	39	35	39	110	63	87	43	121	66	11	30	26
gene13965	5	3	18	6	10	22	11	33	3	4	25	21	3	4	1	16
gene13966	63	48	144	51	59	42	64	250	92	122	48	173	99	27	93	72
gene13967	14	4	28	2	0	10	10	9	7	6	3	7	7	3	2	3
gene13968	1	0	1	0	1	0	0	1	1	0	0	1	0	0	0	0
gene13969	4057	2044	9836	3758	6093	8345	12189	16100	9956	11083	11736	23595	19954	3909	8464	8314
gene13970	230	170	688	322	61	141	168	255	237	210	171	279	308	55	111	99
gene13971	44	23	118	37	16	38	52	93	68	110	26	216	110	24	35	54
gene13972	16	8	20	10	7	28	5	24	3	19	10	61	31	10	15	30
gene13973	30	14	40	21	23	21	13	71	24	25	50	79	55	9	26	17
gene13974	10	1	28	21	18	7	40	25	15	22	12	35	44	9	12	3
gene13975	98	42	166	113	68	145	129	165	186	189	66	129	219	40	73	68
gene13976	2	0	0	0	0	0	2	0	1	0	0	0	10	0	0	0
gene13977	265	62	267	197	31	60	45	68	24	47	60	66	55	12	55	32
gene13978	144	81	358	173	135	154	176	393	224	457	163	488	219	79	178	168
gene13979	30	5	60	16	27	14	46	74	17	28	9	93	34	10	14	23
gene13980	15	8	16	23	14	15	9	63	7	8	15	28	36	7	5	6
gene13981	26	2	30	20	30	13	23	60	26	41	15	63	47	9	25	14
gene13982	1	0	13	14	2	0	7	3	1	7	2	1	5	1	0	5
gene13983	16	11	86	25	14	25	33	41	27	15	22	83	51	0	26	22
gene13984	27	21	60	13	19	44	58	48	19	37	25	79	76	22	31	7
gene13985	196	50	282	152	138	168	302	352	230	247	238	446	417	98	158	161
gene13986	48	4	61	36	42	25	62	46	53	34	45	94	82	9	32	37
gene13987	19	10	47	29	20	95	66	92	44	54	39	63	45	14	59	63
gene13988	551	168	858	459	328	521	632	1314	519	613	502	1004	1060	313	579	405
gene13989	80	31	136	53	73	89	83	242	118	161	113	146	146	28	81	53
gene13990	105	48	106	77	46	86	134	205	127	214	82	234	307	55	74	98
gene13991	4	1	2	11	12	30	14	21	6	5	33	13	20	3	55	33
gene13992	66	35	161	92	59	65	86	98	40	91	123	92	140	28	36	39
gene13993	62	35	166	90	78	92	140	328	211	156	175	188	272	66	106	140
gene13994	955	366	2299	1031	918	1221	1634	2321	1335	1893	1413	3635	2209	560	1114	1059
gene13995	523	160	943	398	241	312	489	806	472	497	470	1015	778	182	337	378
gene13996	437	167	900	395	337	472	603	912	529	743	652	1165	991	208	357	508
gene13997	87	34	167	100	62	103	87	201	142	134	124	288	211	31	122	67
gene13998	0	0	0	0	0	5	1	10	8	3	0	2	16	0	1	0
gene13999	1544	854	2067	1663	1566	1581	2048	4921	2843	2309	1687	4394	3387	1077	1438	1925
gene14000	634	250	892	590	1057	1448	1648	2440	962	2164	1477	2331	2494	541	1184	1260
gene14001	157	105	496	163	170	259	324	409	349	557	245	584	431	113	197	248
gene14002	10	8	3	5	15	12	3	13	17	4	13	13	16	6	12	0
gene14003	382	169	812	362	1084	1406	2236	3816	2275	1976	1861	2580	3103	640	946	1929
gene14004	27	15	42	26	12	17	26	29	18	72	13	85	74	5	8	19
gene14005	3	0	0	9	0	3	0	0	1	2	3	0	0	0	1	0
gene14006	2	3	8	0	9	0	2	4	25	33	6	27	30	5	7	8
gene14007	288	182	1010	250	368	447	472	1233	520	767	368	740	856	265	354	332
gene14008	2497	1135	3248	2077	1336	2466	3249	5242	3270	3452	2686	6524	4611	1376	2364	2698
gene14009	0	6	0	1	0	8	8	0	7	6	11	7	9	1	4	2
gene14010	2066	1130	4322	2698	1933	2364	2863	5319	2865	4137	2412	5106	3173	864	2341	2341
gene14011	132	63	207	83	139	117	223	184	189	207	83	358	283	46	95	112
gene14012	84	73	197	103	71	122	183	274	139	162	138	285	234	53	127	150
gene14013	26	3	29	20	5	11	16	55	22	21	30	39	14	9	17	11
gene14014	163	40	218	97	76	88	129	391	156	264	142	328	344	38	23	85
gene14015	255	149	549	188	170	383	499	590	288	444	516	581	548	97	308	267
gene14016	12	3	8	3	12	7	5	44	7	22	19	87	63	3	36	17
gene14017	8	9	13	25	30	116	164	274	145	116	158	246	316	48	239	83
gene14018	867	342	1807	813	717	919	1295	1829	900	1223	786	1999	1513	310	786	737
gene14019	141	69	366	174	114	184	320	289	237	126	158	482	267	76	169	104
gene14020	2	6	9	0	5	2	1	3	3	4	7	14	4	1	11	0
gene14021	1305	528	2273	1020	797	1080	1286	2872	880	1873	1341	3052	2765	402	1132	1123
gene14022	28	9	30	12	19	12	10	46	11	28	11	40	51	7	17	26
gene14023	64	45	161	55	54	62	54	220	94	140	65	204	171	27	83	76
gene14024	0	2	0	0	0	1	3	2	7	0	2	0	0	1	0	0
gene14025	1268	1017	2824	1097	1137	1367	2304	3004	2106	2006	1965	3302	2721	716	1238	1278
gene14026	0	2	0	1	5	0	2	12	9	6	0	2	5	2	2	0
gene14027	5	3	20	21	38	20	21	16	48	40	13	59	48	7	16	39
gene14028	9	1	30	3	0	1	6	2	0	40	0	9	1	11	4	15
gene14029	103	56	276	99	16	15	37	44	27	27	34	32	39	7	13	12
gene14030	0	0	0	0	0	0	1	1	0	1	0	2	1	1	0	0
gene14031	0	0	3	0	8	4	0	0	0	5	0	3	0	2	0	7
gene14032	15	11	72	21	25	23	33	49	34	27	11	64	59	15	30	13
gene14033	115	51	222	90	56	117	177	171	93	100	150	295	246	38	105	86
gene14034	3	3	70	20	10	22	17	27	13	7	25	39	72	2	23	15
gene14035	3	14	10	9	11	7	18	38	5	31	7	16	25	0	15	13
gene14036	10	5	69	11	19	24	28	39	27	27	24	51	37	11	22	14
gene14037	311	125	503	144	209	249	355	622	392	565	314	759	609	150	323	275
gene14038	4	1	1	3	2	9	6	2	6	4	7	14	25	3	3	11
gene14039	29	20	80	30	3	12	7	23	8	11	3	11	9	6	7	6
gene14040	2	0	9	0	2	1	3	5	2	0	1	2	22	1	0	1
gene14041	267	163	518	290	583	970	1179	1823	1145	1225	932	1924	1796	428	743	871
gene14042	20	1	33	2	10	12	21	39	31	12	10	31	24	6	5	16
gene14043	84	43	191	66	72	154	59	208	107	148	93	172	220	57	111	119
gene14044	75	38	147	87	48	40	71	339	111	107	57	191	105	26	91	58
gene14045	348	179	504	357	1176	1490	2341	3105	1774	2694	1597	3605	2449	554	1551	1224
gene14046	84	22	174	75	53	63	90	156	107	110	88	143	259	30	129	57
gene14047	89	68	164	69	88	125	192	230	127	113	80	244	129	71	138	57
gene14048	49	37	217	62	121	150	302	360	202	268	147	306	372	54	200	112
gene14049	55	42	123	42	46	45	65	138	75	201	29	123	155	30	52	77
gene14050	0	0	0	1	0	0	0	0	0	0	0	0	0	1	0	2
gene14051	106	52	215	114	115	188	90	189	141	133	150	343	256	64	146	66
gene14052	49	21	110	53	67	56	82	158	44	95	64	143	207	38	43	70
gene14053	62	18	105	56	50	77	105	162	125	171	95	93	114	27	64	73
gene14054	11	9	46	16	36	13	14	62	52	46	37	58	55	17	28	37
gene14055	93	34	120	46	48	121	63	196	119	166	73	153	213	35	100	60
gene14056	9	7	16	7	15	17	34	21	24	19	20	29	22	10	33	15
gene14057	90	48	187	62	36	132	142	168	112	217	147	235	203	51	108	65
gene14058	51	21	45	59	21	32	88	178	48	93	83	80	95	31	46	49
gene14059	52	23	104	31	48	63	82	73	55	123	51	136	134	16	65	57
gene14060	405	234	927	266	308	571	608	806	474	725	542	704	815	197	477	296
gene14061	1	3	8	2	1	1	1	9	1	1	0	1	8	0	0	0
gene14062	195	85	420	118	140	138	264	493	229	263	198	517	373	80	131	219
gene14063	30	20	86	51	44	48	99	78	70	78	60	84	78	34	37	36
gene14064	0	7	3	0	2	0	3	3	2	1	0	10	0	0	0	0
gene14065	3	8	33	3	0	2	8	21	14	29	12	50	11	1	3	5
gene14066	346	111	487	195	193	271	487	393	301	398	277	564	531	115	277	243
gene14067	0	0	0	0	2	6	2	0	0	6	0	8	0	2	0	1
gene14068	748	207	1186	485	481	598	977	1440	814	1259	853	1405	1401	400	594	601
gene14069	1	7	8	2	11	2	18	7	1	5	2	7	34	1	4	15
gene14070	1	4	7	1	5	58	6	77	4	8	14	31	46	2	66	10
gene14071	0	0	1	0	0	0	5	6	3	0	4	25	0	0	0	0
gene14072	4	0	2	0	0	0	0	5	0	0	0	0	0	0	0	0
gene14073	21	3	19	24	9	14	32	10	17	21	23	37	5	4	15	12
gene14074	0	0	1	4	0	2	5	1	0	0	2	0	0	0	0	0
gene14075	26	14	47	44	31	36	69	67	99	72	37	94	53	9	35	34
gene14076	0	0	0	0	0	0	0	11	0	8	0	9	1	1	0	1
gene14077	123	57	252	181	131	199	223	328	237	337	246	231	280	97	149	145
gene14078	25	6	27	46	19	7	18	48	18	23	19	22	31	15	21	10
gene14079	44	34	73	16	17	31	22	58	14	28	16	25	27	9	13	18
gene14080	49	23	116	65	28	64	36	51	76	91	62	147	128	22	83	70
gene14081	95	47	136	78	318	816	788	1099	704	1072	586	1403	1378	300	378	634
gene14082	73	19	91	60	39	71	65	168	82	80	41	58	98	48	46	65
gene14083	49	14	40	36	38	63	56	157	44	54	44	63	76	27	46	40
gene14084	0	0	0	0	0	0	0	0	0	0	0	0	0	0	0	0
gene14085	23	13	31	22	18	58	49	99	24	79	28	49	49	9	21	31
gene14086	0	3	0	0	5	0	10	0	0	1	0	0	0	0	0	0
gene14087	8	5	23	26	20	9	32	9	11	17	13	36	33	7	12	3
gene14088	81	33	170	77	4	6	13	19	7	19	13	27	18	5	7	11
gene14089	0	1	1	0	0	0	7	0	1	4	0	3	0	0	1	0
gene14090	444	282	715	376	409	585	656	1047	614	1010	639	1337	957	268	652	608
gene14091	63	28	115	70	83	93	139	70	66	73	59	103	191	67	44	62
gene14092	1707	868	4001	1323	1615	3031	2353	5031	1983	2836	2189	5989	3543	920	1846	1840
gene14093	0	0	0	6	6	0	0	0	4	0	0	0	0	0	0	0
gene14094	20	6	36	5	10	16	32	25	9	30	20	59	12	4	20	10
gene14095	426	262	982	566	457	637	864	1342	915	886	715	1511	1048	340	410	539
gene14096	5	4	0	3	15	31	17	10	24	17	12	32	11	17	61	0
gene14097	25	2	11	5	8	14	26	11	17	15	12	10	19	6	15	10
gene14098	924	462	1795	847	758	1293	1347	2531	1144	1692	986	2308	2220	419	831	1047
gene14099	26	21	68	19	66	78	84	366	90	149	98	441	184	36	44	102
gene14100	7	9	23	14	5	6	8	16	10	4	8	12	15	5	2	3
gene14101	53	40	90	29	43	65	86	153	95	107	138	142	163	39	77	48
gene14102	11237	5070	20220	9159	8772	9847	13162	19844	12052	15389	11242	25743	19139	5013	9848	10188
gene14103	220	96	556	151	101	196	282	387	231	344	222	292	515	122	230	211
gene14104	0	0	0	0	0	1	0	5	0	0	0	0	0	2	0	0
gene14105	44	15	90	42	60	81	108	127	90	77	57	104	111	23	70	61
gene14106	221	159	532	349	225	500	475	754	384	530	347	1080	759	190	376	237
gene14107	202	82	281	220	113	259	346	651	301	243	262	521	388	88	183	215
gene14108	445	256	1063	606	539	654	859	1148	670	869	494	1159	1167	257	428	562
gene14109	8	1	13	10	6	3	1	0	0	2	0	5	3	0	0	1
gene14110	6	0	0	1	4	6	0	0	0	0	0	1	0	0	0	0
gene14111	13	5	66	16	27	31	29	68	32	34	52	56	157	13	22	30
gene14112	170	85	389	217	178	158	264	442	217	374	207	474	405	76	153	148
gene14113	30	15	65	47	44	45	40	73	37	40	28	87	79	16	27	35
gene14114	1	8	9	2	1	0	1	1	1	7	1	2	1	1	2	1
gene14115	102	66	192	79	86	96	139	287	115	94	135	337	141	25	85	58
gene14116	66	26	107	58	29	56	47	152	56	71	77	138	126	33	54	43
gene14117	26	23	55	66	51	65	35	165	92	74	37	105	93	26	32	66
gene14118	29	11	57	39	27	23	16	26	36	17	26	38	30	6	15	15
gene14119	266	123	372	206	88	138	171	236	136	118	178	354	352	55	85	94
gene14120	1	0	2	3	0	0	0	0	4	1	0	0	0	2	0	15
gene14121	195	77	366	236	208	306	290	482	332	359	229	643	449	85	155	229
gene14122	73	38	118	51	31	99	88	223	92	118	146	155	201	25	175	61
gene14123	36	34	109	53	52	72	65	179	105	115	72	81	154	39	57	82
gene14124	29	6	55	12	29	40	45	52	23	61	34	29	121	28	24	24
gene14125	85	28	105	87	44	56	86	151	94	124	66	169	133	31	81	49
gene14126	45	5	33	6	1	11	73	39	23	12	35	23	25	2	16	16
gene14127	186	93	275	240	119	237	291	400	282	326	220	540	419	102	177	171
gene14128	930	302	1491	670	676	1183	950	1370	1046	1190	912	1529	1558	390	779	644
gene14129	494	307	955	481	461	682	754	1590	674	1168	705	1109	1317	396	535	572
gene14130	1	2	6	5	0	1	0	0	3	2	1	2	2	1	0	0
gene14131	26	6	19	18	3	17	47	44	31	30	34	81	39	4	19	8
gene14132	0	0	0	0	0	0	5	0	0	0	0	0	1	0	0	0
gene14133	35	14	46	33	22	32	28	95	64	59	47	151	134	9	43	9
gene14134	0	3	0	5	18	4	7	37	18	13	9	33	0	5	0	35
gene14135	366	226	790	332	451	508	525	872	611	820	346	1038	907	260	498	385
gene14136	945	414	1905	1095	938	1409	1413	2793	1727	2120	986	2260	1923	346	713	750
gene14137	87	25	85	38	42	63	81	126	73	90	72	107	110	15	50	60
gene14138	4	2	10	2	3	0	7	2	18	1	9	14	8	2	3	7
gene14139	118	61	168	102	66	97	198	406	173	167	199	357	230	58	131	125
gene14140	26	11	45	32	22	44	42	19	20	28	26	35	51	10	34	10
gene14141	174	88	522	220	163	259	424	438	352	326	369	807	547	139	224	204
gene14142	2140	866	4224	2034	1363	2689	3516	4202	3008	4139	2065	5092	4793	807	2376	1807
gene14143	2603	1511	5581	3207	2793	2481	5036	7909	3675	6026	4254	6726	6904	1565	2976	2897
gene14144	64	22	135	40	22	24	23	37	32	41	27	48	47	10	34	65
gene14145	125	96	142	113	77	139	122	246	211	123	109	351	268	64	119	91
gene14146	7	4	18	2	5	5	2	25	11	12	5	53	11	1	14	6
gene14147	1228	628	2441	997	1075	1264	1751	2678	1530	1771	1689	2842	2090	454	1373	1058
gene14148	330	152	608	345	281	382	478	749	467	717	338	716	556	129	322	299
gene14149	203	125	471	153	165	225	254	477	221	475	331	444	376	93	250	212
gene14150	6	3	17	6	3	13	19	11	26	31	4	32	22	6	12	7
gene14151	266	162	547	253	288	389	405	530	430	383	364	727	847	84	280	213
gene14152	155	100	496	190	146	284	270	448	360	359	205	573	323	109	192	225
gene14153	799	359	1572	737	702	843	1137	1846	992	1213	1036	1977	1665	211	904	662
gene14154	7	6	8	0	29	2	23	97	20	12	25	18	65	17	30	16
gene14155	0	0	0	0	0	0	4	0	0	1	0	1	1	0	0	1
gene14156	302	167	434	282	156	170	364	678	291	499	308	504	632	103	258	255
gene14157	0	0	0	0	0	0	0	0	0	0	0	0	0	1	1	0
gene14158	86	30	98	81	72	67	127	113	85	105	88	81	159	36	49	72
gene14159	25	1	21	8	8	10	17	5	9	4	11	54	9	2	28	6
gene14160	1055	352	1773	809	495	808	1459	2028	878	1255	823	2304	2146	323	679	495
gene14161	4	0	8	26	4	8	0	12	7	23	4	39	33	1	1	14
gene14162	48	19	40	37	52	28	74	102	60	73	56	123	75	27	27	72
gene14163	68	71	180	49	64	108	132	201	138	210	141	207	261	41	83	143
gene14164	4	1	0	0	7	8	2	5	0	4	1	1	0	2	6	10
gene14165	9	4	37	10	23	20	25	56	19	20	19	45	50	6	12	7
gene14166	2	0	0	1	2	2	1	8	6	6	1	0	8	0	6	1
gene14167	1671	793	3935	1575	1190	1809	1886	3806	2737	3069	2179	5110	3668	802	1694	1965
gene14168	14	2	40	7	23	44	59	41	21	117	32	49	114	14	43	10
gene14169	12	0	15	3	3	6	3	25	5	7	15	28	20	0	1	10
gene14170	4511	2524	7484	3801	2998	4777	7172	10354	8761	9050	3614	12289	6946	2078	5179	5671
gene14171	264	103	604	213	249	272	333	689	468	552	388	524	810	97	210	282
gene14172	10	7	68	15	28	43	16	62	26	55	42	104	106	3	33	32
gene14173	13	7	8	18	9	14	17	34	4	22	45	39	29	1	8	11
gene14174	2	0	34	4	47	72	104	325	6	40	51	54	20	6	39	21
gene14175	37	43	116	48	49	91	75	146	65	147	76	115	162	37	55	61
gene14176	445	252	959	508	409	647	630	1213	670	761	704	1187	1066	240	538	455
gene14177	10	6	5	18	84	104	51	169	75	227	50	100	85	56	31	85
gene14178	529	209	662	302	305	495	705	878	463	777	523	1429	972	184	363	352
gene14179	0	0	12	3	1	0	2	4	2	2	15	11	2	1	0	0
gene14180	58	11	99	23	31	56	42	37	56	48	48	112	70	7	34	35
gene14181	1	4	13	1	0	1	9	19	2	6	2	4	12	2	2	3
gene14182	64	9	58	55	27	36	35	92	50	57	45	130	82	15	24	35
gene14183	1430	766	3159	1520	1498	2277	2157	4170	2564	3365	1913	4095	3514	845	1891	1756
gene14184	1269	618	2470	1125	642	1126	1452	2707	1882	1137	1414	2376	2349	616	1023	814
gene14185	0	0	0	2	0	2	0	1	0	0	0	0	3	0	0	1
gene14186	0	0	0	0	2	0	0	0	6	3	8	4	1	0	1	4
gene14187	3	14	53	13	11	6	16	42	28	43	7	24	18	18	41	11
gene14188	127	69	233	123	95	99	160	201	129	201	107	395	280	41	104	116
gene14189	150	117	357	155	45	32	101	126	84	98	50	132	96	15	43	62
gene14190	420	168	707	373	296	463	571	1016	458	625	432	658	1044	197	627	292
gene14191	30	19	65	38	19	55	49	80	46	93	25	90	67	1	44	38
gene14192	1463	525	2554	1255	945	1268	1370	2597	1569	2048	1869	2418	2348	651	1054	1217
gene14193	0	1	0	2	0	0	0	3	0	0	1	0	4	0	0	0
gene14194	4	0	3	0	2	1	0	1	1	0	1	2	1	0	0	0
gene14195	32	24	78	20	15	44	58	67	55	29	58	103	53	20	31	54
gene14196	1632	787	2726	1370	1375	1646	2672	4137	2366	3955	2431	4327	5310	727	2327	1926
gene14197	37	23	130	27	19	66	89	157	81	117	38	175	108	48	37	55
gene14198	0	0	0	0	0	0	0	0	0	0	0	0	0	0	1	1
gene14199	436	198	841	378	229	445	518	658	367	559	430	765	752	190	288	370
gene14200	146	43	252	146	97	233	220	268	134	275	129	339	228	79	146	133
gene14201	192	131	428	192	262	294	422	663	316	410	233	574	779	175	317	410
gene14202	4	0	0	0	2	8	0	2	1	4	1	7	1	2	2	2
gene14203	17	2	34	16	5	26	9	20	17	34	8	47	52	7	32	11
gene14204	285	139	368	274	217	329	345	620	534	267	253	661	427	99	257	300
gene14205	156	122	246	112	123	123	254	354	214	292	239	425	261	74	231	143
gene14206	72	33	126	68	86	59	105	232	133	88	109	213	137	47	110	76
gene14207	128	70	225	90	117	190	164	187	138	232	113	235	207	47	105	98
gene14208	0	1	1	4	0	7	6	5	0	7	1	5	16	0	1	5
gene14209	344	200	793	413	656	508	537	999	564	676	683	1017	1125	260	440	414
gene14210	21	7	15	25	8	13	13	27	10	33	11	27	40	5	8	8
gene14211	36	10	53	11	9	86	26	53	22	26	5	30	64	10	26	8
gene14212	61	48	152	83	60	87	120	191	98	68	97	292	107	30	90	91
gene14213	104	37	170	112	61	132	144	186	137	141	97	362	291	22	187	144
gene14214	166	72	247	170	148	233	315	391	227	274	123	467	287	135	156	118
gene14215	0	1	0	0	0	0	7	0	0	0	1	5	1	0	0	0
gene14216	7	9	44	19	11	31	29	38	51	45	19	40	27	19	20	20
gene14217	0	1	0	0	1	0	2	0	0	1	0	0	0	0	1	0
gene14218	11	7	46	24	28	28	40	56	84	55	58	41	30	16	13	15
gene14219	54	11	62	46	37	44	87	97	46	60	44	74	86	10	71	47
gene14220	24	7	57	45	11	20	25	55	30	29	18	18	15	8	13	10
gene14221	542	350	1114	533	523	722	955	1410	730	927	621	1538	1307	342	682	772
gene14222	39	30	136	19	35	67	51	116	42	85	54	112	160	41	62	37
gene14223	146	26	132	70	77	75	93	211	85	157	116	190	161	53	99	75
gene14224	0	4	15	1	17	12	5	16	7	25	2	12	5	3	15	9
gene14225	1444	368	1409	1114	862	956	1419	2888	1723	2069	1056	2332	1697	444	1246	883
gene14226	2226	778	4127	1786	4599	6191	6948	11013	5656	6664	5449	10847	8857	2053	4723	4600
gene14227	53	17	117	40	32	99	90	120	55	109	110	122	68	18	54	63
gene14228	42	48	113	42	139	81	354	470	146	314	185	630	366	61	126	164
gene14229	0	0	1	0	0	0	0	4	1	0	0	4	4	0	0	0
gene14230	77	58	232	68	59	150	133	321	112	192	112	264	190	60	104	110
gene14231	54	9	48	15	10	20	41	46	30	37	15	70	73	17	17	21
gene14232	37	18	73	43	57	17	57	91	59	67	42	144	55	23	32	14
gene14233	31	30	92	19	21	29	86	69	73	62	54	105	77	27	31	27
gene14234	58	26	67	35	88	145	157	289	207	124	120	187	324	78	115	97
gene14235	182	58	199	129	94	118	138	271	218	179	113	286	248	57	127	134
gene14236	3733	1751	6773	3857	3650	4490	5346	7849	4857	5971	4967	11466	8996	2139	3755	4432
gene14237	6	0	3	1	6	6	5	4	3	8	9	21	0	4	1	11
gene14238	12	1	5	3	11	20	14	47	17	42	4	26	23	1	10	5
gene14239	28	10	56	12	14	22	60	47	23	55	45	129	52	6	48	34
gene14240	112	67	345	133	82	144	252	306	172	203	210	230	264	82	139	217
gene14241	260	144	529	290	213	407	320	806	306	435	298	864	756	138	285	299
gene14242	904	292	1293	705	573	729	1108	1574	899	1334	913	2213	1267	323	847	562
gene14243	37	17	73	29	21	54	56	76	43	88	45	68	44	24	38	42
gene14244	43	15	100	28	51	58	62	118	79	94	78	169	134	25	75	66
gene14245	4	0	0	1	0	3	3	0	5	2	3	7	1	0	0	0
gene14246	283	233	1016	375	339	500	464	881	638	725	599	915	1184	207	551	572
gene14247	61	24	93	78	43	102	102	135	75	91	83	151	168	35	98	44
gene14248	147	39	194	95	162	184	309	576	234	292	251	380	442	64	285	220
gene14249	53	24	98	40	35	110	96	291	91	97	51	152	194	16	65	80
gene14250	73	31	253	86	70	159	106	154	136	174	103	214	195	52	63	114
gene14251	81	40	149	100	69	108	103	146	95	178	89	179	144	41	99	72
gene14252	132	50	276	69	68	90	175	318	119	151	129	228	206	41	120	133
gene14253	101	46	251	119	90	105	250	258	154	114	145	209	250	47	120	96
gene14254	146	64	356	169	97	106	190	350	149	272	117	299	335	68	174	136
gene14255	117	80	227	95	88	92	116	350	132	201	176	262	137	40	88	118
gene14256	47	25	43	36	51	25	28	83	49	57	34	106	89	15	44	35
gene14257	1	0	8	1	2	0	5	1	5	0	0	0	5	0	1	0
gene14258	65	31	77	37	31	37	67	77	66	116	64	94	36	21	28	45
gene14259	486	170	762	442	208	348	726	585	520	727	480	884	926	204	361	277
gene14260	63	68	171	99	34	69	59	113	58	101	37	135	93	12	31	35
gene14261	11	2	4	1	0	0	0	2	5	0	0	1	0	0	0	2
gene14262	1	1	1	0	17	28	18	4	49	1	57	3	23	6	12	2
gene14263	47	18	107	71	59	40	85	174	47	70	73	124	119	38	54	40
gene14264	0	1	3	4	1	5	0	0	1	3	0	3	3	0	0	0
gene14265	52	33	161	43	37	47	42	101	33	118	82	110	115	27	42	69
gene14266	18	9	36	10	28	18	42	51	20	17	14	89	22	17	14	16
gene14267	6	1	40	14	22	16	31	29	14	34	6	35	36	6	6	20
gene14268	68	22	89	58	44	54	136	73	66	104	64	143	113	56	65	87
gene14269	3647	1627	6854	3390	2899	4227	4981	7579	4047	5440	3794	7371	8257	1659	3495	3941
gene14270	66	41	86	55	59	88	116	204	73	69	86	214	139	42	86	108
gene14271	46	21	118	58	21	71	79	136	55	71	53	128	65	16	92	33
gene14272	1662	1086	4007	1517	1810	1734	2932	4599	2799	2936	2378	4437	4452	838	2180	1956
gene14273	3	3	2	3	1	1	0	0	0	0	0	5	1	1	0	1
gene14274	455	166	516	356	312	457	478	838	482	882	394	886	1011	173	482	373
gene14275	10	2	20	6	1	5	16	16	17	38	12	25	14	5	8	0
gene14276	43	11	52	20	23	22	44	81	28	42	61	20	73	10	54	25
gene14277	23	17	17	24	20	31	51	45	19	46	24	44	31	6	26	34
gene14278	15	1	10	5	12	4	16	21	7	21	13	16	7	3	5	2
gene14279	0	0	30	7	12	11	3	11	0	9	9	24	8	1	5	2
gene14280	200	105	463	190	200	313	256	632	358	464	269	396	525	144	220	182
gene14281	2	1	15	0	7	8	8	17	7	7	3	23	34	1	6	6
gene14282	8	4	8	6	2	10	24	37	28	28	4	31	20	3	9	10
gene14283	0	0	6	2	0	6	0	1	1	5	2	0	2	0	0	0
gene14284	6	9	29	11	13	10	12	13	15	41	28	15	4	6	3	14
gene14285	17	5	3	19	3	26	3	26	9	17	40	33	21	7	15	10
gene14286	1056	549	1993	1055	863	1311	1750	2662	1170	1947	1149	3144	2586	646	1030	1026
gene14287	7347	3890	19685	7824	5819	9114	11117	14972	9724	17871	9188	19688	20038	5253	8088	5293
gene14288	809	356	1093	809	458	575	1028	1927	905	903	835	1634	1539	337	1077	622
gene14289	88	73	250	102	127	105	169	179	184	186	193	359	282	58	115	63
gene14290	1073	488	2311	923	973	1433	1472	2473	1615	1611	1232	2508	1754	518	1418	954
gene14291	87	26	69	65	41	43	90	160	96	152	81	150	115	16	82	73
gene14292	318	150	532	337	264	535	583	767	762	644	298	1247	986	141	475	498
gene14293	13	8	16	12	13	20	19	48	7	9	20	35	68	12	4	8
gene14294	2579	1369	4912	2835	2841	2559	3725	7315	4666	3748	2636	7576	5455	1036	2536	2463
gene14295	144	57	262	128	62	200	200	330	152	227	107	297	199	79	119	166
gene14296	68	15	120	43	64	50	98	158	75	97	40	76	68	25	51	28
gene14297	1	0	0	0	0	0	0	0	0	0	0	0	0	0	0	0
gene14298	82	21	83	38	43	39	119	112	87	50	82	169	137	36	51	29
gene14299	11	4	19	12	90	27	23	165	84	208	98	190	31	61	72	51
gene14300	1126	469	1774	951	773	688	1843	2232	1388	1866	1240	2114	2150	584	717	855
gene14301	71	15	68	35	14	28	52	31	19	53	9	48	39	4	16	14
gene14302	53	34	169	94	52	116	94	128	148	105	53	217	219	23	95	76
gene14303	5	1	9	2	3	1	0	2	9	1	7	0	11	1	0	0
gene14304	2965	1717	5731	2555	2581	4304	4589	6667	3557	6171	3921	9927	6059	1951	3599	2335
gene14305	97	22	204	67	114	78	108	135	103	186	63	225	123	23	67	73
gene14306	186	85	422	98	24	34	45	77	45	51	21	68	68	11	33	12
gene14307	15	11	40	15	11	9	16	58	15	31	35	53	26	10	8	6
gene14308	1185	442	1906	967	881	1064	1485	2386	1567	1907	1396	3169	2771	550	943	1104
gene14309	6	4	27	10	3	3	25	29	7	6	8	24	13	0	12	3
gene14310	61	30	167	67	85	111	121	138	101	138	49	170	109	40	59	75
gene14311	163	54	371	164	92	131	301	415	126	177	173	366	390	59	112	133
gene14312	84	33	103	61	71	93	125	223	91	117	106	265	253	33	74	103
gene14313	9	1	7	1	1	2	1	2	14	13	4	20	8	1	6	1
gene14314	13	23	77	34	22	42	51	89	67	43	46	54	52	21	42	53
gene14315	5	5	22	7	2	17	9	57	3	6	3	38	5	0	15	17
gene14316	9	6	17	11	10	2	5	18	13	11	26	23	29	3	13	3
gene14317	7	4	0	3	0	1	3	4	8	9	5	0	0	0	0	10
gene14318	2	0	14	0	0	5	0	3	5	3	1	3	4	1	1	8
gene14319	26	4	39	13	27	21	40	19	15	23	17	40	36	4	31	10
gene14320	24	11	43	14	180	91	199	194	252	289	314	790	349	78	190	129
gene14321	148	137	498	273	253	301	476	860	305	538	430	524	573	129	373	386
gene14322	16	6	40	15	5	30	30	41	20	25	12	41	18	5	17	28
gene14323	159	53	224	81	64	134	229	391	170	293	138	315	376	70	159	144
gene14324	661	353	1218	579	534	567	979	1489	908	1107	667	1599	1256	301	665	465
gene14325	2	3	43	16	13	11	25	26	13	32	22	55	34	15	8	14
gene14326	42	21	87	66	45	61	51	157	58	95	93	210	124	26	47	53
gene14327	23	4	37	18	12	28	48	46	24	4	19	57	56	3	33	9
gene14328	0	0	4	0	1	1	1	7	11	0	1	1	8	0	6	1
gene14329	8	13	24	10	15	54	35	31	12	47	14	15	35	8	21	33
gene14330	96	32	154	71	78	104	144	230	101	114	179	243	255	31	82	100
gene14331	5	2	10	12	18	7	20	47	8	16	18	30	22	3	4	6
gene14332	2836	1211	5910	2556	2501	2663	3651	5959	4607	6411	3390	7895	6818	1485	2872	2681
gene14333	5132	2598	9353	4469	3608	6100	5459	11448	6347	7406	3723	10995	9006	2539	4443	4131
gene14334	395	229	739	309	268	405	530	971	655	706	470	949	694	199	479	303
gene14335	8	0	16	0	0	1	0	4	10	13	4	14	0	2	1	11
gene14336	32	7	56	49	28	39	91	40	50	55	30	126	96	21	15	54
gene14337	590	398	903	451	599	831	880	1434	816	1112	778	2076	1198	289	541	644
gene14338	130	60	290	160	409	742	793	1708	668	1123	504	1339	699	258	573	473
gene14339	132	72	288	105	102	122	138	334	204	344	178	282	336	40	116	150
gene14340	1	2	11	1	8	5	3	7	4	16	8	15	14	2	11	4
gene14341	87	60	104	59	53	83	104	293	89	103	104	163	93	48	67	60
gene14342	153	100	314	212	101	241	212	549	234	256	157	395	541	64	140	186
gene14343	5	0	4	0	0	11	2	1	0	3	4	3	1	0	1	1
gene14344	33	4	11	10	5	12	3	17	3	8	3	5	21	3	4	7
gene14345	0	0	0	0	0	0	0	0	1	0	0	0	0	0	0	0
gene14346	2	0	0	0	0	0	0	0	0	0	0	1	0	0	3	0
gene14347	137	23	151	71	102	88	132	189	108	126	112	173	161	64	48	102
gene14348	378	235	831	279	324	530	404	1249	409	663	519	1010	713	283	442	410
gene14349	0	0	7	3	1	1	1	6	6	1	5	1	16	0	2	1
gene14350	11	2	23	7	3	7	19	19	27	5	18	9	13	9	6	12
gene14351	770	457	1789	840	849	710	1172	1869	1033	1644	770	1925	1468	374	923	715
gene14352	7657	3853	15341	6382	2535	2807	3322	7055	2993	5220	3931	8020	7233	1342	2883	2750
gene14353	20	3	12	2	4	2	8	12	4	16	10	10	13	2	3	3
gene14354	41	24	90	70	58	65	93	109	71	67	50	102	202	42	66	67
gene14355	1672	864	2865	1455	1670	1684	1908	3114	1807	2898	1747	3419	3050	907	1400	1460
gene14356	0	0	7	0	0	0	0	0	0	0	0	0	0	0	0	0
gene14357	42	46	183	33	49	53	76	117	72	109	50	136	180	60	32	55
gene14358	5	1	12	2	0	13	7	34	28	26	9	12	32	5	6	17
gene14359	23	19	93	56	23	46	41	122	77	27	46	104	120	35	48	69
gene14360	27	22	62	49	6	35	26	76	13	46	43	51	38	20	35	27
gene14361	66	8	110	41	31	77	92	105	55	79	85	99	84	23	63	30
gene14362	137	70	354	123	127	200	236	342	181	171	167	274	344	55	117	209
gene14363	3	1	12	8	2	12	6	3	5	38	0	1	1	1	2	7
gene14364	424	221	724	245	213	363	632	912	423	529	415	726	981	169	496	322
gene14365	18	26	96	37	37	51	53	137	50	69	81	168	124	19	52	68
gene14366	63	19	117	58	75	86	123	161	126	168	107	128	121	20	50	63
gene14367	247	99	390	187	199	213	444	645	294	309	279	333	276	62	226	178
gene14368	241	140	541	211	200	270	426	356	308	348	297	702	615	162	407	343
gene14369	0	1	3	3	0	4	0	1	0	0	4	2	7	0	1	0
gene14370	4	4	6	11	0	12	20	7	4	4	3	7	8	1	3	6
gene14371	3	0	12	1	3	2	7	5	4	0	4	9	5	0	0	14
gene14372	1412	747	2368	1520	1033	1538	1796	3121	1859	2249	1599	3187	3205	642	1448	1388
gene14373	51	28	120	57	5	16	13	30	7	20	25	24	34	4	20	13
gene14374	182	75	292	118	148	175	227	271	167	248	110	402	381	54	148	177
gene14375	43	18	65	47	49	55	91	134	36	68	41	103	105	32	100	63
gene14376	57	31	126	32	47	66	37	97	16	65	53	86	156	19	87	43
gene14377	289	93	354	221	879	1579	1886	3643	2094	1909	1117	2279	2535	535	1623	1795
gene14378	0	0	2	3	0	2	0	0	0	9	2	4	2	3	1	1
gene14379	25	14	145	54	33	59	61	88	93	56	65	103	63	11	43	87
gene14380	258	137	299	210	216	225	502	648	437	446	503	697	541	173	213	235
gene14381	263	132	524	233	169	212	325	650	382	358	248	748	483	149	305	255
gene14382	1	1	5	1	0	3	6	1	1	2	7	13	0	3	8	7
gene14383	1214	598	1652	814	201	225	267	398	338	328	288	802	356	152	263	173
gene14384	217	98	319	118	153	169	166	522	220	185	245	361	362	69	126	139
gene14385	73	39	155	97	52	78	131	280	154	163	90	229	195	44	92	75
gene14386	32	29	76	45	42	83	94	228	34	102	89	271	106	32	91	94
gene14387	243	122	439	237	288	323	313	623	259	397	321	657	483	135	251	241
gene14388	4074	1630	7353	4171	2719	4774	4210	8715	5626	5221	3417	8760	8120	1664	4837	3853
gene14389	96	50	218	93	74	94	126	152	140	108	130	112	163	43	87	73
gene14390	119	45	246	89	86	134	180	286	203	234	108	310	301	43	142	127
gene14391	76	41	192	103	59	123	154	224	181	200	123	184	232	59	69	67
gene14392	388	308	934	492	316	603	768	1121	990	675	452	1370	1096	194	590	437
gene14393	61	24	85	29	38	41	49	107	53	67	28	140	111	22	66	36
gene14394	36	9	47	17	14	11	38	37	24	75	30	95	76	18	53	20
gene14395	0	0	0	0	0	0	0	2	0	0	0	0	0	0	0	2
gene14396	101	34	145	91	55	93	167	169	47	151	123	118	231	30	118	50
gene14397	114	54	230	125	17	14	42	33	33	52	39	77	50	17	17	34
gene14398	18	12	1	5	2	4	12	29	6	31	12	9	9	11	12	1
gene14399	75	32	151	57	32	89	48	143	85	75	128	86	88	31	66	49
gene14400	494	136	523	272	247	296	378	709	427	593	341	866	954	168	244	419
gene14401	131	83	231	67	126	128	161	269	138	206	219	243	202	53	100	102
gene14402	2077	1092	3488	2444	1564	2268	2418	5327	2087	2210	2233	5319	3514	819	2143	2087
gene14403	106	36	142	78	75	90	178	291	147	138	68	230	83	54	125	136
gene14404	8	7	38	1	12	1	14	8	28	21	7	24	21	5	5	14
gene14405	23	11	87	25	6	38	26	28	26	50	28	55	45	6	34	22
gene14406	2005	1123	2769	1713	1249	2439	2655	5121	2664	3620	2199	4450	4163	1063	1994	1589
gene14407	0	0	0	0	0	0	1	0	0	0	0	2	2	0	4	0
gene14408	6	1	6	5	13	2	5	22	5	7	2	37	31	4	11	8
gene14409	8	8	17	14	10	16	39	17	22	11	15	44	15	6	20	3
gene14410	13	3	23	11	22	79	67	192	70	122	89	190	182	66	95	63
gene14411	8	8	31	11	8	4	30	45	14	64	14	21	42	0	7	11
gene14412	2593	1089	3779	2013	2191	2970	4591	7696	3903	3934	2445	5194	5976	1090	2338	1969
gene14413	59	20	93	37	24	68	68	102	123	92	54	92	117	26	29	22
gene14414	19	9	23	13	14	6	22	61	21	18	23	52	20	7	3	10
gene14415	2609	1141	5658	2163	1662	2793	3793	4625	2790	4125	2099	5011	4417	1070	2526	2189
gene14416	366	205	1027	397	353	537	655	960	550	645	568	1431	1317	297	558	478
gene14417	299	141	569	293	222	258	331	788	425	608	388	646	719	163	288	379
gene14418	418	119	649	225	161	316	388	869	314	552	389	945	488	147	342	375
gene14419	0	0	0	0	3	1	2	5	9	2	3	5	1	0	4	2
gene14420	23	3	10	27	82	158	35	235	101	68	103	140	80	24	34	100
gene14421	19	10	55	26	20	46	49	45	24	40	21	53	55	7	9	6
gene14422	94	37	79	76	10	9	20	24	9	11	16	30	37	2	7	10
gene14423	548	187	914	428	418	494	518	1048	669	783	628	1046	910	195	529	421
gene14424	10	2	15	22	80	74	107	155	81	86	102	34	98	18	46	88
gene14425	1588	567	2350	1354	1203	1505	2226	3750	1243	2538	1718	2941	3313	1005	1384	1136
gene14426	0	0	0	0	0	0	0	0	0	1	0	0	0	0	0	1
gene14427	27	24	33	33	43	34	51	64	64	87	67	113	95	15	57	20
gene14428	23	26	41	28	15	25	50	120	41	81	38	85	68	11	57	51
gene14429	230	95	370	189	135	156	276	554	187	312	226	449	572	82	197	220
gene14430	14186	6829	25298	15457	9681	17327	19685	38586	18251	22953	20652	38963	26157	7644	11749	11650
gene14431	81	45	119	37	68	57	60	93	86	102	54	221	196	31	74	82
gene14432	331	88	439	205	228	285	511	547	449	583	232	679	607	130	366	370
gene14433	4	0	16	0	1	1	0	5	3	5	5	1	5	0	3	0
gene14434	193	58	394	215	143	271	218	524	185	344	196	454	391	144	186	114
gene14435	98	73	201	82	88	84	149	207	125	183	117	288	210	49	146	94
gene14436	24	10	18	27	18	36	33	54	17	16	21	25	51	12	26	27
gene14437	131	35	108	33	45	112	103	114	80	72	59	115	87	20	49	32
gene14438	116	36	141	55	121	118	147	179	108	143	70	196	150	34	83	88
gene14439	1	1	0	5	0	0	2	4	0	0	0	7	0	0	0	4
gene14440	11	2	1	3	5	7	1	29	1	25	12	0	15	1	1	4
gene14441	84	30	97	69	42	96	126	129	101	87	91	156	198	21	67	49
gene14442	17	25	38	15	13	15	30	44	39	25	26	43	15	12	35	30
gene14443	1	2	2	4	4	2	1	0	2	25	1	3	11	10	4	2
gene14444	20	7	21	11	12	10	14	19	14	18	25	29	11	9	12	10
gene14445	119	25	158	68	32	93	74	133	116	94	91	328	151	46	95	56
gene14446	1	2	5	4	1	2	3	2	0	0	7	6	0	0	2	2
gene14447	5124	2380	9893	4224	3446	5034	5492	11518	5830	7909	4959	11320	10750	2064	5813	4837
gene14448	4	4	9	3	12	0	7	27	7	2	1	16	21	0	7	2
gene14449	96	58	342	183	47	106	145	291	126	167	97	257	151	53	132	127
gene14450	6	5	1	5	6	12	11	10	24	2	6	15	3	15	4	12
gene14451	10	4	13	1	1	10	10	2	1	24	7	2	4	6	2	2
gene14452	108	65	311	77	21	30	23	67	38	36	16	48	33	16	16	29
gene14453	188	167	296	182	172	187	407	363	289	319	211	416	435	111	193	208
gene14454	74260	17516	135161	59457	54540	62934	94769	178499	85333	117295	82345	162877	136784	30107	79535	49320
gene14455	364	171	915	291	343	536	695	875	653	645	448	969	966	222	387	391
gene14456	305	150	387	349	228	304	406	455	376	531	323	730	527	148	298	354
gene14457	7	0	0	0	0	1	0	0	0	0	0	0	3	0	4	0
gene14458	0	0	0	0	0	0	0	0	0	0	0	0	0	0	1	0
gene14459	133	70	323	120	112	174	243	422	277	213	177	421	385	60	140	134
gene14460	15	6	63	29	15	21	16	48	20	31	22	25	29	10	12	37
gene14461	2596	949	5873	2416	9317	10490	15307	19424	12016	18868	11476	24959	15915	5146	12023	9544
gene14462	104	26	174	97	56	69	118	189	111	150	84	206	75	30	92	63
gene14463	39	16	55	11	17	39	104	108	44	80	75	85	132	16	46	37
gene14464	0	0	4	0	0	0	4	8	1	0	0	0	0	0	1	0
gene14465	167	87	248	115	101	170	243	416	210	291	167	333	529	55	174	122
gene14466	182	49	354	194	139	248	310	587	313	363	203	467	577	111	236	259
gene14467	9	3	34	9	2	3	3	3	3	1	2	2	1	3	4	3
gene14468	132	39	297	73	99	130	131	196	155	344	116	289	195	73	140	114
gene14469	1634	880	3482	1573	355	541	867	1300	892	648	583	1571	1222	217	469	575
gene14470	488	165	898	470	389	383	562	973	724	758	584	871	796	187	376	381
gene14471	14	1	8	2	6	16	5	8	4	10	3	7	7	4	1	19
gene14472	310	139	466	280	247	318	394	610	291	486	433	739	611	168	334	341
gene14473	499	335	1113	526	1765	2322	3146	3741	2861	2866	2804	4884	4239	1221	1895	1801
gene14474	837	373	1271	741	539	1035	1049	1626	1191	1215	1264	2027	1756	450	785	819
gene14475	2	3	0	7	1	12	3	3	0	1	0	6	0	0	0	1
gene14476	48	30	73	93	40	64	81	140	83	145	107	215	73	31	62	71
gene14477	0	0	0	0	0	0	0	0	0	0	0	0	24	0	0	0
gene14478	8	4	58	22	12	42	25	32	28	49	32	80	67	36	12	18
gene14479	55	25	70	40	41	93	105	171	50	88	13	111	108	33	31	69
gene14480	745	302	1460	626	448	1219	1035	1731	1117	908	858	2182	1594	271	707	578
gene14481	341	163	831	331	280	519	422	965	682	623	541	917	1113	196	291	424
gene14482	28	30	43	10	51	134	133	159	153	92	109	233	215	9	92	121
gene14483	256	215	812	387	263	457	487	826	555	408	481	1147	894	171	437	437
gene14484	29	12	85	28	122	94	165	484	188	239	168	250	243	59	151	95
gene14485	2525	1197	4240	1629	1683	3000	2781	3947	2604	3783	2327	6061	3321	1376	2141	1804
gene14486	21	8	80	11	13	22	50	93	39	58	24	83	57	10	37	34
gene14487	186	64	332	150	122	151	287	537	194	338	154	424	266	35	85	126
gene14488	19	1	40	6	15	17	14	20	11	35	19	34	48	5	1	9
gene14489	513	363	1128	595	502	735	914	1916	822	1011	953	1626	1170	287	727	500
gene14490	70	16	111	61	60	117	105	104	49	122	80	212	155	24	53	37
gene14491	16	1	6	1	0	1	3	9	0	10	3	0	10	2	0	7
gene14492	13	3	32	1	4	10	14	17	5	9	14	24	7	1	1	3
gene14493	723	314	1652	527	637	762	1020	1821	976	1203	653	2066	1556	363	822	637
gene14494	601	233	798	380	284	608	771	1459	730	778	592	1556	1017	318	665	611
gene14495	30	3	47	21	3	64	73	60	30	40	45	38	38	11	17	5
gene14496	131	104	339	111	133	143	316	392	236	231	216	523	265	101	281	175
gene14497	41	38	142	72	56	96	109	175	92	166	81	215	146	30	71	31
gene14498	84	37	188	55	55	37	100	154	95	165	96	124	142	28	82	47
gene14499	18	6	38	8	3	10	9	40	17	25	34	21	65	6	28	18
gene14500	287	81	355	137	150	147	190	378	277	200	215	494	274	49	152	127
gene14501	4402	2676	7489	4504	2217	5433	5428	11434	5690	5354	5039	11381	11886	1734	4140	4089
gene14502	0	1	1	0	0	2	2	12	0	12	0	0	21	0	4	0
gene14503	6	14	79	30	69	21	55	43	21	75	39	33	134	11	42	23
gene14504	5	6	4	12	0	2	10	3	10	8	4	40	0	1	1	3
gene14505	60	45	154	74	29	101	116	223	117	134	95	319	161	30	44	83
gene14506	1	0	0	2	9	0	0	0	1	3	1	0	11	0	0	0
gene14507	53	8	62	43	27	38	78	108	52	51	22	84	64	17	41	16
gene14508	6	0	10	2	1	6	4	1	0	20	2	2	3	4	2	0
gene14509	0	0	1	10	6	1	0	0	0	1	0	10	5	4	0	3
gene14510	634	283	1079	588	435	521	700	1309	678	1243	827	1170	1101	326	510	519
gene14511	111	66	181	111	89	107	141	225	128	158	155	202	249	29	106	111
gene14512	16	13	3	9	4	24	10	14	9	26	18	28	16	1	3	7
gene14513	0	0	5	0	0	0	0	1	0	1	0	0	8	0	2	0
gene14514	30	14	69	33	13	44	38	59	56	39	25	113	77	14	25	34
gene14515	93	39	178	80	71	91	153	174	136	171	172	226	285	37	147	92
gene14516	302	99	690	370	211	464	491	650	516	547	310	964	989	198	399	390
gene14517	14	11	8	6	44	25	49	44	69	44	27	22	94	22	33	30
gene14518	0	0	0	0	0	3	3	4	0	8	1	0	0	0	3	0
gene14519	11	10	36	8	9	14	27	18	34	28	3	10	23	2	9	33
gene14520	22	10	63	24	34	60	34	53	65	56	74	99	77	26	47	45
gene14521	1	0	8	7	1	0	1	13	11	12	1	2	3	2	2	12
gene14522	232	146	343	216	289	254	369	647	300	437	259	640	561	115	264	246
gene14523	6	8	16	4	6	3	12	9	14	24	7	22	9	5	14	12
gene14524	4	0	2	0	0	2	10	0	3	12	2	0	1	1	0	0
gene14525	420	219	1065	394	340	502	675	989	783	993	609	1221	861	167	467	569
gene14526	85	14	86	32	66	26	101	101	65	107	94	166	88	20	25	51
gene14527	9	2	16	10	11	4	11	14	3	0	0	22	22	1	6	2
gene14528	1523	701	2572	1862	1247	1631	2076	2355	1540	2804	1708	3654	3811	714	1503	1640
gene14529	32	26	82	19	28	9	19	64	29	25	27	70	77	16	13	44
gene14530	22	12	25	13	30	47	24	90	37	81	33	103	96	21	14	26
gene14531	22	16	11	9	22	20	17	21	43	52	29	20	11	3	17	10
gene14532	50	1	44	36	16	22	31	83	47	33	26	71	50	6	38	31
gene14533	56	38	78	23	25	61	59	126	43	74	43	63	80	15	68	40
gene14534	14	1	7	3	2	9	2	14	2	6	1	1	12	4	6	2
gene14535	213	72	238	253	93	199	228	472	223	282	270	508	393	83	239	158
gene14536	19	12	71	25	12	28	36	60	25	39	44	91	62	12	30	15
gene14537	24	7	38	21	27	43	28	40	33	38	15	79	19	6	13	24
gene14538	0	2	9	15	2	2	3	4	4	3	1	12	0	1	0	5
gene14539	9	4	31	11	13	18	40	90	4	27	20	29	38	5	17	14
gene14540	29	16	47	15	11	41	25	34	29	9	19	65	49	14	26	26
gene14541	177	48	271	134	121	170	170	304	228	332	214	200	294	66	130	178
gene14542	3	0	8	5	1	3	4	4	7	5	0	6	0	1	11	3
gene14543	11	13	34	8	11	13	23	96	23	20	12	36	68	15	50	14
gene14544	0	3	6	4	2	0	16	30	2	6	7	1	17	0	0	8
gene14545	1769	816	2931	2183	1458	1804	2440	3659	3241	2335	2631	5824	3241	1050	2244	1601
gene14546	72	33	266	50	53	125	118	114	137	193	77	145	166	37	92	139
gene14547	29	10	86	47	23	26	35	38	26	46	40	84	92	24	33	26
gene14548	2	6	2	3	2	0	6	0	4	16	0	25	1	6	3	1
gene14549	166	86	372	167	147	188	348	345	188	238	118	291	344	61	122	225
gene14550	136	74	194	119	152	109	181	275	120	333	166	250	167	55	126	159
gene14551	174	70	274	136	144	90	182	298	244	363	167	412	347	114	110	162
gene14552	45	13	42	28	26	30	45	22	42	60	22	74	114	13	31	72
gene14553	58	21	67	47	32	40	30	102	98	40	46	122	98	20	45	47
gene14554	67	38	98	69	45	92	68	150	114	87	81	116	195	22	95	29
gene14555	0	0	0	0	0	0	0	0	1	0	0	0	0	0	0	0
gene14556	19	4	8	11	11	15	86	67	28	4	3	43	123	31	38	22
gene14557	16	1	7	12	5	10	10	2	17	21	12	25	23	5	10	13
gene14558	2608	1036	6276	2822	2235	4047	4368	7251	3451	4918	3896	7022	6246	1218	2994	3021
gene14559	29	7	30	19	11	15	68	74	36	38	33	80	35	19	29	28
gene14560	1371	779	2452	1572	1082	1556	2044	4267	1898	2474	1590	3694	4120	757	1433	1634
gene14561	22	3	40	12	20	16	36	31	22	41	49	66	86	15	14	11
gene14562	268	164	535	283	236	384	533	707	429	513	541	990	726	141	357	313
gene14563	49	18	38	19	18	55	29	45	29	37	37	110	54	9	43	13
gene14564	9	6	9	2	5	28	3	10	13	19	6	22	37	1	8	7
gene14565	0	12	37	5	15	34	32	63	42	32	15	90	36	7	14	34
gene14566	0	0	0	3	0	0	0	0	0	0	0	0	0	0	0	0
gene14567	785	296	1404	637	471	778	1175	1962	847	1454	943	2511	1360	354	756	637
gene14568	1225	563	2056	1106	804	1089	2041	3363	1404	2150	1642	3034	2251	549	1062	964
gene14569	3	3	10	21	12	26	7	43	6	17	11	17	11	0	18	8
gene14570	19	16	21	3	6	19	10	25	13	19	26	31	6	7	12	15
gene14571	8	4	20	4	0	13	4	26	1	0	1	0	7	0	5	5
gene14572	558	296	1172	540	404	828	606	787	499	971	541	1059	1014	202	392	288
gene14573	235	114	740	164	172	364	323	626	408	325	241	544	577	86	273	174
gene14574	750	375	1567	743	569	941	884	1970	896	1304	652	1679	1669	369	883	741
gene14575	34	33	61	26	26	21	38	53	33	40	67	65	44	24	16	31
gene14576	8	9	22	0	3	3	12	16	15	29	7	10	5	2	4	5
gene14577	49	13	84	53	13	50	34	91	67	36	57	103	35	35	45	40
gene14578	5	4	0	2	1	1	2	21	1	3	3	14	14	2	3	5
gene14579	375	154	674	401	365	366	355	1254	374	787	315	882	958	233	421	261
gene14580	56	23	60	56	46	43	47	144	85	53	63	115	84	20	65	41
gene14581	33	2	33	22	14	12	20	31	29	29	35	73	51	1	23	29
gene14582	40	21	58	23	42	23	39	76	67	171	48	68	64	21	56	30
gene14583	51	44	140	77	49	67	122	110	97	155	81	227	179	28	56	80
gene14584	0	0	8	3	3	1	5	4	12	20	1	7	0	0	0	7
gene14585	23	8	10	23	19	11	13	44	19	13	44	25	22	7	17	7
gene14586	20	4	22	19	20	3	41	26	23	17	14	43	45	9	16	7
gene14587	29	14	82	26	23	16	33	44	23	19	16	38	25	7	30	13
gene14588	2384	1795	6952	3070	3205	4325	4951	8744	3154	6712	4532	6284	7318	1777	3566	3660
gene14589	50	33	153	85	37	60	111	166	64	58	59	156	157	47	81	72
gene14590	28	12	48	27	19	29	32	76	43	18	49	29	63	6	36	35
gene14591	1	2	16	8	37	14	60	99	26	19	48	32	184	9	19	67
gene14592	230	69	387	148	179	313	427	507	247	292	203	858	559	152	263	213
gene14593	295	108	577	276	261	399	456	729	319	494	389	800	661	180	267	329
gene14594	123	61	321	124	110	107	226	374	317	262	186	397	283	72	193	188
gene14595	69	19	95	22	28	37	66	100	53	118	47	77	66	23	32	28
gene14596	14	2	3	4	2	5	12	20	7	29	18	37	19	4	4	4
gene14597	5	6	24	14	8	30	13	47	21	25	8	34	40	12	12	17
gene14598	107	53	264	100	133	162	146	245	138	91	125	467	189	19	141	112
gene14599	11	4	38	17	11	7	16	14	26	7	20	38	9	2	12	3
gene14600	227	75	533	179	188	263	229	496	348	305	280	462	477	129	250	217
gene14601	63	44	138	85	89	102	123	204	140	179	127	174	114	69	82	107
gene14602	2	0	11	1	0	16	2	5	2	2	4	23	9	0	1	3
gene14603	31	9	54	18	3	9	5	22	21	9	3	22	24	0	8	5
gene14604	1	3	7	0	0	0	1	1	2	0	3	0	1	0	0	1
gene14605	1	2	15	7	4	17	0	51	0	8	5	34	10	9	3	1
gene14606	1026	630	2009	1324	519	984	1393	2758	1424	1437	1061	1779	2236	576	886	961
gene14607	174	96	449	194	156	173	146	429	144	252	173	369	288	103	124	238
gene14608	2581	1426	4930	1836	2019	3049	3706	5326	3725	4186	3329	4948	4174	1180	2508	2168
gene14609	45	12	201	59	46	56	43	181	67	70	89	154	140	28	82	53
gene14610	897	437	1605	939	917	1156	1298	2533	1171	1678	991	2116	2054	436	1040	855
gene14611	17	5	28	21	3	4	3	10	6	7	11	29	15	0	9	10
gene14612	23	1	47	20	10	28	10	53	12	70	19	58	41	7	13	28
gene14613	195	114	331	149	114	142	202	431	212	316	160	436	433	84	190	183
gene14614	25	6	76	23	11	28	32	81	19	52	41	52	47	3	51	16
gene14615	29	21	30	23	19	30	52	49	8	45	46	38	38	7	21	41
gene14616	200	54	330	196	138	182	243	343	287	256	191	331	394	66	135	182
gene14617	920	378	1394	963	786	842	959	1801	1181	1697	1499	1892	1658	455	1038	937
gene14618	30	16	36	24	44	54	57	104	71	22	49	141	124	18	49	23
gene14619	28	21	48	56	22	32	27	145	19	39	52	114	25	17	22	24
gene14620	29	4	10	26	20	26	44	45	27	7	25	86	52	12	34	8
gene14621	1037	315	2263	951	768	1001	1410	1819	907	1906	1532	2681	1964	381	789	651
gene14622	1	0	4	1	2	4	0	8	5	0	1	0	0	2	0	2
gene14623	1746	1147	2806	1620	1415	1675	2796	5644	2869	3173	2371	4193	4289	1086	1745	1971
gene14624	282	132	554	286	245	279	414	614	344	366	332	651	607	106	190	250
gene14625	353	211	986	296	351	473	443	1080	458	710	543	873	1371	140	270	424
gene14626	5	0	0	0	2	2	1	0	0	0	0	0	9	0	0	0
gene14627	575	159	1033	479	393	516	718	1080	546	811	600	1204	770	247	427	398
gene14628	144	68	188	166	100	148	96	309	73	219	106	226	249	48	119	59
gene14629	471	374	1330	501	318	568	669	821	688	733	606	1209	1110	162	411	438
gene14630	276	127	459	167	227	204	232	375	339	454	312	540	343	116	231	235
gene14631	382	228	707	240	252	481	548	1043	432	620	526	912	1033	197	360	313
gene14632	0	0	3	2	0	0	0	1	2	0	0	1	0	0	0	0
gene14633	2582	1698	6276	2518	2336	3638	3702	8340	3679	5006	3135	6809	5904	1679	3370	2317
gene14634	881	556	1782	1102	4435	8850	8138	12380	9540	8503	7015	18163	16893	3584	8330	7920
gene14635	176	85	352	101	67	197	210	351	248	265	168	418	259	77	121	157
gene14636	1151	842	3409	1509	1398	2236	2717	3422	2106	2384	1756	3311	3006	850	1686	1815
gene14637	0	0	0	0	0	7	0	0	0	0	0	0	0	3	0	0
gene14638	1795	906	3389	2808	2180	2301	4039	6258	3289	4007	3030	6196	4043	1107	2415	2422
gene14639	134	39	323	98	86	267	155	288	227	210	222	304	299	45	201	201
gene14640	3285	1775	8307	3282	1711	3628	4952	8883	4684	4151	3581	8528	6534	1264	2677	2275
gene14641	20	4	22	26	9	17	6	41	30	38	29	31	67	9	37	17
gene14642	12	3	16	13	43	49	134	92	94	48	55	141	101	19	51	23
gene14643	2896	1468	7756	3759	2628	4122	5155	9893	4888	6026	3774	7235	5540	1529	3777	3724
gene14644	206	72	347	151	125	206	286	340	182	303	201	303	369	55	145	120
gene14645	2	4	6	8	10	10	4	37	4	23	10	13	22	3	4	12
gene14646	40	23	158	31	36	80	59	93	59	106	86	154	84	27	23	68
gene14647	15	3	40	41	6	44	49	39	14	44	22	59	61	24	33	20
gene14648	126	37	159	151	742	675	1227	1380	860	1445	945	1844	1568	402	1051	652
gene14649	583	294	1289	708	497	617	1018	1791	905	1130	495	1687	907	296	716	647
gene14650	5	0	12	3	1	1	1	2	0	0	11	9	5	0	11	5
gene14651	41	23	60	27	23	33	47	93	42	44	24	83	81	31	38	32
gene14652	427	187	719	425	324	528	459	880	583	695	408	1268	1092	207	295	396
gene14653	94	35	115	57	64	114	109	170	102	131	98	234	78	37	114	68
gene14654	160	44	212	143	154	57	129	280	92	134	117	341	218	62	118	140
gene14655	6	5	24	0	0	1	2	3	1	19	6	6	12	0	2	3
gene14656	1130	309	1702	661	173	301	342	625	348	467	374	744	686	149	251	261
gene14657	3417	1682	4771	1880	2026	3144	4697	6098	3736	3391	3761	6063	4305	1094	2087	2842
gene14658	286	143	450	239	206	262	370	535	310	361	262	784	473	113	241	218
gene14659	704	347	1288	699	626	732	1074	1832	1344	1353	863	1886	1308	325	882	655
gene14660	31	21	87	59	3	16	22	22	26	31	17	24	30	7	12	14
gene14661	252	113	357	119	459	593	1034	1871	761	1127	1036	1745	1169	323	828	522
gene14662	89	22	223	64	105	75	141	214	123	145	99	267	114	43	109	88
gene14663	5216	1808	9263	4722	4314	5069	7313	12237	5528	7809	3664	11701	10259	2006	5739	4650
gene14664	38	25	66	62	41	80	35	76	23	54	57	89	71	16	39	28
gene14665	0	0	0	0	16	0	0	0	0	8	0	0	0	1	0	0
gene14666	273	121	568	256	252	286	443	725	336	483	395	649	762	127	279	299
gene14667	70	65	64	42	65	34	77	147	74	101	65	104	92	20	70	75
gene14668	655	329	898	575	475	685	886	1153	904	1095	814	1496	1268	244	682	559
gene14669	35	19	58	30	25	43	99	53	46	50	14	83	41	9	12	51
gene14670	6365	2156	11514	5337	4949	4854	11291	13829	7441	10147	5127	13137	11856	2728	5013	5240
gene14671	2139	1222	4315	1860	6624	7918	10708	16982	9946	14103	8895	16689	18413	3510	9080	5944
gene14672	10	7	33	22	17	48	17	59	37	26	56	58	29	11	17	18
gene14673	88	46	78	66	72	78	116	198	120	132	79	224	136	46	46	93
gene14674	18	8	35	22	5	13	23	56	27	45	8	49	17	13	26	17
gene14675	11	1	6	6	0	2	2	7	0	3	1	9	3	1	0	1
gene14676	1	1	1	2	1	0	1	0	0	0	0	5	0	0	0	0
gene14677	8	0	5	1	0	0	0	0	0	1	0	0	0	5	1	0
gene14678	6	5	7	16	2	5	20	19	7	7	6	29	12	2	9	7
gene14679	167	87	347	138	141	123	142	424	146	199	128	454	280	99	172	121
gene14680	789	539	2161	870	829	958	1391	2412	1533	2132	1149	2921	2711	534	1131	996
gene14681	6	5	15	5	7	2	2	7	33	5	37	12	26	4	17	1
gene14682	40	24	141	49	30	52	110	155	39	92	39	89	78	24	25	24
gene14683	398	165	477	350	274	334	391	659	436	372	337	546	725	130	240	205
gene14684	7	2	29	4	15	11	28	28	31	40	19	112	57	5	27	15
gene14685	1825	895	3053	1822	1378	2484	2666	3633	1792	2684	2136	5066	4715	744	1943	1483
gene14686	84	45	247	114	91	167	176	252	173	242	119	279	231	46	73	61
gene14687	6	0	5	1	2	9	8	10	0	2	0	2	0	0	1	4
gene14688	100	24	200	62	65	86	144	230	54	168	112	241	162	38	76	105
gene14689	311	175	602	424	282	370	595	914	501	612	466	941	638	150	295	364
gene14690	36	36	94	61	81	76	87	119	68	62	65	115	101	27	77	34
gene14691	402	195	1111	395	409	469	768	1164	654	631	589	1005	931	234	481	379
gene14692	116	92	251	126	26	44	57	63	44	47	57	103	65	13	37	37
gene14693	21	21	56	26	40	32	30	85	83	44	14	60	57	10	33	13
gene14694	15	0	23	12	3	1	7	42	8	14	12	27	16	8	2	7
gene14695	140	51	221	149	142	117	125	215	213	171	156	283	268	41	175	124
gene14696	916	447	1266	537	785	603	733	1690	716	1394	702	1718	1361	296	660	570
gene14697	76	45	95	65	41	34	38	92	44	81	49	118	101	10	33	21
gene14698	17	0	4	1	0	2	2	4	4	1	4	0	4	1	0	14
gene14699	58	15	57	35	66	79	39	91	21	47	25	61	61	25	35	23
gene14700	20	4	9	4	2	11	5	25	36	20	7	7	14	1	11	3
gene14701	35	10	14	24	13	11	36	17	9	13	4	8	22	11	24	4
gene14702	42	10	82	18	11	11	37	97	21	62	28	83	48	10	41	23
gene14703	539	304	1306	485	474	691	797	1542	816	1190	842	1169	1071	277	450	459
gene14704	708	382	1515	873	907	1082	1270	2124	1397	1826	866	2222	1823	522	946	820
gene14705	101	54	170	105	74	146	155	275	217	126	136	210	256	42	97	111
gene14706	73	67	256	153	474	751	1050	1925	970	1095	829	1449	1092	194	413	668
gene14707	0	1	0	3	5	2	9	0	8	16	5	3	6	14	11	3
gene14708	25	11	3	2	2	12	5	5	2	1	2	7	7	6	5	3
gene14709	64	36	67	39	31	104	136	146	82	106	72	54	107	23	34	55
gene14710	1432	766	4014	1469	1564	1762	3190	3534	2666	3008	2540	4625	3356	803	1513	1535
gene14711	197	57	132	109	63	99	105	258	120	224	116	266	97	41	88	103
gene14712	989	381	1300	625	797	572	1338	2014	1323	1297	981	1881	1741	312	970	702
gene14713	95	45	179	57	2	10	22	29	21	26	12	19	35	9	15	7
gene14714	1	0	0	0	0	0	0	0	0	0	0	0	0	2	0	0
gene14715	21	13	51	31	18	30	58	51	22	70	25	61	34	7	17	14
gene14716	83	19	147	32	54	107	125	215	81	111	154	177	106	38	99	38
gene14717	15	15	45	26	16	34	26	66	13	62	67	104	42	15	14	17
gene14718	8	6	20	14	1	9	45	39	19	19	28	42	38	6	5	9
gene14719	29	8	42	5	19	32	45	35	13	47	31	26	115	17	21	7
gene14720	74	46	111	67	32	105	106	131	66	116	107	173	160	18	56	50
gene14721	9	0	5	0	1	0	1	0	13	0	0	14	0	0	3	0
gene14722	10	7	59	1	12	9	7	79	49	37	15	28	21	2	6	3
gene14723	40	22	29	36	19	29	46	83	53	39	35	177	110	19	64	33
gene14724	404	198	514	294	270	432	569	761	368	680	369	897	544	136	379	202
gene14725	40	26	125	59	31	57	86	132	73	150	52	145	125	19	66	40
gene14726	29	26	58	39	11	6	8	20	1	16	7	22	22	0	5	6
gene14727	35	9	55	31	39	40	30	43	53	42	29	142	81	13	31	20
gene14728	85	40	180	57	35	103	98	223	96	121	96	183	107	16	68	82
gene14729	59	36	162	81	41	81	83	152	78	149	99	187	222	49	60	69
gene14730	1	0	0	0	0	1	0	0	0	0	1	5	1	4	3	4
gene14731	1	6	5	8	4	4	6	14	5	17	8	19	10	8	1	8
gene14732	6	2	11	7	10	15	6	17	1	20	10	15	11	2	5	9
gene14733	0	0	0	2	5	0	0	0	0	0	1	19	9	1	10	0
gene14734	7	1	17	0	1	2	3	18	4	8	6	24	8	3	1	7
gene14735	4	1	44	9	9	3	19	4	4	0	8	19	10	3	4	2
gene14736	5002	2483	7139	4317	4413	5419	7173	10238	6741	9450	4851	9026	9802	2559	3243	4332
gene14737	379	239	843	329	292	393	583	1115	562	1163	548	1523	1064	203	475	274
gene14738	90	76	231	72	125	103	132	218	104	204	144	350	272	59	82	59
gene14739	66	25	110	74	54	53	46	107	78	91	63	102	113	25	74	62
gene14740	0	0	0	0	1	0	0	0	5	5	0	1	0	0	0	0
gene14741	26	34	94	57	90	77	107	325	296	180	272	566	287	92	142	184
gene14742	51	27	56	52	39	77	102	165	67	52	56	139	142	19	72	50
gene14743	22	11	9	23	5	12	6	34	7	19	21	58	8	5	21	3
gene14744	218	56	199	61	124	79	136	177	132	126	113	165	265	60	121	105
gene14745	4	9	17	15	7	9	15	7	17	24	7	14	13	2	11	8
gene14746	1099	618	2212	1140	710	958	1835	2030	1267	1201	1452	2461	2117	545	912	896
gene14747	14	4	33	15	18	11	17	49	28	17	22	32	30	11	16	21
gene14748	258	152	551	235	170	355	486	378	371	599	296	664	796	163	199	285
gene14749	413	151	717	257	248	432	663	647	455	713	396	924	780	267	489	366
gene14750	5	5	2	0	7	1	15	55	15	6	20	32	20	0	2	8
gene14751	5	1	7	0	0	2	7	27	1	12	8	6	20	0	5	6
gene14752	130	45	227	67	91	106	193	238	137	162	102	246	239	43	69	66
gene14753	1204	602	1864	989	1110	1237	1797	2645	1128	2264	1210	2539	2486	556	1355	934
gene14754	43	23	39	34	42	72	57	166	62	129	83	105	83	18	21	56
gene14755	190	72	487	219	181	274	476	567	379	330	273	447	425	113	223	193
gene14756	51	17	88	16	20	18	72	55	46	78	71	100	60	18	68	11
gene14757	0	10	8	16	9	12	13	19	8	7	9	40	15	1	11	11
gene14758	327	117	393	235	207	518	438	669	349	411	338	503	579	131	317	210
gene14759	7	1	15	4	7	9	0	17	10	11	2	7	54	3	0	6
gene14760	46	33	100	86	37	47	84	179	92	105	64	125	123	22	52	89
gene14761	346	159	560	312	188	352	520	1053	564	656	426	915	645	168	350	362
gene14762	108	57	360	129	129	131	257	337	205	295	253	378	372	85	160	168
gene14763	23	22	44	44	28	30	33	41	20	36	19	107	56	8	13	23
gene14764	950	261	699	395	436	695	1103	1548	822	931	648	1602	1448	345	730	450
gene14765	10	10	6	7	7	2	3	3	10	18	17	29	9	6	11	13
gene14766	26	10	43	13	18	39	48	63	37	34	24	55	63	6	15	18
gene14767	440	229	764	412	325	560	570	1180	616	725	515	1267	1186	268	419	483
gene14768	118	59	166	75	102	154	184	284	263	146	175	395	208	64	136	116
gene14769	38	18	105	29	37	28	36	96	34	69	56	125	136	30	21	81
gene14770	5	5	27	15	3	11	4	26	4	17	20	6	6	0	2	4
gene14771	31	12	80	28	84	120	115	217	106	143	82	136	107	69	132	100
gene14772	7	17	44	8	12	20	20	66	6	9	12	60	27	5	10	9
gene14773	38	17	50	21	28	32	26	28	36	21	32	111	63	4	20	21
gene14774	195	54	292	131	85	146	214	340	180	164	164	385	346	72	215	209
gene14775	1678	841	2807	2335	1466	1653	2998	4172	2722	3487	1862	4424	3581	898	1980	1845
gene14776	75	64	189	77	306	494	510	676	640	587	395	1040	640	97	456	341
gene14777	131	98	324	119	93	183	242	350	188	290	273	586	288	83	164	200
gene14778	26	25	43	47	15	45	24	76	74	75	41	102	101	13	40	33
gene14779	570	311	1024	477	347	773	645	1098	773	883	568	1300	1144	204	536	603
gene14780	366	136	676	234	275	254	484	860	514	438	347	539	792	120	301	338
gene14781	5	0	0	0	0	0	0	6	0	0	0	0	1	0	1	0
gene14782	757	383	1686	655	642	1517	1041	1710	1006	1518	809	2971	1889	376	1084	721
gene14783	184	98	419	258	168	224	295	573	241	352	251	602	524	100	243	244
gene14784	0	0	2	1	3	0	2	0	0	0	2	0	2	0	2	0
gene14785	29	15	28	23	70	80	81	90	37	134	104	99	139	36	61	72
gene14786	168	73	328	118	164	148	224	363	147	212	186	296	312	69	207	219
gene14787	513	259	699	540	286	519	838	1129	791	567	522	1320	997	242	433	431
gene14788	57	45	160	116	83	99	90	124	86	172	84	181	138	32	112	120
gene14789	433	200	651	335	389	419	503	896	565	492	390	956	653	166	347	366
gene14790	2877	1337	7052	2790	1862	4241	4434	5683	2943	6232	3744	7238	6312	1427	2505	2645
gene14791	9	4	6	5	8	5	13	8	32	27	4	4	18	0	4	13
gene14792	12	2	42	16	7	6	28	9	11	28	14	28	34	0	1	28
gene14793	1556	703	2929	1467	1055	1794	1464	3345	1674	2314	1363	3451	2367	513	1026	1195
gene14794	9	2	14	24	2	13	7	11	8	4	17	34	27	1	10	10
gene14795	42	11	35	14	2	5	3	8	7	10	2	8	10	2	7	5
gene14796	4	3	3	6	0	2	9	1	9	2	3	25	21	1	2	3
gene14797	243	123	585	299	215	363	477	601	312	682	366	739	677	133	380	359
gene14798	472	235	1238	295	311	473	551	1060	671	458	537	982	1010	203	350	461
gene14799	157	98	270	125	175	208	210	466	329	504	257	597	426	131	262	196
gene14800	802	320	1357	618	554	702	976	1331	958	893	859	1707	861	282	542	628
gene14801	1393	576	2211	1402	922	1580	1676	1993	1653	2132	1569	2640	2516	659	1700	1301
gene14802	832	408	1350	769	518	942	1107	1581	852	1213	844	1523	1387	285	549	829
gene14803	22	13	45	40	16	24	99	105	47	67	71	131	57	18	26	33
gene14804	968	335	1779	948	729	1128	1231	2214	1482	1467	1161	2014	2148	454	1035	744
gene14805	586	294	740	549	465	730	808	1327	861	729	801	1579	829	338	663	629
gene14806	3	0	6	1	2	23	7	5	0	28	0	9	22	0	10	1
gene14807	124	37	185	104	68	122	72	144	102	196	99	335	226	41	106	96
gene14808	851	313	1207	533	202	212	304	497	339	279	200	530	517	86	292	223
gene14809	16	2	31	15	19	25	16	42	19	35	18	32	31	4	21	14
gene14810	495	209	1039	348	402	564	640	1339	634	759	606	1318	1122	225	552	547
gene14811	4	3	0	11	0	0	7	0	0	3	0	4	7	3	2	8
gene14812	3	2	15	1	8	6	11	14	7	18	11	14	25	2	1	18
gene14813	368	103	577	249	272	324	360	823	410	518	291	631	550	167	332	250
gene14814	5	0	27	6	3	14	2	5	12	7	16	14	1	6	5	13
gene14815	1065	465	2148	758	994	1489	1385	2363	1274	2273	1234	2144	2311	713	1276	847
gene14816	13	4	21	4	26	13	9	13	8	40	11	9	18	4	2	9
gene14817	1	0	17	6	2	10	19	7	17	6	5	11	12	5	5	11
gene14818	22	0	14	6	1	2	1	1	2	30	13	22	33	9	13	6
gene14819	8	2	11	11	2	2	5	3	0	6	3	4	5	3	1	0
gene14820	86	34	234	53	90	132	135	197	102	103	127	188	223	30	107	85
gene14821	7	1	6	4	6	2	13	10	0	1	2	0	5	0	2	0
gene14822	55	30	106	36	44	63	77	115	44	79	50	114	136	43	48	59
gene14823	336	116	624	224	268	350	413	771	570	509	404	680	882	140	378	282
gene14824	76	27	121	67	48	60	63	137	121	91	85	148	231	29	90	79
gene14825	100	92	384	144	136	223	192	350	234	303	260	430	362	93	180	158
gene14826	1339	530	2774	941	1005	1500	2772	2413	1325	2087	1865	2697	3342	650	1380	1388
gene14827	56	29	129	104	64	104	138	199	114	165	114	226	188	32	117	79
gene14828	7	8	14	15	10	16	17	24	24	40	13	42	28	5	15	19
gene14829	450	172	637	324	349	449	506	728	508	599	287	738	740	170	349	373
gene14830	63	31	113	41	35	61	92	140	90	40	98	102	184	44	71	44
gene14831	0	0	3	1	0	0	3	9	0	5	2	2	3	0	0	0
gene14832	182	86	382	190	125	227	407	565	263	368	271	572	457	66	153	177
gene14833	0	0	22	13	4	2	3	14	3	4	4	15	11	1	7	6
gene14834	116	48	141	62	62	74	129	127	81	141	134	171	152	40	125	86
gene14835	231	97	676	276	278	252	411	615	397	511	339	516	589	106	242	337
gene14836	104	59	276	148	116	127	230	265	142	166	132	287	393	62	158	149
gene14837	6587	3235	12977	5912	5245	8950	7937	17107	8504	11999	7753	14182	16500	4092	5011	7097
gene14838	234	147	654	252	1698	2341	3466	4841	3475	3805	3051	5014	5839	941	1991	1959
gene14839	42	8	12	24	5	21	26	75	43	45	8	45	37	10	31	28
gene14840	51	24	28	43	21	79	79	107	79	41	69	100	150	29	33	34
gene14841	1521	677	3174	1834	1260	1647	2538	4640	2677	2790	2759	3743	3922	998	1381	1575
gene14842	19	16	33	30	6	11	19	30	8	7	11	43	57	11	22	16
gene14843	28	20	45	22	15	35	57	48	30	57	34	37	65	20	35	15
gene14844	172	90	226	137	14	16	35	24	19	31	21	63	57	6	32	12
gene14845	898	299	1336	767	465	881	1023	1520	1085	1107	1163	1620	1593	329	810	684
gene14846	96	27	228	77	65	78	117	220	112	94	126	195	190	36	80	71
gene14847	2	0	0	0	6	0	0	25	15	48	0	0	6	0	20	5
gene14848	1383	1096	3369	1511	1295	2106	1732	3620	2348	3408	2116	3310	4643	729	1708	1215
gene14849	127	32	434	207	95	134	118	254	207	221	141	271	187	55	114	112
gene14850	68	48	165	48	90	117	150	202	118	213	99	217	147	65	59	100
gene14851	981	315	1654	717	710	1039	1192	2129	1245	1565	912	1801	2071	485	999	763
gene14852	236	105	365	272	217	278	474	613	419	488	288	482	553	106	246	341
gene14853	2	0	4	6	1	1	0	7	3	6	0	0	1	0	1	1
gene14854	109	27	168	60	64	87	112	127	116	137	113	131	133	28	101	120
gene14855	17	3	46	19	28	18	32	53	34	38	21	123	26	11	33	10
gene14856	645	241	884	423	944	1254	1697	3023	1110	1769	1317	2823	2021	587	1096	1196
gene14857	626	294	1200	446	438	499	914	1553	960	996	601	1583	812	320	665	522
gene14858	6524	2851	13779	6931	19157	21680	35124	77276	27668	31562	32823	65835	60872	13230	25491	27978
gene14859	9	6	58	3	1	15	10	0	12	7	6	69	10	11	3	4
gene14860	50	30	98	55	42	68	101	113	114	146	51	144	89	18	41	75
gene14861	35	9	118	28	2	6	10	12	9	17	4	24	13	2	7	8
gene14862	78	39	99	63	78	88	50	145	66	74	55	76	165	26	69	53
gene14863	132	125	471	205	148	175	200	438	327	388	218	495	393	67	145	138
gene14864	81	54	176	85	31	77	223	172	91	152	82	181	182	37	65	148
gene14865	10	2	53	9	4	7	21	47	15	43	7	36	36	0	21	10
gene14866	1	2	0	0	19	1	5	15	9	14	17	11	8	0	13	6
gene14867	676	324	1222	462	458	927	652	1499	865	970	728	1590	1296	221	828	525
gene14868	69	45	175	31	22	9	28	16	14	13	14	30	30	6	9	18
gene14869	302	124	581	228	160	252	339	633	300	438	335	600	602	92	239	254
gene14870	307	151	527	343	242	321	306	685	453	552	578	894	608	188	323	230
gene14871	36	29	108	47	35	77	39	70	56	60	72	115	146	15	39	59
gene14872	13	7	13	11	5	13	4	39	4	13	21	32	19	4	10	14
gene14873	0	0	6	4	1	1	12	6	1	6	14	3	9	1	6	0
gene14874	11	2	31	26	1	4	16	10	15	8	6	36	20	6	12	2
gene14875	2	0	0	0	2	4	2	0	4	2	0	0	1	1	7	1
gene14876	88	37	93	73	88	69	96	236	60	105	154	166	120	59	103	80
gene14877	7	0	4	14	6	5	0	15	3	2	1	4	0	1	2	4
gene14878	2	2	0	0	0	0	0	0	0	1	0	0	0	0	0	0
gene14879	3624	2379	7139	3535	418	767	703	1365	752	852	560	1344	1311	231	457	524
gene14880	16776	10433	41695	19253	14408	15857	27284	34723	22897	29960	23184	54472	42679	9035	24644	18788
gene14881	3808	1876	7129	2099	3078	3718	4130	7910	3384	6362	3681	7248	7373	1721	3341	2757
gene14882	302	114	683	255	257	363	374	733	299	583	328	867	1066	263	282	266
gene14883	19	13	18	26	6	32	6	44	18	4	10	14	16	13	12	13
gene14884	245	140	627	234	156	311	294	580	390	399	243	427	354	88	160	169
gene14885	78	40	203	87	81	60	100	206	133	239	99	189	154	37	79	50
gene14886	0	1	2	0	7	0	5	5	0	11	5	0	2	5	9	0
gene14887	31	11	34	18	8	36	41	39	20	61	10	75	53	8	18	19
gene14888	1	0	12	0	1	0	1	0	0	0	0	4	18	1	0	1
gene14889	3	0	11	1	1	0	0	3	2	11	3	6	5	2	0	0
gene14890	15	6	3	7	11	13	24	21	13	8	5	15	30	3	5	12
gene14891	360	146	693	330	243	476	536	864	548	592	431	922	715	144	406	431
gene14892	163	113	351	117	199	259	157	503	244	327	232	406	669	81	235	210
gene14893	13	5	44	12	11	3	22	16	20	31	13	23	25	6	7	9
gene14894	453	219	939	503	346	458	730	938	807	897	481	1012	711	222	503	413
gene14895	34	8	95	26	65	164	157	454	257	240	204	620	217	119	179	195
gene14896	58	16	103	61	23	41	64	124	113	54	24	115	49	14	24	50
gene14897	0	0	0	0	0	0	0	0	0	0	0	0	0	0	0	0
gene14898	0	0	0	0	0	0	0	0	0	0	0	0	0	0	1	0
gene14899	39	14	43	33	26	28	36	55	35	20	32	95	58	11	37	57
gene14900	29	29	139	64	42	49	111	133	72	45	90	212	96	50	70	79
gene14901	57	9	136	27	48	53	83	158	85	76	91	122	122	31	73	49
gene14902	182	93	410	153	185	228	409	526	258	298	178	397	446	91	272	194
gene14903	52	15	65	68	35	55	89	110	61	75	43	76	135	20	57	33
gene14904	54	29	67	52	37	30	55	54	77	48	59	65	124	22	35	55
gene14905	318	149	741	321	237	410	435	912	364	489	443	767	730	153	313	356
gene14906	104	44	131	44	18	34	17	86	25	95	24	62	76	8	23	31
gene14907	0	0	0	2	0	0	0	0	0	0	0	1	0	0	0	0
gene14908	70	7	91	33	21	25	53	14	20	64	37	39	35	6	18	18
gene14909	2	3	36	9	10	4	1	4	15	31	5	22	14	3	9	3
gene14910	35	24	81	31	26	30	32	132	42	59	27	82	92	18	22	41
gene14911	36	10	63	16	151	187	278	633	172	433	230	539	664	92	95	242
gene14912	8	3	13	12	3	4	16	16	46	30	14	55	30	11	23	14
gene14913	99	48	113	85	181	337	532	475	187	218	330	527	545	109	267	345
gene14914	79	51	166	128	69	85	106	191	125	163	68	174	221	40	107	83
gene14915	99	52	245	142	42	66	100	89	64	56	68	142	137	20	46	28
gene14916	0	0	0	0	1	0	0	1	0	0	0	6	5	1	0	0
gene14917	9	5	13	11	4	23	25	33	6	11	18	48	46	13	13	2
gene14918	10614	3922	21224	6824	7386	11524	12973	25167	11422	14147	10608	21737	22380	4188	9680	7412
gene14919	26	5	27	2	9	18	10	37	24	13	12	47	19	4	8	9
gene14920	222	164	588	200	190	268	370	740	267	465	295	542	511	89	296	207
gene14921	20	15	73	48	50	25	37	45	53	35	49	61	64	11	41	43
gene14922	1294	625	2568	1235	8083	9513	9569	16426	14541	13208	10574	19527	17740	3104	8529	6016
gene14923	65	52	194	73	67	80	193	226	100	171	102	178	181	26	91	74
gene14924	35	7	14	11	7	31	18	18	16	20	11	13	56	4	7	7
gene14925	665	288	1033	644	403	636	710	1494	721	1352	649	1371	1025	216	471	452
gene14926	0	0	0	2	0	0	0	5	0	3	0	0	19	0	6	0
gene14927	0	3	0	3	0	4	13	11	15	16	0	8	2	0	4	0
gene14928	420	217	1002	552	380	440	611	976	662	718	792	910	1271	176	611	554
gene14929	132	49	373	130	71	119	207	228	119	158	113	278	227	40	101	106
gene14930	29	24	42	59	29	27	54	90	36	63	16	95	52	9	47	38
gene14931	6	3	2	2	0	0	3	26	7	0	3	0	1	0	0	2
gene14932	2	0	10	4	4	1	15	19	1	1	11	0	3	0	0	5
gene14933	21	9	23	17	9	17	23	34	26	18	23	44	11	6	4	10
gene14934	3	0	0	0	3	4	0	17	5	2	1	0	3	0	7	0
gene14935	113	41	205	78	20	29	37	69	34	48	52	137	81	18	27	19
gene14936	20	9	49	17	18	41	29	40	12	46	17	49	30	11	23	35
gene14937	128	43	210	70	48	117	167	238	131	189	125	242	235	78	96	125
gene14938	114	84	213	146	100	158	158	261	178	217	164	229	202	47	139	109
gene14939	2144	970	3699	2045	1562	1758	3356	3579	2588	4152	2830	5934	5197	801	2036	1746
gene14940	171	90	371	194	135	229	259	421	201	371	217	488	396	88	159	163
gene14941	11	6	17	4	5	8	14	21	12	1	7	9	3	4	3	1
gene14942	16	12	27	15	38	35	39	53	29	40	28	102	66	15	19	19
gene14943	502	216	834	305	428	553	695	1312	701	921	654	1247	1230	239	529	599
gene14944	13	19	28	25	23	19	45	55	37	28	16	94	109	18	51	36
gene14945	152	45	293	138	105	180	138	310	125	224	182	331	378	49	124	151
gene14946	12	4	28	10	23	12	27	53	7	15	44	55	23	6	11	25
gene14947	2	3	6	4	0	6	0	1	1	10	0	5	15	5	2	5
gene14948	0	0	0	0	7	0	0	0	0	0	0	8	0	0	0	0
gene14949	0	0	2	1	2	3	1	2	7	6	2	1	5	0	2	0
gene14950	1	1	4	2	9	0	1	0	1	5	0	16	7	0	0	2
gene14951	23	7	24	11	8	13	30	25	38	40	36	30	34	3	16	17
gene14952	70	55	224	82	102	169	153	355	157	152	192	251	326	49	95	56
gene14953	0	3	23	2	5	4	3	14	8	7	11	5	7	5	3	2
gene14954	37	15	99	35	57	81	74	126	67	77	56	55	107	29	53	31
gene14955	39	4	28	5	8	8	9	33	7	27	5	23	7	3	3	6
gene14956	257	110	406	262	179	290	319	622	320	310	251	517	305	105	235	277
gene14957	2987	1202	5026	2673	2541	4105	4815	9787	6262	5356	3196	7114	5202	956	3108	2473
gene14958	17	4	41	22	7	20	29	62	17	32	43	49	36	4	11	12
gene14959	2	0	0	0	0	0	0	0	0	0	0	0	1	0	0	2
gene14960	138	50	296	74	73	116	106	246	128	86	87	225	151	56	112	83
gene14961	8	7	26	19	42	22	26	41	28	25	17	91	61	4	14	9
gene14962	9	15	44	15	15	29	33	53	5	59	22	64	56	10	47	23
gene14963	5544	2815	10516	7325	4802	5326	8432	13463	9819	10681	7279	16939	10807	2495	6053	7573
gene14964	36	27	62	16	139	217	138	635	316	477	207	298	379	71	254	365
gene14965	0	0	0	0	3	0	10	0	1	0	11	0	0	9	0	0
gene14966	32	7	43	16	45	23	18	84	63	17	34	85	60	11	38	23
gene14967	831	413	1243	686	428	731	1167	1253	872	1176	1093	2313	1907	291	773	585
gene14968	4	3	15	13	12	10	8	18	5	6	16	39	30	1	9	14
gene14969	1205	569	1857	796	655	1216	1309	2293	948	1933	1548	2476	1666	467	1195	646
gene14970	3557	1673	7790	3045	2394	3032	4659	8279	3328	5157	3656	8246	5665	1142	2996	3209
gene14971	107	39	111	40	56	89	133	129	125	141	136	208	126	48	78	75
gene14972	385	192	577	435	306	407	568	1009	476	479	344	825	1069	223	376	497
gene14973	74	45	148	47	43	67	107	113	83	112	92	234	110	30	71	52
gene14974	427	219	979	374	308	573	728	1406	593	632	609	1413	1071	251	553	423
gene14975	99	104	227	151	96	111	124	232	219	198	139	342	165	50	75	97
gene14976	177	58	379	167	129	96	211	393	181	281	116	356	351	72	152	177
gene14977	84	68	313	125	104	88	245	305	172	268	105	209	378	99	187	91
gene14978	66	37	159	93	74	145	113	127	170	124	109	253	153	12	68	43
gene14979	476	216	885	319	361	513	611	1299	713	817	482	1099	1109	161	441	380
gene14980	1	3	0	5	0	0	2	6	4	1	0	3	1	3	1	13
gene14981	7	2	29	5	14	27	31	34	18	35	25	26	19	5	17	6
gene14982	5	0	5	3	2	3	1	5	1	4	0	11	18	0	2	1
gene14983	35	29	80	66	25	88	67	205	75	98	52	86	128	24	55	55
gene14984	237	191	560	364	301	260	392	926	457	499	401	818	711	152	355	244
gene14985	86	40	191	96	48	101	94	228	77	139	123	174	150	16	70	79
gene14986	16	11	81	20	20	23	20	57	20	67	33	62	58	16	46	21
gene14987	422	192	709	409	300	505	534	1071	519	711	534	1225	1087	131	323	389
gene14988	6	8	74	9	29	59	146	234	107	161	58	171	187	13	98	45
gene14989	102	72	244	147	120	155	149	365	143	277	138	351	395	39	202	152
gene14990	6	1	10	11	0	4	9	12	5	9	2	22	31	1	6	4
gene14991	83	19	86	53	54	76	95	130	131	93	64	128	157	31	70	47
gene14992	404	140	529	235	282	247	601	721	413	571	398	689	696	168	380	319
gene14993	34	4	83	13	16	23	44	83	32	44	27	81	47	21	23	13
gene14994	25	13	80	25	10	26	26	54	16	36	37	21	30	8	22	21
gene14995	381	156	798	276	309	392	330	771	469	633	356	931	957	179	340	385
gene14996	4	0	2	5	2	2	2	19	16	0	0	10	0	3	9	5
gene14997	186	69	367	168	133	216	268	531	329	215	181	514	312	69	173	163
gene14998	65	36	168	71	63	85	122	212	132	103	75	159	102	34	106	82
gene14999	336	218	719	406	294	410	509	503	556	640	561	1435	967	204	468	409
gene15000	4	0	4	2	2	1	1	9	0	1	7	27	5	2	2	3
